=== Job info ===
Case: murr_horiz
Solver: gmg
Scale: h8
Degree: 1
Nodes: 8
CPUs: 832
Date: Fri Aug 21 22:57:31 AEST 2026
G-ADOPT commit: 3ab20fabc820d68b6d1f820b80149bc8e452a7f4
Morrow commit: b153bd39bb0aa4da6fa4255ec076a2a14fc030fc
Driver SHA256: f5182d7d32b0293d79ef7050bbc979798d87c378f1525fe27f283ad0b4e5ba41
Solver SHA256: 3091186d0d271de3c82495f8d05133929a8d31fbdff3a1799099288dab1c49b4
Firedrake module: singularity:intel-compiler-llvm/2024.2.1:petsc/main-20260815:firedrake/main-20260806
PETSC_OPTIONS: -log_view :/scratch/xd2/sg8812/morrow2026/parallel_scaling/results/murr_horiz/gmg/h8.profile
================
Matplotlib is building the font cache; this may take a moment.
Matplotlib is building the font cache; this may take a moment.
Matplotlib is building the font cache; this may take a moment.
Matplotlib is building the font cache; this may take a moment.
Matplotlib is building the font cache; this may take a moment.
Matplotlib is building the font cache; this may take a moment.
Matplotlib is building the font cache; this may take a moment.
Matplotlib is building the font cache; this may take a moment.
Matplotlib is building the font cache; this may take a moment.
Matplotlib is building the font cache; this may take a moment.
Matplotlib is building the font cache; this may take a moment.
Matplotlib is building the font cache; this may take a moment.
Matplotlib is building the font cache; this may take a moment.
Matplotlib is building the font cache; this may take a moment.
Matplotlib is building the font cache; this may take a moment.
Matplotlib is building the font cache; this may take a moment.
Matplotlib is building the font cache; this may take a moment.
Matplotlib is building the font cache; this may take a moment.
Matplotlib is building the font cache; this may take a moment.
Matplotlib is building the font cache; this may take a moment.
Matplotlib is building the font cache; this may take a moment.
Matplotlib is building the font cache; this may take a moment.
Matplotlib is building the font cache; this may take a moment.
Matplotlib is building the font cache; this may take a moment.
Matplotlib is building the font cache; this may take a moment.
Matplotlib is building the font cache; this may take a moment.
Matplotlib is building the font cache; this may take a moment.
Matplotlib is building the font cache; this may take a moment.
Matplotlib is building the font cache; this may take a moment.
Matplotlib is building the font cache; this may take a moment.
Matplotlib is building the font cache; this may take a moment.
Matplotlib is building the font cache; this may take a moment.
Matplotlib is building the font cache; this may take a moment.
Matplotlib is building the font cache; this may take a moment.
Matplotlib is building the font cache; this may take a moment.
Matplotlib is building the font cache; this may take a moment.
Matplotlib is building the font cache; this may take a moment.
Matplotlib is building the font cache; this may take a moment.
Matplotlib is building the font cache; this may take a moment.
Matplotlib is building the font cache; this may take a moment.
Matplotlib is building the font cache; this may take a moment.
Matplotlib is building the font cache; this may take a moment.
Matplotlib is building the font cache; this may take a moment.
Matplotlib is building the font cache; this may take a moment.
Matplotlib is building the font cache; this may take a moment.
Matplotlib is building the font cache; this may take a moment.
Matplotlib is building the font cache; this may take a moment.
Matplotlib is building the font cache; this may take a moment.
Matplotlib is building the font cache; this may take a moment.
Matplotlib is building the font cache; this may take a moment.
Matplotlib is building the font cache; this may take a moment.
Matplotlib is building the font cache; this may take a moment.
Matplotlib is building the font cache; this may take a moment.
Matplotlib is building the font cache; this may take a moment.
Matplotlib is building the font cache; this may take a moment.
Matplotlib is building the font cache; this may take a moment.
Matplotlib is building the font cache; this may take a moment.
Matplotlib is building the font cache; this may take a moment.
Matplotlib is building the font cache; this may take a moment.
Matplotlib is building the font cache; this may take a moment.
Matplotlib is building the font cache; this may take a moment.
Matplotlib is building the font cache; this may take a moment.
Matplotlib is building the font cache; this may take a moment.
Matplotlib is building the font cache; this may take a moment.
Matplotlib is building the font cache; this may take a moment.
Matplotlib is building the font cache; this may take a moment.
Matplotlib is building the font cache; this may take a moment.
Matplotlib is building the font cache; this may take a moment.
Matplotlib is building the font cache; this may take a moment.
Matplotlib is building the font cache; this may take a moment.
Matplotlib is building the font cache; this may take a moment.
Matplotlib is building the font cache; this may take a moment.
Matplotlib is building the font cache; this may take a moment.
Matplotlib is building the font cache; this may take a moment.
Matplotlib is building the font cache; this may take a moment.
Matplotlib is building the font cache; this may take a moment.
Matplotlib is building the font cache; this may take a moment.
Matplotlib is building the font cache; this may take a moment.
Matplotlib is building the font cache; this may take a moment.
Matplotlib is building the font cache; this may take a moment.
Matplotlib is building the font cache; this may take a moment.
Matplotlib is building the font cache; this may take a moment.
Matplotlib is building the font cache; this may take a moment.
Matplotlib is building the font cache; this may take a moment.
Matplotlib is building the font cache; this may take a moment.
Matplotlib is building the font cache; this may take a moment.
Matplotlib is building the font cache; this may take a moment.
Matplotlib is building the font cache; this may take a moment.
Matplotlib is building the font cache; this may take a moment.
Matplotlib is building the font cache; this may take a moment.
Matplotlib is building the font cache; this may take a moment.
Matplotlib is building the font cache; this may take a moment.
Matplotlib is building the font cache; this may take a moment.
Matplotlib is building the font cache; this may take a moment.
Matplotlib is building the font cache; this may take a moment.
Matplotlib is building the font cache; this may take a moment.
Matplotlib is building the font cache; this may take a moment.
Matplotlib is building the font cache; this may take a moment.
Matplotlib is building the font cache; this may take a moment.
Matplotlib is building the font cache; this may take a moment.
Matplotlib is building the font cache; this may take a moment.
Matplotlib is building the font cache; this may take a moment.
Matplotlib is building the font cache; this may take a moment.
Matplotlib is building the font cache; this may take a moment.
Matplotlib is building the font cache; this may take a moment.
Matplotlib is building the font cache; this may take a moment.
Matplotlib is building the font cache; this may take a moment.
Matplotlib is building the font cache; this may take a moment.
Matplotlib is building the font cache; this may take a moment.
Matplotlib is building the font cache; this may take a moment.
Matplotlib is building the font cache; this may take a moment.
Matplotlib is building the font cache; this may take a moment.
Matplotlib is building the font cache; this may take a moment.
Matplotlib is building the font cache; this may take a moment.
Matplotlib is building the font cache; this may take a moment.
Matplotlib is building the font cache; this may take a moment.
Matplotlib is building the font cache; this may take a moment.
Matplotlib is building the font cache; this may take a moment.
Matplotlib is building the font cache; this may take a moment.
Matplotlib is building the font cache; this may take a moment.
Matplotlib is building the font cache; this may take a moment.
Matplotlib is building the font cache; this may take a moment.
Matplotlib is building the font cache; this may take a moment.
Matplotlib is building the font cache; this may take a moment.
Matplotlib is building the font cache; this may take a moment.
Matplotlib is building the font cache; this may take a moment.
Matplotlib is building the font cache; this may take a moment.
Matplotlib is building the font cache; this may take a moment.
Matplotlib is building the font cache; this may take a moment.
Matplotlib is building the font cache; this may take a moment.
Matplotlib is building the font cache; this may take a moment.
Matplotlib is building the font cache; this may take a moment.
Matplotlib is building the font cache; this may take a moment.
Matplotlib is building the font cache; this may take a moment.
Matplotlib is building the font cache; this may take a moment.
Matplotlib is building the font cache; this may take a moment.
Matplotlib is building the font cache; this may take a moment.
Matplotlib is building the font cache; this may take a moment.
Matplotlib is building the font cache; this may take a moment.
Matplotlib is building the font cache; this may take a moment.
Matplotlib is building the font cache; this may take a moment.
Matplotlib is building the font cache; this may take a moment.
Matplotlib is building the font cache; this may take a moment.
Matplotlib is building the font cache; this may take a moment.
Matplotlib is building the font cache; this may take a moment.
Matplotlib is building the font cache; this may take a moment.
Matplotlib is building the font cache; this may take a moment.
Matplotlib is building the font cache; this may take a moment.
Matplotlib is building the font cache; this may take a moment.
Matplotlib is building the font cache; this may take a moment.
Matplotlib is building the font cache; this may take a moment.
Matplotlib is building the font cache; this may take a moment.
Matplotlib is building the font cache; this may take a moment.
Matplotlib is building the font cache; this may take a moment.
Matplotlib is building the font cache; this may take a moment.
Matplotlib is building the font cache; this may take a moment.
Matplotlib is building the font cache; this may take a moment.
Matplotlib is building the font cache; this may take a moment.
Matplotlib is building the font cache; this may take a moment.
Matplotlib is building the font cache; this may take a moment.
Matplotlib is building the font cache; this may take a moment.
Matplotlib is building the font cache; this may take a moment.
Matplotlib is building the font cache; this may take a moment.
Matplotlib is building the font cache; this may take a moment.
Matplotlib is building the font cache; this may take a moment.
Matplotlib is building the font cache; this may take a moment.
Matplotlib is building the font cache; this may take a moment.
Matplotlib is building the font cache; this may take a moment.
Matplotlib is building the font cache; this may take a moment.
Matplotlib is building the font cache; this may take a moment.
Matplotlib is building the font cache; this may take a moment.
Matplotlib is building the font cache; this may take a moment.
Matplotlib is building the font cache; this may take a moment.
Matplotlib is building the font cache; this may take a moment.
Matplotlib is building the font cache; this may take a moment.
Matplotlib is building the font cache; this may take a moment.
Matplotlib is building the font cache; this may take a moment.
Matplotlib is building the font cache; this may take a moment.
Matplotlib is building the font cache; this may take a moment.
Matplotlib is building the font cache; this may take a moment.
Matplotlib is building the font cache; this may take a moment.
Matplotlib is building the font cache; this may take a moment.
Matplotlib is building the font cache; this may take a moment.
Matplotlib is building the font cache; this may take a moment.
Matplotlib is building the font cache; this may take a moment.
Matplotlib is building the font cache; this may take a moment.
Matplotlib is building the font cache; this may take a moment.
Matplotlib is building the font cache; this may take a moment.
Matplotlib is building the font cache; this may take a moment.
Matplotlib is building the font cache; this may take a moment.
Matplotlib is building the font cache; this may take a moment.
Matplotlib is building the font cache; this may take a moment.
Matplotlib is building the font cache; this may take a moment.
Matplotlib is building the font cache; this may take a moment.
Matplotlib is building the font cache; this may take a moment.
Matplotlib is building the font cache; this may take a moment.
Matplotlib is building the font cache; this may take a moment.
Matplotlib is building the font cache; this may take a moment.
Matplotlib is building the font cache; this may take a moment.
Matplotlib is building the font cache; this may take a moment.
Matplotlib is building the font cache; this may take a moment.
Matplotlib is building the font cache; this may take a moment.
Matplotlib is building the font cache; this may take a moment.
Matplotlib is building the font cache; this may take a moment.
Matplotlib is building the font cache; this may take a moment.
Matplotlib is building the font cache; this may take a moment.
Matplotlib is building the font cache; this may take a moment.
Matplotlib is building the font cache; this may take a moment.
Matplotlib is building the font cache; this may take a moment.
Matplotlib is building the font cache; this may take a moment.
Matplotlib is building the font cache; this may take a moment.
Matplotlib is building the font cache; this may take a moment.
Matplotlib is building the font cache; this may take a moment.
Matplotlib is building the font cache; this may take a moment.
Matplotlib is building the font cache; this may take a moment.
Matplotlib is building the font cache; this may take a moment.
Matplotlib is building the font cache; this may take a moment.
Matplotlib is building the font cache; this may take a moment.
Matplotlib is building the font cache; this may take a moment.
Matplotlib is building the font cache; this may take a moment.
Matplotlib is building the font cache; this may take a moment.
Matplotlib is building the font cache; this may take a moment.
Matplotlib is building the font cache; this may take a moment.
Matplotlib is building the font cache; this may take a moment.
Matplotlib is building the font cache; this may take a moment.
Matplotlib is building the font cache; this may take a moment.
Matplotlib is building the font cache; this may take a moment.
Matplotlib is building the font cache; this may take a moment.
Matplotlib is building the font cache; this may take a moment.
Matplotlib is building the font cache; this may take a moment.
Matplotlib is building the font cache; this may take a moment.
Matplotlib is building the font cache; this may take a moment.
Matplotlib is building the font cache; this may take a moment.
Matplotlib is building the font cache; this may take a moment.
Matplotlib is building the font cache; this may take a moment.
Matplotlib is building the font cache; this may take a moment.
Matplotlib is building the font cache; this may take a moment.
Matplotlib is building the font cache; this may take a moment.
Matplotlib is building the font cache; this may take a moment.
Matplotlib is building the font cache; this may take a moment.
Matplotlib is building the font cache; this may take a moment.
Matplotlib is building the font cache; this may take a moment.
Matplotlib is building the font cache; this may take a moment.
Matplotlib is building the font cache; this may take a moment.
Matplotlib is building the font cache; this may take a moment.
Matplotlib is building the font cache; this may take a moment.
Matplotlib is building the font cache; this may take a moment.
Matplotlib is building the font cache; this may take a moment.
Matplotlib is building the font cache; this may take a moment.
Matplotlib is building the font cache; this may take a moment.
Matplotlib is building the font cache; this may take a moment.
Matplotlib is building the font cache; this may take a moment.
Matplotlib is building the font cache; this may take a moment.
Matplotlib is building the font cache; this may take a moment.
Matplotlib is building the font cache; this may take a moment.
Matplotlib is building the font cache; this may take a moment.
Matplotlib is building the font cache; this may take a moment.
Matplotlib is building the font cache; this may take a moment.
Matplotlib is building the font cache; this may take a moment.
Matplotlib is building the font cache; this may take a moment.
Matplotlib is building the font cache; this may take a moment.
Matplotlib is building the font cache; this may take a moment.
Matplotlib is building the font cache; this may take a moment.
Matplotlib is building the font cache; this may take a moment.
Matplotlib is building the font cache; this may take a moment.
Matplotlib is building the font cache; this may take a moment.
Matplotlib is building the font cache; this may take a moment.
Matplotlib is building the font cache; this may take a moment.
Matplotlib is building the font cache; this may take a moment.
Matplotlib is building the font cache; this may take a moment.
Matplotlib is building the font cache; this may take a moment.
Matplotlib is building the font cache; this may take a moment.
Matplotlib is building the font cache; this may take a moment.
Matplotlib is building the font cache; this may take a moment.
Matplotlib is building the font cache; this may take a moment.
Matplotlib is building the font cache; this may take a moment.
Matplotlib is building the font cache; this may take a moment.
Matplotlib is building the font cache; this may take a moment.
Matplotlib is building the font cache; this may take a moment.
Matplotlib is building the font cache; this may take a moment.
Matplotlib is building the font cache; this may take a moment.
Matplotlib is building the font cache; this may take a moment.
Matplotlib is building the font cache; this may take a moment.
Matplotlib is building the font cache; this may take a moment.
Matplotlib is building the font cache; this may take a moment.
Matplotlib is building the font cache; this may take a moment.
Matplotlib is building the font cache; this may take a moment.
Matplotlib is building the font cache; this may take a moment.
Matplotlib is building the font cache; this may take a moment.
Matplotlib is building the font cache; this may take a moment.
Matplotlib is building the font cache; this may take a moment.
Matplotlib is building the font cache; this may take a moment.
Matplotlib is building the font cache; this may take a moment.
Matplotlib is building the font cache; this may take a moment.
Matplotlib is building the font cache; this may take a moment.
Matplotlib is building the font cache; this may take a moment.
Matplotlib is building the font cache; this may take a moment.
Matplotlib is building the font cache; this may take a moment.
Matplotlib is building the font cache; this may take a moment.
Matplotlib is building the font cache; this may take a moment.
Matplotlib is building the font cache; this may take a moment.
Matplotlib is building the font cache; this may take a moment.
Matplotlib is building the font cache; this may take a moment.
Matplotlib is building the font cache; this may take a moment.
Matplotlib is building the font cache; this may take a moment.
Matplotlib is building the font cache; this may take a moment.
Matplotlib is building the font cache; this may take a moment.
Matplotlib is building the font cache; this may take a moment.
Matplotlib is building the font cache; this may take a moment.
Matplotlib is building the font cache; this may take a moment.
Matplotlib is building the font cache; this may take a moment.
Matplotlib is building the font cache; this may take a moment.
Matplotlib is building the font cache; this may take a moment.
Matplotlib is building the font cache; this may take a moment.
Matplotlib is building the font cache; this may take a moment.
Matplotlib is building the font cache; this may take a moment.
Matplotlib is building the font cache; this may take a moment.
Matplotlib is building the font cache; this may take a moment.
Matplotlib is building the font cache; this may take a moment.
Matplotlib is building the font cache; this may take a moment.
Matplotlib is building the font cache; this may take a moment.
Matplotlib is building the font cache; this may take a moment.
Matplotlib is building the font cache; this may take a moment.
Matplotlib is building the font cache; this may take a moment.
Matplotlib is building the font cache; this may take a moment.
Matplotlib is building the font cache; this may take a moment.
Matplotlib is building the font cache; this may take a moment.
Matplotlib is building the font cache; this may take a moment.
Matplotlib is building the font cache; this may take a moment.
Matplotlib is building the font cache; this may take a moment.
Matplotlib is building the font cache; this may take a moment.
Matplotlib is building the font cache; this may take a moment.
Matplotlib is building the font cache; this may take a moment.
Matplotlib is building the font cache; this may take a moment.
Matplotlib is building the font cache; this may take a moment.
Matplotlib is building the font cache; this may take a moment.
Matplotlib is building the font cache; this may take a moment.
Matplotlib is building the font cache; this may take a moment.
Matplotlib is building the font cache; this may take a moment.
Matplotlib is building the font cache; this may take a moment.
Matplotlib is building the font cache; this may take a moment.
Matplotlib is building the font cache; this may take a moment.
Matplotlib is building the font cache; this may take a moment.
Matplotlib is building the font cache; this may take a moment.
Matplotlib is building the font cache; this may take a moment.
Matplotlib is building the font cache; this may take a moment.
Matplotlib is building the font cache; this may take a moment.
Matplotlib is building the font cache; this may take a moment.
Matplotlib is building the font cache; this may take a moment.
Matplotlib is building the font cache; this may take a moment.
Matplotlib is building the font cache; this may take a moment.
Matplotlib is building the font cache; this may take a moment.
Matplotlib is building the font cache; this may take a moment.
Matplotlib is building the font cache; this may take a moment.
Matplotlib is building the font cache; this may take a moment.
Matplotlib is building the font cache; this may take a moment.
Matplotlib is building the font cache; this may take a moment.
Matplotlib is building the font cache; this may take a moment.
Matplotlib is building the font cache; this may take a moment.
Matplotlib is building the font cache; this may take a moment.
Matplotlib is building the font cache; this may take a moment.
Matplotlib is building the font cache; this may take a moment.
Matplotlib is building the font cache; this may take a moment.
Matplotlib is building the font cache; this may take a moment.
Matplotlib is building the font cache; this may take a moment.
Matplotlib is building the font cache; this may take a moment.
Matplotlib is building the font cache; this may take a moment.
Matplotlib is building the font cache; this may take a moment.
Matplotlib is building the font cache; this may take a moment.
Matplotlib is building the font cache; this may take a moment.
Matplotlib is building the font cache; this may take a moment.
Matplotlib is building the font cache; this may take a moment.
Matplotlib is building the font cache; this may take a moment.
Matplotlib is building the font cache; this may take a moment.
Matplotlib is building the font cache; this may take a moment.
Matplotlib is building the font cache; this may take a moment.
Matplotlib is building the font cache; this may take a moment.
Matplotlib is building the font cache; this may take a moment.
Matplotlib is building the font cache; this may take a moment.
Matplotlib is building the font cache; this may take a moment.
Matplotlib is building the font cache; this may take a moment.
Matplotlib is building the font cache; this may take a moment.
Matplotlib is building the font cache; this may take a moment.
Matplotlib is building the font cache; this may take a moment.
Matplotlib is building the font cache; this may take a moment.
Matplotlib is building the font cache; this may take a moment.
Matplotlib is building the font cache; this may take a moment.
Matplotlib is building the font cache; this may take a moment.
Matplotlib is building the font cache; this may take a moment.
Matplotlib is building the font cache; this may take a moment.
Matplotlib is building the font cache; this may take a moment.
Matplotlib is building the font cache; this may take a moment.
Matplotlib is building the font cache; this may take a moment.
Matplotlib is building the font cache; this may take a moment.
Matplotlib is building the font cache; this may take a moment.
Matplotlib is building the font cache; this may take a moment.
Matplotlib is building the font cache; this may take a moment.
Matplotlib is building the font cache; this may take a moment.
Matplotlib is building the font cache; this may take a moment.
Matplotlib is building the font cache; this may take a moment.
Matplotlib is building the font cache; this may take a moment.
Matplotlib is building the font cache; this may take a moment.
Matplotlib is building the font cache; this may take a moment.
Matplotlib is building the font cache; this may take a moment.
Matplotlib is building the font cache; this may take a moment.
Matplotlib is building the font cache; this may take a moment.
Matplotlib is building the font cache; this may take a moment.
Matplotlib is building the font cache; this may take a moment.
Matplotlib is building the font cache; this may take a moment.
Matplotlib is building the font cache; this may take a moment.
Matplotlib is building the font cache; this may take a moment.
Matplotlib is building the font cache; this may take a moment.
Matplotlib is building the font cache; this may take a moment.
Matplotlib is building the font cache; this may take a moment.
Matplotlib is building the font cache; this may take a moment.
Matplotlib is building the font cache; this may take a moment.
Matplotlib is building the font cache; this may take a moment.
Matplotlib is building the font cache; this may take a moment.
Matplotlib is building the font cache; this may take a moment.
Matplotlib is building the font cache; this may take a moment.
Matplotlib is building the font cache; this may take a moment.
Matplotlib is building the font cache; this may take a moment.
Matplotlib is building the font cache; this may take a moment.
Matplotlib is building the font cache; this may take a moment.
Matplotlib is building the font cache; this may take a moment.
Matplotlib is building the font cache; this may take a moment.
Matplotlib is building the font cache; this may take a moment.
Matplotlib is building the font cache; this may take a moment.
Matplotlib is building the font cache; this may take a moment.
Matplotlib is building the font cache; this may take a moment.
Matplotlib is building the font cache; this may take a moment.
Matplotlib is building the font cache; this may take a moment.
Matplotlib is building the font cache; this may take a moment.
Matplotlib is building the font cache; this may take a moment.
Matplotlib is building the font cache; this may take a moment.
Matplotlib is building the font cache; this may take a moment.
Matplotlib is building the font cache; this may take a moment.
Matplotlib is building the font cache; this may take a moment.
Matplotlib is building the font cache; this may take a moment.
Matplotlib is building the font cache; this may take a moment.
Matplotlib is building the font cache; this may take a moment.
Matplotlib is building the font cache; this may take a moment.
Matplotlib is building the font cache; this may take a moment.
Matplotlib is building the font cache; this may take a moment.
Matplotlib is building the font cache; this may take a moment.
Matplotlib is building the font cache; this may take a moment.
Matplotlib is building the font cache; this may take a moment.
Matplotlib is building the font cache; this may take a moment.
Matplotlib is building the font cache; this may take a moment.
Matplotlib is building the font cache; this may take a moment.
Matplotlib is building the font cache; this may take a moment.
Matplotlib is building the font cache; this may take a moment.
Matplotlib is building the font cache; this may take a moment.
Matplotlib is building the font cache; this may take a moment.
Matplotlib is building the font cache; this may take a moment.
Matplotlib is building the font cache; this may take a moment.
Matplotlib is building the font cache; this may take a moment.
Matplotlib is building the font cache; this may take a moment.
Matplotlib is building the font cache; this may take a moment.
Matplotlib is building the font cache; this may take a moment.
Matplotlib is building the font cache; this may take a moment.
Matplotlib is building the font cache; this may take a moment.
Matplotlib is building the font cache; this may take a moment.
Matplotlib is building the font cache; this may take a moment.
Matplotlib is building the font cache; this may take a moment.
Matplotlib is building the font cache; this may take a moment.
Matplotlib is building the font cache; this may take a moment.
Matplotlib is building the font cache; this may take a moment.
Matplotlib is building the font cache; this may take a moment.
Matplotlib is building the font cache; this may take a moment.
Matplotlib is building the font cache; this may take a moment.
Matplotlib is building the font cache; this may take a moment.
Matplotlib is building the font cache; this may take a moment.
Matplotlib is building the font cache; this may take a moment.
Matplotlib is building the font cache; this may take a moment.
Matplotlib is building the font cache; this may take a moment.
Matplotlib is building the font cache; this may take a moment.
Matplotlib is building the font cache; this may take a moment.
Matplotlib is building the font cache; this may take a moment.
Matplotlib is building the font cache; this may take a moment.
Matplotlib is building the font cache; this may take a moment.
Matplotlib is building the font cache; this may take a moment.
Matplotlib is building the font cache; this may take a moment.
Matplotlib is building the font cache; this may take a moment.
Matplotlib is building the font cache; this may take a moment.
Matplotlib is building the font cache; this may take a moment.
Matplotlib is building the font cache; this may take a moment.
Matplotlib is building the font cache; this may take a moment.
Matplotlib is building the font cache; this may take a moment.
Matplotlib is building the font cache; this may take a moment.
Matplotlib is building the font cache; this may take a moment.
Matplotlib is building the font cache; this may take a moment.
Matplotlib is building the font cache; this may take a moment.
Matplotlib is building the font cache; this may take a moment.
Matplotlib is building the font cache; this may take a moment.
Matplotlib is building the font cache; this may take a moment.
Matplotlib is building the font cache; this may take a moment.
Matplotlib is building the font cache; this may take a moment.
Matplotlib is building the font cache; this may take a moment.
Matplotlib is building the font cache; this may take a moment.
Matplotlib is building the font cache; this may take a moment.
Matplotlib is building the font cache; this may take a moment.
Matplotlib is building the font cache; this may take a moment.
Matplotlib is building the font cache; this may take a moment.
Matplotlib is building the font cache; this may take a moment.
Matplotlib is building the font cache; this may take a moment.
Matplotlib is building the font cache; this may take a moment.
Matplotlib is building the font cache; this may take a moment.
Matplotlib is building the font cache; this may take a moment.
Matplotlib is building the font cache; this may take a moment.
Matplotlib is building the font cache; this may take a moment.
Matplotlib is building the font cache; this may take a moment.
Matplotlib is building the font cache; this may take a moment.
Matplotlib is building the font cache; this may take a moment.
Matplotlib is building the font cache; this may take a moment.
Matplotlib is building the font cache; this may take a moment.
Matplotlib is building the font cache; this may take a moment.
Matplotlib is building the font cache; this may take a moment.
Matplotlib is building the font cache; this may take a moment.
Matplotlib is building the font cache; this may take a moment.
Matplotlib is building the font cache; this may take a moment.
Matplotlib is building the font cache; this may take a moment.
Matplotlib is building the font cache; this may take a moment.
Matplotlib is building the font cache; this may take a moment.
Matplotlib is building the font cache; this may take a moment.
Matplotlib is building the font cache; this may take a moment.
Matplotlib is building the font cache; this may take a moment.
Matplotlib is building the font cache; this may take a moment.
Matplotlib is building the font cache; this may take a moment.
Matplotlib is building the font cache; this may take a moment.
Matplotlib is building the font cache; this may take a moment.
Matplotlib is building the font cache; this may take a moment.
Matplotlib is building the font cache; this may take a moment.
Matplotlib is building the font cache; this may take a moment.
Matplotlib is building the font cache; this may take a moment.
Matplotlib is building the font cache; this may take a moment.
Matplotlib is building the font cache; this may take a moment.
Matplotlib is building the font cache; this may take a moment.
Matplotlib is building the font cache; this may take a moment.
Matplotlib is building the font cache; this may take a moment.
Matplotlib is building the font cache; this may take a moment.
Matplotlib is building the font cache; this may take a moment.
Matplotlib is building the font cache; this may take a moment.
Matplotlib is building the font cache; this may take a moment.
Matplotlib is building the font cache; this may take a moment.
Matplotlib is building the font cache; this may take a moment.
Matplotlib is building the font cache; this may take a moment.
Matplotlib is building the font cache; this may take a moment.
Matplotlib is building the font cache; this may take a moment.
Matplotlib is building the font cache; this may take a moment.
Matplotlib is building the font cache; this may take a moment.
Matplotlib is building the font cache; this may take a moment.
Matplotlib is building the font cache; this may take a moment.
Matplotlib is building the font cache; this may take a moment.
Matplotlib is building the font cache; this may take a moment.
Matplotlib is building the font cache; this may take a moment.
Matplotlib is building the font cache; this may take a moment.
Matplotlib is building the font cache; this may take a moment.
Matplotlib is building the font cache; this may take a moment.
Matplotlib is building the font cache; this may take a moment.
Matplotlib is building the font cache; this may take a moment.
Matplotlib is building the font cache; this may take a moment.
Matplotlib is building the font cache; this may take a moment.
Matplotlib is building the font cache; this may take a moment.
Matplotlib is building the font cache; this may take a moment.
Matplotlib is building the font cache; this may take a moment.
Matplotlib is building the font cache; this may take a moment.
Matplotlib is building the font cache; this may take a moment.
Matplotlib is building the font cache; this may take a moment.
Matplotlib is building the font cache; this may take a moment.
Matplotlib is building the font cache; this may take a moment.
Matplotlib is building the font cache; this may take a moment.
Matplotlib is building the font cache; this may take a moment.
Matplotlib is building the font cache; this may take a moment.
Matplotlib is building the font cache; this may take a moment.
Matplotlib is building the font cache; this may take a moment.
Matplotlib is building the font cache; this may take a moment.
Matplotlib is building the font cache; this may take a moment.
Matplotlib is building the font cache; this may take a moment.
Matplotlib is building the font cache; this may take a moment.
Matplotlib is building the font cache; this may take a moment.
Matplotlib is building the font cache; this may take a moment.
Matplotlib is building the font cache; this may take a moment.
Matplotlib is building the font cache; this may take a moment.
Matplotlib is building the font cache; this may take a moment.
Matplotlib is building the font cache; this may take a moment.
Matplotlib is building the font cache; this may take a moment.
Matplotlib is building the font cache; this may take a moment.
Matplotlib is building the font cache; this may take a moment.
Matplotlib is building the font cache; this may take a moment.
Matplotlib is building the font cache; this may take a moment.
Matplotlib is building the font cache; this may take a moment.
Matplotlib is building the font cache; this may take a moment.
Matplotlib is building the font cache; this may take a moment.
Matplotlib is building the font cache; this may take a moment.
Matplotlib is building the font cache; this may take a moment.
Matplotlib is building the font cache; this may take a moment.
Matplotlib is building the font cache; this may take a moment.
Matplotlib is building the font cache; this may take a moment.
Matplotlib is building the font cache; this may take a moment.
Matplotlib is building the font cache; this may take a moment.
Matplotlib is building the font cache; this may take a moment.
Matplotlib is building the font cache; this may take a moment.
Matplotlib is building the font cache; this may take a moment.
Matplotlib is building the font cache; this may take a moment.
Matplotlib is building the font cache; this may take a moment.
Matplotlib is building the font cache; this may take a moment.
Matplotlib is building the font cache; this may take a moment.
Matplotlib is building the font cache; this may take a moment.
Matplotlib is building the font cache; this may take a moment.
Matplotlib is building the font cache; this may take a moment.
Matplotlib is building the font cache; this may take a moment.
Matplotlib is building the font cache; this may take a moment.
Matplotlib is building the font cache; this may take a moment.
Matplotlib is building the font cache; this may take a moment.
Matplotlib is building the font cache; this may take a moment.
Matplotlib is building the font cache; this may take a moment.
Matplotlib is building the font cache; this may take a moment.
Matplotlib is building the font cache; this may take a moment.
Matplotlib is building the font cache; this may take a moment.
Matplotlib is building the font cache; this may take a moment.
Matplotlib is building the font cache; this may take a moment.
Matplotlib is building the font cache; this may take a moment.
Matplotlib is building the font cache; this may take a moment.
Matplotlib is building the font cache; this may take a moment.
Matplotlib is building the font cache; this may take a moment.
Matplotlib is building the font cache; this may take a moment.
Matplotlib is building the font cache; this may take a moment.
Matplotlib is building the font cache; this may take a moment.
Matplotlib is building the font cache; this may take a moment.
Matplotlib is building the font cache; this may take a moment.
Matplotlib is building the font cache; this may take a moment.
Matplotlib is building the font cache; this may take a moment.
Matplotlib is building the font cache; this may take a moment.
Matplotlib is building the font cache; this may take a moment.
Matplotlib is building the font cache; this may take a moment.
Matplotlib is building the font cache; this may take a moment.
Matplotlib is building the font cache; this may take a moment.
Matplotlib is building the font cache; this may take a moment.
Matplotlib is building the font cache; this may take a moment.
Matplotlib is building the font cache; this may take a moment.
Matplotlib is building the font cache; this may take a moment.
Matplotlib is building the font cache; this may take a moment.
Matplotlib is building the font cache; this may take a moment.
Matplotlib is building the font cache; this may take a moment.
Matplotlib is building the font cache; this may take a moment.
Matplotlib is building the font cache; this may take a moment.
Matplotlib is building the font cache; this may take a moment.
Matplotlib is building the font cache; this may take a moment.
Matplotlib is building the font cache; this may take a moment.
Matplotlib is building the font cache; this may take a moment.
Matplotlib is building the font cache; this may take a moment.
Matplotlib is building the font cache; this may take a moment.
Matplotlib is building the font cache; this may take a moment.
Matplotlib is building the font cache; this may take a moment.
Matplotlib is building the font cache; this may take a moment.
Matplotlib is building the font cache; this may take a moment.
Matplotlib is building the font cache; this may take a moment.
Matplotlib is building the font cache; this may take a moment.
Matplotlib is building the font cache; this may take a moment.
Matplotlib is building the font cache; this may take a moment.
Matplotlib is building the font cache; this may take a moment.
Matplotlib is building the font cache; this may take a moment.
Matplotlib is building the font cache; this may take a moment.
Matplotlib is building the font cache; this may take a moment.
Matplotlib is building the font cache; this may take a moment.
Matplotlib is building the font cache; this may take a moment.
Matplotlib is building the font cache; this may take a moment.
Matplotlib is building the font cache; this may take a moment.
Matplotlib is building the font cache; this may take a moment.
Matplotlib is building the font cache; this may take a moment.
Matplotlib is building the font cache; this may take a moment.
Matplotlib is building the font cache; this may take a moment.
Matplotlib is building the font cache; this may take a moment.
Matplotlib is building the font cache; this may take a moment.
Matplotlib is building the font cache; this may take a moment.
Matplotlib is building the font cache; this may take a moment.
Matplotlib is building the font cache; this may take a moment.
Matplotlib is building the font cache; this may take a moment.
Matplotlib is building the font cache; this may take a moment.
Matplotlib is building the font cache; this may take a moment.
Matplotlib is building the font cache; this may take a moment.
Matplotlib is building the font cache; this may take a moment.
Matplotlib is building the font cache; this may take a moment.
Matplotlib is building the font cache; this may take a moment.
Matplotlib is building the font cache; this may take a moment.
Matplotlib is building the font cache; this may take a moment.
Matplotlib is building the font cache; this may take a moment.
Matplotlib is building the font cache; this may take a moment.
Matplotlib is building the font cache; this may take a moment.
Matplotlib is building the font cache; this may take a moment.
Matplotlib is building the font cache; this may take a moment.
Matplotlib is building the font cache; this may take a moment.
Matplotlib is building the font cache; this may take a moment.
Matplotlib is building the font cache; this may take a moment.
Matplotlib is building the font cache; this may take a moment.
Matplotlib is building the font cache; this may take a moment.
Matplotlib is building the font cache; this may take a moment.
Matplotlib is building the font cache; this may take a moment.
Matplotlib is building the font cache; this may take a moment.
Matplotlib is building the font cache; this may take a moment.
Matplotlib is building the font cache; this may take a moment.
Matplotlib is building the font cache; this may take a moment.
Matplotlib is building the font cache; this may take a moment.
Matplotlib is building the font cache; this may take a moment.
Matplotlib is building the font cache; this may take a moment.
Matplotlib is building the font cache; this may take a moment.
Matplotlib is building the font cache; this may take a moment.
Matplotlib is building the font cache; this may take a moment.
Matplotlib is building the font cache; this may take a moment.
Matplotlib is building the font cache; this may take a moment.
Matplotlib is building the font cache; this may take a moment.
Matplotlib is building the font cache; this may take a moment.
Matplotlib is building the font cache; this may take a moment.
Matplotlib is building the font cache; this may take a moment.
Matplotlib is building the font cache; this may take a moment.
Matplotlib is building the font cache; this may take a moment.
Matplotlib is building the font cache; this may take a moment.
Number of degrees of freedom: 334540800
Horizontal resolution: 620.0 m, Layers: 300, DG1
Time stepper: BackwardEuler, dt_init = 60.0 s, dt_max = 43200.0 s, growth = 1.5
Solver: gmg
Solver parameters: {'ksp_type': 'fgmres', 'ksp_rtol': 0.0001, 'ksp_max_it': 200, 'ksp_gmres_restart': 30, 'pc_type': 'mg', 'pc_mg_type': 'multiplicative', 'pc_mg_cycle_type': 'v', 'mg_levels_ksp_type': 'chebyshev', 'mg_levels_ksp_max_it': 1, 'mg_levels_ksp_convergence_test': 'skip', 'mg_levels_pc_type': 'bjacobi', 'mg_levels_sub_pc_type': 'ilu', 'mg_levels_sub_pc_factor_levels': 0, 'mg_coarse_ksp_type': 'gmres', 'mg_coarse_ksp_max_it': 30, 'mg_coarse_pc_type': 'bjacobi', 'mg_coarse_sub_pc_type': 'ilu', 'snes_type': 'newtonls', 'snes_linesearch_type': 'bt', 'snes_rtol': 1e-08, 'snes_atol': 1e-12, 'snes_stol': 1e-08, 'snes_max_it': 50}
          Linear BackwardEuler-Equation_mg_coarse_ solve converged due to CONVERGED_RTOL iterations 20
          Linear BackwardEuler-Equation_mg_coarse_ solve converged due to CONVERGED_RTOL iterations 19
          Linear BackwardEuler-Equation_mg_coarse_ solve converged due to CONVERGED_RTOL iterations 19
          Linear BackwardEuler-Equation_mg_coarse_ solve converged due to CONVERGED_RTOL iterations 19
          Linear BackwardEuler-Equation_mg_coarse_ solve converged due to CONVERGED_RTOL iterations 19
          Linear BackwardEuler-Equation_mg_coarse_ solve converged due to CONVERGED_RTOL iterations 19
          Linear BackwardEuler-Equation_mg_coarse_ solve converged due to CONVERGED_RTOL iterations 19
          Linear BackwardEuler-Equation_mg_coarse_ solve converged due to CONVERGED_RTOL iterations 19
          Linear BackwardEuler-Equation_mg_coarse_ solve converged due to CONVERGED_RTOL iterations 19
    Linear BackwardEuler-Equation_ solve converged due to CONVERGED_RTOL iterations 9
          Linear BackwardEuler-Equation_mg_coarse_ solve converged due to CONVERGED_RTOL iterations 19
          Linear BackwardEuler-Equation_mg_coarse_ solve converged due to CONVERGED_RTOL iterations 18
          Linear BackwardEuler-Equation_mg_coarse_ solve converged due to CONVERGED_RTOL iterations 18
          Linear BackwardEuler-Equation_mg_coarse_ solve converged due to CONVERGED_RTOL iterations 18
          Linear BackwardEuler-Equation_mg_coarse_ solve converged due to CONVERGED_RTOL iterations 19
          Linear BackwardEuler-Equation_mg_coarse_ solve converged due to CONVERGED_RTOL iterations 19
          Linear BackwardEuler-Equation_mg_coarse_ solve converged due to CONVERGED_RTOL iterations 19
          Linear BackwardEuler-Equation_mg_coarse_ solve converged due to CONVERGED_RTOL iterations 19
          Linear BackwardEuler-Equation_mg_coarse_ solve converged due to CONVERGED_RTOL iterations 19
          Linear BackwardEuler-Equation_mg_coarse_ solve converged due to CONVERGED_RTOL iterations 18
          Linear BackwardEuler-Equation_mg_coarse_ solve converged due to CONVERGED_RTOL iterations 19
          Linear BackwardEuler-Equation_mg_coarse_ solve converged due to CONVERGED_RTOL iterations 19
          Linear BackwardEuler-Equation_mg_coarse_ solve converged due to CONVERGED_RTOL iterations 19
          Linear BackwardEuler-Equation_mg_coarse_ solve converged due to CONVERGED_RTOL iterations 19
          Linear BackwardEuler-Equation_mg_coarse_ solve converged due to CONVERGED_RTOL iterations 19
          Linear BackwardEuler-Equation_mg_coarse_ solve converged due to CONVERGED_RTOL iterations 19
          Linear BackwardEuler-Equation_mg_coarse_ solve converged due to CONVERGED_RTOL iterations 19
          Linear BackwardEuler-Equation_mg_coarse_ solve converged due to CONVERGED_RTOL iterations 19
          Linear BackwardEuler-Equation_mg_coarse_ solve converged due to CONVERGED_RTOL iterations 19
          Linear BackwardEuler-Equation_mg_coarse_ solve converged due to CONVERGED_RTOL iterations 19
          Linear BackwardEuler-Equation_mg_coarse_ solve converged due to CONVERGED_RTOL iterations 19
          Linear BackwardEuler-Equation_mg_coarse_ solve converged due to CONVERGED_RTOL iterations 19
          Linear BackwardEuler-Equation_mg_coarse_ solve converged due to CONVERGED_RTOL iterations 19
          Linear BackwardEuler-Equation_mg_coarse_ solve converged due to CONVERGED_RTOL iterations 19
          Linear BackwardEuler-Equation_mg_coarse_ solve converged due to CONVERGED_RTOL iterations 19
          Linear BackwardEuler-Equation_mg_coarse_ solve converged due to CONVERGED_RTOL iterations 19
          Linear BackwardEuler-Equation_mg_coarse_ solve converged due to CONVERGED_RTOL iterations 19
          Linear BackwardEuler-Equation_mg_coarse_ solve converged due to CONVERGED_RTOL iterations 19
          Linear BackwardEuler-Equation_mg_coarse_ solve converged due to CONVERGED_RTOL iterations 19
          Linear BackwardEuler-Equation_mg_coarse_ solve converged due to CONVERGED_RTOL iterations 19
          Linear BackwardEuler-Equation_mg_coarse_ solve converged due to CONVERGED_RTOL iterations 19
          Linear BackwardEuler-Equation_mg_coarse_ solve converged due to CONVERGED_RTOL iterations 19
          Linear BackwardEuler-Equation_mg_coarse_ solve converged due to CONVERGED_RTOL iterations 19
          Linear BackwardEuler-Equation_mg_coarse_ solve converged due to CONVERGED_RTOL iterations 19
    Linear BackwardEuler-Equation_ solve converged due to CONVERGED_RTOL iterations 34
          Linear BackwardEuler-Equation_mg_coarse_ solve converged due to CONVERGED_RTOL iterations 20
          Linear BackwardEuler-Equation_mg_coarse_ solve converged due to CONVERGED_RTOL iterations 20
          Linear BackwardEuler-Equation_mg_coarse_ solve converged due to CONVERGED_RTOL iterations 20
          Linear BackwardEuler-Equation_mg_coarse_ solve converged due to CONVERGED_RTOL iterations 20
          Linear BackwardEuler-Equation_mg_coarse_ solve converged due to CONVERGED_RTOL iterations 20
          Linear BackwardEuler-Equation_mg_coarse_ solve converged due to CONVERGED_RTOL iterations 20
          Linear BackwardEuler-Equation_mg_coarse_ solve converged due to CONVERGED_RTOL iterations 19
          Linear BackwardEuler-Equation_mg_coarse_ solve converged due to CONVERGED_RTOL iterations 20
          Linear BackwardEuler-Equation_mg_coarse_ solve converged due to CONVERGED_RTOL iterations 19
          Linear BackwardEuler-Equation_mg_coarse_ solve converged due to CONVERGED_RTOL iterations 19
          Linear BackwardEuler-Equation_mg_coarse_ solve converged due to CONVERGED_RTOL iterations 19
          Linear BackwardEuler-Equation_mg_coarse_ solve converged due to CONVERGED_RTOL iterations 19
          Linear BackwardEuler-Equation_mg_coarse_ solve converged due to CONVERGED_RTOL iterations 19
          Linear BackwardEuler-Equation_mg_coarse_ solve converged due to CONVERGED_RTOL iterations 19
    Linear BackwardEuler-Equation_ solve converged due to CONVERGED_RTOL iterations 14
  Nonlinear BackwardEuler-Equation_ solve converged due to CONVERGED_SNORM_RELATIVE iterations 3
t = 0.00 d | step 1/100000 | dt = 60.0 s | wall 91.46 s | NL 3 | L 57
          Linear BackwardEuler-Equation_mg_coarse_ solve converged due to CONVERGED_RTOL iterations 20
          Linear BackwardEuler-Equation_mg_coarse_ solve converged due to CONVERGED_RTOL iterations 22
          Linear BackwardEuler-Equation_mg_coarse_ solve converged due to CONVERGED_RTOL iterations 21
          Linear BackwardEuler-Equation_mg_coarse_ solve converged due to CONVERGED_RTOL iterations 20
          Linear BackwardEuler-Equation_mg_coarse_ solve converged due to CONVERGED_RTOL iterations 19
          Linear BackwardEuler-Equation_mg_coarse_ solve converged due to CONVERGED_RTOL iterations 19
          Linear BackwardEuler-Equation_mg_coarse_ solve converged due to CONVERGED_RTOL iterations 19
    Linear BackwardEuler-Equation_ solve converged due to CONVERGED_RTOL iterations 7
          Linear BackwardEuler-Equation_mg_coarse_ solve converged due to CONVERGED_RTOL iterations 19
          Linear BackwardEuler-Equation_mg_coarse_ solve converged due to CONVERGED_RTOL iterations 18
          Linear BackwardEuler-Equation_mg_coarse_ solve converged due to CONVERGED_RTOL iterations 18
          Linear BackwardEuler-Equation_mg_coarse_ solve converged due to CONVERGED_RTOL iterations 18
          Linear BackwardEuler-Equation_mg_coarse_ solve converged due to CONVERGED_RTOL iterations 18
          Linear BackwardEuler-Equation_mg_coarse_ solve converged due to CONVERGED_RTOL iterations 18
          Linear BackwardEuler-Equation_mg_coarse_ solve converged due to CONVERGED_RTOL iterations 18
          Linear BackwardEuler-Equation_mg_coarse_ solve converged due to CONVERGED_RTOL iterations 18
          Linear BackwardEuler-Equation_mg_coarse_ solve converged due to CONVERGED_RTOL iterations 18
          Linear BackwardEuler-Equation_mg_coarse_ solve converged due to CONVERGED_RTOL iterations 18
          Linear BackwardEuler-Equation_mg_coarse_ solve converged due to CONVERGED_RTOL iterations 18
          Linear BackwardEuler-Equation_mg_coarse_ solve converged due to CONVERGED_RTOL iterations 18
          Linear BackwardEuler-Equation_mg_coarse_ solve converged due to CONVERGED_RTOL iterations 18
          Linear BackwardEuler-Equation_mg_coarse_ solve converged due to CONVERGED_RTOL iterations 18
          Linear BackwardEuler-Equation_mg_coarse_ solve converged due to CONVERGED_RTOL iterations 18
          Linear BackwardEuler-Equation_mg_coarse_ solve converged due to CONVERGED_RTOL iterations 18
          Linear BackwardEuler-Equation_mg_coarse_ solve converged due to CONVERGED_RTOL iterations 18
          Linear BackwardEuler-Equation_mg_coarse_ solve converged due to CONVERGED_RTOL iterations 18
          Linear BackwardEuler-Equation_mg_coarse_ solve converged due to CONVERGED_RTOL iterations 18
          Linear BackwardEuler-Equation_mg_coarse_ solve converged due to CONVERGED_RTOL iterations 18
          Linear BackwardEuler-Equation_mg_coarse_ solve converged due to CONVERGED_RTOL iterations 18
          Linear BackwardEuler-Equation_mg_coarse_ solve converged due to CONVERGED_RTOL iterations 18
          Linear BackwardEuler-Equation_mg_coarse_ solve converged due to CONVERGED_RTOL iterations 18
    Linear BackwardEuler-Equation_ solve converged due to CONVERGED_RTOL iterations 23
  Nonlinear BackwardEuler-Equation_ solve converged due to CONVERGED_SNORM_RELATIVE iterations 2
t = 0.00 d | step 2/100000 | dt = 90.0 s | wall 21.74 s | NL 2 | L 30
          Linear BackwardEuler-Equation_mg_coarse_ solve converged due to CONVERGED_RTOL iterations 19
          Linear BackwardEuler-Equation_mg_coarse_ solve converged due to CONVERGED_RTOL iterations 22
          Linear BackwardEuler-Equation_mg_coarse_ solve converged due to CONVERGED_RTOL iterations 21
          Linear BackwardEuler-Equation_mg_coarse_ solve converged due to CONVERGED_RTOL iterations 19
          Linear BackwardEuler-Equation_mg_coarse_ solve converged due to CONVERGED_RTOL iterations 19
          Linear BackwardEuler-Equation_mg_coarse_ solve converged due to CONVERGED_RTOL iterations 19
    Linear BackwardEuler-Equation_ solve converged due to CONVERGED_RTOL iterations 6
          Linear BackwardEuler-Equation_mg_coarse_ solve converged due to CONVERGED_RTOL iterations 19
          Linear BackwardEuler-Equation_mg_coarse_ solve converged due to CONVERGED_RTOL iterations 18
          Linear BackwardEuler-Equation_mg_coarse_ solve converged due to CONVERGED_RTOL iterations 18
          Linear BackwardEuler-Equation_mg_coarse_ solve converged due to CONVERGED_RTOL iterations 18
          Linear BackwardEuler-Equation_mg_coarse_ solve converged due to CONVERGED_RTOL iterations 18
          Linear BackwardEuler-Equation_mg_coarse_ solve converged due to CONVERGED_RTOL iterations 18
          Linear BackwardEuler-Equation_mg_coarse_ solve converged due to CONVERGED_RTOL iterations 18
          Linear BackwardEuler-Equation_mg_coarse_ solve converged due to CONVERGED_RTOL iterations 18
          Linear BackwardEuler-Equation_mg_coarse_ solve converged due to CONVERGED_RTOL iterations 18
          Linear BackwardEuler-Equation_mg_coarse_ solve converged due to CONVERGED_RTOL iterations 18
          Linear BackwardEuler-Equation_mg_coarse_ solve converged due to CONVERGED_RTOL iterations 18
          Linear BackwardEuler-Equation_mg_coarse_ solve converged due to CONVERGED_RTOL iterations 18
          Linear BackwardEuler-Equation_mg_coarse_ solve converged due to CONVERGED_RTOL iterations 18
          Linear BackwardEuler-Equation_mg_coarse_ solve converged due to CONVERGED_RTOL iterations 18
          Linear BackwardEuler-Equation_mg_coarse_ solve converged due to CONVERGED_RTOL iterations 18
          Linear BackwardEuler-Equation_mg_coarse_ solve converged due to CONVERGED_RTOL iterations 18
          Linear BackwardEuler-Equation_mg_coarse_ solve converged due to CONVERGED_RTOL iterations 18
          Linear BackwardEuler-Equation_mg_coarse_ solve converged due to CONVERGED_RTOL iterations 18
          Linear BackwardEuler-Equation_mg_coarse_ solve converged due to CONVERGED_RTOL iterations 18
          Linear BackwardEuler-Equation_mg_coarse_ solve converged due to CONVERGED_RTOL iterations 18
          Linear BackwardEuler-Equation_mg_coarse_ solve converged due to CONVERGED_RTOL iterations 18
          Linear BackwardEuler-Equation_mg_coarse_ solve converged due to CONVERGED_RTOL iterations 18
    Linear BackwardEuler-Equation_ solve converged due to CONVERGED_RTOL iterations 22
  Nonlinear BackwardEuler-Equation_ solve converged due to CONVERGED_SNORM_RELATIVE iterations 2
t = 0.00 d | step 3/100000 | dt = 135.0 s | wall 20.84 s | NL 2 | L 28
          Linear BackwardEuler-Equation_mg_coarse_ solve converged due to CONVERGED_RTOL iterations 19
          Linear BackwardEuler-Equation_mg_coarse_ solve converged due to CONVERGED_RTOL iterations 22
          Linear BackwardEuler-Equation_mg_coarse_ solve converged due to CONVERGED_RTOL iterations 20
          Linear BackwardEuler-Equation_mg_coarse_ solve converged due to CONVERGED_RTOL iterations 19
          Linear BackwardEuler-Equation_mg_coarse_ solve converged due to CONVERGED_RTOL iterations 19
    Linear BackwardEuler-Equation_ solve converged due to CONVERGED_RTOL iterations 5
          Linear BackwardEuler-Equation_mg_coarse_ solve converged due to CONVERGED_RTOL iterations 19
          Linear BackwardEuler-Equation_mg_coarse_ solve converged due to CONVERGED_RTOL iterations 19
          Linear BackwardEuler-Equation_mg_coarse_ solve converged due to CONVERGED_RTOL iterations 18
          Linear BackwardEuler-Equation_mg_coarse_ solve converged due to CONVERGED_RTOL iterations 18
          Linear BackwardEuler-Equation_mg_coarse_ solve converged due to CONVERGED_RTOL iterations 19
          Linear BackwardEuler-Equation_mg_coarse_ solve converged due to CONVERGED_RTOL iterations 19
          Linear BackwardEuler-Equation_mg_coarse_ solve converged due to CONVERGED_RTOL iterations 18
          Linear BackwardEuler-Equation_mg_coarse_ solve converged due to CONVERGED_RTOL iterations 18
          Linear BackwardEuler-Equation_mg_coarse_ solve converged due to CONVERGED_RTOL iterations 18
          Linear BackwardEuler-Equation_mg_coarse_ solve converged due to CONVERGED_RTOL iterations 18
          Linear BackwardEuler-Equation_mg_coarse_ solve converged due to CONVERGED_RTOL iterations 18
          Linear BackwardEuler-Equation_mg_coarse_ solve converged due to CONVERGED_RTOL iterations 18
          Linear BackwardEuler-Equation_mg_coarse_ solve converged due to CONVERGED_RTOL iterations 18
          Linear BackwardEuler-Equation_mg_coarse_ solve converged due to CONVERGED_RTOL iterations 18
          Linear BackwardEuler-Equation_mg_coarse_ solve converged due to CONVERGED_RTOL iterations 18
          Linear BackwardEuler-Equation_mg_coarse_ solve converged due to CONVERGED_RTOL iterations 18
          Linear BackwardEuler-Equation_mg_coarse_ solve converged due to CONVERGED_RTOL iterations 18
          Linear BackwardEuler-Equation_mg_coarse_ solve converged due to CONVERGED_RTOL iterations 19
          Linear BackwardEuler-Equation_mg_coarse_ solve converged due to CONVERGED_RTOL iterations 19
    Linear BackwardEuler-Equation_ solve converged due to CONVERGED_RTOL iterations 19
  Nonlinear BackwardEuler-Equation_ solve converged due to CONVERGED_SNORM_RELATIVE iterations 2
t = 0.01 d | step 4/100000 | dt = 202.5 s | wall 18.63 s | NL 2 | L 24
          Linear BackwardEuler-Equation_mg_coarse_ solve converged due to CONVERGED_RTOL iterations 19
          Linear BackwardEuler-Equation_mg_coarse_ solve converged due to CONVERGED_RTOL iterations 22
          Linear BackwardEuler-Equation_mg_coarse_ solve converged due to CONVERGED_RTOL iterations 20
          Linear BackwardEuler-Equation_mg_coarse_ solve converged due to CONVERGED_RTOL iterations 19
    Linear BackwardEuler-Equation_ solve converged due to CONVERGED_RTOL iterations 4
          Linear BackwardEuler-Equation_mg_coarse_ solve converged due to CONVERGED_RTOL iterations 19
          Linear BackwardEuler-Equation_mg_coarse_ solve converged due to CONVERGED_RTOL iterations 19
          Linear BackwardEuler-Equation_mg_coarse_ solve converged due to CONVERGED_RTOL iterations 18
          Linear BackwardEuler-Equation_mg_coarse_ solve converged due to CONVERGED_RTOL iterations 18
          Linear BackwardEuler-Equation_mg_coarse_ solve converged due to CONVERGED_RTOL iterations 18
          Linear BackwardEuler-Equation_mg_coarse_ solve converged due to CONVERGED_RTOL iterations 17
          Linear BackwardEuler-Equation_mg_coarse_ solve converged due to CONVERGED_RTOL iterations 17
          Linear BackwardEuler-Equation_mg_coarse_ solve converged due to CONVERGED_RTOL iterations 16
          Linear BackwardEuler-Equation_mg_coarse_ solve converged due to CONVERGED_RTOL iterations 17
          Linear BackwardEuler-Equation_mg_coarse_ solve converged due to CONVERGED_RTOL iterations 17
          Linear BackwardEuler-Equation_mg_coarse_ solve converged due to CONVERGED_RTOL iterations 17
          Linear BackwardEuler-Equation_mg_coarse_ solve converged due to CONVERGED_RTOL iterations 17
          Linear BackwardEuler-Equation_mg_coarse_ solve converged due to CONVERGED_RTOL iterations 17
          Linear BackwardEuler-Equation_mg_coarse_ solve converged due to CONVERGED_RTOL iterations 18
          Linear BackwardEuler-Equation_mg_coarse_ solve converged due to CONVERGED_RTOL iterations 17
          Linear BackwardEuler-Equation_mg_coarse_ solve converged due to CONVERGED_RTOL iterations 18
          Linear BackwardEuler-Equation_mg_coarse_ solve converged due to CONVERGED_RTOL iterations 17
          Linear BackwardEuler-Equation_mg_coarse_ solve converged due to CONVERGED_RTOL iterations 17
          Linear BackwardEuler-Equation_mg_coarse_ solve converged due to CONVERGED_RTOL iterations 17
          Linear BackwardEuler-Equation_mg_coarse_ solve converged due to CONVERGED_RTOL iterations 17
    Linear BackwardEuler-Equation_ solve converged due to CONVERGED_RTOL iterations 20
  Nonlinear BackwardEuler-Equation_ solve converged due to CONVERGED_SNORM_RELATIVE iterations 2
t = 0.01 d | step 5/100000 | dt = 303.8 s | wall 18.39 s | NL 2 | L 24
          Linear BackwardEuler-Equation_mg_coarse_ solve converged due to CONVERGED_RTOL iterations 19
          Linear BackwardEuler-Equation_mg_coarse_ solve converged due to CONVERGED_RTOL iterations 22
          Linear BackwardEuler-Equation_mg_coarse_ solve converged due to CONVERGED_RTOL iterations 19
          Linear BackwardEuler-Equation_mg_coarse_ solve converged due to CONVERGED_RTOL iterations 19
    Linear BackwardEuler-Equation_ solve converged due to CONVERGED_RTOL iterations 4
          Linear BackwardEuler-Equation_mg_coarse_ solve converged due to CONVERGED_RTOL iterations 19
          Linear BackwardEuler-Equation_mg_coarse_ solve converged due to CONVERGED_RTOL iterations 19
          Linear BackwardEuler-Equation_mg_coarse_ solve converged due to CONVERGED_RTOL iterations 16
          Linear BackwardEuler-Equation_mg_coarse_ solve converged due to CONVERGED_RTOL iterations 16
          Linear BackwardEuler-Equation_mg_coarse_ solve converged due to CONVERGED_RTOL iterations 16
          Linear BackwardEuler-Equation_mg_coarse_ solve converged due to CONVERGED_RTOL iterations 16
          Linear BackwardEuler-Equation_mg_coarse_ solve converged due to CONVERGED_RTOL iterations 17
          Linear BackwardEuler-Equation_mg_coarse_ solve converged due to CONVERGED_RTOL iterations 16
          Linear BackwardEuler-Equation_mg_coarse_ solve converged due to CONVERGED_RTOL iterations 17
          Linear BackwardEuler-Equation_mg_coarse_ solve converged due to CONVERGED_RTOL iterations 16
          Linear BackwardEuler-Equation_mg_coarse_ solve converged due to CONVERGED_RTOL iterations 17
          Linear BackwardEuler-Equation_mg_coarse_ solve converged due to CONVERGED_RTOL iterations 17
          Linear BackwardEuler-Equation_mg_coarse_ solve converged due to CONVERGED_RTOL iterations 17
          Linear BackwardEuler-Equation_mg_coarse_ solve converged due to CONVERGED_RTOL iterations 18
          Linear BackwardEuler-Equation_mg_coarse_ solve converged due to CONVERGED_RTOL iterations 17
          Linear BackwardEuler-Equation_mg_coarse_ solve converged due to CONVERGED_RTOL iterations 17
          Linear BackwardEuler-Equation_mg_coarse_ solve converged due to CONVERGED_RTOL iterations 18
          Linear BackwardEuler-Equation_mg_coarse_ solve converged due to CONVERGED_RTOL iterations 17
          Linear BackwardEuler-Equation_mg_coarse_ solve converged due to CONVERGED_RTOL iterations 17
    Linear BackwardEuler-Equation_ solve converged due to CONVERGED_RTOL iterations 19
  Nonlinear BackwardEuler-Equation_ solve converged due to CONVERGED_SNORM_RELATIVE iterations 2
t = 0.01 d | step 6/100000 | dt = 455.6 s | wall 17.81 s | NL 2 | L 23
          Linear BackwardEuler-Equation_mg_coarse_ solve converged due to CONVERGED_RTOL iterations 18
          Linear BackwardEuler-Equation_mg_coarse_ solve converged due to CONVERGED_RTOL iterations 21
          Linear BackwardEuler-Equation_mg_coarse_ solve converged due to CONVERGED_RTOL iterations 19
          Linear BackwardEuler-Equation_mg_coarse_ solve converged due to CONVERGED_RTOL iterations 19
    Linear BackwardEuler-Equation_ solve converged due to CONVERGED_RTOL iterations 4
          Linear BackwardEuler-Equation_mg_coarse_ solve converged due to CONVERGED_RTOL iterations 19
          Linear BackwardEuler-Equation_mg_coarse_ solve converged due to CONVERGED_RTOL iterations 19
          Linear BackwardEuler-Equation_mg_coarse_ solve converged due to CONVERGED_RTOL iterations 15
          Linear BackwardEuler-Equation_mg_coarse_ solve converged due to CONVERGED_RTOL iterations 16
          Linear BackwardEuler-Equation_mg_coarse_ solve converged due to CONVERGED_RTOL iterations 17
          Linear BackwardEuler-Equation_mg_coarse_ solve converged due to CONVERGED_RTOL iterations 16
          Linear BackwardEuler-Equation_mg_coarse_ solve converged due to CONVERGED_RTOL iterations 16
          Linear BackwardEuler-Equation_mg_coarse_ solve converged due to CONVERGED_RTOL iterations 16
          Linear BackwardEuler-Equation_mg_coarse_ solve converged due to CONVERGED_RTOL iterations 17
          Linear BackwardEuler-Equation_mg_coarse_ solve converged due to CONVERGED_RTOL iterations 16
          Linear BackwardEuler-Equation_mg_coarse_ solve converged due to CONVERGED_RTOL iterations 17
          Linear BackwardEuler-Equation_mg_coarse_ solve converged due to CONVERGED_RTOL iterations 17
          Linear BackwardEuler-Equation_mg_coarse_ solve converged due to CONVERGED_RTOL iterations 17
          Linear BackwardEuler-Equation_mg_coarse_ solve converged due to CONVERGED_RTOL iterations 17
          Linear BackwardEuler-Equation_mg_coarse_ solve converged due to CONVERGED_RTOL iterations 17
          Linear BackwardEuler-Equation_mg_coarse_ solve converged due to CONVERGED_RTOL iterations 17
          Linear BackwardEuler-Equation_mg_coarse_ solve converged due to CONVERGED_RTOL iterations 17
          Linear BackwardEuler-Equation_mg_coarse_ solve converged due to CONVERGED_RTOL iterations 17
          Linear BackwardEuler-Equation_mg_coarse_ solve converged due to CONVERGED_RTOL iterations 17
    Linear BackwardEuler-Equation_ solve converged due to CONVERGED_RTOL iterations 19
  Nonlinear BackwardEuler-Equation_ solve converged due to CONVERGED_SNORM_RELATIVE iterations 2
t = 0.02 d | step 7/100000 | dt = 683.4 s | wall 17.82 s | NL 2 | L 23
          Linear BackwardEuler-Equation_mg_coarse_ solve converged due to CONVERGED_RTOL iterations 18
          Linear BackwardEuler-Equation_mg_coarse_ solve converged due to CONVERGED_RTOL iterations 21
          Linear BackwardEuler-Equation_mg_coarse_ solve converged due to CONVERGED_RTOL iterations 19
          Linear BackwardEuler-Equation_mg_coarse_ solve converged due to CONVERGED_RTOL iterations 19
    Linear BackwardEuler-Equation_ solve converged due to CONVERGED_RTOL iterations 4
          Linear BackwardEuler-Equation_mg_coarse_ solve converged due to CONVERGED_RTOL iterations 18
          Linear BackwardEuler-Equation_mg_coarse_ solve converged due to CONVERGED_RTOL iterations 17
          Linear BackwardEuler-Equation_mg_coarse_ solve converged due to CONVERGED_RTOL iterations 15
          Linear BackwardEuler-Equation_mg_coarse_ solve converged due to CONVERGED_RTOL iterations 16
          Linear BackwardEuler-Equation_mg_coarse_ solve converged due to CONVERGED_RTOL iterations 17
          Linear BackwardEuler-Equation_mg_coarse_ solve converged due to CONVERGED_RTOL iterations 15
          Linear BackwardEuler-Equation_mg_coarse_ solve converged due to CONVERGED_RTOL iterations 17
          Linear BackwardEuler-Equation_mg_coarse_ solve converged due to CONVERGED_RTOL iterations 17
          Linear BackwardEuler-Equation_mg_coarse_ solve converged due to CONVERGED_RTOL iterations 17
          Linear BackwardEuler-Equation_mg_coarse_ solve converged due to CONVERGED_RTOL iterations 16
          Linear BackwardEuler-Equation_mg_coarse_ solve converged due to CONVERGED_RTOL iterations 17
          Linear BackwardEuler-Equation_mg_coarse_ solve converged due to CONVERGED_RTOL iterations 16
          Linear BackwardEuler-Equation_mg_coarse_ solve converged due to CONVERGED_RTOL iterations 17
          Linear BackwardEuler-Equation_mg_coarse_ solve converged due to CONVERGED_RTOL iterations 18
          Linear BackwardEuler-Equation_mg_coarse_ solve converged due to CONVERGED_RTOL iterations 17
          Linear BackwardEuler-Equation_mg_coarse_ solve converged due to CONVERGED_RTOL iterations 18
          Linear BackwardEuler-Equation_mg_coarse_ solve converged due to CONVERGED_RTOL iterations 17
          Linear BackwardEuler-Equation_mg_coarse_ solve converged due to CONVERGED_RTOL iterations 17
          Linear BackwardEuler-Equation_mg_coarse_ solve converged due to CONVERGED_RTOL iterations 18
          Linear BackwardEuler-Equation_mg_coarse_ solve converged due to CONVERGED_RTOL iterations 17
          Linear BackwardEuler-Equation_mg_coarse_ solve converged due to CONVERGED_RTOL iterations 17
    Linear BackwardEuler-Equation_ solve converged due to CONVERGED_RTOL iterations 21
  Nonlinear BackwardEuler-Equation_ solve converged due to CONVERGED_SNORM_RELATIVE iterations 2
t = 0.03 d | step 8/100000 | dt = 1025.2 s | wall 19.08 s | NL 2 | L 25
          Linear BackwardEuler-Equation_mg_coarse_ solve converged due to CONVERGED_RTOL iterations 18
          Linear BackwardEuler-Equation_mg_coarse_ solve converged due to CONVERGED_RTOL iterations 21
          Linear BackwardEuler-Equation_mg_coarse_ solve converged due to CONVERGED_RTOL iterations 19
          Linear BackwardEuler-Equation_mg_coarse_ solve converged due to CONVERGED_RTOL iterations 19
    Linear BackwardEuler-Equation_ solve converged due to CONVERGED_RTOL iterations 4
          Linear BackwardEuler-Equation_mg_coarse_ solve converged due to CONVERGED_RTOL iterations 18
          Linear BackwardEuler-Equation_mg_coarse_ solve converged due to CONVERGED_RTOL iterations 17
          Linear BackwardEuler-Equation_mg_coarse_ solve converged due to CONVERGED_RTOL iterations 15
          Linear BackwardEuler-Equation_mg_coarse_ solve converged due to CONVERGED_RTOL iterations 16
          Linear BackwardEuler-Equation_mg_coarse_ solve converged due to CONVERGED_RTOL iterations 17
          Linear BackwardEuler-Equation_mg_coarse_ solve converged due to CONVERGED_RTOL iterations 16
          Linear BackwardEuler-Equation_mg_coarse_ solve converged due to CONVERGED_RTOL iterations 17
          Linear BackwardEuler-Equation_mg_coarse_ solve converged due to CONVERGED_RTOL iterations 17
          Linear BackwardEuler-Equation_mg_coarse_ solve converged due to CONVERGED_RTOL iterations 17
          Linear BackwardEuler-Equation_mg_coarse_ solve converged due to CONVERGED_RTOL iterations 16
          Linear BackwardEuler-Equation_mg_coarse_ solve converged due to CONVERGED_RTOL iterations 17
          Linear BackwardEuler-Equation_mg_coarse_ solve converged due to CONVERGED_RTOL iterations 17
          Linear BackwardEuler-Equation_mg_coarse_ solve converged due to CONVERGED_RTOL iterations 17
          Linear BackwardEuler-Equation_mg_coarse_ solve converged due to CONVERGED_RTOL iterations 18
          Linear BackwardEuler-Equation_mg_coarse_ solve converged due to CONVERGED_RTOL iterations 17
          Linear BackwardEuler-Equation_mg_coarse_ solve converged due to CONVERGED_RTOL iterations 17
          Linear BackwardEuler-Equation_mg_coarse_ solve converged due to CONVERGED_RTOL iterations 17
          Linear BackwardEuler-Equation_mg_coarse_ solve converged due to CONVERGED_RTOL iterations 17
          Linear BackwardEuler-Equation_mg_coarse_ solve converged due to CONVERGED_RTOL iterations 17
          Linear BackwardEuler-Equation_mg_coarse_ solve converged due to CONVERGED_RTOL iterations 17
          Linear BackwardEuler-Equation_mg_coarse_ solve converged due to CONVERGED_RTOL iterations 17
          Linear BackwardEuler-Equation_mg_coarse_ solve converged due to CONVERGED_RTOL iterations 17
    Linear BackwardEuler-Equation_ solve converged due to CONVERGED_RTOL iterations 22
          Linear BackwardEuler-Equation_mg_coarse_ solve converged due to CONVERGED_RTOL iterations 18
          Linear BackwardEuler-Equation_mg_coarse_ solve converged due to CONVERGED_RTOL iterations 17
          Linear BackwardEuler-Equation_mg_coarse_ solve converged due to CONVERGED_RTOL iterations 16
          Linear BackwardEuler-Equation_mg_coarse_ solve converged due to CONVERGED_RTOL iterations 16
          Linear BackwardEuler-Equation_mg_coarse_ solve converged due to CONVERGED_RTOL iterations 18
          Linear BackwardEuler-Equation_mg_coarse_ solve converged due to CONVERGED_RTOL iterations 17
          Linear BackwardEuler-Equation_mg_coarse_ solve converged due to CONVERGED_RTOL iterations 17
          Linear BackwardEuler-Equation_mg_coarse_ solve converged due to CONVERGED_RTOL iterations 17
          Linear BackwardEuler-Equation_mg_coarse_ solve converged due to CONVERGED_RTOL iterations 17
          Linear BackwardEuler-Equation_mg_coarse_ solve converged due to CONVERGED_RTOL iterations 17
          Linear BackwardEuler-Equation_mg_coarse_ solve converged due to CONVERGED_RTOL iterations 17
          Linear BackwardEuler-Equation_mg_coarse_ solve converged due to CONVERGED_RTOL iterations 17
          Linear BackwardEuler-Equation_mg_coarse_ solve converged due to CONVERGED_RTOL iterations 17
          Linear BackwardEuler-Equation_mg_coarse_ solve converged due to CONVERGED_RTOL iterations 17
          Linear BackwardEuler-Equation_mg_coarse_ solve converged due to CONVERGED_RTOL iterations 17
          Linear BackwardEuler-Equation_mg_coarse_ solve converged due to CONVERGED_RTOL iterations 17
          Linear BackwardEuler-Equation_mg_coarse_ solve converged due to CONVERGED_RTOL iterations 17
          Linear BackwardEuler-Equation_mg_coarse_ solve converged due to CONVERGED_RTOL iterations 17
          Linear BackwardEuler-Equation_mg_coarse_ solve converged due to CONVERGED_RTOL iterations 17
          Linear BackwardEuler-Equation_mg_coarse_ solve converged due to CONVERGED_RTOL iterations 17
          Linear BackwardEuler-Equation_mg_coarse_ solve converged due to CONVERGED_RTOL iterations 17
    Linear BackwardEuler-Equation_ solve converged due to CONVERGED_RTOL iterations 21
  Nonlinear BackwardEuler-Equation_ solve converged due to CONVERGED_SNORM_RELATIVE iterations 3
t = 0.05 d | step 9/100000 | dt = 1537.7 s | wall 33.07 s | NL 3 | L 47
          Linear BackwardEuler-Equation_mg_coarse_ solve converged due to CONVERGED_RTOL iterations 19
          Linear BackwardEuler-Equation_mg_coarse_ solve converged due to CONVERGED_RTOL iterations 21
          Linear BackwardEuler-Equation_mg_coarse_ solve converged due to CONVERGED_RTOL iterations 19
          Linear BackwardEuler-Equation_mg_coarse_ solve converged due to CONVERGED_RTOL iterations 18
          Linear BackwardEuler-Equation_mg_coarse_ solve converged due to CONVERGED_RTOL iterations 17
    Linear BackwardEuler-Equation_ solve converged due to CONVERGED_RTOL iterations 5
          Linear BackwardEuler-Equation_mg_coarse_ solve converged due to CONVERGED_RTOL iterations 17
          Linear BackwardEuler-Equation_mg_coarse_ solve converged due to CONVERGED_RTOL iterations 17
          Linear BackwardEuler-Equation_mg_coarse_ solve converged due to CONVERGED_RTOL iterations 14
          Linear BackwardEuler-Equation_mg_coarse_ solve converged due to CONVERGED_RTOL iterations 15
          Linear BackwardEuler-Equation_mg_coarse_ solve converged due to CONVERGED_RTOL iterations 17
          Linear BackwardEuler-Equation_mg_coarse_ solve converged due to CONVERGED_RTOL iterations 15
          Linear BackwardEuler-Equation_mg_coarse_ solve converged due to CONVERGED_RTOL iterations 16
          Linear BackwardEuler-Equation_mg_coarse_ solve converged due to CONVERGED_RTOL iterations 17
          Linear BackwardEuler-Equation_mg_coarse_ solve converged due to CONVERGED_RTOL iterations 16
          Linear BackwardEuler-Equation_mg_coarse_ solve converged due to CONVERGED_RTOL iterations 17
          Linear BackwardEuler-Equation_mg_coarse_ solve converged due to CONVERGED_RTOL iterations 17
          Linear BackwardEuler-Equation_mg_coarse_ solve converged due to CONVERGED_RTOL iterations 17
          Linear BackwardEuler-Equation_mg_coarse_ solve converged due to CONVERGED_RTOL iterations 18
          Linear BackwardEuler-Equation_mg_coarse_ solve converged due to CONVERGED_RTOL iterations 17
          Linear BackwardEuler-Equation_mg_coarse_ solve converged due to CONVERGED_RTOL iterations 17
          Linear BackwardEuler-Equation_mg_coarse_ solve converged due to CONVERGED_RTOL iterations 17
          Linear BackwardEuler-Equation_mg_coarse_ solve converged due to CONVERGED_RTOL iterations 17
          Linear BackwardEuler-Equation_mg_coarse_ solve converged due to CONVERGED_RTOL iterations 17
          Linear BackwardEuler-Equation_mg_coarse_ solve converged due to CONVERGED_RTOL iterations 18
          Linear BackwardEuler-Equation_mg_coarse_ solve converged due to CONVERGED_RTOL iterations 17
          Linear BackwardEuler-Equation_mg_coarse_ solve converged due to CONVERGED_RTOL iterations 17
    Linear BackwardEuler-Equation_ solve converged due to CONVERGED_RTOL iterations 21
          Linear BackwardEuler-Equation_mg_coarse_ solve converged due to CONVERGED_RTOL iterations 19
          Linear BackwardEuler-Equation_mg_coarse_ solve converged due to CONVERGED_RTOL iterations 18
          Linear BackwardEuler-Equation_mg_coarse_ solve converged due to CONVERGED_RTOL iterations 17
          Linear BackwardEuler-Equation_mg_coarse_ solve converged due to CONVERGED_RTOL iterations 16
          Linear BackwardEuler-Equation_mg_coarse_ solve converged due to CONVERGED_RTOL iterations 18
          Linear BackwardEuler-Equation_mg_coarse_ solve converged due to CONVERGED_RTOL iterations 17
          Linear BackwardEuler-Equation_mg_coarse_ solve converged due to CONVERGED_RTOL iterations 17
          Linear BackwardEuler-Equation_mg_coarse_ solve converged due to CONVERGED_RTOL iterations 17
          Linear BackwardEuler-Equation_mg_coarse_ solve converged due to CONVERGED_RTOL iterations 17
          Linear BackwardEuler-Equation_mg_coarse_ solve converged due to CONVERGED_RTOL iterations 17
          Linear BackwardEuler-Equation_mg_coarse_ solve converged due to CONVERGED_RTOL iterations 17
          Linear BackwardEuler-Equation_mg_coarse_ solve converged due to CONVERGED_RTOL iterations 17
          Linear BackwardEuler-Equation_mg_coarse_ solve converged due to CONVERGED_RTOL iterations 17
          Linear BackwardEuler-Equation_mg_coarse_ solve converged due to CONVERGED_RTOL iterations 17
          Linear BackwardEuler-Equation_mg_coarse_ solve converged due to CONVERGED_RTOL iterations 17
          Linear BackwardEuler-Equation_mg_coarse_ solve converged due to CONVERGED_RTOL iterations 17
          Linear BackwardEuler-Equation_mg_coarse_ solve converged due to CONVERGED_RTOL iterations 17
          Linear BackwardEuler-Equation_mg_coarse_ solve converged due to CONVERGED_RTOL iterations 17
    Linear BackwardEuler-Equation_ solve converged due to CONVERGED_RTOL iterations 18
  Nonlinear BackwardEuler-Equation_ solve converged due to CONVERGED_SNORM_RELATIVE iterations 3
t = 0.08 d | step 10/100000 | dt = 2306.6 s | wall 31.57 s | NL 3 | L 44
          Linear BackwardEuler-Equation_mg_coarse_ solve converged due to CONVERGED_RTOL iterations 19
          Linear BackwardEuler-Equation_mg_coarse_ solve converged due to CONVERGED_RTOL iterations 20
          Linear BackwardEuler-Equation_mg_coarse_ solve converged due to CONVERGED_RTOL iterations 19
          Linear BackwardEuler-Equation_mg_coarse_ solve converged due to CONVERGED_RTOL iterations 18
          Linear BackwardEuler-Equation_mg_coarse_ solve converged due to CONVERGED_RTOL iterations 17
          Linear BackwardEuler-Equation_mg_coarse_ solve converged due to CONVERGED_RTOL iterations 16
    Linear BackwardEuler-Equation_ solve converged due to CONVERGED_RTOL iterations 6
          Linear BackwardEuler-Equation_mg_coarse_ solve converged due to CONVERGED_RTOL iterations 18
          Linear BackwardEuler-Equation_mg_coarse_ solve converged due to CONVERGED_RTOL iterations 17
          Linear BackwardEuler-Equation_mg_coarse_ solve converged due to CONVERGED_RTOL iterations 15
          Linear BackwardEuler-Equation_mg_coarse_ solve converged due to CONVERGED_RTOL iterations 16
          Linear BackwardEuler-Equation_mg_coarse_ solve converged due to CONVERGED_RTOL iterations 19
          Linear BackwardEuler-Equation_mg_coarse_ solve converged due to CONVERGED_RTOL iterations 17
          Linear BackwardEuler-Equation_mg_coarse_ solve converged due to CONVERGED_RTOL iterations 17
          Linear BackwardEuler-Equation_mg_coarse_ solve converged due to CONVERGED_RTOL iterations 16
          Linear BackwardEuler-Equation_mg_coarse_ solve converged due to CONVERGED_RTOL iterations 17
          Linear BackwardEuler-Equation_mg_coarse_ solve converged due to CONVERGED_RTOL iterations 17
          Linear BackwardEuler-Equation_mg_coarse_ solve converged due to CONVERGED_RTOL iterations 17
          Linear BackwardEuler-Equation_mg_coarse_ solve converged due to CONVERGED_RTOL iterations 17
          Linear BackwardEuler-Equation_mg_coarse_ solve converged due to CONVERGED_RTOL iterations 17
          Linear BackwardEuler-Equation_mg_coarse_ solve converged due to CONVERGED_RTOL iterations 17
          Linear BackwardEuler-Equation_mg_coarse_ solve converged due to CONVERGED_RTOL iterations 17
          Linear BackwardEuler-Equation_mg_coarse_ solve converged due to CONVERGED_RTOL iterations 17
          Linear BackwardEuler-Equation_mg_coarse_ solve converged due to CONVERGED_RTOL iterations 17
          Linear BackwardEuler-Equation_mg_coarse_ solve converged due to CONVERGED_RTOL iterations 18
          Linear BackwardEuler-Equation_mg_coarse_ solve converged due to CONVERGED_RTOL iterations 17
          Linear BackwardEuler-Equation_mg_coarse_ solve converged due to CONVERGED_RTOL iterations 17
    Linear BackwardEuler-Equation_ solve converged due to CONVERGED_RTOL iterations 20
          Linear BackwardEuler-Equation_mg_coarse_ solve converged due to CONVERGED_RTOL iterations 19
          Linear BackwardEuler-Equation_mg_coarse_ solve converged due to CONVERGED_RTOL iterations 18
          Linear BackwardEuler-Equation_mg_coarse_ solve converged due to CONVERGED_RTOL iterations 16
          Linear BackwardEuler-Equation_mg_coarse_ solve converged due to CONVERGED_RTOL iterations 16
          Linear BackwardEuler-Equation_mg_coarse_ solve converged due to CONVERGED_RTOL iterations 18
          Linear BackwardEuler-Equation_mg_coarse_ solve converged due to CONVERGED_RTOL iterations 17
          Linear BackwardEuler-Equation_mg_coarse_ solve converged due to CONVERGED_RTOL iterations 17
          Linear BackwardEuler-Equation_mg_coarse_ solve converged due to CONVERGED_RTOL iterations 17
          Linear BackwardEuler-Equation_mg_coarse_ solve converged due to CONVERGED_RTOL iterations 17
          Linear BackwardEuler-Equation_mg_coarse_ solve converged due to CONVERGED_RTOL iterations 17
          Linear BackwardEuler-Equation_mg_coarse_ solve converged due to CONVERGED_RTOL iterations 17
          Linear BackwardEuler-Equation_mg_coarse_ solve converged due to CONVERGED_RTOL iterations 17
          Linear BackwardEuler-Equation_mg_coarse_ solve converged due to CONVERGED_RTOL iterations 17
          Linear BackwardEuler-Equation_mg_coarse_ solve converged due to CONVERGED_RTOL iterations 17
          Linear BackwardEuler-Equation_mg_coarse_ solve converged due to CONVERGED_RTOL iterations 17
          Linear BackwardEuler-Equation_mg_coarse_ solve converged due to CONVERGED_RTOL iterations 17
          Linear BackwardEuler-Equation_mg_coarse_ solve converged due to CONVERGED_RTOL iterations 17
          Linear BackwardEuler-Equation_mg_coarse_ solve converged due to CONVERGED_RTOL iterations 17
          Linear BackwardEuler-Equation_mg_coarse_ solve converged due to CONVERGED_RTOL iterations 18
    Linear BackwardEuler-Equation_ solve converged due to CONVERGED_RTOL iterations 19
  Nonlinear BackwardEuler-Equation_ solve converged due to CONVERGED_SNORM_RELATIVE iterations 3
t = 0.12 d | step 11/100000 | dt = 3459.9 s | wall 32.02 s | NL 3 | L 45
          Linear BackwardEuler-Equation_mg_coarse_ solve converged due to CONVERGED_RTOL iterations 19
          Linear BackwardEuler-Equation_mg_coarse_ solve converged due to CONVERGED_RTOL iterations 20
          Linear BackwardEuler-Equation_mg_coarse_ solve converged due to CONVERGED_RTOL iterations 19
          Linear BackwardEuler-Equation_mg_coarse_ solve converged due to CONVERGED_RTOL iterations 18
          Linear BackwardEuler-Equation_mg_coarse_ solve converged due to CONVERGED_RTOL iterations 17
          Linear BackwardEuler-Equation_mg_coarse_ solve converged due to CONVERGED_RTOL iterations 16
          Linear BackwardEuler-Equation_mg_coarse_ solve converged due to CONVERGED_RTOL iterations 17
    Linear BackwardEuler-Equation_ solve converged due to CONVERGED_RTOL iterations 7
          Linear BackwardEuler-Equation_mg_coarse_ solve converged due to CONVERGED_RTOL iterations 18
          Linear BackwardEuler-Equation_mg_coarse_ solve converged due to CONVERGED_RTOL iterations 18
          Linear BackwardEuler-Equation_mg_coarse_ solve converged due to CONVERGED_RTOL iterations 15
          Linear BackwardEuler-Equation_mg_coarse_ solve converged due to CONVERGED_RTOL iterations 16
          Linear BackwardEuler-Equation_mg_coarse_ solve converged due to CONVERGED_RTOL iterations 17
          Linear BackwardEuler-Equation_mg_coarse_ solve converged due to CONVERGED_RTOL iterations 18
          Linear BackwardEuler-Equation_mg_coarse_ solve converged due to CONVERGED_RTOL iterations 16
          Linear BackwardEuler-Equation_mg_coarse_ solve converged due to CONVERGED_RTOL iterations 17
          Linear BackwardEuler-Equation_mg_coarse_ solve converged due to CONVERGED_RTOL iterations 16
          Linear BackwardEuler-Equation_mg_coarse_ solve converged due to CONVERGED_RTOL iterations 17
          Linear BackwardEuler-Equation_mg_coarse_ solve converged due to CONVERGED_RTOL iterations 18
          Linear BackwardEuler-Equation_mg_coarse_ solve converged due to CONVERGED_RTOL iterations 17
          Linear BackwardEuler-Equation_mg_coarse_ solve converged due to CONVERGED_RTOL iterations 17
          Linear BackwardEuler-Equation_mg_coarse_ solve converged due to CONVERGED_RTOL iterations 17
          Linear BackwardEuler-Equation_mg_coarse_ solve converged due to CONVERGED_RTOL iterations 17
          Linear BackwardEuler-Equation_mg_coarse_ solve converged due to CONVERGED_RTOL iterations 17
          Linear BackwardEuler-Equation_mg_coarse_ solve converged due to CONVERGED_RTOL iterations 17
          Linear BackwardEuler-Equation_mg_coarse_ solve converged due to CONVERGED_RTOL iterations 17
          Linear BackwardEuler-Equation_mg_coarse_ solve converged due to CONVERGED_RTOL iterations 17
          Linear BackwardEuler-Equation_mg_coarse_ solve converged due to CONVERGED_RTOL iterations 17
          Linear BackwardEuler-Equation_mg_coarse_ solve converged due to CONVERGED_RTOL iterations 17
    Linear BackwardEuler-Equation_ solve converged due to CONVERGED_RTOL iterations 21
          Linear BackwardEuler-Equation_mg_coarse_ solve converged due to CONVERGED_RTOL iterations 19
          Linear BackwardEuler-Equation_mg_coarse_ solve converged due to CONVERGED_RTOL iterations 18
          Linear BackwardEuler-Equation_mg_coarse_ solve converged due to CONVERGED_RTOL iterations 16
          Linear BackwardEuler-Equation_mg_coarse_ solve converged due to CONVERGED_RTOL iterations 16
          Linear BackwardEuler-Equation_mg_coarse_ solve converged due to CONVERGED_RTOL iterations 18
          Linear BackwardEuler-Equation_mg_coarse_ solve converged due to CONVERGED_RTOL iterations 17
          Linear BackwardEuler-Equation_mg_coarse_ solve converged due to CONVERGED_RTOL iterations 17
          Linear BackwardEuler-Equation_mg_coarse_ solve converged due to CONVERGED_RTOL iterations 17
          Linear BackwardEuler-Equation_mg_coarse_ solve converged due to CONVERGED_RTOL iterations 18
          Linear BackwardEuler-Equation_mg_coarse_ solve converged due to CONVERGED_RTOL iterations 17
          Linear BackwardEuler-Equation_mg_coarse_ solve converged due to CONVERGED_RTOL iterations 17
          Linear BackwardEuler-Equation_mg_coarse_ solve converged due to CONVERGED_RTOL iterations 17
          Linear BackwardEuler-Equation_mg_coarse_ solve converged due to CONVERGED_RTOL iterations 17
          Linear BackwardEuler-Equation_mg_coarse_ solve converged due to CONVERGED_RTOL iterations 17
          Linear BackwardEuler-Equation_mg_coarse_ solve converged due to CONVERGED_RTOL iterations 17
          Linear BackwardEuler-Equation_mg_coarse_ solve converged due to CONVERGED_RTOL iterations 17
          Linear BackwardEuler-Equation_mg_coarse_ solve converged due to CONVERGED_RTOL iterations 17
          Linear BackwardEuler-Equation_mg_coarse_ solve converged due to CONVERGED_RTOL iterations 17
          Linear BackwardEuler-Equation_mg_coarse_ solve converged due to CONVERGED_RTOL iterations 17
          Linear BackwardEuler-Equation_mg_coarse_ solve converged due to CONVERGED_RTOL iterations 17
          Linear BackwardEuler-Equation_mg_coarse_ solve converged due to CONVERGED_RTOL iterations 17
    Linear BackwardEuler-Equation_ solve converged due to CONVERGED_RTOL iterations 21
  Nonlinear BackwardEuler-Equation_ solve converged due to CONVERGED_SNORM_RELATIVE iterations 3
t = 0.18 d | step 12/100000 | dt = 5189.9 s | wall 34.25 s | NL 3 | L 49
          Linear BackwardEuler-Equation_mg_coarse_ solve converged due to CONVERGED_RTOL iterations 19
          Linear BackwardEuler-Equation_mg_coarse_ solve converged due to CONVERGED_RTOL iterations 20
          Linear BackwardEuler-Equation_mg_coarse_ solve converged due to CONVERGED_RTOL iterations 19
          Linear BackwardEuler-Equation_mg_coarse_ solve converged due to CONVERGED_RTOL iterations 18
          Linear BackwardEuler-Equation_mg_coarse_ solve converged due to CONVERGED_RTOL iterations 17
          Linear BackwardEuler-Equation_mg_coarse_ solve converged due to CONVERGED_RTOL iterations 16
          Linear BackwardEuler-Equation_mg_coarse_ solve converged due to CONVERGED_RTOL iterations 17
          Linear BackwardEuler-Equation_mg_coarse_ solve converged due to CONVERGED_RTOL iterations 16
    Linear BackwardEuler-Equation_ solve converged due to CONVERGED_RTOL iterations 8
          Linear BackwardEuler-Equation_mg_coarse_ solve converged due to CONVERGED_RTOL iterations 18
          Linear BackwardEuler-Equation_mg_coarse_ solve converged due to CONVERGED_RTOL iterations 17
          Linear BackwardEuler-Equation_mg_coarse_ solve converged due to CONVERGED_RTOL iterations 15
          Linear BackwardEuler-Equation_mg_coarse_ solve converged due to CONVERGED_RTOL iterations 16
          Linear BackwardEuler-Equation_mg_coarse_ solve converged due to CONVERGED_RTOL iterations 18
          Linear BackwardEuler-Equation_mg_coarse_ solve converged due to CONVERGED_RTOL iterations 16
          Linear BackwardEuler-Equation_mg_coarse_ solve converged due to CONVERGED_RTOL iterations 17
          Linear BackwardEuler-Equation_mg_coarse_ solve converged due to CONVERGED_RTOL iterations 16
          Linear BackwardEuler-Equation_mg_coarse_ solve converged due to CONVERGED_RTOL iterations 16
          Linear BackwardEuler-Equation_mg_coarse_ solve converged due to CONVERGED_RTOL iterations 17
          Linear BackwardEuler-Equation_mg_coarse_ solve converged due to CONVERGED_RTOL iterations 17
          Linear BackwardEuler-Equation_mg_coarse_ solve converged due to CONVERGED_RTOL iterations 16
          Linear BackwardEuler-Equation_mg_coarse_ solve converged due to CONVERGED_RTOL iterations 17
          Linear BackwardEuler-Equation_mg_coarse_ solve converged due to CONVERGED_RTOL iterations 17
          Linear BackwardEuler-Equation_mg_coarse_ solve converged due to CONVERGED_RTOL iterations 16
          Linear BackwardEuler-Equation_mg_coarse_ solve converged due to CONVERGED_RTOL iterations 17
          Linear BackwardEuler-Equation_mg_coarse_ solve converged due to CONVERGED_RTOL iterations 17
          Linear BackwardEuler-Equation_mg_coarse_ solve converged due to CONVERGED_RTOL iterations 17
          Linear BackwardEuler-Equation_mg_coarse_ solve converged due to CONVERGED_RTOL iterations 17
          Linear BackwardEuler-Equation_mg_coarse_ solve converged due to CONVERGED_RTOL iterations 17
    Linear BackwardEuler-Equation_ solve converged due to CONVERGED_RTOL iterations 20
          Linear BackwardEuler-Equation_mg_coarse_ solve converged due to CONVERGED_RTOL iterations 19
          Linear BackwardEuler-Equation_mg_coarse_ solve converged due to CONVERGED_RTOL iterations 18
          Linear BackwardEuler-Equation_mg_coarse_ solve converged due to CONVERGED_RTOL iterations 16
          Linear BackwardEuler-Equation_mg_coarse_ solve converged due to CONVERGED_RTOL iterations 16
          Linear BackwardEuler-Equation_mg_coarse_ solve converged due to CONVERGED_RTOL iterations 17
          Linear BackwardEuler-Equation_mg_coarse_ solve converged due to CONVERGED_RTOL iterations 17
          Linear BackwardEuler-Equation_mg_coarse_ solve converged due to CONVERGED_RTOL iterations 16
          Linear BackwardEuler-Equation_mg_coarse_ solve converged due to CONVERGED_RTOL iterations 17
          Linear BackwardEuler-Equation_mg_coarse_ solve converged due to CONVERGED_RTOL iterations 17
          Linear BackwardEuler-Equation_mg_coarse_ solve converged due to CONVERGED_RTOL iterations 17
          Linear BackwardEuler-Equation_mg_coarse_ solve converged due to CONVERGED_RTOL iterations 17
          Linear BackwardEuler-Equation_mg_coarse_ solve converged due to CONVERGED_RTOL iterations 17
          Linear BackwardEuler-Equation_mg_coarse_ solve converged due to CONVERGED_RTOL iterations 17
          Linear BackwardEuler-Equation_mg_coarse_ solve converged due to CONVERGED_RTOL iterations 17
          Linear BackwardEuler-Equation_mg_coarse_ solve converged due to CONVERGED_RTOL iterations 17
          Linear BackwardEuler-Equation_mg_coarse_ solve converged due to CONVERGED_RTOL iterations 17
          Linear BackwardEuler-Equation_mg_coarse_ solve converged due to CONVERGED_RTOL iterations 17
          Linear BackwardEuler-Equation_mg_coarse_ solve converged due to CONVERGED_RTOL iterations 17
          Linear BackwardEuler-Equation_mg_coarse_ solve converged due to CONVERGED_RTOL iterations 17
    Linear BackwardEuler-Equation_ solve converged due to CONVERGED_RTOL iterations 19
  Nonlinear BackwardEuler-Equation_ solve converged due to CONVERGED_SNORM_RELATIVE iterations 3
t = 0.27 d | step 13/100000 | dt = 7784.8 s | wall 33.26 s | NL 3 | L 47
          Linear BackwardEuler-Equation_mg_coarse_ solve converged due to CONVERGED_RTOL iterations 19
          Linear BackwardEuler-Equation_mg_coarse_ solve converged due to CONVERGED_RTOL iterations 20
          Linear BackwardEuler-Equation_mg_coarse_ solve converged due to CONVERGED_RTOL iterations 19
          Linear BackwardEuler-Equation_mg_coarse_ solve converged due to CONVERGED_RTOL iterations 18
          Linear BackwardEuler-Equation_mg_coarse_ solve converged due to CONVERGED_RTOL iterations 17
          Linear BackwardEuler-Equation_mg_coarse_ solve converged due to CONVERGED_RTOL iterations 16
          Linear BackwardEuler-Equation_mg_coarse_ solve converged due to CONVERGED_RTOL iterations 17
          Linear BackwardEuler-Equation_mg_coarse_ solve converged due to CONVERGED_RTOL iterations 16
          Linear BackwardEuler-Equation_mg_coarse_ solve converged due to CONVERGED_RTOL iterations 16
    Linear BackwardEuler-Equation_ solve converged due to CONVERGED_RTOL iterations 9
          Linear BackwardEuler-Equation_mg_coarse_ solve converged due to CONVERGED_RTOL iterations 19
          Linear BackwardEuler-Equation_mg_coarse_ solve converged due to CONVERGED_RTOL iterations 17
          Linear BackwardEuler-Equation_mg_coarse_ solve converged due to CONVERGED_RTOL iterations 16
          Linear BackwardEuler-Equation_mg_coarse_ solve converged due to CONVERGED_RTOL iterations 16
          Linear BackwardEuler-Equation_mg_coarse_ solve converged due to CONVERGED_RTOL iterations 17
          Linear BackwardEuler-Equation_mg_coarse_ solve converged due to CONVERGED_RTOL iterations 16
          Linear BackwardEuler-Equation_mg_coarse_ solve converged due to CONVERGED_RTOL iterations 16
          Linear BackwardEuler-Equation_mg_coarse_ solve converged due to CONVERGED_RTOL iterations 18
          Linear BackwardEuler-Equation_mg_coarse_ solve converged due to CONVERGED_RTOL iterations 17
          Linear BackwardEuler-Equation_mg_coarse_ solve converged due to CONVERGED_RTOL iterations 16
          Linear BackwardEuler-Equation_mg_coarse_ solve converged due to CONVERGED_RTOL iterations 17
          Linear BackwardEuler-Equation_mg_coarse_ solve converged due to CONVERGED_RTOL iterations 17
          Linear BackwardEuler-Equation_mg_coarse_ solve converged due to CONVERGED_RTOL iterations 16
          Linear BackwardEuler-Equation_mg_coarse_ solve converged due to CONVERGED_RTOL iterations 17
          Linear BackwardEuler-Equation_mg_coarse_ solve converged due to CONVERGED_RTOL iterations 17
          Linear BackwardEuler-Equation_mg_coarse_ solve converged due to CONVERGED_RTOL iterations 17
          Linear BackwardEuler-Equation_mg_coarse_ solve converged due to CONVERGED_RTOL iterations 17
          Linear BackwardEuler-Equation_mg_coarse_ solve converged due to CONVERGED_RTOL iterations 17
          Linear BackwardEuler-Equation_mg_coarse_ solve converged due to CONVERGED_RTOL iterations 17
    Linear BackwardEuler-Equation_ solve converged due to CONVERGED_RTOL iterations 19
          Linear BackwardEuler-Equation_mg_coarse_ solve converged due to CONVERGED_RTOL iterations 20
          Linear BackwardEuler-Equation_mg_coarse_ solve converged due to CONVERGED_RTOL iterations 18
          Linear BackwardEuler-Equation_mg_coarse_ solve converged due to CONVERGED_RTOL iterations 17
          Linear BackwardEuler-Equation_mg_coarse_ solve converged due to CONVERGED_RTOL iterations 16
          Linear BackwardEuler-Equation_mg_coarse_ solve converged due to CONVERGED_RTOL iterations 17
          Linear BackwardEuler-Equation_mg_coarse_ solve converged due to CONVERGED_RTOL iterations 17
          Linear BackwardEuler-Equation_mg_coarse_ solve converged due to CONVERGED_RTOL iterations 17
          Linear BackwardEuler-Equation_mg_coarse_ solve converged due to CONVERGED_RTOL iterations 17
          Linear BackwardEuler-Equation_mg_coarse_ solve converged due to CONVERGED_RTOL iterations 17
          Linear BackwardEuler-Equation_mg_coarse_ solve converged due to CONVERGED_RTOL iterations 17
          Linear BackwardEuler-Equation_mg_coarse_ solve converged due to CONVERGED_RTOL iterations 17
          Linear BackwardEuler-Equation_mg_coarse_ solve converged due to CONVERGED_RTOL iterations 17
          Linear BackwardEuler-Equation_mg_coarse_ solve converged due to CONVERGED_RTOL iterations 17
          Linear BackwardEuler-Equation_mg_coarse_ solve converged due to CONVERGED_RTOL iterations 17
          Linear BackwardEuler-Equation_mg_coarse_ solve converged due to CONVERGED_RTOL iterations 17
          Linear BackwardEuler-Equation_mg_coarse_ solve converged due to CONVERGED_RTOL iterations 17
          Linear BackwardEuler-Equation_mg_coarse_ solve converged due to CONVERGED_RTOL iterations 17
          Linear BackwardEuler-Equation_mg_coarse_ solve converged due to CONVERGED_RTOL iterations 18
    Linear BackwardEuler-Equation_ solve converged due to CONVERGED_RTOL iterations 18
  Nonlinear BackwardEuler-Equation_ solve converged due to CONVERGED_SNORM_RELATIVE iterations 3
t = 0.40 d | step 14/100000 | dt = 11677.2 s | wall 32.50 s | NL 3 | L 46
          Linear BackwardEuler-Equation_mg_coarse_ solve converged due to CONVERGED_RTOL iterations 19
          Linear BackwardEuler-Equation_mg_coarse_ solve converged due to CONVERGED_RTOL iterations 20
          Linear BackwardEuler-Equation_mg_coarse_ solve converged due to CONVERGED_RTOL iterations 19
          Linear BackwardEuler-Equation_mg_coarse_ solve converged due to CONVERGED_RTOL iterations 18
          Linear BackwardEuler-Equation_mg_coarse_ solve converged due to CONVERGED_RTOL iterations 17
          Linear BackwardEuler-Equation_mg_coarse_ solve converged due to CONVERGED_RTOL iterations 16
          Linear BackwardEuler-Equation_mg_coarse_ solve converged due to CONVERGED_RTOL iterations 17
          Linear BackwardEuler-Equation_mg_coarse_ solve converged due to CONVERGED_RTOL iterations 16
          Linear BackwardEuler-Equation_mg_coarse_ solve converged due to CONVERGED_RTOL iterations 16
          Linear BackwardEuler-Equation_mg_coarse_ solve converged due to CONVERGED_RTOL iterations 16
    Linear BackwardEuler-Equation_ solve converged due to CONVERGED_RTOL iterations 10
          Linear BackwardEuler-Equation_mg_coarse_ solve converged due to CONVERGED_RTOL iterations 19
          Linear BackwardEuler-Equation_mg_coarse_ solve converged due to CONVERGED_RTOL iterations 18
          Linear BackwardEuler-Equation_mg_coarse_ solve converged due to CONVERGED_RTOL iterations 16
          Linear BackwardEuler-Equation_mg_coarse_ solve converged due to CONVERGED_RTOL iterations 16
          Linear BackwardEuler-Equation_mg_coarse_ solve converged due to CONVERGED_RTOL iterations 17
          Linear BackwardEuler-Equation_mg_coarse_ solve converged due to CONVERGED_RTOL iterations 16
          Linear BackwardEuler-Equation_mg_coarse_ solve converged due to CONVERGED_RTOL iterations 16
          Linear BackwardEuler-Equation_mg_coarse_ solve converged due to CONVERGED_RTOL iterations 17
          Linear BackwardEuler-Equation_mg_coarse_ solve converged due to CONVERGED_RTOL iterations 18
          Linear BackwardEuler-Equation_mg_coarse_ solve converged due to CONVERGED_RTOL iterations 17
          Linear BackwardEuler-Equation_mg_coarse_ solve converged due to CONVERGED_RTOL iterations 17
          Linear BackwardEuler-Equation_mg_coarse_ solve converged due to CONVERGED_RTOL iterations 17
          Linear BackwardEuler-Equation_mg_coarse_ solve converged due to CONVERGED_RTOL iterations 17
          Linear BackwardEuler-Equation_mg_coarse_ solve converged due to CONVERGED_RTOL iterations 17
          Linear BackwardEuler-Equation_mg_coarse_ solve converged due to CONVERGED_RTOL iterations 17
          Linear BackwardEuler-Equation_mg_coarse_ solve converged due to CONVERGED_RTOL iterations 17
          Linear BackwardEuler-Equation_mg_coarse_ solve converged due to CONVERGED_RTOL iterations 17
          Linear BackwardEuler-Equation_mg_coarse_ solve converged due to CONVERGED_RTOL iterations 17
          Linear BackwardEuler-Equation_mg_coarse_ solve converged due to CONVERGED_RTOL iterations 17
    Linear BackwardEuler-Equation_ solve converged due to CONVERGED_RTOL iterations 19
          Linear BackwardEuler-Equation_mg_coarse_ solve converged due to CONVERGED_RTOL iterations 20
          Linear BackwardEuler-Equation_mg_coarse_ solve converged due to CONVERGED_RTOL iterations 18
          Linear BackwardEuler-Equation_mg_coarse_ solve converged due to CONVERGED_RTOL iterations 17
          Linear BackwardEuler-Equation_mg_coarse_ solve converged due to CONVERGED_RTOL iterations 16
          Linear BackwardEuler-Equation_mg_coarse_ solve converged due to CONVERGED_RTOL iterations 18
          Linear BackwardEuler-Equation_mg_coarse_ solve converged due to CONVERGED_RTOL iterations 17
          Linear BackwardEuler-Equation_mg_coarse_ solve converged due to CONVERGED_RTOL iterations 17
          Linear BackwardEuler-Equation_mg_coarse_ solve converged due to CONVERGED_RTOL iterations 17
          Linear BackwardEuler-Equation_mg_coarse_ solve converged due to CONVERGED_RTOL iterations 18
          Linear BackwardEuler-Equation_mg_coarse_ solve converged due to CONVERGED_RTOL iterations 17
          Linear BackwardEuler-Equation_mg_coarse_ solve converged due to CONVERGED_RTOL iterations 17
          Linear BackwardEuler-Equation_mg_coarse_ solve converged due to CONVERGED_RTOL iterations 17
          Linear BackwardEuler-Equation_mg_coarse_ solve converged due to CONVERGED_RTOL iterations 17
          Linear BackwardEuler-Equation_mg_coarse_ solve converged due to CONVERGED_RTOL iterations 17
          Linear BackwardEuler-Equation_mg_coarse_ solve converged due to CONVERGED_RTOL iterations 17
          Linear BackwardEuler-Equation_mg_coarse_ solve converged due to CONVERGED_RTOL iterations 17
          Linear BackwardEuler-Equation_mg_coarse_ solve converged due to CONVERGED_RTOL iterations 17
          Linear BackwardEuler-Equation_mg_coarse_ solve converged due to CONVERGED_RTOL iterations 17
          Linear BackwardEuler-Equation_mg_coarse_ solve converged due to CONVERGED_RTOL iterations 17
          Linear BackwardEuler-Equation_mg_coarse_ solve converged due to CONVERGED_RTOL iterations 17
    Linear BackwardEuler-Equation_ solve converged due to CONVERGED_RTOL iterations 20
  Nonlinear BackwardEuler-Equation_ solve converged due to CONVERGED_SNORM_RELATIVE iterations 3
t = 0.61 d | step 15/100000 | dt = 17515.8 s | wall 34.38 s | NL 3 | L 49
          Linear BackwardEuler-Equation_mg_coarse_ solve converged due to CONVERGED_RTOL iterations 19
          Linear BackwardEuler-Equation_mg_coarse_ solve converged due to CONVERGED_RTOL iterations 20
          Linear BackwardEuler-Equation_mg_coarse_ solve converged due to CONVERGED_RTOL iterations 19
          Linear BackwardEuler-Equation_mg_coarse_ solve converged due to CONVERGED_RTOL iterations 18
          Linear BackwardEuler-Equation_mg_coarse_ solve converged due to CONVERGED_RTOL iterations 17
          Linear BackwardEuler-Equation_mg_coarse_ solve converged due to CONVERGED_RTOL iterations 16
          Linear BackwardEuler-Equation_mg_coarse_ solve converged due to CONVERGED_RTOL iterations 16
          Linear BackwardEuler-Equation_mg_coarse_ solve converged due to CONVERGED_RTOL iterations 16
          Linear BackwardEuler-Equation_mg_coarse_ solve converged due to CONVERGED_RTOL iterations 16
          Linear BackwardEuler-Equation_mg_coarse_ solve converged due to CONVERGED_RTOL iterations 16
          Linear BackwardEuler-Equation_mg_coarse_ solve converged due to CONVERGED_RTOL iterations 17
    Linear BackwardEuler-Equation_ solve converged due to CONVERGED_RTOL iterations 11
          Linear BackwardEuler-Equation_mg_coarse_ solve converged due to CONVERGED_RTOL iterations 20
          Linear BackwardEuler-Equation_mg_coarse_ solve converged due to CONVERGED_RTOL iterations 18
          Linear BackwardEuler-Equation_mg_coarse_ solve converged due to CONVERGED_RTOL iterations 16
          Linear BackwardEuler-Equation_mg_coarse_ solve converged due to CONVERGED_RTOL iterations 16
          Linear BackwardEuler-Equation_mg_coarse_ solve converged due to CONVERGED_RTOL iterations 17
          Linear BackwardEuler-Equation_mg_coarse_ solve converged due to CONVERGED_RTOL iterations 16
          Linear BackwardEuler-Equation_mg_coarse_ solve converged due to CONVERGED_RTOL iterations 16
          Linear BackwardEuler-Equation_mg_coarse_ solve converged due to CONVERGED_RTOL iterations 16
          Linear BackwardEuler-Equation_mg_coarse_ solve converged due to CONVERGED_RTOL iterations 17
          Linear BackwardEuler-Equation_mg_coarse_ solve converged due to CONVERGED_RTOL iterations 17
          Linear BackwardEuler-Equation_mg_coarse_ solve converged due to CONVERGED_RTOL iterations 17
          Linear BackwardEuler-Equation_mg_coarse_ solve converged due to CONVERGED_RTOL iterations 16
          Linear BackwardEuler-Equation_mg_coarse_ solve converged due to CONVERGED_RTOL iterations 16
          Linear BackwardEuler-Equation_mg_coarse_ solve converged due to CONVERGED_RTOL iterations 17
          Linear BackwardEuler-Equation_mg_coarse_ solve converged due to CONVERGED_RTOL iterations 17
          Linear BackwardEuler-Equation_mg_coarse_ solve converged due to CONVERGED_RTOL iterations 17
          Linear BackwardEuler-Equation_mg_coarse_ solve converged due to CONVERGED_RTOL iterations 17
          Linear BackwardEuler-Equation_mg_coarse_ solve converged due to CONVERGED_RTOL iterations 17
    Linear BackwardEuler-Equation_ solve converged due to CONVERGED_RTOL iterations 18
          Linear BackwardEuler-Equation_mg_coarse_ solve converged due to CONVERGED_RTOL iterations 20
          Linear BackwardEuler-Equation_mg_coarse_ solve converged due to CONVERGED_RTOL iterations 18
          Linear BackwardEuler-Equation_mg_coarse_ solve converged due to CONVERGED_RTOL iterations 17
          Linear BackwardEuler-Equation_mg_coarse_ solve converged due to CONVERGED_RTOL iterations 16
          Linear BackwardEuler-Equation_mg_coarse_ solve converged due to CONVERGED_RTOL iterations 17
          Linear BackwardEuler-Equation_mg_coarse_ solve converged due to CONVERGED_RTOL iterations 17
          Linear BackwardEuler-Equation_mg_coarse_ solve converged due to CONVERGED_RTOL iterations 16
          Linear BackwardEuler-Equation_mg_coarse_ solve converged due to CONVERGED_RTOL iterations 17
          Linear BackwardEuler-Equation_mg_coarse_ solve converged due to CONVERGED_RTOL iterations 17
          Linear BackwardEuler-Equation_mg_coarse_ solve converged due to CONVERGED_RTOL iterations 17
          Linear BackwardEuler-Equation_mg_coarse_ solve converged due to CONVERGED_RTOL iterations 17
          Linear BackwardEuler-Equation_mg_coarse_ solve converged due to CONVERGED_RTOL iterations 17
          Linear BackwardEuler-Equation_mg_coarse_ solve converged due to CONVERGED_RTOL iterations 17
          Linear BackwardEuler-Equation_mg_coarse_ solve converged due to CONVERGED_RTOL iterations 17
          Linear BackwardEuler-Equation_mg_coarse_ solve converged due to CONVERGED_RTOL iterations 17
          Linear BackwardEuler-Equation_mg_coarse_ solve converged due to CONVERGED_RTOL iterations 17
          Linear BackwardEuler-Equation_mg_coarse_ solve converged due to CONVERGED_RTOL iterations 17
          Linear BackwardEuler-Equation_mg_coarse_ solve converged due to CONVERGED_RTOL iterations 17
          Linear BackwardEuler-Equation_mg_coarse_ solve converged due to CONVERGED_RTOL iterations 17
    Linear BackwardEuler-Equation_ solve converged due to CONVERGED_RTOL iterations 19
  Nonlinear BackwardEuler-Equation_ solve converged due to CONVERGED_SNORM_RELATIVE iterations 3
t = 0.91 d | step 16/100000 | dt = 26273.6 s | wall 33.68 s | NL 3 | L 48
          Linear BackwardEuler-Equation_mg_coarse_ solve converged due to CONVERGED_RTOL iterations 19
          Linear BackwardEuler-Equation_mg_coarse_ solve converged due to CONVERGED_RTOL iterations 20
          Linear BackwardEuler-Equation_mg_coarse_ solve converged due to CONVERGED_RTOL iterations 19
          Linear BackwardEuler-Equation_mg_coarse_ solve converged due to CONVERGED_RTOL iterations 18
          Linear BackwardEuler-Equation_mg_coarse_ solve converged due to CONVERGED_RTOL iterations 17
          Linear BackwardEuler-Equation_mg_coarse_ solve converged due to CONVERGED_RTOL iterations 16
          Linear BackwardEuler-Equation_mg_coarse_ solve converged due to CONVERGED_RTOL iterations 16
          Linear BackwardEuler-Equation_mg_coarse_ solve converged due to CONVERGED_RTOL iterations 16
          Linear BackwardEuler-Equation_mg_coarse_ solve converged due to CONVERGED_RTOL iterations 16
          Linear BackwardEuler-Equation_mg_coarse_ solve converged due to CONVERGED_RTOL iterations 16
          Linear BackwardEuler-Equation_mg_coarse_ solve converged due to CONVERGED_RTOL iterations 17
          Linear BackwardEuler-Equation_mg_coarse_ solve converged due to CONVERGED_RTOL iterations 16
    Linear BackwardEuler-Equation_ solve converged due to CONVERGED_RTOL iterations 12
          Linear BackwardEuler-Equation_mg_coarse_ solve converged due to CONVERGED_RTOL iterations 20
          Linear BackwardEuler-Equation_mg_coarse_ solve converged due to CONVERGED_RTOL iterations 18
          Linear BackwardEuler-Equation_mg_coarse_ solve converged due to CONVERGED_RTOL iterations 17
          Linear BackwardEuler-Equation_mg_coarse_ solve converged due to CONVERGED_RTOL iterations 16
          Linear BackwardEuler-Equation_mg_coarse_ solve converged due to CONVERGED_RTOL iterations 16
          Linear BackwardEuler-Equation_mg_coarse_ solve converged due to CONVERGED_RTOL iterations 17
          Linear BackwardEuler-Equation_mg_coarse_ solve converged due to CONVERGED_RTOL iterations 16
          Linear BackwardEuler-Equation_mg_coarse_ solve converged due to CONVERGED_RTOL iterations 16
          Linear BackwardEuler-Equation_mg_coarse_ solve converged due to CONVERGED_RTOL iterations 17
          Linear BackwardEuler-Equation_mg_coarse_ solve converged due to CONVERGED_RTOL iterations 17
          Linear BackwardEuler-Equation_mg_coarse_ solve converged due to CONVERGED_RTOL iterations 17
          Linear BackwardEuler-Equation_mg_coarse_ solve converged due to CONVERGED_RTOL iterations 16
          Linear BackwardEuler-Equation_mg_coarse_ solve converged due to CONVERGED_RTOL iterations 16
          Linear BackwardEuler-Equation_mg_coarse_ solve converged due to CONVERGED_RTOL iterations 17
          Linear BackwardEuler-Equation_mg_coarse_ solve converged due to CONVERGED_RTOL iterations 17
          Linear BackwardEuler-Equation_mg_coarse_ solve converged due to CONVERGED_RTOL iterations 16
          Linear BackwardEuler-Equation_mg_coarse_ solve converged due to CONVERGED_RTOL iterations 16
          Linear BackwardEuler-Equation_mg_coarse_ solve converged due to CONVERGED_RTOL iterations 17
          Linear BackwardEuler-Equation_mg_coarse_ solve converged due to CONVERGED_RTOL iterations 17
    Linear BackwardEuler-Equation_ solve converged due to CONVERGED_RTOL iterations 19
          Linear BackwardEuler-Equation_mg_coarse_ solve converged due to CONVERGED_RTOL iterations 21
          Linear BackwardEuler-Equation_mg_coarse_ solve converged due to CONVERGED_RTOL iterations 18
          Linear BackwardEuler-Equation_mg_coarse_ solve converged due to CONVERGED_RTOL iterations 16
          Linear BackwardEuler-Equation_mg_coarse_ solve converged due to CONVERGED_RTOL iterations 16
          Linear BackwardEuler-Equation_mg_coarse_ solve converged due to CONVERGED_RTOL iterations 18
          Linear BackwardEuler-Equation_mg_coarse_ solve converged due to CONVERGED_RTOL iterations 16
          Linear BackwardEuler-Equation_mg_coarse_ solve converged due to CONVERGED_RTOL iterations 16
          Linear BackwardEuler-Equation_mg_coarse_ solve converged due to CONVERGED_RTOL iterations 17
          Linear BackwardEuler-Equation_mg_coarse_ solve converged due to CONVERGED_RTOL iterations 17
          Linear BackwardEuler-Equation_mg_coarse_ solve converged due to CONVERGED_RTOL iterations 17
          Linear BackwardEuler-Equation_mg_coarse_ solve converged due to CONVERGED_RTOL iterations 17
          Linear BackwardEuler-Equation_mg_coarse_ solve converged due to CONVERGED_RTOL iterations 16
          Linear BackwardEuler-Equation_mg_coarse_ solve converged due to CONVERGED_RTOL iterations 17
          Linear BackwardEuler-Equation_mg_coarse_ solve converged due to CONVERGED_RTOL iterations 17
          Linear BackwardEuler-Equation_mg_coarse_ solve converged due to CONVERGED_RTOL iterations 16
          Linear BackwardEuler-Equation_mg_coarse_ solve converged due to CONVERGED_RTOL iterations 17
          Linear BackwardEuler-Equation_mg_coarse_ solve converged due to CONVERGED_RTOL iterations 17
          Linear BackwardEuler-Equation_mg_coarse_ solve converged due to CONVERGED_RTOL iterations 17
          Linear BackwardEuler-Equation_mg_coarse_ solve converged due to CONVERGED_RTOL iterations 17
          Linear BackwardEuler-Equation_mg_coarse_ solve converged due to CONVERGED_RTOL iterations 17
    Linear BackwardEuler-Equation_ solve converged due to CONVERGED_RTOL iterations 20
  Nonlinear BackwardEuler-Equation_ solve converged due to CONVERGED_SNORM_RELATIVE iterations 3
t = 1.37 d | step 17/100000 | dt = 39410.5 s | wall 34.98 s | NL 3 | L 51
          Linear BackwardEuler-Equation_mg_coarse_ solve converged due to CONVERGED_RTOL iterations 19
          Linear BackwardEuler-Equation_mg_coarse_ solve converged due to CONVERGED_RTOL iterations 20
          Linear BackwardEuler-Equation_mg_coarse_ solve converged due to CONVERGED_RTOL iterations 19
          Linear BackwardEuler-Equation_mg_coarse_ solve converged due to CONVERGED_RTOL iterations 18
          Linear BackwardEuler-Equation_mg_coarse_ solve converged due to CONVERGED_RTOL iterations 17
          Linear BackwardEuler-Equation_mg_coarse_ solve converged due to CONVERGED_RTOL iterations 16
          Linear BackwardEuler-Equation_mg_coarse_ solve converged due to CONVERGED_RTOL iterations 16
          Linear BackwardEuler-Equation_mg_coarse_ solve converged due to CONVERGED_RTOL iterations 16
          Linear BackwardEuler-Equation_mg_coarse_ solve converged due to CONVERGED_RTOL iterations 16
          Linear BackwardEuler-Equation_mg_coarse_ solve converged due to CONVERGED_RTOL iterations 16
          Linear BackwardEuler-Equation_mg_coarse_ solve converged due to CONVERGED_RTOL iterations 17
          Linear BackwardEuler-Equation_mg_coarse_ solve converged due to CONVERGED_RTOL iterations 16
          Linear BackwardEuler-Equation_mg_coarse_ solve converged due to CONVERGED_RTOL iterations 17
    Linear BackwardEuler-Equation_ solve converged due to CONVERGED_RTOL iterations 13
          Linear BackwardEuler-Equation_mg_coarse_ solve converged due to CONVERGED_RTOL iterations 20
          Linear BackwardEuler-Equation_mg_coarse_ solve converged due to CONVERGED_RTOL iterations 18
          Linear BackwardEuler-Equation_mg_coarse_ solve converged due to CONVERGED_RTOL iterations 17
          Linear BackwardEuler-Equation_mg_coarse_ solve converged due to CONVERGED_RTOL iterations 16
          Linear BackwardEuler-Equation_mg_coarse_ solve converged due to CONVERGED_RTOL iterations 17
          Linear BackwardEuler-Equation_mg_coarse_ solve converged due to CONVERGED_RTOL iterations 17
          Linear BackwardEuler-Equation_mg_coarse_ solve converged due to CONVERGED_RTOL iterations 16
          Linear BackwardEuler-Equation_mg_coarse_ solve converged due to CONVERGED_RTOL iterations 16
          Linear BackwardEuler-Equation_mg_coarse_ solve converged due to CONVERGED_RTOL iterations 17
          Linear BackwardEuler-Equation_mg_coarse_ solve converged due to CONVERGED_RTOL iterations 16
          Linear BackwardEuler-Equation_mg_coarse_ solve converged due to CONVERGED_RTOL iterations 16
          Linear BackwardEuler-Equation_mg_coarse_ solve converged due to CONVERGED_RTOL iterations 16
          Linear BackwardEuler-Equation_mg_coarse_ solve converged due to CONVERGED_RTOL iterations 16
          Linear BackwardEuler-Equation_mg_coarse_ solve converged due to CONVERGED_RTOL iterations 17
          Linear BackwardEuler-Equation_mg_coarse_ solve converged due to CONVERGED_RTOL iterations 17
          Linear BackwardEuler-Equation_mg_coarse_ solve converged due to CONVERGED_RTOL iterations 16
          Linear BackwardEuler-Equation_mg_coarse_ solve converged due to CONVERGED_RTOL iterations 16
          Linear BackwardEuler-Equation_mg_coarse_ solve converged due to CONVERGED_RTOL iterations 17
    Linear BackwardEuler-Equation_ solve converged due to CONVERGED_RTOL iterations 18
          Linear BackwardEuler-Equation_mg_coarse_ solve converged due to CONVERGED_RTOL iterations 21
          Linear BackwardEuler-Equation_mg_coarse_ solve converged due to CONVERGED_RTOL iterations 18
          Linear BackwardEuler-Equation_mg_coarse_ solve converged due to CONVERGED_RTOL iterations 17
          Linear BackwardEuler-Equation_mg_coarse_ solve converged due to CONVERGED_RTOL iterations 16
          Linear BackwardEuler-Equation_mg_coarse_ solve converged due to CONVERGED_RTOL iterations 17
          Linear BackwardEuler-Equation_mg_coarse_ solve converged due to CONVERGED_RTOL iterations 17
          Linear BackwardEuler-Equation_mg_coarse_ solve converged due to CONVERGED_RTOL iterations 16
          Linear BackwardEuler-Equation_mg_coarse_ solve converged due to CONVERGED_RTOL iterations 17
          Linear BackwardEuler-Equation_mg_coarse_ solve converged due to CONVERGED_RTOL iterations 17
          Linear BackwardEuler-Equation_mg_coarse_ solve converged due to CONVERGED_RTOL iterations 16
          Linear BackwardEuler-Equation_mg_coarse_ solve converged due to CONVERGED_RTOL iterations 17
          Linear BackwardEuler-Equation_mg_coarse_ solve converged due to CONVERGED_RTOL iterations 17
          Linear BackwardEuler-Equation_mg_coarse_ solve converged due to CONVERGED_RTOL iterations 16
          Linear BackwardEuler-Equation_mg_coarse_ solve converged due to CONVERGED_RTOL iterations 17
          Linear BackwardEuler-Equation_mg_coarse_ solve converged due to CONVERGED_RTOL iterations 17
          Linear BackwardEuler-Equation_mg_coarse_ solve converged due to CONVERGED_RTOL iterations 17
          Linear BackwardEuler-Equation_mg_coarse_ solve converged due to CONVERGED_RTOL iterations 17
          Linear BackwardEuler-Equation_mg_coarse_ solve converged due to CONVERGED_RTOL iterations 17
          Linear BackwardEuler-Equation_mg_coarse_ solve converged due to CONVERGED_RTOL iterations 17
          Linear BackwardEuler-Equation_mg_coarse_ solve converged due to CONVERGED_RTOL iterations 17
          Linear BackwardEuler-Equation_mg_coarse_ solve converged due to CONVERGED_RTOL iterations 17
    Linear BackwardEuler-Equation_ solve converged due to CONVERGED_RTOL iterations 21
  Nonlinear BackwardEuler-Equation_ solve converged due to CONVERGED_SNORM_RELATIVE iterations 3
t = 1.87 d | step 18/100000 | dt = 43200.0 s | wall 35.72 s | NL 3 | L 52
          Linear BackwardEuler-Equation_mg_coarse_ solve converged due to CONVERGED_RTOL iterations 19
          Linear BackwardEuler-Equation_mg_coarse_ solve converged due to CONVERGED_RTOL iterations 20
          Linear BackwardEuler-Equation_mg_coarse_ solve converged due to CONVERGED_RTOL iterations 19
          Linear BackwardEuler-Equation_mg_coarse_ solve converged due to CONVERGED_RTOL iterations 18
          Linear BackwardEuler-Equation_mg_coarse_ solve converged due to CONVERGED_RTOL iterations 17
          Linear BackwardEuler-Equation_mg_coarse_ solve converged due to CONVERGED_RTOL iterations 16
          Linear BackwardEuler-Equation_mg_coarse_ solve converged due to CONVERGED_RTOL iterations 15
          Linear BackwardEuler-Equation_mg_coarse_ solve converged due to CONVERGED_RTOL iterations 16
          Linear BackwardEuler-Equation_mg_coarse_ solve converged due to CONVERGED_RTOL iterations 16
          Linear BackwardEuler-Equation_mg_coarse_ solve converged due to CONVERGED_RTOL iterations 16
          Linear BackwardEuler-Equation_mg_coarse_ solve converged due to CONVERGED_RTOL iterations 17
          Linear BackwardEuler-Equation_mg_coarse_ solve converged due to CONVERGED_RTOL iterations 16
    Linear BackwardEuler-Equation_ solve converged due to CONVERGED_RTOL iterations 12
          Linear BackwardEuler-Equation_mg_coarse_ solve converged due to CONVERGED_RTOL iterations 20
          Linear BackwardEuler-Equation_mg_coarse_ solve converged due to CONVERGED_RTOL iterations 18
          Linear BackwardEuler-Equation_mg_coarse_ solve converged due to CONVERGED_RTOL iterations 17
          Linear BackwardEuler-Equation_mg_coarse_ solve converged due to CONVERGED_RTOL iterations 16
          Linear BackwardEuler-Equation_mg_coarse_ solve converged due to CONVERGED_RTOL iterations 17
          Linear BackwardEuler-Equation_mg_coarse_ solve converged due to CONVERGED_RTOL iterations 17
          Linear BackwardEuler-Equation_mg_coarse_ solve converged due to CONVERGED_RTOL iterations 16
          Linear BackwardEuler-Equation_mg_coarse_ solve converged due to CONVERGED_RTOL iterations 16
          Linear BackwardEuler-Equation_mg_coarse_ solve converged due to CONVERGED_RTOL iterations 17
          Linear BackwardEuler-Equation_mg_coarse_ solve converged due to CONVERGED_RTOL iterations 17
          Linear BackwardEuler-Equation_mg_coarse_ solve converged due to CONVERGED_RTOL iterations 17
          Linear BackwardEuler-Equation_mg_coarse_ solve converged due to CONVERGED_RTOL iterations 16
          Linear BackwardEuler-Equation_mg_coarse_ solve converged due to CONVERGED_RTOL iterations 16
          Linear BackwardEuler-Equation_mg_coarse_ solve converged due to CONVERGED_RTOL iterations 17
          Linear BackwardEuler-Equation_mg_coarse_ solve converged due to CONVERGED_RTOL iterations 16
          Linear BackwardEuler-Equation_mg_coarse_ solve converged due to CONVERGED_RTOL iterations 16
          Linear BackwardEuler-Equation_mg_coarse_ solve converged due to CONVERGED_RTOL iterations 16
    Linear BackwardEuler-Equation_ solve converged due to CONVERGED_RTOL iterations 17
          Linear BackwardEuler-Equation_mg_coarse_ solve converged due to CONVERGED_RTOL iterations 21
          Linear BackwardEuler-Equation_mg_coarse_ solve converged due to CONVERGED_RTOL iterations 18
          Linear BackwardEuler-Equation_mg_coarse_ solve converged due to CONVERGED_RTOL iterations 16
          Linear BackwardEuler-Equation_mg_coarse_ solve converged due to CONVERGED_RTOL iterations 16
          Linear BackwardEuler-Equation_mg_coarse_ solve converged due to CONVERGED_RTOL iterations 17
          Linear BackwardEuler-Equation_mg_coarse_ solve converged due to CONVERGED_RTOL iterations 17
          Linear BackwardEuler-Equation_mg_coarse_ solve converged due to CONVERGED_RTOL iterations 17
          Linear BackwardEuler-Equation_mg_coarse_ solve converged due to CONVERGED_RTOL iterations 17
          Linear BackwardEuler-Equation_mg_coarse_ solve converged due to CONVERGED_RTOL iterations 17
          Linear BackwardEuler-Equation_mg_coarse_ solve converged due to CONVERGED_RTOL iterations 17
          Linear BackwardEuler-Equation_mg_coarse_ solve converged due to CONVERGED_RTOL iterations 17
          Linear BackwardEuler-Equation_mg_coarse_ solve converged due to CONVERGED_RTOL iterations 17
          Linear BackwardEuler-Equation_mg_coarse_ solve converged due to CONVERGED_RTOL iterations 17
          Linear BackwardEuler-Equation_mg_coarse_ solve converged due to CONVERGED_RTOL iterations 17
          Linear BackwardEuler-Equation_mg_coarse_ solve converged due to CONVERGED_RTOL iterations 17
          Linear BackwardEuler-Equation_mg_coarse_ solve converged due to CONVERGED_RTOL iterations 17
          Linear BackwardEuler-Equation_mg_coarse_ solve converged due to CONVERGED_RTOL iterations 17
          Linear BackwardEuler-Equation_mg_coarse_ solve converged due to CONVERGED_RTOL iterations 17
          Linear BackwardEuler-Equation_mg_coarse_ solve converged due to CONVERGED_RTOL iterations 17
          Linear BackwardEuler-Equation_mg_coarse_ solve converged due to CONVERGED_RTOL iterations 17
          Linear BackwardEuler-Equation_mg_coarse_ solve converged due to CONVERGED_RTOL iterations 17
          Linear BackwardEuler-Equation_mg_coarse_ solve converged due to CONVERGED_RTOL iterations 17
    Linear BackwardEuler-Equation_ solve converged due to CONVERGED_RTOL iterations 22
  Nonlinear BackwardEuler-Equation_ solve converged due to CONVERGED_SNORM_RELATIVE iterations 3
t = 2.37 d | step 19/100000 | dt = 43200.0 s | wall 35.18 s | NL 3 | L 51
          Linear BackwardEuler-Equation_mg_coarse_ solve converged due to CONVERGED_RTOL iterations 19
          Linear BackwardEuler-Equation_mg_coarse_ solve converged due to CONVERGED_RTOL iterations 20
          Linear BackwardEuler-Equation_mg_coarse_ solve converged due to CONVERGED_RTOL iterations 19
          Linear BackwardEuler-Equation_mg_coarse_ solve converged due to CONVERGED_RTOL iterations 18
          Linear BackwardEuler-Equation_mg_coarse_ solve converged due to CONVERGED_RTOL iterations 17
          Linear BackwardEuler-Equation_mg_coarse_ solve converged due to CONVERGED_RTOL iterations 16
          Linear BackwardEuler-Equation_mg_coarse_ solve converged due to CONVERGED_RTOL iterations 15
          Linear BackwardEuler-Equation_mg_coarse_ solve converged due to CONVERGED_RTOL iterations 16
          Linear BackwardEuler-Equation_mg_coarse_ solve converged due to CONVERGED_RTOL iterations 16
          Linear BackwardEuler-Equation_mg_coarse_ solve converged due to CONVERGED_RTOL iterations 16
          Linear BackwardEuler-Equation_mg_coarse_ solve converged due to CONVERGED_RTOL iterations 17
          Linear BackwardEuler-Equation_mg_coarse_ solve converged due to CONVERGED_RTOL iterations 16
    Linear BackwardEuler-Equation_ solve converged due to CONVERGED_RTOL iterations 12
          Linear BackwardEuler-Equation_mg_coarse_ solve converged due to CONVERGED_RTOL iterations 20
          Linear BackwardEuler-Equation_mg_coarse_ solve converged due to CONVERGED_RTOL iterations 18
          Linear BackwardEuler-Equation_mg_coarse_ solve converged due to CONVERGED_RTOL iterations 17
          Linear BackwardEuler-Equation_mg_coarse_ solve converged due to CONVERGED_RTOL iterations 16
          Linear BackwardEuler-Equation_mg_coarse_ solve converged due to CONVERGED_RTOL iterations 17
          Linear BackwardEuler-Equation_mg_coarse_ solve converged due to CONVERGED_RTOL iterations 17
          Linear BackwardEuler-Equation_mg_coarse_ solve converged due to CONVERGED_RTOL iterations 16
          Linear BackwardEuler-Equation_mg_coarse_ solve converged due to CONVERGED_RTOL iterations 17
          Linear BackwardEuler-Equation_mg_coarse_ solve converged due to CONVERGED_RTOL iterations 17
          Linear BackwardEuler-Equation_mg_coarse_ solve converged due to CONVERGED_RTOL iterations 17
          Linear BackwardEuler-Equation_mg_coarse_ solve converged due to CONVERGED_RTOL iterations 17
          Linear BackwardEuler-Equation_mg_coarse_ solve converged due to CONVERGED_RTOL iterations 17
          Linear BackwardEuler-Equation_mg_coarse_ solve converged due to CONVERGED_RTOL iterations 16
          Linear BackwardEuler-Equation_mg_coarse_ solve converged due to CONVERGED_RTOL iterations 17
          Linear BackwardEuler-Equation_mg_coarse_ solve converged due to CONVERGED_RTOL iterations 16
          Linear BackwardEuler-Equation_mg_coarse_ solve converged due to CONVERGED_RTOL iterations 16
          Linear BackwardEuler-Equation_mg_coarse_ solve converged due to CONVERGED_RTOL iterations 16
          Linear BackwardEuler-Equation_mg_coarse_ solve converged due to CONVERGED_RTOL iterations 17
          Linear BackwardEuler-Equation_mg_coarse_ solve converged due to CONVERGED_RTOL iterations 17
    Linear BackwardEuler-Equation_ solve converged due to CONVERGED_RTOL iterations 19
          Linear BackwardEuler-Equation_mg_coarse_ solve converged due to CONVERGED_RTOL iterations 20
          Linear BackwardEuler-Equation_mg_coarse_ solve converged due to CONVERGED_RTOL iterations 18
          Linear BackwardEuler-Equation_mg_coarse_ solve converged due to CONVERGED_RTOL iterations 16
          Linear BackwardEuler-Equation_mg_coarse_ solve converged due to CONVERGED_RTOL iterations 16
          Linear BackwardEuler-Equation_mg_coarse_ solve converged due to CONVERGED_RTOL iterations 18
          Linear BackwardEuler-Equation_mg_coarse_ solve converged due to CONVERGED_RTOL iterations 16
          Linear BackwardEuler-Equation_mg_coarse_ solve converged due to CONVERGED_RTOL iterations 16
          Linear BackwardEuler-Equation_mg_coarse_ solve converged due to CONVERGED_RTOL iterations 17
          Linear BackwardEuler-Equation_mg_coarse_ solve converged due to CONVERGED_RTOL iterations 17
          Linear BackwardEuler-Equation_mg_coarse_ solve converged due to CONVERGED_RTOL iterations 17
          Linear BackwardEuler-Equation_mg_coarse_ solve converged due to CONVERGED_RTOL iterations 17
          Linear BackwardEuler-Equation_mg_coarse_ solve converged due to CONVERGED_RTOL iterations 17
          Linear BackwardEuler-Equation_mg_coarse_ solve converged due to CONVERGED_RTOL iterations 17
          Linear BackwardEuler-Equation_mg_coarse_ solve converged due to CONVERGED_RTOL iterations 17
          Linear BackwardEuler-Equation_mg_coarse_ solve converged due to CONVERGED_RTOL iterations 16
          Linear BackwardEuler-Equation_mg_coarse_ solve converged due to CONVERGED_RTOL iterations 17
          Linear BackwardEuler-Equation_mg_coarse_ solve converged due to CONVERGED_RTOL iterations 17
          Linear BackwardEuler-Equation_mg_coarse_ solve converged due to CONVERGED_RTOL iterations 17
          Linear BackwardEuler-Equation_mg_coarse_ solve converged due to CONVERGED_RTOL iterations 17
          Linear BackwardEuler-Equation_mg_coarse_ solve converged due to CONVERGED_RTOL iterations 17
          Linear BackwardEuler-Equation_mg_coarse_ solve converged due to CONVERGED_RTOL iterations 17
    Linear BackwardEuler-Equation_ solve converged due to CONVERGED_RTOL iterations 21
  Nonlinear BackwardEuler-Equation_ solve converged due to CONVERGED_SNORM_RELATIVE iterations 3
t = 2.87 d | step 20/100000 | dt = 43200.0 s | wall 35.69 s | NL 3 | L 52
          Linear BackwardEuler-Equation_mg_coarse_ solve converged due to CONVERGED_RTOL iterations 19
          Linear BackwardEuler-Equation_mg_coarse_ solve converged due to CONVERGED_RTOL iterations 20
          Linear BackwardEuler-Equation_mg_coarse_ solve converged due to CONVERGED_RTOL iterations 19
          Linear BackwardEuler-Equation_mg_coarse_ solve converged due to CONVERGED_RTOL iterations 18
          Linear BackwardEuler-Equation_mg_coarse_ solve converged due to CONVERGED_RTOL iterations 17
          Linear BackwardEuler-Equation_mg_coarse_ solve converged due to CONVERGED_RTOL iterations 16
          Linear BackwardEuler-Equation_mg_coarse_ solve converged due to CONVERGED_RTOL iterations 15
          Linear BackwardEuler-Equation_mg_coarse_ solve converged due to CONVERGED_RTOL iterations 17
          Linear BackwardEuler-Equation_mg_coarse_ solve converged due to CONVERGED_RTOL iterations 16
          Linear BackwardEuler-Equation_mg_coarse_ solve converged due to CONVERGED_RTOL iterations 16
          Linear BackwardEuler-Equation_mg_coarse_ solve converged due to CONVERGED_RTOL iterations 17
          Linear BackwardEuler-Equation_mg_coarse_ solve converged due to CONVERGED_RTOL iterations 16
    Linear BackwardEuler-Equation_ solve converged due to CONVERGED_RTOL iterations 12
          Linear BackwardEuler-Equation_mg_coarse_ solve converged due to CONVERGED_RTOL iterations 20
          Linear BackwardEuler-Equation_mg_coarse_ solve converged due to CONVERGED_RTOL iterations 18
          Linear BackwardEuler-Equation_mg_coarse_ solve converged due to CONVERGED_RTOL iterations 17
          Linear BackwardEuler-Equation_mg_coarse_ solve converged due to CONVERGED_RTOL iterations 16
          Linear BackwardEuler-Equation_mg_coarse_ solve converged due to CONVERGED_RTOL iterations 17
          Linear BackwardEuler-Equation_mg_coarse_ solve converged due to CONVERGED_RTOL iterations 17
          Linear BackwardEuler-Equation_mg_coarse_ solve converged due to CONVERGED_RTOL iterations 16
          Linear BackwardEuler-Equation_mg_coarse_ solve converged due to CONVERGED_RTOL iterations 16
          Linear BackwardEuler-Equation_mg_coarse_ solve converged due to CONVERGED_RTOL iterations 17
          Linear BackwardEuler-Equation_mg_coarse_ solve converged due to CONVERGED_RTOL iterations 17
          Linear BackwardEuler-Equation_mg_coarse_ solve converged due to CONVERGED_RTOL iterations 17
          Linear BackwardEuler-Equation_mg_coarse_ solve converged due to CONVERGED_RTOL iterations 16
          Linear BackwardEuler-Equation_mg_coarse_ solve converged due to CONVERGED_RTOL iterations 16
          Linear BackwardEuler-Equation_mg_coarse_ solve converged due to CONVERGED_RTOL iterations 17
          Linear BackwardEuler-Equation_mg_coarse_ solve converged due to CONVERGED_RTOL iterations 16
          Linear BackwardEuler-Equation_mg_coarse_ solve converged due to CONVERGED_RTOL iterations 16
          Linear BackwardEuler-Equation_mg_coarse_ solve converged due to CONVERGED_RTOL iterations 16
          Linear BackwardEuler-Equation_mg_coarse_ solve converged due to CONVERGED_RTOL iterations 17
          Linear BackwardEuler-Equation_mg_coarse_ solve converged due to CONVERGED_RTOL iterations 16
    Linear BackwardEuler-Equation_ solve converged due to CONVERGED_RTOL iterations 19
          Linear BackwardEuler-Equation_mg_coarse_ solve converged due to CONVERGED_RTOL iterations 20
          Linear BackwardEuler-Equation_mg_coarse_ solve converged due to CONVERGED_RTOL iterations 18
          Linear BackwardEuler-Equation_mg_coarse_ solve converged due to CONVERGED_RTOL iterations 16
          Linear BackwardEuler-Equation_mg_coarse_ solve converged due to CONVERGED_RTOL iterations 16
          Linear BackwardEuler-Equation_mg_coarse_ solve converged due to CONVERGED_RTOL iterations 17
          Linear BackwardEuler-Equation_mg_coarse_ solve converged due to CONVERGED_RTOL iterations 16
          Linear BackwardEuler-Equation_mg_coarse_ solve converged due to CONVERGED_RTOL iterations 16
          Linear BackwardEuler-Equation_mg_coarse_ solve converged due to CONVERGED_RTOL iterations 17
          Linear BackwardEuler-Equation_mg_coarse_ solve converged due to CONVERGED_RTOL iterations 17
          Linear BackwardEuler-Equation_mg_coarse_ solve converged due to CONVERGED_RTOL iterations 16
          Linear BackwardEuler-Equation_mg_coarse_ solve converged due to CONVERGED_RTOL iterations 17
          Linear BackwardEuler-Equation_mg_coarse_ solve converged due to CONVERGED_RTOL iterations 16
          Linear BackwardEuler-Equation_mg_coarse_ solve converged due to CONVERGED_RTOL iterations 17
          Linear BackwardEuler-Equation_mg_coarse_ solve converged due to CONVERGED_RTOL iterations 17
          Linear BackwardEuler-Equation_mg_coarse_ solve converged due to CONVERGED_RTOL iterations 16
          Linear BackwardEuler-Equation_mg_coarse_ solve converged due to CONVERGED_RTOL iterations 17
          Linear BackwardEuler-Equation_mg_coarse_ solve converged due to CONVERGED_RTOL iterations 17
          Linear BackwardEuler-Equation_mg_coarse_ solve converged due to CONVERGED_RTOL iterations 17
          Linear BackwardEuler-Equation_mg_coarse_ solve converged due to CONVERGED_RTOL iterations 17
          Linear BackwardEuler-Equation_mg_coarse_ solve converged due to CONVERGED_RTOL iterations 17
          Linear BackwardEuler-Equation_mg_coarse_ solve converged due to CONVERGED_RTOL iterations 17
    Linear BackwardEuler-Equation_ solve converged due to CONVERGED_RTOL iterations 21
  Nonlinear BackwardEuler-Equation_ solve converged due to CONVERGED_SNORM_RELATIVE iterations 3
t = 3.37 d | step 21/100000 | dt = 43200.0 s | wall 35.67 s | NL 3 | L 52
          Linear BackwardEuler-Equation_mg_coarse_ solve converged due to CONVERGED_RTOL iterations 19
          Linear BackwardEuler-Equation_mg_coarse_ solve converged due to CONVERGED_RTOL iterations 20
          Linear BackwardEuler-Equation_mg_coarse_ solve converged due to CONVERGED_RTOL iterations 19
          Linear BackwardEuler-Equation_mg_coarse_ solve converged due to CONVERGED_RTOL iterations 18
          Linear BackwardEuler-Equation_mg_coarse_ solve converged due to CONVERGED_RTOL iterations 17
          Linear BackwardEuler-Equation_mg_coarse_ solve converged due to CONVERGED_RTOL iterations 16
          Linear BackwardEuler-Equation_mg_coarse_ solve converged due to CONVERGED_RTOL iterations 15
          Linear BackwardEuler-Equation_mg_coarse_ solve converged due to CONVERGED_RTOL iterations 17
          Linear BackwardEuler-Equation_mg_coarse_ solve converged due to CONVERGED_RTOL iterations 16
          Linear BackwardEuler-Equation_mg_coarse_ solve converged due to CONVERGED_RTOL iterations 16
          Linear BackwardEuler-Equation_mg_coarse_ solve converged due to CONVERGED_RTOL iterations 17
          Linear BackwardEuler-Equation_mg_coarse_ solve converged due to CONVERGED_RTOL iterations 16
    Linear BackwardEuler-Equation_ solve converged due to CONVERGED_RTOL iterations 12
          Linear BackwardEuler-Equation_mg_coarse_ solve converged due to CONVERGED_RTOL iterations 21
          Linear BackwardEuler-Equation_mg_coarse_ solve converged due to CONVERGED_RTOL iterations 18
          Linear BackwardEuler-Equation_mg_coarse_ solve converged due to CONVERGED_RTOL iterations 17
          Linear BackwardEuler-Equation_mg_coarse_ solve converged due to CONVERGED_RTOL iterations 16
          Linear BackwardEuler-Equation_mg_coarse_ solve converged due to CONVERGED_RTOL iterations 16
          Linear BackwardEuler-Equation_mg_coarse_ solve converged due to CONVERGED_RTOL iterations 17
          Linear BackwardEuler-Equation_mg_coarse_ solve converged due to CONVERGED_RTOL iterations 16
          Linear BackwardEuler-Equation_mg_coarse_ solve converged due to CONVERGED_RTOL iterations 16
          Linear BackwardEuler-Equation_mg_coarse_ solve converged due to CONVERGED_RTOL iterations 17
          Linear BackwardEuler-Equation_mg_coarse_ solve converged due to CONVERGED_RTOL iterations 16
          Linear BackwardEuler-Equation_mg_coarse_ solve converged due to CONVERGED_RTOL iterations 16
          Linear BackwardEuler-Equation_mg_coarse_ solve converged due to CONVERGED_RTOL iterations 16
          Linear BackwardEuler-Equation_mg_coarse_ solve converged due to CONVERGED_RTOL iterations 16
          Linear BackwardEuler-Equation_mg_coarse_ solve converged due to CONVERGED_RTOL iterations 17
          Linear BackwardEuler-Equation_mg_coarse_ solve converged due to CONVERGED_RTOL iterations 17
          Linear BackwardEuler-Equation_mg_coarse_ solve converged due to CONVERGED_RTOL iterations 16
          Linear BackwardEuler-Equation_mg_coarse_ solve converged due to CONVERGED_RTOL iterations 16
    Linear BackwardEuler-Equation_ solve converged due to CONVERGED_RTOL iterations 17
          Linear BackwardEuler-Equation_mg_coarse_ solve converged due to CONVERGED_RTOL iterations 22
          Linear BackwardEuler-Equation_mg_coarse_ solve converged due to CONVERGED_RTOL iterations 19
          Linear BackwardEuler-Equation_mg_coarse_ solve converged due to CONVERGED_RTOL iterations 18
          Linear BackwardEuler-Equation_mg_coarse_ solve converged due to CONVERGED_RTOL iterations 17
          Linear BackwardEuler-Equation_mg_coarse_ solve converged due to CONVERGED_RTOL iterations 18
          Linear BackwardEuler-Equation_mg_coarse_ solve converged due to CONVERGED_RTOL iterations 17
          Linear BackwardEuler-Equation_mg_coarse_ solve converged due to CONVERGED_RTOL iterations 17
          Linear BackwardEuler-Equation_mg_coarse_ solve converged due to CONVERGED_RTOL iterations 17
          Linear BackwardEuler-Equation_mg_coarse_ solve converged due to CONVERGED_RTOL iterations 17
          Linear BackwardEuler-Equation_mg_coarse_ solve converged due to CONVERGED_RTOL iterations 16
          Linear BackwardEuler-Equation_mg_coarse_ solve converged due to CONVERGED_RTOL iterations 16
          Linear BackwardEuler-Equation_mg_coarse_ solve converged due to CONVERGED_RTOL iterations 17
          Linear BackwardEuler-Equation_mg_coarse_ solve converged due to CONVERGED_RTOL iterations 16
          Linear BackwardEuler-Equation_mg_coarse_ solve converged due to CONVERGED_RTOL iterations 16
          Linear BackwardEuler-Equation_mg_coarse_ solve converged due to CONVERGED_RTOL iterations 16
          Linear BackwardEuler-Equation_mg_coarse_ solve converged due to CONVERGED_RTOL iterations 17
          Linear BackwardEuler-Equation_mg_coarse_ solve converged due to CONVERGED_RTOL iterations 17
          Linear BackwardEuler-Equation_mg_coarse_ solve converged due to CONVERGED_RTOL iterations 17
          Linear BackwardEuler-Equation_mg_coarse_ solve converged due to CONVERGED_RTOL iterations 17
    Linear BackwardEuler-Equation_ solve converged due to CONVERGED_RTOL iterations 19
  Nonlinear BackwardEuler-Equation_ solve converged due to CONVERGED_SNORM_RELATIVE iterations 3
t = 3.87 d | step 22/100000 | dt = 43200.0 s | wall 33.52 s | NL 3 | L 48
          Linear BackwardEuler-Equation_mg_coarse_ solve converged due to CONVERGED_RTOL iterations 19
          Linear BackwardEuler-Equation_mg_coarse_ solve converged due to CONVERGED_RTOL iterations 20
          Linear BackwardEuler-Equation_mg_coarse_ solve converged due to CONVERGED_RTOL iterations 19
          Linear BackwardEuler-Equation_mg_coarse_ solve converged due to CONVERGED_RTOL iterations 18
          Linear BackwardEuler-Equation_mg_coarse_ solve converged due to CONVERGED_RTOL iterations 17
          Linear BackwardEuler-Equation_mg_coarse_ solve converged due to CONVERGED_RTOL iterations 16
          Linear BackwardEuler-Equation_mg_coarse_ solve converged due to CONVERGED_RTOL iterations 15
          Linear BackwardEuler-Equation_mg_coarse_ solve converged due to CONVERGED_RTOL iterations 17
          Linear BackwardEuler-Equation_mg_coarse_ solve converged due to CONVERGED_RTOL iterations 16
          Linear BackwardEuler-Equation_mg_coarse_ solve converged due to CONVERGED_RTOL iterations 16
          Linear BackwardEuler-Equation_mg_coarse_ solve converged due to CONVERGED_RTOL iterations 16
          Linear BackwardEuler-Equation_mg_coarse_ solve converged due to CONVERGED_RTOL iterations 16
    Linear BackwardEuler-Equation_ solve converged due to CONVERGED_RTOL iterations 12
          Linear BackwardEuler-Equation_mg_coarse_ solve converged due to CONVERGED_RTOL iterations 20
          Linear BackwardEuler-Equation_mg_coarse_ solve converged due to CONVERGED_RTOL iterations 18
          Linear BackwardEuler-Equation_mg_coarse_ solve converged due to CONVERGED_RTOL iterations 17
          Linear BackwardEuler-Equation_mg_coarse_ solve converged due to CONVERGED_RTOL iterations 16
          Linear BackwardEuler-Equation_mg_coarse_ solve converged due to CONVERGED_RTOL iterations 16
          Linear BackwardEuler-Equation_mg_coarse_ solve converged due to CONVERGED_RTOL iterations 17
          Linear BackwardEuler-Equation_mg_coarse_ solve converged due to CONVERGED_RTOL iterations 16
          Linear BackwardEuler-Equation_mg_coarse_ solve converged due to CONVERGED_RTOL iterations 16
          Linear BackwardEuler-Equation_mg_coarse_ solve converged due to CONVERGED_RTOL iterations 17
          Linear BackwardEuler-Equation_mg_coarse_ solve converged due to CONVERGED_RTOL iterations 17
          Linear BackwardEuler-Equation_mg_coarse_ solve converged due to CONVERGED_RTOL iterations 17
          Linear BackwardEuler-Equation_mg_coarse_ solve converged due to CONVERGED_RTOL iterations 16
          Linear BackwardEuler-Equation_mg_coarse_ solve converged due to CONVERGED_RTOL iterations 16
          Linear BackwardEuler-Equation_mg_coarse_ solve converged due to CONVERGED_RTOL iterations 17
          Linear BackwardEuler-Equation_mg_coarse_ solve converged due to CONVERGED_RTOL iterations 16
          Linear BackwardEuler-Equation_mg_coarse_ solve converged due to CONVERGED_RTOL iterations 16
          Linear BackwardEuler-Equation_mg_coarse_ solve converged due to CONVERGED_RTOL iterations 16
          Linear BackwardEuler-Equation_mg_coarse_ solve converged due to CONVERGED_RTOL iterations 17
    Linear BackwardEuler-Equation_ solve converged due to CONVERGED_RTOL iterations 18
          Linear BackwardEuler-Equation_mg_coarse_ solve converged due to CONVERGED_RTOL iterations 20
          Linear BackwardEuler-Equation_mg_coarse_ solve converged due to CONVERGED_RTOL iterations 17
          Linear BackwardEuler-Equation_mg_coarse_ solve converged due to CONVERGED_RTOL iterations 16
          Linear BackwardEuler-Equation_mg_coarse_ solve converged due to CONVERGED_RTOL iterations 16
          Linear BackwardEuler-Equation_mg_coarse_ solve converged due to CONVERGED_RTOL iterations 17
          Linear BackwardEuler-Equation_mg_coarse_ solve converged due to CONVERGED_RTOL iterations 16
          Linear BackwardEuler-Equation_mg_coarse_ solve converged due to CONVERGED_RTOL iterations 16
          Linear BackwardEuler-Equation_mg_coarse_ solve converged due to CONVERGED_RTOL iterations 17
          Linear BackwardEuler-Equation_mg_coarse_ solve converged due to CONVERGED_RTOL iterations 17
          Linear BackwardEuler-Equation_mg_coarse_ solve converged due to CONVERGED_RTOL iterations 17
          Linear BackwardEuler-Equation_mg_coarse_ solve converged due to CONVERGED_RTOL iterations 17
          Linear BackwardEuler-Equation_mg_coarse_ solve converged due to CONVERGED_RTOL iterations 17
          Linear BackwardEuler-Equation_mg_coarse_ solve converged due to CONVERGED_RTOL iterations 17
          Linear BackwardEuler-Equation_mg_coarse_ solve converged due to CONVERGED_RTOL iterations 17
          Linear BackwardEuler-Equation_mg_coarse_ solve converged due to CONVERGED_RTOL iterations 16
          Linear BackwardEuler-Equation_mg_coarse_ solve converged due to CONVERGED_RTOL iterations 17
          Linear BackwardEuler-Equation_mg_coarse_ solve converged due to CONVERGED_RTOL iterations 17
          Linear BackwardEuler-Equation_mg_coarse_ solve converged due to CONVERGED_RTOL iterations 17
          Linear BackwardEuler-Equation_mg_coarse_ solve converged due to CONVERGED_RTOL iterations 17
          Linear BackwardEuler-Equation_mg_coarse_ solve converged due to CONVERGED_RTOL iterations 17
          Linear BackwardEuler-Equation_mg_coarse_ solve converged due to CONVERGED_RTOL iterations 16
          Linear BackwardEuler-Equation_mg_coarse_ solve converged due to CONVERGED_RTOL iterations 17
          Linear BackwardEuler-Equation_mg_coarse_ solve converged due to CONVERGED_RTOL iterations 17
    Linear BackwardEuler-Equation_ solve converged due to CONVERGED_RTOL iterations 23
  Nonlinear BackwardEuler-Equation_ solve converged due to CONVERGED_SNORM_RELATIVE iterations 3
t = 4.37 d | step 23/100000 | dt = 43200.0 s | wall 36.20 s | NL 3 | L 53
          Linear BackwardEuler-Equation_mg_coarse_ solve converged due to CONVERGED_RTOL iterations 20
          Linear BackwardEuler-Equation_mg_coarse_ solve converged due to CONVERGED_RTOL iterations 20
          Linear BackwardEuler-Equation_mg_coarse_ solve converged due to CONVERGED_RTOL iterations 19
          Linear BackwardEuler-Equation_mg_coarse_ solve converged due to CONVERGED_RTOL iterations 18
          Linear BackwardEuler-Equation_mg_coarse_ solve converged due to CONVERGED_RTOL iterations 17
          Linear BackwardEuler-Equation_mg_coarse_ solve converged due to CONVERGED_RTOL iterations 16
          Linear BackwardEuler-Equation_mg_coarse_ solve converged due to CONVERGED_RTOL iterations 15
          Linear BackwardEuler-Equation_mg_coarse_ solve converged due to CONVERGED_RTOL iterations 17
          Linear BackwardEuler-Equation_mg_coarse_ solve converged due to CONVERGED_RTOL iterations 17
          Linear BackwardEuler-Equation_mg_coarse_ solve converged due to CONVERGED_RTOL iterations 16
          Linear BackwardEuler-Equation_mg_coarse_ solve converged due to CONVERGED_RTOL iterations 16
          Linear BackwardEuler-Equation_mg_coarse_ solve converged due to CONVERGED_RTOL iterations 16
    Linear BackwardEuler-Equation_ solve converged due to CONVERGED_RTOL iterations 12
          Linear BackwardEuler-Equation_mg_coarse_ solve converged due to CONVERGED_RTOL iterations 21
          Linear BackwardEuler-Equation_mg_coarse_ solve converged due to CONVERGED_RTOL iterations 18
          Linear BackwardEuler-Equation_mg_coarse_ solve converged due to CONVERGED_RTOL iterations 17
          Linear BackwardEuler-Equation_mg_coarse_ solve converged due to CONVERGED_RTOL iterations 16
          Linear BackwardEuler-Equation_mg_coarse_ solve converged due to CONVERGED_RTOL iterations 16
          Linear BackwardEuler-Equation_mg_coarse_ solve converged due to CONVERGED_RTOL iterations 17
          Linear BackwardEuler-Equation_mg_coarse_ solve converged due to CONVERGED_RTOL iterations 17
          Linear BackwardEuler-Equation_mg_coarse_ solve converged due to CONVERGED_RTOL iterations 16
          Linear BackwardEuler-Equation_mg_coarse_ solve converged due to CONVERGED_RTOL iterations 17
          Linear BackwardEuler-Equation_mg_coarse_ solve converged due to CONVERGED_RTOL iterations 16
          Linear BackwardEuler-Equation_mg_coarse_ solve converged due to CONVERGED_RTOL iterations 17
          Linear BackwardEuler-Equation_mg_coarse_ solve converged due to CONVERGED_RTOL iterations 16
          Linear BackwardEuler-Equation_mg_coarse_ solve converged due to CONVERGED_RTOL iterations 16
          Linear BackwardEuler-Equation_mg_coarse_ solve converged due to CONVERGED_RTOL iterations 17
          Linear BackwardEuler-Equation_mg_coarse_ solve converged due to CONVERGED_RTOL iterations 17
          Linear BackwardEuler-Equation_mg_coarse_ solve converged due to CONVERGED_RTOL iterations 16
          Linear BackwardEuler-Equation_mg_coarse_ solve converged due to CONVERGED_RTOL iterations 16
          Linear BackwardEuler-Equation_mg_coarse_ solve converged due to CONVERGED_RTOL iterations 16
          Linear BackwardEuler-Equation_mg_coarse_ solve converged due to CONVERGED_RTOL iterations 17
    Linear BackwardEuler-Equation_ solve converged due to CONVERGED_RTOL iterations 19
          Linear BackwardEuler-Equation_mg_coarse_ solve converged due to CONVERGED_RTOL iterations 21
          Linear BackwardEuler-Equation_mg_coarse_ solve converged due to CONVERGED_RTOL iterations 17
          Linear BackwardEuler-Equation_mg_coarse_ solve converged due to CONVERGED_RTOL iterations 16
          Linear BackwardEuler-Equation_mg_coarse_ solve converged due to CONVERGED_RTOL iterations 16
          Linear BackwardEuler-Equation_mg_coarse_ solve converged due to CONVERGED_RTOL iterations 17
          Linear BackwardEuler-Equation_mg_coarse_ solve converged due to CONVERGED_RTOL iterations 16
          Linear BackwardEuler-Equation_mg_coarse_ solve converged due to CONVERGED_RTOL iterations 15
          Linear BackwardEuler-Equation_mg_coarse_ solve converged due to CONVERGED_RTOL iterations 16
          Linear BackwardEuler-Equation_mg_coarse_ solve converged due to CONVERGED_RTOL iterations 17
          Linear BackwardEuler-Equation_mg_coarse_ solve converged due to CONVERGED_RTOL iterations 16
          Linear BackwardEuler-Equation_mg_coarse_ solve converged due to CONVERGED_RTOL iterations 16
          Linear BackwardEuler-Equation_mg_coarse_ solve converged due to CONVERGED_RTOL iterations 16
          Linear BackwardEuler-Equation_mg_coarse_ solve converged due to CONVERGED_RTOL iterations 16
          Linear BackwardEuler-Equation_mg_coarse_ solve converged due to CONVERGED_RTOL iterations 17
          Linear BackwardEuler-Equation_mg_coarse_ solve converged due to CONVERGED_RTOL iterations 16
          Linear BackwardEuler-Equation_mg_coarse_ solve converged due to CONVERGED_RTOL iterations 16
          Linear BackwardEuler-Equation_mg_coarse_ solve converged due to CONVERGED_RTOL iterations 17
          Linear BackwardEuler-Equation_mg_coarse_ solve converged due to CONVERGED_RTOL iterations 17
          Linear BackwardEuler-Equation_mg_coarse_ solve converged due to CONVERGED_RTOL iterations 17
          Linear BackwardEuler-Equation_mg_coarse_ solve converged due to CONVERGED_RTOL iterations 17
          Linear BackwardEuler-Equation_mg_coarse_ solve converged due to CONVERGED_RTOL iterations 17
    Linear BackwardEuler-Equation_ solve converged due to CONVERGED_RTOL iterations 21
  Nonlinear BackwardEuler-Equation_ solve converged due to CONVERGED_SNORM_RELATIVE iterations 3
t = 4.87 d | step 24/100000 | dt = 43200.0 s | wall 35.82 s | NL 3 | L 52
          Linear BackwardEuler-Equation_mg_coarse_ solve converged due to CONVERGED_RTOL iterations 20
          Linear BackwardEuler-Equation_mg_coarse_ solve converged due to CONVERGED_RTOL iterations 20
          Linear BackwardEuler-Equation_mg_coarse_ solve converged due to CONVERGED_RTOL iterations 19
          Linear BackwardEuler-Equation_mg_coarse_ solve converged due to CONVERGED_RTOL iterations 18
          Linear BackwardEuler-Equation_mg_coarse_ solve converged due to CONVERGED_RTOL iterations 17
          Linear BackwardEuler-Equation_mg_coarse_ solve converged due to CONVERGED_RTOL iterations 16
          Linear BackwardEuler-Equation_mg_coarse_ solve converged due to CONVERGED_RTOL iterations 15
          Linear BackwardEuler-Equation_mg_coarse_ solve converged due to CONVERGED_RTOL iterations 17
          Linear BackwardEuler-Equation_mg_coarse_ solve converged due to CONVERGED_RTOL iterations 17
          Linear BackwardEuler-Equation_mg_coarse_ solve converged due to CONVERGED_RTOL iterations 16
          Linear BackwardEuler-Equation_mg_coarse_ solve converged due to CONVERGED_RTOL iterations 16
          Linear BackwardEuler-Equation_mg_coarse_ solve converged due to CONVERGED_RTOL iterations 16
    Linear BackwardEuler-Equation_ solve converged due to CONVERGED_RTOL iterations 12
          Linear BackwardEuler-Equation_mg_coarse_ solve converged due to CONVERGED_RTOL iterations 21
          Linear BackwardEuler-Equation_mg_coarse_ solve converged due to CONVERGED_RTOL iterations 18
          Linear BackwardEuler-Equation_mg_coarse_ solve converged due to CONVERGED_RTOL iterations 17
          Linear BackwardEuler-Equation_mg_coarse_ solve converged due to CONVERGED_RTOL iterations 16
          Linear BackwardEuler-Equation_mg_coarse_ solve converged due to CONVERGED_RTOL iterations 16
          Linear BackwardEuler-Equation_mg_coarse_ solve converged due to CONVERGED_RTOL iterations 17
          Linear BackwardEuler-Equation_mg_coarse_ solve converged due to CONVERGED_RTOL iterations 16
          Linear BackwardEuler-Equation_mg_coarse_ solve converged due to CONVERGED_RTOL iterations 16
          Linear BackwardEuler-Equation_mg_coarse_ solve converged due to CONVERGED_RTOL iterations 17
          Linear BackwardEuler-Equation_mg_coarse_ solve converged due to CONVERGED_RTOL iterations 17
          Linear BackwardEuler-Equation_mg_coarse_ solve converged due to CONVERGED_RTOL iterations 17
          Linear BackwardEuler-Equation_mg_coarse_ solve converged due to CONVERGED_RTOL iterations 16
          Linear BackwardEuler-Equation_mg_coarse_ solve converged due to CONVERGED_RTOL iterations 16
          Linear BackwardEuler-Equation_mg_coarse_ solve converged due to CONVERGED_RTOL iterations 17
          Linear BackwardEuler-Equation_mg_coarse_ solve converged due to CONVERGED_RTOL iterations 17
          Linear BackwardEuler-Equation_mg_coarse_ solve converged due to CONVERGED_RTOL iterations 16
          Linear BackwardEuler-Equation_mg_coarse_ solve converged due to CONVERGED_RTOL iterations 16
    Linear BackwardEuler-Equation_ solve converged due to CONVERGED_RTOL iterations 17
          Linear BackwardEuler-Equation_mg_coarse_ solve converged due to CONVERGED_RTOL iterations 21
          Linear BackwardEuler-Equation_mg_coarse_ solve converged due to CONVERGED_RTOL iterations 18
          Linear BackwardEuler-Equation_mg_coarse_ solve converged due to CONVERGED_RTOL iterations 16
          Linear BackwardEuler-Equation_mg_coarse_ solve converged due to CONVERGED_RTOL iterations 17
          Linear BackwardEuler-Equation_mg_coarse_ solve converged due to CONVERGED_RTOL iterations 18
          Linear BackwardEuler-Equation_mg_coarse_ solve converged due to CONVERGED_RTOL iterations 17
          Linear BackwardEuler-Equation_mg_coarse_ solve converged due to CONVERGED_RTOL iterations 17
          Linear BackwardEuler-Equation_mg_coarse_ solve converged due to CONVERGED_RTOL iterations 17
          Linear BackwardEuler-Equation_mg_coarse_ solve converged due to CONVERGED_RTOL iterations 17
          Linear BackwardEuler-Equation_mg_coarse_ solve converged due to CONVERGED_RTOL iterations 17
          Linear BackwardEuler-Equation_mg_coarse_ solve converged due to CONVERGED_RTOL iterations 17
          Linear BackwardEuler-Equation_mg_coarse_ solve converged due to CONVERGED_RTOL iterations 17
          Linear BackwardEuler-Equation_mg_coarse_ solve converged due to CONVERGED_RTOL iterations 17
          Linear BackwardEuler-Equation_mg_coarse_ solve converged due to CONVERGED_RTOL iterations 17
          Linear BackwardEuler-Equation_mg_coarse_ solve converged due to CONVERGED_RTOL iterations 17
          Linear BackwardEuler-Equation_mg_coarse_ solve converged due to CONVERGED_RTOL iterations 17
          Linear BackwardEuler-Equation_mg_coarse_ solve converged due to CONVERGED_RTOL iterations 17
          Linear BackwardEuler-Equation_mg_coarse_ solve converged due to CONVERGED_RTOL iterations 17
          Linear BackwardEuler-Equation_mg_coarse_ solve converged due to CONVERGED_RTOL iterations 17
          Linear BackwardEuler-Equation_mg_coarse_ solve converged due to CONVERGED_RTOL iterations 17
          Linear BackwardEuler-Equation_mg_coarse_ solve converged due to CONVERGED_RTOL iterations 17
          Linear BackwardEuler-Equation_mg_coarse_ solve converged due to CONVERGED_RTOL iterations 17
          Linear BackwardEuler-Equation_mg_coarse_ solve converged due to CONVERGED_RTOL iterations 17
    Linear BackwardEuler-Equation_ solve converged due to CONVERGED_RTOL iterations 23
  Nonlinear BackwardEuler-Equation_ solve converged due to CONVERGED_SNORM_RELATIVE iterations 3
t = 5.37 d | step 25/100000 | dt = 43200.0 s | wall 35.74 s | NL 3 | L 52
          Linear BackwardEuler-Equation_mg_coarse_ solve converged due to CONVERGED_RTOL iterations 20
          Linear BackwardEuler-Equation_mg_coarse_ solve converged due to CONVERGED_RTOL iterations 20
          Linear BackwardEuler-Equation_mg_coarse_ solve converged due to CONVERGED_RTOL iterations 19
          Linear BackwardEuler-Equation_mg_coarse_ solve converged due to CONVERGED_RTOL iterations 18
          Linear BackwardEuler-Equation_mg_coarse_ solve converged due to CONVERGED_RTOL iterations 17
          Linear BackwardEuler-Equation_mg_coarse_ solve converged due to CONVERGED_RTOL iterations 16
          Linear BackwardEuler-Equation_mg_coarse_ solve converged due to CONVERGED_RTOL iterations 15
          Linear BackwardEuler-Equation_mg_coarse_ solve converged due to CONVERGED_RTOL iterations 17
          Linear BackwardEuler-Equation_mg_coarse_ solve converged due to CONVERGED_RTOL iterations 17
          Linear BackwardEuler-Equation_mg_coarse_ solve converged due to CONVERGED_RTOL iterations 16
          Linear BackwardEuler-Equation_mg_coarse_ solve converged due to CONVERGED_RTOL iterations 16
          Linear BackwardEuler-Equation_mg_coarse_ solve converged due to CONVERGED_RTOL iterations 16
    Linear BackwardEuler-Equation_ solve converged due to CONVERGED_RTOL iterations 12
          Linear BackwardEuler-Equation_mg_coarse_ solve converged due to CONVERGED_RTOL iterations 20
          Linear BackwardEuler-Equation_mg_coarse_ solve converged due to CONVERGED_RTOL iterations 18
          Linear BackwardEuler-Equation_mg_coarse_ solve converged due to CONVERGED_RTOL iterations 17
          Linear BackwardEuler-Equation_mg_coarse_ solve converged due to CONVERGED_RTOL iterations 16
          Linear BackwardEuler-Equation_mg_coarse_ solve converged due to CONVERGED_RTOL iterations 16
          Linear BackwardEuler-Equation_mg_coarse_ solve converged due to CONVERGED_RTOL iterations 17
          Linear BackwardEuler-Equation_mg_coarse_ solve converged due to CONVERGED_RTOL iterations 16
          Linear BackwardEuler-Equation_mg_coarse_ solve converged due to CONVERGED_RTOL iterations 16
          Linear BackwardEuler-Equation_mg_coarse_ solve converged due to CONVERGED_RTOL iterations 17
          Linear BackwardEuler-Equation_mg_coarse_ solve converged due to CONVERGED_RTOL iterations 17
          Linear BackwardEuler-Equation_mg_coarse_ solve converged due to CONVERGED_RTOL iterations 17
          Linear BackwardEuler-Equation_mg_coarse_ solve converged due to CONVERGED_RTOL iterations 16
          Linear BackwardEuler-Equation_mg_coarse_ solve converged due to CONVERGED_RTOL iterations 16
          Linear BackwardEuler-Equation_mg_coarse_ solve converged due to CONVERGED_RTOL iterations 17
          Linear BackwardEuler-Equation_mg_coarse_ solve converged due to CONVERGED_RTOL iterations 17
          Linear BackwardEuler-Equation_mg_coarse_ solve converged due to CONVERGED_RTOL iterations 16
          Linear BackwardEuler-Equation_mg_coarse_ solve converged due to CONVERGED_RTOL iterations 16
          Linear BackwardEuler-Equation_mg_coarse_ solve converged due to CONVERGED_RTOL iterations 17
    Linear BackwardEuler-Equation_ solve converged due to CONVERGED_RTOL iterations 18
          Linear BackwardEuler-Equation_mg_coarse_ solve converged due to CONVERGED_RTOL iterations 20
          Linear BackwardEuler-Equation_mg_coarse_ solve converged due to CONVERGED_RTOL iterations 17
          Linear BackwardEuler-Equation_mg_coarse_ solve converged due to CONVERGED_RTOL iterations 16
          Linear BackwardEuler-Equation_mg_coarse_ solve converged due to CONVERGED_RTOL iterations 16
          Linear BackwardEuler-Equation_mg_coarse_ solve converged due to CONVERGED_RTOL iterations 16
          Linear BackwardEuler-Equation_mg_coarse_ solve converged due to CONVERGED_RTOL iterations 16
          Linear BackwardEuler-Equation_mg_coarse_ solve converged due to CONVERGED_RTOL iterations 16
          Linear BackwardEuler-Equation_mg_coarse_ solve converged due to CONVERGED_RTOL iterations 16
          Linear BackwardEuler-Equation_mg_coarse_ solve converged due to CONVERGED_RTOL iterations 17
          Linear BackwardEuler-Equation_mg_coarse_ solve converged due to CONVERGED_RTOL iterations 16
          Linear BackwardEuler-Equation_mg_coarse_ solve converged due to CONVERGED_RTOL iterations 16
          Linear BackwardEuler-Equation_mg_coarse_ solve converged due to CONVERGED_RTOL iterations 17
          Linear BackwardEuler-Equation_mg_coarse_ solve converged due to CONVERGED_RTOL iterations 16
          Linear BackwardEuler-Equation_mg_coarse_ solve converged due to CONVERGED_RTOL iterations 17
          Linear BackwardEuler-Equation_mg_coarse_ solve converged due to CONVERGED_RTOL iterations 17
          Linear BackwardEuler-Equation_mg_coarse_ solve converged due to CONVERGED_RTOL iterations 17
          Linear BackwardEuler-Equation_mg_coarse_ solve converged due to CONVERGED_RTOL iterations 17
          Linear BackwardEuler-Equation_mg_coarse_ solve converged due to CONVERGED_RTOL iterations 17
          Linear BackwardEuler-Equation_mg_coarse_ solve converged due to CONVERGED_RTOL iterations 17
          Linear BackwardEuler-Equation_mg_coarse_ solve converged due to CONVERGED_RTOL iterations 17
    Linear BackwardEuler-Equation_ solve converged due to CONVERGED_RTOL iterations 20
  Nonlinear BackwardEuler-Equation_ solve converged due to CONVERGED_SNORM_RELATIVE iterations 3
t = 5.87 d | step 26/100000 | dt = 43200.0 s | wall 34.49 s | NL 3 | L 50
          Linear BackwardEuler-Equation_mg_coarse_ solve converged due to CONVERGED_RTOL iterations 20
          Linear BackwardEuler-Equation_mg_coarse_ solve converged due to CONVERGED_RTOL iterations 20
          Linear BackwardEuler-Equation_mg_coarse_ solve converged due to CONVERGED_RTOL iterations 19
          Linear BackwardEuler-Equation_mg_coarse_ solve converged due to CONVERGED_RTOL iterations 18
          Linear BackwardEuler-Equation_mg_coarse_ solve converged due to CONVERGED_RTOL iterations 17
          Linear BackwardEuler-Equation_mg_coarse_ solve converged due to CONVERGED_RTOL iterations 16
          Linear BackwardEuler-Equation_mg_coarse_ solve converged due to CONVERGED_RTOL iterations 16
          Linear BackwardEuler-Equation_mg_coarse_ solve converged due to CONVERGED_RTOL iterations 17
          Linear BackwardEuler-Equation_mg_coarse_ solve converged due to CONVERGED_RTOL iterations 17
          Linear BackwardEuler-Equation_mg_coarse_ solve converged due to CONVERGED_RTOL iterations 16
          Linear BackwardEuler-Equation_mg_coarse_ solve converged due to CONVERGED_RTOL iterations 16
          Linear BackwardEuler-Equation_mg_coarse_ solve converged due to CONVERGED_RTOL iterations 16
    Linear BackwardEuler-Equation_ solve converged due to CONVERGED_RTOL iterations 12
          Linear BackwardEuler-Equation_mg_coarse_ solve converged due to CONVERGED_RTOL iterations 21
          Linear BackwardEuler-Equation_mg_coarse_ solve converged due to CONVERGED_RTOL iterations 18
          Linear BackwardEuler-Equation_mg_coarse_ solve converged due to CONVERGED_RTOL iterations 17
          Linear BackwardEuler-Equation_mg_coarse_ solve converged due to CONVERGED_RTOL iterations 16
          Linear BackwardEuler-Equation_mg_coarse_ solve converged due to CONVERGED_RTOL iterations 16
          Linear BackwardEuler-Equation_mg_coarse_ solve converged due to CONVERGED_RTOL iterations 17
          Linear BackwardEuler-Equation_mg_coarse_ solve converged due to CONVERGED_RTOL iterations 16
          Linear BackwardEuler-Equation_mg_coarse_ solve converged due to CONVERGED_RTOL iterations 16
          Linear BackwardEuler-Equation_mg_coarse_ solve converged due to CONVERGED_RTOL iterations 17
          Linear BackwardEuler-Equation_mg_coarse_ solve converged due to CONVERGED_RTOL iterations 17
          Linear BackwardEuler-Equation_mg_coarse_ solve converged due to CONVERGED_RTOL iterations 17
          Linear BackwardEuler-Equation_mg_coarse_ solve converged due to CONVERGED_RTOL iterations 16
          Linear BackwardEuler-Equation_mg_coarse_ solve converged due to CONVERGED_RTOL iterations 16
          Linear BackwardEuler-Equation_mg_coarse_ solve converged due to CONVERGED_RTOL iterations 17
          Linear BackwardEuler-Equation_mg_coarse_ solve converged due to CONVERGED_RTOL iterations 17
          Linear BackwardEuler-Equation_mg_coarse_ solve converged due to CONVERGED_RTOL iterations 16
          Linear BackwardEuler-Equation_mg_coarse_ solve converged due to CONVERGED_RTOL iterations 16
          Linear BackwardEuler-Equation_mg_coarse_ solve converged due to CONVERGED_RTOL iterations 17
    Linear BackwardEuler-Equation_ solve converged due to CONVERGED_RTOL iterations 18
          Linear BackwardEuler-Equation_mg_coarse_ solve converged due to CONVERGED_RTOL iterations 20
          Linear BackwardEuler-Equation_mg_coarse_ solve converged due to CONVERGED_RTOL iterations 18
          Linear BackwardEuler-Equation_mg_coarse_ solve converged due to CONVERGED_RTOL iterations 17
          Linear BackwardEuler-Equation_mg_coarse_ solve converged due to CONVERGED_RTOL iterations 16
          Linear BackwardEuler-Equation_mg_coarse_ solve converged due to CONVERGED_RTOL iterations 16
          Linear BackwardEuler-Equation_mg_coarse_ solve converged due to CONVERGED_RTOL iterations 17
          Linear BackwardEuler-Equation_mg_coarse_ solve converged due to CONVERGED_RTOL iterations 16
          Linear BackwardEuler-Equation_mg_coarse_ solve converged due to CONVERGED_RTOL iterations 16
          Linear BackwardEuler-Equation_mg_coarse_ solve converged due to CONVERGED_RTOL iterations 16
          Linear BackwardEuler-Equation_mg_coarse_ solve converged due to CONVERGED_RTOL iterations 17
          Linear BackwardEuler-Equation_mg_coarse_ solve converged due to CONVERGED_RTOL iterations 16
          Linear BackwardEuler-Equation_mg_coarse_ solve converged due to CONVERGED_RTOL iterations 16
          Linear BackwardEuler-Equation_mg_coarse_ solve converged due to CONVERGED_RTOL iterations 16
          Linear BackwardEuler-Equation_mg_coarse_ solve converged due to CONVERGED_RTOL iterations 17
          Linear BackwardEuler-Equation_mg_coarse_ solve converged due to CONVERGED_RTOL iterations 17
          Linear BackwardEuler-Equation_mg_coarse_ solve converged due to CONVERGED_RTOL iterations 17
          Linear BackwardEuler-Equation_mg_coarse_ solve converged due to CONVERGED_RTOL iterations 16
          Linear BackwardEuler-Equation_mg_coarse_ solve converged due to CONVERGED_RTOL iterations 17
          Linear BackwardEuler-Equation_mg_coarse_ solve converged due to CONVERGED_RTOL iterations 17
    Linear BackwardEuler-Equation_ solve converged due to CONVERGED_RTOL iterations 19
  Nonlinear BackwardEuler-Equation_ solve converged due to CONVERGED_SNORM_RELATIVE iterations 3
t = 6.37 d | step 27/100000 | dt = 43200.0 s | wall 34.01 s | NL 3 | L 49
          Linear BackwardEuler-Equation_mg_coarse_ solve converged due to CONVERGED_RTOL iterations 20
          Linear BackwardEuler-Equation_mg_coarse_ solve converged due to CONVERGED_RTOL iterations 20
          Linear BackwardEuler-Equation_mg_coarse_ solve converged due to CONVERGED_RTOL iterations 19
          Linear BackwardEuler-Equation_mg_coarse_ solve converged due to CONVERGED_RTOL iterations 18
          Linear BackwardEuler-Equation_mg_coarse_ solve converged due to CONVERGED_RTOL iterations 17
          Linear BackwardEuler-Equation_mg_coarse_ solve converged due to CONVERGED_RTOL iterations 16
          Linear BackwardEuler-Equation_mg_coarse_ solve converged due to CONVERGED_RTOL iterations 16
          Linear BackwardEuler-Equation_mg_coarse_ solve converged due to CONVERGED_RTOL iterations 17
          Linear BackwardEuler-Equation_mg_coarse_ solve converged due to CONVERGED_RTOL iterations 17
          Linear BackwardEuler-Equation_mg_coarse_ solve converged due to CONVERGED_RTOL iterations 16
          Linear BackwardEuler-Equation_mg_coarse_ solve converged due to CONVERGED_RTOL iterations 16
          Linear BackwardEuler-Equation_mg_coarse_ solve converged due to CONVERGED_RTOL iterations 16
    Linear BackwardEuler-Equation_ solve converged due to CONVERGED_RTOL iterations 12
          Linear BackwardEuler-Equation_mg_coarse_ solve converged due to CONVERGED_RTOL iterations 21
          Linear BackwardEuler-Equation_mg_coarse_ solve converged due to CONVERGED_RTOL iterations 18
          Linear BackwardEuler-Equation_mg_coarse_ solve converged due to CONVERGED_RTOL iterations 17
          Linear BackwardEuler-Equation_mg_coarse_ solve converged due to CONVERGED_RTOL iterations 16
          Linear BackwardEuler-Equation_mg_coarse_ solve converged due to CONVERGED_RTOL iterations 16
          Linear BackwardEuler-Equation_mg_coarse_ solve converged due to CONVERGED_RTOL iterations 17
          Linear BackwardEuler-Equation_mg_coarse_ solve converged due to CONVERGED_RTOL iterations 16
          Linear BackwardEuler-Equation_mg_coarse_ solve converged due to CONVERGED_RTOL iterations 16
          Linear BackwardEuler-Equation_mg_coarse_ solve converged due to CONVERGED_RTOL iterations 17
          Linear BackwardEuler-Equation_mg_coarse_ solve converged due to CONVERGED_RTOL iterations 17
          Linear BackwardEuler-Equation_mg_coarse_ solve converged due to CONVERGED_RTOL iterations 17
          Linear BackwardEuler-Equation_mg_coarse_ solve converged due to CONVERGED_RTOL iterations 16
          Linear BackwardEuler-Equation_mg_coarse_ solve converged due to CONVERGED_RTOL iterations 17
          Linear BackwardEuler-Equation_mg_coarse_ solve converged due to CONVERGED_RTOL iterations 17
          Linear BackwardEuler-Equation_mg_coarse_ solve converged due to CONVERGED_RTOL iterations 17
          Linear BackwardEuler-Equation_mg_coarse_ solve converged due to CONVERGED_RTOL iterations 16
          Linear BackwardEuler-Equation_mg_coarse_ solve converged due to CONVERGED_RTOL iterations 16
          Linear BackwardEuler-Equation_mg_coarse_ solve converged due to CONVERGED_RTOL iterations 17
    Linear BackwardEuler-Equation_ solve converged due to CONVERGED_RTOL iterations 18
          Linear BackwardEuler-Equation_mg_coarse_ solve converged due to CONVERGED_RTOL iterations 20
          Linear BackwardEuler-Equation_mg_coarse_ solve converged due to CONVERGED_RTOL iterations 17
          Linear BackwardEuler-Equation_mg_coarse_ solve converged due to CONVERGED_RTOL iterations 16
          Linear BackwardEuler-Equation_mg_coarse_ solve converged due to CONVERGED_RTOL iterations 16
          Linear BackwardEuler-Equation_mg_coarse_ solve converged due to CONVERGED_RTOL iterations 17
          Linear BackwardEuler-Equation_mg_coarse_ solve converged due to CONVERGED_RTOL iterations 16
          Linear BackwardEuler-Equation_mg_coarse_ solve converged due to CONVERGED_RTOL iterations 16
          Linear BackwardEuler-Equation_mg_coarse_ solve converged due to CONVERGED_RTOL iterations 16
          Linear BackwardEuler-Equation_mg_coarse_ solve converged due to CONVERGED_RTOL iterations 17
          Linear BackwardEuler-Equation_mg_coarse_ solve converged due to CONVERGED_RTOL iterations 16
          Linear BackwardEuler-Equation_mg_coarse_ solve converged due to CONVERGED_RTOL iterations 17
          Linear BackwardEuler-Equation_mg_coarse_ solve converged due to CONVERGED_RTOL iterations 17
          Linear BackwardEuler-Equation_mg_coarse_ solve converged due to CONVERGED_RTOL iterations 16
          Linear BackwardEuler-Equation_mg_coarse_ solve converged due to CONVERGED_RTOL iterations 17
          Linear BackwardEuler-Equation_mg_coarse_ solve converged due to CONVERGED_RTOL iterations 17
          Linear BackwardEuler-Equation_mg_coarse_ solve converged due to CONVERGED_RTOL iterations 17
          Linear BackwardEuler-Equation_mg_coarse_ solve converged due to CONVERGED_RTOL iterations 17
          Linear BackwardEuler-Equation_mg_coarse_ solve converged due to CONVERGED_RTOL iterations 17
          Linear BackwardEuler-Equation_mg_coarse_ solve converged due to CONVERGED_RTOL iterations 17
          Linear BackwardEuler-Equation_mg_coarse_ solve converged due to CONVERGED_RTOL iterations 17
          Linear BackwardEuler-Equation_mg_coarse_ solve converged due to CONVERGED_RTOL iterations 16
    Linear BackwardEuler-Equation_ solve converged due to CONVERGED_RTOL iterations 21
  Nonlinear BackwardEuler-Equation_ solve converged due to CONVERGED_SNORM_RELATIVE iterations 3
t = 6.87 d | step 28/100000 | dt = 43200.0 s | wall 35.31 s | NL 3 | L 51
          Linear BackwardEuler-Equation_mg_coarse_ solve converged due to CONVERGED_RTOL iterations 20
          Linear BackwardEuler-Equation_mg_coarse_ solve converged due to CONVERGED_RTOL iterations 20
          Linear BackwardEuler-Equation_mg_coarse_ solve converged due to CONVERGED_RTOL iterations 19
          Linear BackwardEuler-Equation_mg_coarse_ solve converged due to CONVERGED_RTOL iterations 18
          Linear BackwardEuler-Equation_mg_coarse_ solve converged due to CONVERGED_RTOL iterations 17
          Linear BackwardEuler-Equation_mg_coarse_ solve converged due to CONVERGED_RTOL iterations 16
          Linear BackwardEuler-Equation_mg_coarse_ solve converged due to CONVERGED_RTOL iterations 16
          Linear BackwardEuler-Equation_mg_coarse_ solve converged due to CONVERGED_RTOL iterations 17
          Linear BackwardEuler-Equation_mg_coarse_ solve converged due to CONVERGED_RTOL iterations 17
          Linear BackwardEuler-Equation_mg_coarse_ solve converged due to CONVERGED_RTOL iterations 16
          Linear BackwardEuler-Equation_mg_coarse_ solve converged due to CONVERGED_RTOL iterations 16
    Linear BackwardEuler-Equation_ solve converged due to CONVERGED_RTOL iterations 11
          Linear BackwardEuler-Equation_mg_coarse_ solve converged due to CONVERGED_RTOL iterations 20
          Linear BackwardEuler-Equation_mg_coarse_ solve converged due to CONVERGED_RTOL iterations 18
          Linear BackwardEuler-Equation_mg_coarse_ solve converged due to CONVERGED_RTOL iterations 17
          Linear BackwardEuler-Equation_mg_coarse_ solve converged due to CONVERGED_RTOL iterations 16
          Linear BackwardEuler-Equation_mg_coarse_ solve converged due to CONVERGED_RTOL iterations 17
          Linear BackwardEuler-Equation_mg_coarse_ solve converged due to CONVERGED_RTOL iterations 17
          Linear BackwardEuler-Equation_mg_coarse_ solve converged due to CONVERGED_RTOL iterations 16
          Linear BackwardEuler-Equation_mg_coarse_ solve converged due to CONVERGED_RTOL iterations 17
          Linear BackwardEuler-Equation_mg_coarse_ solve converged due to CONVERGED_RTOL iterations 17
          Linear BackwardEuler-Equation_mg_coarse_ solve converged due to CONVERGED_RTOL iterations 17
          Linear BackwardEuler-Equation_mg_coarse_ solve converged due to CONVERGED_RTOL iterations 17
          Linear BackwardEuler-Equation_mg_coarse_ solve converged due to CONVERGED_RTOL iterations 17
          Linear BackwardEuler-Equation_mg_coarse_ solve converged due to CONVERGED_RTOL iterations 17
          Linear BackwardEuler-Equation_mg_coarse_ solve converged due to CONVERGED_RTOL iterations 17
          Linear BackwardEuler-Equation_mg_coarse_ solve converged due to CONVERGED_RTOL iterations 17
          Linear BackwardEuler-Equation_mg_coarse_ solve converged due to CONVERGED_RTOL iterations 17
          Linear BackwardEuler-Equation_mg_coarse_ solve converged due to CONVERGED_RTOL iterations 17
          Linear BackwardEuler-Equation_mg_coarse_ solve converged due to CONVERGED_RTOL iterations 17
          Linear BackwardEuler-Equation_mg_coarse_ solve converged due to CONVERGED_RTOL iterations 17
    Linear BackwardEuler-Equation_ solve converged due to CONVERGED_RTOL iterations 19
          Linear BackwardEuler-Equation_mg_coarse_ solve converged due to CONVERGED_RTOL iterations 19
          Linear BackwardEuler-Equation_mg_coarse_ solve converged due to CONVERGED_RTOL iterations 18
          Linear BackwardEuler-Equation_mg_coarse_ solve converged due to CONVERGED_RTOL iterations 16
          Linear BackwardEuler-Equation_mg_coarse_ solve converged due to CONVERGED_RTOL iterations 17
          Linear BackwardEuler-Equation_mg_coarse_ solve converged due to CONVERGED_RTOL iterations 18
          Linear BackwardEuler-Equation_mg_coarse_ solve converged due to CONVERGED_RTOL iterations 16
          Linear BackwardEuler-Equation_mg_coarse_ solve converged due to CONVERGED_RTOL iterations 17
          Linear BackwardEuler-Equation_mg_coarse_ solve converged due to CONVERGED_RTOL iterations 17
          Linear BackwardEuler-Equation_mg_coarse_ solve converged due to CONVERGED_RTOL iterations 18
          Linear BackwardEuler-Equation_mg_coarse_ solve converged due to CONVERGED_RTOL iterations 17
          Linear BackwardEuler-Equation_mg_coarse_ solve converged due to CONVERGED_RTOL iterations 17
          Linear BackwardEuler-Equation_mg_coarse_ solve converged due to CONVERGED_RTOL iterations 17
          Linear BackwardEuler-Equation_mg_coarse_ solve converged due to CONVERGED_RTOL iterations 17
          Linear BackwardEuler-Equation_mg_coarse_ solve converged due to CONVERGED_RTOL iterations 17
          Linear BackwardEuler-Equation_mg_coarse_ solve converged due to CONVERGED_RTOL iterations 17
          Linear BackwardEuler-Equation_mg_coarse_ solve converged due to CONVERGED_RTOL iterations 17
          Linear BackwardEuler-Equation_mg_coarse_ solve converged due to CONVERGED_RTOL iterations 17
          Linear BackwardEuler-Equation_mg_coarse_ solve converged due to CONVERGED_RTOL iterations 17
          Linear BackwardEuler-Equation_mg_coarse_ solve converged due to CONVERGED_RTOL iterations 17
          Linear BackwardEuler-Equation_mg_coarse_ solve converged due to CONVERGED_RTOL iterations 17
          Linear BackwardEuler-Equation_mg_coarse_ solve converged due to CONVERGED_RTOL iterations 17
          Linear BackwardEuler-Equation_mg_coarse_ solve converged due to CONVERGED_RTOL iterations 17
          Linear BackwardEuler-Equation_mg_coarse_ solve converged due to CONVERGED_RTOL iterations 17
          Linear BackwardEuler-Equation_mg_coarse_ solve converged due to CONVERGED_RTOL iterations 17
    Linear BackwardEuler-Equation_ solve converged due to CONVERGED_RTOL iterations 24
  Nonlinear BackwardEuler-Equation_ solve converged due to CONVERGED_SNORM_RELATIVE iterations 3
t = 7.37 d | step 29/100000 | dt = 43200.0 s | wall 36.78 s | NL 3 | L 54
          Linear BackwardEuler-Equation_mg_coarse_ solve converged due to CONVERGED_RTOL iterations 20
          Linear BackwardEuler-Equation_mg_coarse_ solve converged due to CONVERGED_RTOL iterations 20
          Linear BackwardEuler-Equation_mg_coarse_ solve converged due to CONVERGED_RTOL iterations 19
          Linear BackwardEuler-Equation_mg_coarse_ solve converged due to CONVERGED_RTOL iterations 18
          Linear BackwardEuler-Equation_mg_coarse_ solve converged due to CONVERGED_RTOL iterations 17
          Linear BackwardEuler-Equation_mg_coarse_ solve converged due to CONVERGED_RTOL iterations 16
          Linear BackwardEuler-Equation_mg_coarse_ solve converged due to CONVERGED_RTOL iterations 16
          Linear BackwardEuler-Equation_mg_coarse_ solve converged due to CONVERGED_RTOL iterations 17
          Linear BackwardEuler-Equation_mg_coarse_ solve converged due to CONVERGED_RTOL iterations 17
          Linear BackwardEuler-Equation_mg_coarse_ solve converged due to CONVERGED_RTOL iterations 16
          Linear BackwardEuler-Equation_mg_coarse_ solve converged due to CONVERGED_RTOL iterations 16
    Linear BackwardEuler-Equation_ solve converged due to CONVERGED_RTOL iterations 11
          Linear BackwardEuler-Equation_mg_coarse_ solve converged due to CONVERGED_RTOL iterations 21
          Linear BackwardEuler-Equation_mg_coarse_ solve converged due to CONVERGED_RTOL iterations 18
          Linear BackwardEuler-Equation_mg_coarse_ solve converged due to CONVERGED_RTOL iterations 17
          Linear BackwardEuler-Equation_mg_coarse_ solve converged due to CONVERGED_RTOL iterations 16
          Linear BackwardEuler-Equation_mg_coarse_ solve converged due to CONVERGED_RTOL iterations 16
          Linear BackwardEuler-Equation_mg_coarse_ solve converged due to CONVERGED_RTOL iterations 17
          Linear BackwardEuler-Equation_mg_coarse_ solve converged due to CONVERGED_RTOL iterations 16
          Linear BackwardEuler-Equation_mg_coarse_ solve converged due to CONVERGED_RTOL iterations 16
          Linear BackwardEuler-Equation_mg_coarse_ solve converged due to CONVERGED_RTOL iterations 17
          Linear BackwardEuler-Equation_mg_coarse_ solve converged due to CONVERGED_RTOL iterations 17
          Linear BackwardEuler-Equation_mg_coarse_ solve converged due to CONVERGED_RTOL iterations 17
          Linear BackwardEuler-Equation_mg_coarse_ solve converged due to CONVERGED_RTOL iterations 17
          Linear BackwardEuler-Equation_mg_coarse_ solve converged due to CONVERGED_RTOL iterations 17
          Linear BackwardEuler-Equation_mg_coarse_ solve converged due to CONVERGED_RTOL iterations 17
          Linear BackwardEuler-Equation_mg_coarse_ solve converged due to CONVERGED_RTOL iterations 17
          Linear BackwardEuler-Equation_mg_coarse_ solve converged due to CONVERGED_RTOL iterations 17
          Linear BackwardEuler-Equation_mg_coarse_ solve converged due to CONVERGED_RTOL iterations 17
          Linear BackwardEuler-Equation_mg_coarse_ solve converged due to CONVERGED_RTOL iterations 17
          Linear BackwardEuler-Equation_mg_coarse_ solve converged due to CONVERGED_RTOL iterations 17
    Linear BackwardEuler-Equation_ solve converged due to CONVERGED_RTOL iterations 19
          Linear BackwardEuler-Equation_mg_coarse_ solve converged due to CONVERGED_RTOL iterations 20
          Linear BackwardEuler-Equation_mg_coarse_ solve converged due to CONVERGED_RTOL iterations 18
          Linear BackwardEuler-Equation_mg_coarse_ solve converged due to CONVERGED_RTOL iterations 16
          Linear BackwardEuler-Equation_mg_coarse_ solve converged due to CONVERGED_RTOL iterations 16
          Linear BackwardEuler-Equation_mg_coarse_ solve converged due to CONVERGED_RTOL iterations 17
          Linear BackwardEuler-Equation_mg_coarse_ solve converged due to CONVERGED_RTOL iterations 16
          Linear BackwardEuler-Equation_mg_coarse_ solve converged due to CONVERGED_RTOL iterations 16
          Linear BackwardEuler-Equation_mg_coarse_ solve converged due to CONVERGED_RTOL iterations 17
          Linear BackwardEuler-Equation_mg_coarse_ solve converged due to CONVERGED_RTOL iterations 17
          Linear BackwardEuler-Equation_mg_coarse_ solve converged due to CONVERGED_RTOL iterations 17
          Linear BackwardEuler-Equation_mg_coarse_ solve converged due to CONVERGED_RTOL iterations 17
          Linear BackwardEuler-Equation_mg_coarse_ solve converged due to CONVERGED_RTOL iterations 17
          Linear BackwardEuler-Equation_mg_coarse_ solve converged due to CONVERGED_RTOL iterations 17
          Linear BackwardEuler-Equation_mg_coarse_ solve converged due to CONVERGED_RTOL iterations 17
          Linear BackwardEuler-Equation_mg_coarse_ solve converged due to CONVERGED_RTOL iterations 17
          Linear BackwardEuler-Equation_mg_coarse_ solve converged due to CONVERGED_RTOL iterations 17
          Linear BackwardEuler-Equation_mg_coarse_ solve converged due to CONVERGED_RTOL iterations 17
          Linear BackwardEuler-Equation_mg_coarse_ solve converged due to CONVERGED_RTOL iterations 17
          Linear BackwardEuler-Equation_mg_coarse_ solve converged due to CONVERGED_RTOL iterations 17
          Linear BackwardEuler-Equation_mg_coarse_ solve converged due to CONVERGED_RTOL iterations 17
          Linear BackwardEuler-Equation_mg_coarse_ solve converged due to CONVERGED_RTOL iterations 17
          Linear BackwardEuler-Equation_mg_coarse_ solve converged due to CONVERGED_RTOL iterations 17
          Linear BackwardEuler-Equation_mg_coarse_ solve converged due to CONVERGED_RTOL iterations 17
    Linear BackwardEuler-Equation_ solve converged due to CONVERGED_RTOL iterations 23
  Nonlinear BackwardEuler-Equation_ solve converged due to CONVERGED_SNORM_RELATIVE iterations 3
t = 7.87 d | step 30/100000 | dt = 43200.0 s | wall 36.21 s | NL 3 | L 53
          Linear BackwardEuler-Equation_mg_coarse_ solve converged due to CONVERGED_RTOL iterations 20
          Linear BackwardEuler-Equation_mg_coarse_ solve converged due to CONVERGED_RTOL iterations 20
          Linear BackwardEuler-Equation_mg_coarse_ solve converged due to CONVERGED_RTOL iterations 19
          Linear BackwardEuler-Equation_mg_coarse_ solve converged due to CONVERGED_RTOL iterations 18
          Linear BackwardEuler-Equation_mg_coarse_ solve converged due to CONVERGED_RTOL iterations 17
          Linear BackwardEuler-Equation_mg_coarse_ solve converged due to CONVERGED_RTOL iterations 16
          Linear BackwardEuler-Equation_mg_coarse_ solve converged due to CONVERGED_RTOL iterations 15
          Linear BackwardEuler-Equation_mg_coarse_ solve converged due to CONVERGED_RTOL iterations 17
          Linear BackwardEuler-Equation_mg_coarse_ solve converged due to CONVERGED_RTOL iterations 17
          Linear BackwardEuler-Equation_mg_coarse_ solve converged due to CONVERGED_RTOL iterations 16
          Linear BackwardEuler-Equation_mg_coarse_ solve converged due to CONVERGED_RTOL iterations 16
    Linear BackwardEuler-Equation_ solve converged due to CONVERGED_RTOL iterations 11
          Linear BackwardEuler-Equation_mg_coarse_ solve converged due to CONVERGED_RTOL iterations 21
          Linear BackwardEuler-Equation_mg_coarse_ solve converged due to CONVERGED_RTOL iterations 18
          Linear BackwardEuler-Equation_mg_coarse_ solve converged due to CONVERGED_RTOL iterations 17
          Linear BackwardEuler-Equation_mg_coarse_ solve converged due to CONVERGED_RTOL iterations 16
          Linear BackwardEuler-Equation_mg_coarse_ solve converged due to CONVERGED_RTOL iterations 16
          Linear BackwardEuler-Equation_mg_coarse_ solve converged due to CONVERGED_RTOL iterations 17
          Linear BackwardEuler-Equation_mg_coarse_ solve converged due to CONVERGED_RTOL iterations 16
          Linear BackwardEuler-Equation_mg_coarse_ solve converged due to CONVERGED_RTOL iterations 17
          Linear BackwardEuler-Equation_mg_coarse_ solve converged due to CONVERGED_RTOL iterations 17
          Linear BackwardEuler-Equation_mg_coarse_ solve converged due to CONVERGED_RTOL iterations 17
          Linear BackwardEuler-Equation_mg_coarse_ solve converged due to CONVERGED_RTOL iterations 17
          Linear BackwardEuler-Equation_mg_coarse_ solve converged due to CONVERGED_RTOL iterations 17
          Linear BackwardEuler-Equation_mg_coarse_ solve converged due to CONVERGED_RTOL iterations 17
          Linear BackwardEuler-Equation_mg_coarse_ solve converged due to CONVERGED_RTOL iterations 17
          Linear BackwardEuler-Equation_mg_coarse_ solve converged due to CONVERGED_RTOL iterations 17
          Linear BackwardEuler-Equation_mg_coarse_ solve converged due to CONVERGED_RTOL iterations 17
          Linear BackwardEuler-Equation_mg_coarse_ solve converged due to CONVERGED_RTOL iterations 17
          Linear BackwardEuler-Equation_mg_coarse_ solve converged due to CONVERGED_RTOL iterations 17
          Linear BackwardEuler-Equation_mg_coarse_ solve converged due to CONVERGED_RTOL iterations 17
    Linear BackwardEuler-Equation_ solve converged due to CONVERGED_RTOL iterations 19
          Linear BackwardEuler-Equation_mg_coarse_ solve converged due to CONVERGED_RTOL iterations 20
          Linear BackwardEuler-Equation_mg_coarse_ solve converged due to CONVERGED_RTOL iterations 18
          Linear BackwardEuler-Equation_mg_coarse_ solve converged due to CONVERGED_RTOL iterations 16
          Linear BackwardEuler-Equation_mg_coarse_ solve converged due to CONVERGED_RTOL iterations 17
          Linear BackwardEuler-Equation_mg_coarse_ solve converged due to CONVERGED_RTOL iterations 18
          Linear BackwardEuler-Equation_mg_coarse_ solve converged due to CONVERGED_RTOL iterations 17
          Linear BackwardEuler-Equation_mg_coarse_ solve converged due to CONVERGED_RTOL iterations 17
          Linear BackwardEuler-Equation_mg_coarse_ solve converged due to CONVERGED_RTOL iterations 17
          Linear BackwardEuler-Equation_mg_coarse_ solve converged due to CONVERGED_RTOL iterations 17
          Linear BackwardEuler-Equation_mg_coarse_ solve converged due to CONVERGED_RTOL iterations 17
          Linear BackwardEuler-Equation_mg_coarse_ solve converged due to CONVERGED_RTOL iterations 17
          Linear BackwardEuler-Equation_mg_coarse_ solve converged due to CONVERGED_RTOL iterations 17
          Linear BackwardEuler-Equation_mg_coarse_ solve converged due to CONVERGED_RTOL iterations 17
          Linear BackwardEuler-Equation_mg_coarse_ solve converged due to CONVERGED_RTOL iterations 17
          Linear BackwardEuler-Equation_mg_coarse_ solve converged due to CONVERGED_RTOL iterations 17
          Linear BackwardEuler-Equation_mg_coarse_ solve converged due to CONVERGED_RTOL iterations 17
          Linear BackwardEuler-Equation_mg_coarse_ solve converged due to CONVERGED_RTOL iterations 17
          Linear BackwardEuler-Equation_mg_coarse_ solve converged due to CONVERGED_RTOL iterations 17
          Linear BackwardEuler-Equation_mg_coarse_ solve converged due to CONVERGED_RTOL iterations 17
          Linear BackwardEuler-Equation_mg_coarse_ solve converged due to CONVERGED_RTOL iterations 17
          Linear BackwardEuler-Equation_mg_coarse_ solve converged due to CONVERGED_RTOL iterations 17
          Linear BackwardEuler-Equation_mg_coarse_ solve converged due to CONVERGED_RTOL iterations 17
          Linear BackwardEuler-Equation_mg_coarse_ solve converged due to CONVERGED_RTOL iterations 17
    Linear BackwardEuler-Equation_ solve converged due to CONVERGED_RTOL iterations 23
  Nonlinear BackwardEuler-Equation_ solve converged due to CONVERGED_SNORM_RELATIVE iterations 3
t = 8.37 d | step 31/100000 | dt = 43200.0 s | wall 36.41 s | NL 3 | L 53
          Linear BackwardEuler-Equation_mg_coarse_ solve converged due to CONVERGED_RTOL iterations 20
          Linear BackwardEuler-Equation_mg_coarse_ solve converged due to CONVERGED_RTOL iterations 20
          Linear BackwardEuler-Equation_mg_coarse_ solve converged due to CONVERGED_RTOL iterations 19
          Linear BackwardEuler-Equation_mg_coarse_ solve converged due to CONVERGED_RTOL iterations 18
          Linear BackwardEuler-Equation_mg_coarse_ solve converged due to CONVERGED_RTOL iterations 17
          Linear BackwardEuler-Equation_mg_coarse_ solve converged due to CONVERGED_RTOL iterations 16
          Linear BackwardEuler-Equation_mg_coarse_ solve converged due to CONVERGED_RTOL iterations 15
          Linear BackwardEuler-Equation_mg_coarse_ solve converged due to CONVERGED_RTOL iterations 17
          Linear BackwardEuler-Equation_mg_coarse_ solve converged due to CONVERGED_RTOL iterations 17
          Linear BackwardEuler-Equation_mg_coarse_ solve converged due to CONVERGED_RTOL iterations 16
          Linear BackwardEuler-Equation_mg_coarse_ solve converged due to CONVERGED_RTOL iterations 16
    Linear BackwardEuler-Equation_ solve converged due to CONVERGED_RTOL iterations 11
          Linear BackwardEuler-Equation_mg_coarse_ solve converged due to CONVERGED_RTOL iterations 21
          Linear BackwardEuler-Equation_mg_coarse_ solve converged due to CONVERGED_RTOL iterations 18
          Linear BackwardEuler-Equation_mg_coarse_ solve converged due to CONVERGED_RTOL iterations 17
          Linear BackwardEuler-Equation_mg_coarse_ solve converged due to CONVERGED_RTOL iterations 16
          Linear BackwardEuler-Equation_mg_coarse_ solve converged due to CONVERGED_RTOL iterations 16
          Linear BackwardEuler-Equation_mg_coarse_ solve converged due to CONVERGED_RTOL iterations 17
          Linear BackwardEuler-Equation_mg_coarse_ solve converged due to CONVERGED_RTOL iterations 16
          Linear BackwardEuler-Equation_mg_coarse_ solve converged due to CONVERGED_RTOL iterations 16
          Linear BackwardEuler-Equation_mg_coarse_ solve converged due to CONVERGED_RTOL iterations 17
          Linear BackwardEuler-Equation_mg_coarse_ solve converged due to CONVERGED_RTOL iterations 17
          Linear BackwardEuler-Equation_mg_coarse_ solve converged due to CONVERGED_RTOL iterations 17
          Linear BackwardEuler-Equation_mg_coarse_ solve converged due to CONVERGED_RTOL iterations 16
          Linear BackwardEuler-Equation_mg_coarse_ solve converged due to CONVERGED_RTOL iterations 17
          Linear BackwardEuler-Equation_mg_coarse_ solve converged due to CONVERGED_RTOL iterations 17
          Linear BackwardEuler-Equation_mg_coarse_ solve converged due to CONVERGED_RTOL iterations 17
          Linear BackwardEuler-Equation_mg_coarse_ solve converged due to CONVERGED_RTOL iterations 17
          Linear BackwardEuler-Equation_mg_coarse_ solve converged due to CONVERGED_RTOL iterations 17
    Linear BackwardEuler-Equation_ solve converged due to CONVERGED_RTOL iterations 17
          Linear BackwardEuler-Equation_mg_coarse_ solve converged due to CONVERGED_RTOL iterations 19
          Linear BackwardEuler-Equation_mg_coarse_ solve converged due to CONVERGED_RTOL iterations 17
          Linear BackwardEuler-Equation_mg_coarse_ solve converged due to CONVERGED_RTOL iterations 16
          Linear BackwardEuler-Equation_mg_coarse_ solve converged due to CONVERGED_RTOL iterations 17
          Linear BackwardEuler-Equation_mg_coarse_ solve converged due to CONVERGED_RTOL iterations 17
          Linear BackwardEuler-Equation_mg_coarse_ solve converged due to CONVERGED_RTOL iterations 17
          Linear BackwardEuler-Equation_mg_coarse_ solve converged due to CONVERGED_RTOL iterations 17
          Linear BackwardEuler-Equation_mg_coarse_ solve converged due to CONVERGED_RTOL iterations 17
          Linear BackwardEuler-Equation_mg_coarse_ solve converged due to CONVERGED_RTOL iterations 17
          Linear BackwardEuler-Equation_mg_coarse_ solve converged due to CONVERGED_RTOL iterations 17
          Linear BackwardEuler-Equation_mg_coarse_ solve converged due to CONVERGED_RTOL iterations 17
          Linear BackwardEuler-Equation_mg_coarse_ solve converged due to CONVERGED_RTOL iterations 17
          Linear BackwardEuler-Equation_mg_coarse_ solve converged due to CONVERGED_RTOL iterations 17
          Linear BackwardEuler-Equation_mg_coarse_ solve converged due to CONVERGED_RTOL iterations 17
          Linear BackwardEuler-Equation_mg_coarse_ solve converged due to CONVERGED_RTOL iterations 17
          Linear BackwardEuler-Equation_mg_coarse_ solve converged due to CONVERGED_RTOL iterations 17
          Linear BackwardEuler-Equation_mg_coarse_ solve converged due to CONVERGED_RTOL iterations 17
          Linear BackwardEuler-Equation_mg_coarse_ solve converged due to CONVERGED_RTOL iterations 17
          Linear BackwardEuler-Equation_mg_coarse_ solve converged due to CONVERGED_RTOL iterations 17
          Linear BackwardEuler-Equation_mg_coarse_ solve converged due to CONVERGED_RTOL iterations 17
          Linear BackwardEuler-Equation_mg_coarse_ solve converged due to CONVERGED_RTOL iterations 17
          Linear BackwardEuler-Equation_mg_coarse_ solve converged due to CONVERGED_RTOL iterations 17
          Linear BackwardEuler-Equation_mg_coarse_ solve converged due to CONVERGED_RTOL iterations 17
          Linear BackwardEuler-Equation_mg_coarse_ solve converged due to CONVERGED_RTOL iterations 17
    Linear BackwardEuler-Equation_ solve converged due to CONVERGED_RTOL iterations 24
  Nonlinear BackwardEuler-Equation_ solve converged due to CONVERGED_SNORM_RELATIVE iterations 3
t = 8.87 d | step 32/100000 | dt = 43200.0 s | wall 35.69 s | NL 3 | L 52
          Linear BackwardEuler-Equation_mg_coarse_ solve converged due to CONVERGED_RTOL iterations 20
          Linear BackwardEuler-Equation_mg_coarse_ solve converged due to CONVERGED_RTOL iterations 20
          Linear BackwardEuler-Equation_mg_coarse_ solve converged due to CONVERGED_RTOL iterations 19
          Linear BackwardEuler-Equation_mg_coarse_ solve converged due to CONVERGED_RTOL iterations 18
          Linear BackwardEuler-Equation_mg_coarse_ solve converged due to CONVERGED_RTOL iterations 17
          Linear BackwardEuler-Equation_mg_coarse_ solve converged due to CONVERGED_RTOL iterations 16
          Linear BackwardEuler-Equation_mg_coarse_ solve converged due to CONVERGED_RTOL iterations 15
          Linear BackwardEuler-Equation_mg_coarse_ solve converged due to CONVERGED_RTOL iterations 17
          Linear BackwardEuler-Equation_mg_coarse_ solve converged due to CONVERGED_RTOL iterations 17
          Linear BackwardEuler-Equation_mg_coarse_ solve converged due to CONVERGED_RTOL iterations 16
          Linear BackwardEuler-Equation_mg_coarse_ solve converged due to CONVERGED_RTOL iterations 16
    Linear BackwardEuler-Equation_ solve converged due to CONVERGED_RTOL iterations 11
          Linear BackwardEuler-Equation_mg_coarse_ solve converged due to CONVERGED_RTOL iterations 21
          Linear BackwardEuler-Equation_mg_coarse_ solve converged due to CONVERGED_RTOL iterations 18
          Linear BackwardEuler-Equation_mg_coarse_ solve converged due to CONVERGED_RTOL iterations 17
          Linear BackwardEuler-Equation_mg_coarse_ solve converged due to CONVERGED_RTOL iterations 16
          Linear BackwardEuler-Equation_mg_coarse_ solve converged due to CONVERGED_RTOL iterations 17
          Linear BackwardEuler-Equation_mg_coarse_ solve converged due to CONVERGED_RTOL iterations 17
          Linear BackwardEuler-Equation_mg_coarse_ solve converged due to CONVERGED_RTOL iterations 16
          Linear BackwardEuler-Equation_mg_coarse_ solve converged due to CONVERGED_RTOL iterations 17
          Linear BackwardEuler-Equation_mg_coarse_ solve converged due to CONVERGED_RTOL iterations 17
          Linear BackwardEuler-Equation_mg_coarse_ solve converged due to CONVERGED_RTOL iterations 17
          Linear BackwardEuler-Equation_mg_coarse_ solve converged due to CONVERGED_RTOL iterations 17
          Linear BackwardEuler-Equation_mg_coarse_ solve converged due to CONVERGED_RTOL iterations 16
          Linear BackwardEuler-Equation_mg_coarse_ solve converged due to CONVERGED_RTOL iterations 17
          Linear BackwardEuler-Equation_mg_coarse_ solve converged due to CONVERGED_RTOL iterations 17
          Linear BackwardEuler-Equation_mg_coarse_ solve converged due to CONVERGED_RTOL iterations 17
          Linear BackwardEuler-Equation_mg_coarse_ solve converged due to CONVERGED_RTOL iterations 17
          Linear BackwardEuler-Equation_mg_coarse_ solve converged due to CONVERGED_RTOL iterations 17
          Linear BackwardEuler-Equation_mg_coarse_ solve converged due to CONVERGED_RTOL iterations 17
    Linear BackwardEuler-Equation_ solve converged due to CONVERGED_RTOL iterations 18
          Linear BackwardEuler-Equation_mg_coarse_ solve converged due to CONVERGED_RTOL iterations 20
          Linear BackwardEuler-Equation_mg_coarse_ solve converged due to CONVERGED_RTOL iterations 18
          Linear BackwardEuler-Equation_mg_coarse_ solve converged due to CONVERGED_RTOL iterations 16
          Linear BackwardEuler-Equation_mg_coarse_ solve converged due to CONVERGED_RTOL iterations 16
          Linear BackwardEuler-Equation_mg_coarse_ solve converged due to CONVERGED_RTOL iterations 18
          Linear BackwardEuler-Equation_mg_coarse_ solve converged due to CONVERGED_RTOL iterations 17
          Linear BackwardEuler-Equation_mg_coarse_ solve converged due to CONVERGED_RTOL iterations 17
          Linear BackwardEuler-Equation_mg_coarse_ solve converged due to CONVERGED_RTOL iterations 17
          Linear BackwardEuler-Equation_mg_coarse_ solve converged due to CONVERGED_RTOL iterations 17
          Linear BackwardEuler-Equation_mg_coarse_ solve converged due to CONVERGED_RTOL iterations 17
          Linear BackwardEuler-Equation_mg_coarse_ solve converged due to CONVERGED_RTOL iterations 17
          Linear BackwardEuler-Equation_mg_coarse_ solve converged due to CONVERGED_RTOL iterations 17
          Linear BackwardEuler-Equation_mg_coarse_ solve converged due to CONVERGED_RTOL iterations 17
          Linear BackwardEuler-Equation_mg_coarse_ solve converged due to CONVERGED_RTOL iterations 17
          Linear BackwardEuler-Equation_mg_coarse_ solve converged due to CONVERGED_RTOL iterations 17
          Linear BackwardEuler-Equation_mg_coarse_ solve converged due to CONVERGED_RTOL iterations 17
          Linear BackwardEuler-Equation_mg_coarse_ solve converged due to CONVERGED_RTOL iterations 17
          Linear BackwardEuler-Equation_mg_coarse_ solve converged due to CONVERGED_RTOL iterations 17
          Linear BackwardEuler-Equation_mg_coarse_ solve converged due to CONVERGED_RTOL iterations 17
          Linear BackwardEuler-Equation_mg_coarse_ solve converged due to CONVERGED_RTOL iterations 17
          Linear BackwardEuler-Equation_mg_coarse_ solve converged due to CONVERGED_RTOL iterations 17
          Linear BackwardEuler-Equation_mg_coarse_ solve converged due to CONVERGED_RTOL iterations 17
          Linear BackwardEuler-Equation_mg_coarse_ solve converged due to CONVERGED_RTOL iterations 17
    Linear BackwardEuler-Equation_ solve converged due to CONVERGED_RTOL iterations 23
  Nonlinear BackwardEuler-Equation_ solve converged due to CONVERGED_SNORM_RELATIVE iterations 3
t = 9.37 d | step 33/100000 | dt = 43200.0 s | wall 35.78 s | NL 3 | L 52
          Linear BackwardEuler-Equation_mg_coarse_ solve converged due to CONVERGED_RTOL iterations 20
          Linear BackwardEuler-Equation_mg_coarse_ solve converged due to CONVERGED_RTOL iterations 20
          Linear BackwardEuler-Equation_mg_coarse_ solve converged due to CONVERGED_RTOL iterations 19
          Linear BackwardEuler-Equation_mg_coarse_ solve converged due to CONVERGED_RTOL iterations 18
          Linear BackwardEuler-Equation_mg_coarse_ solve converged due to CONVERGED_RTOL iterations 18
          Linear BackwardEuler-Equation_mg_coarse_ solve converged due to CONVERGED_RTOL iterations 16
          Linear BackwardEuler-Equation_mg_coarse_ solve converged due to CONVERGED_RTOL iterations 16
          Linear BackwardEuler-Equation_mg_coarse_ solve converged due to CONVERGED_RTOL iterations 17
          Linear BackwardEuler-Equation_mg_coarse_ solve converged due to CONVERGED_RTOL iterations 17
          Linear BackwardEuler-Equation_mg_coarse_ solve converged due to CONVERGED_RTOL iterations 16
          Linear BackwardEuler-Equation_mg_coarse_ solve converged due to CONVERGED_RTOL iterations 16
    Linear BackwardEuler-Equation_ solve converged due to CONVERGED_RTOL iterations 11
          Linear BackwardEuler-Equation_mg_coarse_ solve converged due to CONVERGED_RTOL iterations 21
          Linear BackwardEuler-Equation_mg_coarse_ solve converged due to CONVERGED_RTOL iterations 18
          Linear BackwardEuler-Equation_mg_coarse_ solve converged due to CONVERGED_RTOL iterations 17
          Linear BackwardEuler-Equation_mg_coarse_ solve converged due to CONVERGED_RTOL iterations 16
          Linear BackwardEuler-Equation_mg_coarse_ solve converged due to CONVERGED_RTOL iterations 16
          Linear BackwardEuler-Equation_mg_coarse_ solve converged due to CONVERGED_RTOL iterations 17
          Linear BackwardEuler-Equation_mg_coarse_ solve converged due to CONVERGED_RTOL iterations 16
          Linear BackwardEuler-Equation_mg_coarse_ solve converged due to CONVERGED_RTOL iterations 17
          Linear BackwardEuler-Equation_mg_coarse_ solve converged due to CONVERGED_RTOL iterations 17
          Linear BackwardEuler-Equation_mg_coarse_ solve converged due to CONVERGED_RTOL iterations 17
          Linear BackwardEuler-Equation_mg_coarse_ solve converged due to CONVERGED_RTOL iterations 17
          Linear BackwardEuler-Equation_mg_coarse_ solve converged due to CONVERGED_RTOL iterations 17
          Linear BackwardEuler-Equation_mg_coarse_ solve converged due to CONVERGED_RTOL iterations 17
          Linear BackwardEuler-Equation_mg_coarse_ solve converged due to CONVERGED_RTOL iterations 17
          Linear BackwardEuler-Equation_mg_coarse_ solve converged due to CONVERGED_RTOL iterations 17
          Linear BackwardEuler-Equation_mg_coarse_ solve converged due to CONVERGED_RTOL iterations 17
          Linear BackwardEuler-Equation_mg_coarse_ solve converged due to CONVERGED_RTOL iterations 17
    Linear BackwardEuler-Equation_ solve converged due to CONVERGED_RTOL iterations 17
          Linear BackwardEuler-Equation_mg_coarse_ solve converged due to CONVERGED_RTOL iterations 19
          Linear BackwardEuler-Equation_mg_coarse_ solve converged due to CONVERGED_RTOL iterations 18
          Linear BackwardEuler-Equation_mg_coarse_ solve converged due to CONVERGED_RTOL iterations 16
          Linear BackwardEuler-Equation_mg_coarse_ solve converged due to CONVERGED_RTOL iterations 17
          Linear BackwardEuler-Equation_mg_coarse_ solve converged due to CONVERGED_RTOL iterations 18
          Linear BackwardEuler-Equation_mg_coarse_ solve converged due to CONVERGED_RTOL iterations 17
          Linear BackwardEuler-Equation_mg_coarse_ solve converged due to CONVERGED_RTOL iterations 17
          Linear BackwardEuler-Equation_mg_coarse_ solve converged due to CONVERGED_RTOL iterations 17
          Linear BackwardEuler-Equation_mg_coarse_ solve converged due to CONVERGED_RTOL iterations 17
          Linear BackwardEuler-Equation_mg_coarse_ solve converged due to CONVERGED_RTOL iterations 17
          Linear BackwardEuler-Equation_mg_coarse_ solve converged due to CONVERGED_RTOL iterations 17
          Linear BackwardEuler-Equation_mg_coarse_ solve converged due to CONVERGED_RTOL iterations 17
          Linear BackwardEuler-Equation_mg_coarse_ solve converged due to CONVERGED_RTOL iterations 17
          Linear BackwardEuler-Equation_mg_coarse_ solve converged due to CONVERGED_RTOL iterations 17
          Linear BackwardEuler-Equation_mg_coarse_ solve converged due to CONVERGED_RTOL iterations 17
          Linear BackwardEuler-Equation_mg_coarse_ solve converged due to CONVERGED_RTOL iterations 17
          Linear BackwardEuler-Equation_mg_coarse_ solve converged due to CONVERGED_RTOL iterations 17
          Linear BackwardEuler-Equation_mg_coarse_ solve converged due to CONVERGED_RTOL iterations 17
          Linear BackwardEuler-Equation_mg_coarse_ solve converged due to CONVERGED_RTOL iterations 17
          Linear BackwardEuler-Equation_mg_coarse_ solve converged due to CONVERGED_RTOL iterations 17
          Linear BackwardEuler-Equation_mg_coarse_ solve converged due to CONVERGED_RTOL iterations 17
          Linear BackwardEuler-Equation_mg_coarse_ solve converged due to CONVERGED_RTOL iterations 17
          Linear BackwardEuler-Equation_mg_coarse_ solve converged due to CONVERGED_RTOL iterations 17
          Linear BackwardEuler-Equation_mg_coarse_ solve converged due to CONVERGED_RTOL iterations 17
    Linear BackwardEuler-Equation_ solve converged due to CONVERGED_RTOL iterations 24
  Nonlinear BackwardEuler-Equation_ solve converged due to CONVERGED_SNORM_RELATIVE iterations 3
t = 9.87 d | step 34/100000 | dt = 43200.0 s | wall 35.74 s | NL 3 | L 52
          Linear BackwardEuler-Equation_mg_coarse_ solve converged due to CONVERGED_RTOL iterations 20
          Linear BackwardEuler-Equation_mg_coarse_ solve converged due to CONVERGED_RTOL iterations 20
          Linear BackwardEuler-Equation_mg_coarse_ solve converged due to CONVERGED_RTOL iterations 19
          Linear BackwardEuler-Equation_mg_coarse_ solve converged due to CONVERGED_RTOL iterations 18
          Linear BackwardEuler-Equation_mg_coarse_ solve converged due to CONVERGED_RTOL iterations 18
          Linear BackwardEuler-Equation_mg_coarse_ solve converged due to CONVERGED_RTOL iterations 16
          Linear BackwardEuler-Equation_mg_coarse_ solve converged due to CONVERGED_RTOL iterations 15
          Linear BackwardEuler-Equation_mg_coarse_ solve converged due to CONVERGED_RTOL iterations 17
          Linear BackwardEuler-Equation_mg_coarse_ solve converged due to CONVERGED_RTOL iterations 17
          Linear BackwardEuler-Equation_mg_coarse_ solve converged due to CONVERGED_RTOL iterations 16
          Linear BackwardEuler-Equation_mg_coarse_ solve converged due to CONVERGED_RTOL iterations 16
    Linear BackwardEuler-Equation_ solve converged due to CONVERGED_RTOL iterations 11
          Linear BackwardEuler-Equation_mg_coarse_ solve converged due to CONVERGED_RTOL iterations 21
          Linear BackwardEuler-Equation_mg_coarse_ solve converged due to CONVERGED_RTOL iterations 18
          Linear BackwardEuler-Equation_mg_coarse_ solve converged due to CONVERGED_RTOL iterations 17
          Linear BackwardEuler-Equation_mg_coarse_ solve converged due to CONVERGED_RTOL iterations 16
          Linear BackwardEuler-Equation_mg_coarse_ solve converged due to CONVERGED_RTOL iterations 16
          Linear BackwardEuler-Equation_mg_coarse_ solve converged due to CONVERGED_RTOL iterations 17
          Linear BackwardEuler-Equation_mg_coarse_ solve converged due to CONVERGED_RTOL iterations 16
          Linear BackwardEuler-Equation_mg_coarse_ solve converged due to CONVERGED_RTOL iterations 17
          Linear BackwardEuler-Equation_mg_coarse_ solve converged due to CONVERGED_RTOL iterations 17
          Linear BackwardEuler-Equation_mg_coarse_ solve converged due to CONVERGED_RTOL iterations 17
          Linear BackwardEuler-Equation_mg_coarse_ solve converged due to CONVERGED_RTOL iterations 17
          Linear BackwardEuler-Equation_mg_coarse_ solve converged due to CONVERGED_RTOL iterations 17
          Linear BackwardEuler-Equation_mg_coarse_ solve converged due to CONVERGED_RTOL iterations 17
          Linear BackwardEuler-Equation_mg_coarse_ solve converged due to CONVERGED_RTOL iterations 17
          Linear BackwardEuler-Equation_mg_coarse_ solve converged due to CONVERGED_RTOL iterations 17
          Linear BackwardEuler-Equation_mg_coarse_ solve converged due to CONVERGED_RTOL iterations 17
          Linear BackwardEuler-Equation_mg_coarse_ solve converged due to CONVERGED_RTOL iterations 17
    Linear BackwardEuler-Equation_ solve converged due to CONVERGED_RTOL iterations 17
          Linear BackwardEuler-Equation_mg_coarse_ solve converged due to CONVERGED_RTOL iterations 19
          Linear BackwardEuler-Equation_mg_coarse_ solve converged due to CONVERGED_RTOL iterations 17
          Linear BackwardEuler-Equation_mg_coarse_ solve converged due to CONVERGED_RTOL iterations 16
          Linear BackwardEuler-Equation_mg_coarse_ solve converged due to CONVERGED_RTOL iterations 17
          Linear BackwardEuler-Equation_mg_coarse_ solve converged due to CONVERGED_RTOL iterations 17
          Linear BackwardEuler-Equation_mg_coarse_ solve converged due to CONVERGED_RTOL iterations 17
          Linear BackwardEuler-Equation_mg_coarse_ solve converged due to CONVERGED_RTOL iterations 17
          Linear BackwardEuler-Equation_mg_coarse_ solve converged due to CONVERGED_RTOL iterations 17
          Linear BackwardEuler-Equation_mg_coarse_ solve converged due to CONVERGED_RTOL iterations 17
          Linear BackwardEuler-Equation_mg_coarse_ solve converged due to CONVERGED_RTOL iterations 17
          Linear BackwardEuler-Equation_mg_coarse_ solve converged due to CONVERGED_RTOL iterations 17
          Linear BackwardEuler-Equation_mg_coarse_ solve converged due to CONVERGED_RTOL iterations 17
          Linear BackwardEuler-Equation_mg_coarse_ solve converged due to CONVERGED_RTOL iterations 17
          Linear BackwardEuler-Equation_mg_coarse_ solve converged due to CONVERGED_RTOL iterations 17
          Linear BackwardEuler-Equation_mg_coarse_ solve converged due to CONVERGED_RTOL iterations 17
          Linear BackwardEuler-Equation_mg_coarse_ solve converged due to CONVERGED_RTOL iterations 17
          Linear BackwardEuler-Equation_mg_coarse_ solve converged due to CONVERGED_RTOL iterations 17
          Linear BackwardEuler-Equation_mg_coarse_ solve converged due to CONVERGED_RTOL iterations 17
          Linear BackwardEuler-Equation_mg_coarse_ solve converged due to CONVERGED_RTOL iterations 17
          Linear BackwardEuler-Equation_mg_coarse_ solve converged due to CONVERGED_RTOL iterations 17
          Linear BackwardEuler-Equation_mg_coarse_ solve converged due to CONVERGED_RTOL iterations 17
          Linear BackwardEuler-Equation_mg_coarse_ solve converged due to CONVERGED_RTOL iterations 17
          Linear BackwardEuler-Equation_mg_coarse_ solve converged due to CONVERGED_RTOL iterations 17
          Linear BackwardEuler-Equation_mg_coarse_ solve converged due to CONVERGED_RTOL iterations 17
    Linear BackwardEuler-Equation_ solve converged due to CONVERGED_RTOL iterations 24
  Nonlinear BackwardEuler-Equation_ solve converged due to CONVERGED_SNORM_RELATIVE iterations 3
t = 10.37 d | step 35/100000 | dt = 43200.0 s | wall 35.76 s | NL 3 | L 52
          Linear BackwardEuler-Equation_mg_coarse_ solve converged due to CONVERGED_RTOL iterations 20
          Linear BackwardEuler-Equation_mg_coarse_ solve converged due to CONVERGED_RTOL iterations 20
          Linear BackwardEuler-Equation_mg_coarse_ solve converged due to CONVERGED_RTOL iterations 19
          Linear BackwardEuler-Equation_mg_coarse_ solve converged due to CONVERGED_RTOL iterations 18
          Linear BackwardEuler-Equation_mg_coarse_ solve converged due to CONVERGED_RTOL iterations 18
          Linear BackwardEuler-Equation_mg_coarse_ solve converged due to CONVERGED_RTOL iterations 16
          Linear BackwardEuler-Equation_mg_coarse_ solve converged due to CONVERGED_RTOL iterations 15
          Linear BackwardEuler-Equation_mg_coarse_ solve converged due to CONVERGED_RTOL iterations 17
          Linear BackwardEuler-Equation_mg_coarse_ solve converged due to CONVERGED_RTOL iterations 17
          Linear BackwardEuler-Equation_mg_coarse_ solve converged due to CONVERGED_RTOL iterations 16
          Linear BackwardEuler-Equation_mg_coarse_ solve converged due to CONVERGED_RTOL iterations 16
    Linear BackwardEuler-Equation_ solve converged due to CONVERGED_RTOL iterations 11
          Linear BackwardEuler-Equation_mg_coarse_ solve converged due to CONVERGED_RTOL iterations 21
          Linear BackwardEuler-Equation_mg_coarse_ solve converged due to CONVERGED_RTOL iterations 18
          Linear BackwardEuler-Equation_mg_coarse_ solve converged due to CONVERGED_RTOL iterations 17
          Linear BackwardEuler-Equation_mg_coarse_ solve converged due to CONVERGED_RTOL iterations 16
          Linear BackwardEuler-Equation_mg_coarse_ solve converged due to CONVERGED_RTOL iterations 16
          Linear BackwardEuler-Equation_mg_coarse_ solve converged due to CONVERGED_RTOL iterations 17
          Linear BackwardEuler-Equation_mg_coarse_ solve converged due to CONVERGED_RTOL iterations 16
          Linear BackwardEuler-Equation_mg_coarse_ solve converged due to CONVERGED_RTOL iterations 16
          Linear BackwardEuler-Equation_mg_coarse_ solve converged due to CONVERGED_RTOL iterations 17
          Linear BackwardEuler-Equation_mg_coarse_ solve converged due to CONVERGED_RTOL iterations 17
          Linear BackwardEuler-Equation_mg_coarse_ solve converged due to CONVERGED_RTOL iterations 17
          Linear BackwardEuler-Equation_mg_coarse_ solve converged due to CONVERGED_RTOL iterations 17
          Linear BackwardEuler-Equation_mg_coarse_ solve converged due to CONVERGED_RTOL iterations 17
          Linear BackwardEuler-Equation_mg_coarse_ solve converged due to CONVERGED_RTOL iterations 17
          Linear BackwardEuler-Equation_mg_coarse_ solve converged due to CONVERGED_RTOL iterations 17
          Linear BackwardEuler-Equation_mg_coarse_ solve converged due to CONVERGED_RTOL iterations 17
          Linear BackwardEuler-Equation_mg_coarse_ solve converged due to CONVERGED_RTOL iterations 17
          Linear BackwardEuler-Equation_mg_coarse_ solve converged due to CONVERGED_RTOL iterations 17
          Linear BackwardEuler-Equation_mg_coarse_ solve converged due to CONVERGED_RTOL iterations 17
    Linear BackwardEuler-Equation_ solve converged due to CONVERGED_RTOL iterations 19
          Linear BackwardEuler-Equation_mg_coarse_ solve converged due to CONVERGED_RTOL iterations 20
          Linear BackwardEuler-Equation_mg_coarse_ solve converged due to CONVERGED_RTOL iterations 18
          Linear BackwardEuler-Equation_mg_coarse_ solve converged due to CONVERGED_RTOL iterations 16
          Linear BackwardEuler-Equation_mg_coarse_ solve converged due to CONVERGED_RTOL iterations 16
          Linear BackwardEuler-Equation_mg_coarse_ solve converged due to CONVERGED_RTOL iterations 17
          Linear BackwardEuler-Equation_mg_coarse_ solve converged due to CONVERGED_RTOL iterations 17
          Linear BackwardEuler-Equation_mg_coarse_ solve converged due to CONVERGED_RTOL iterations 16
          Linear BackwardEuler-Equation_mg_coarse_ solve converged due to CONVERGED_RTOL iterations 17
          Linear BackwardEuler-Equation_mg_coarse_ solve converged due to CONVERGED_RTOL iterations 17
          Linear BackwardEuler-Equation_mg_coarse_ solve converged due to CONVERGED_RTOL iterations 17
          Linear BackwardEuler-Equation_mg_coarse_ solve converged due to CONVERGED_RTOL iterations 17
          Linear BackwardEuler-Equation_mg_coarse_ solve converged due to CONVERGED_RTOL iterations 17
          Linear BackwardEuler-Equation_mg_coarse_ solve converged due to CONVERGED_RTOL iterations 17
          Linear BackwardEuler-Equation_mg_coarse_ solve converged due to CONVERGED_RTOL iterations 17
          Linear BackwardEuler-Equation_mg_coarse_ solve converged due to CONVERGED_RTOL iterations 17
          Linear BackwardEuler-Equation_mg_coarse_ solve converged due to CONVERGED_RTOL iterations 17
          Linear BackwardEuler-Equation_mg_coarse_ solve converged due to CONVERGED_RTOL iterations 17
          Linear BackwardEuler-Equation_mg_coarse_ solve converged due to CONVERGED_RTOL iterations 17
          Linear BackwardEuler-Equation_mg_coarse_ solve converged due to CONVERGED_RTOL iterations 17
          Linear BackwardEuler-Equation_mg_coarse_ solve converged due to CONVERGED_RTOL iterations 17
          Linear BackwardEuler-Equation_mg_coarse_ solve converged due to CONVERGED_RTOL iterations 17
          Linear BackwardEuler-Equation_mg_coarse_ solve converged due to CONVERGED_RTOL iterations 17
    Linear BackwardEuler-Equation_ solve converged due to CONVERGED_RTOL iterations 22
  Nonlinear BackwardEuler-Equation_ solve converged due to CONVERGED_SNORM_RELATIVE iterations 3
t = 10.87 d | step 36/100000 | dt = 43200.0 s | wall 35.72 s | NL 3 | L 52
          Linear BackwardEuler-Equation_mg_coarse_ solve converged due to CONVERGED_RTOL iterations 20
          Linear BackwardEuler-Equation_mg_coarse_ solve converged due to CONVERGED_RTOL iterations 20
          Linear BackwardEuler-Equation_mg_coarse_ solve converged due to CONVERGED_RTOL iterations 19
          Linear BackwardEuler-Equation_mg_coarse_ solve converged due to CONVERGED_RTOL iterations 18
          Linear BackwardEuler-Equation_mg_coarse_ solve converged due to CONVERGED_RTOL iterations 18
          Linear BackwardEuler-Equation_mg_coarse_ solve converged due to CONVERGED_RTOL iterations 16
          Linear BackwardEuler-Equation_mg_coarse_ solve converged due to CONVERGED_RTOL iterations 15
          Linear BackwardEuler-Equation_mg_coarse_ solve converged due to CONVERGED_RTOL iterations 17
          Linear BackwardEuler-Equation_mg_coarse_ solve converged due to CONVERGED_RTOL iterations 17
          Linear BackwardEuler-Equation_mg_coarse_ solve converged due to CONVERGED_RTOL iterations 16
          Linear BackwardEuler-Equation_mg_coarse_ solve converged due to CONVERGED_RTOL iterations 16
    Linear BackwardEuler-Equation_ solve converged due to CONVERGED_RTOL iterations 11
          Linear BackwardEuler-Equation_mg_coarse_ solve converged due to CONVERGED_RTOL iterations 21
          Linear BackwardEuler-Equation_mg_coarse_ solve converged due to CONVERGED_RTOL iterations 18
          Linear BackwardEuler-Equation_mg_coarse_ solve converged due to CONVERGED_RTOL iterations 18
          Linear BackwardEuler-Equation_mg_coarse_ solve converged due to CONVERGED_RTOL iterations 16
          Linear BackwardEuler-Equation_mg_coarse_ solve converged due to CONVERGED_RTOL iterations 16
          Linear BackwardEuler-Equation_mg_coarse_ solve converged due to CONVERGED_RTOL iterations 17
          Linear BackwardEuler-Equation_mg_coarse_ solve converged due to CONVERGED_RTOL iterations 16
          Linear BackwardEuler-Equation_mg_coarse_ solve converged due to CONVERGED_RTOL iterations 16
          Linear BackwardEuler-Equation_mg_coarse_ solve converged due to CONVERGED_RTOL iterations 17
          Linear BackwardEuler-Equation_mg_coarse_ solve converged due to CONVERGED_RTOL iterations 17
          Linear BackwardEuler-Equation_mg_coarse_ solve converged due to CONVERGED_RTOL iterations 17
          Linear BackwardEuler-Equation_mg_coarse_ solve converged due to CONVERGED_RTOL iterations 16
          Linear BackwardEuler-Equation_mg_coarse_ solve converged due to CONVERGED_RTOL iterations 16
          Linear BackwardEuler-Equation_mg_coarse_ solve converged due to CONVERGED_RTOL iterations 17
          Linear BackwardEuler-Equation_mg_coarse_ solve converged due to CONVERGED_RTOL iterations 17
          Linear BackwardEuler-Equation_mg_coarse_ solve converged due to CONVERGED_RTOL iterations 17
          Linear BackwardEuler-Equation_mg_coarse_ solve converged due to CONVERGED_RTOL iterations 16
          Linear BackwardEuler-Equation_mg_coarse_ solve converged due to CONVERGED_RTOL iterations 17
          Linear BackwardEuler-Equation_mg_coarse_ solve converged due to CONVERGED_RTOL iterations 17
    Linear BackwardEuler-Equation_ solve converged due to CONVERGED_RTOL iterations 19
          Linear BackwardEuler-Equation_mg_coarse_ solve converged due to CONVERGED_RTOL iterations 20
          Linear BackwardEuler-Equation_mg_coarse_ solve converged due to CONVERGED_RTOL iterations 18
          Linear BackwardEuler-Equation_mg_coarse_ solve converged due to CONVERGED_RTOL iterations 16
          Linear BackwardEuler-Equation_mg_coarse_ solve converged due to CONVERGED_RTOL iterations 16
          Linear BackwardEuler-Equation_mg_coarse_ solve converged due to CONVERGED_RTOL iterations 17
          Linear BackwardEuler-Equation_mg_coarse_ solve converged due to CONVERGED_RTOL iterations 16
          Linear BackwardEuler-Equation_mg_coarse_ solve converged due to CONVERGED_RTOL iterations 16
          Linear BackwardEuler-Equation_mg_coarse_ solve converged due to CONVERGED_RTOL iterations 17
          Linear BackwardEuler-Equation_mg_coarse_ solve converged due to CONVERGED_RTOL iterations 17
          Linear BackwardEuler-Equation_mg_coarse_ solve converged due to CONVERGED_RTOL iterations 16
          Linear BackwardEuler-Equation_mg_coarse_ solve converged due to CONVERGED_RTOL iterations 17
          Linear BackwardEuler-Equation_mg_coarse_ solve converged due to CONVERGED_RTOL iterations 17
          Linear BackwardEuler-Equation_mg_coarse_ solve converged due to CONVERGED_RTOL iterations 17
          Linear BackwardEuler-Equation_mg_coarse_ solve converged due to CONVERGED_RTOL iterations 17
          Linear BackwardEuler-Equation_mg_coarse_ solve converged due to CONVERGED_RTOL iterations 17
          Linear BackwardEuler-Equation_mg_coarse_ solve converged due to CONVERGED_RTOL iterations 17
          Linear BackwardEuler-Equation_mg_coarse_ solve converged due to CONVERGED_RTOL iterations 17
          Linear BackwardEuler-Equation_mg_coarse_ solve converged due to CONVERGED_RTOL iterations 17
          Linear BackwardEuler-Equation_mg_coarse_ solve converged due to CONVERGED_RTOL iterations 17
          Linear BackwardEuler-Equation_mg_coarse_ solve converged due to CONVERGED_RTOL iterations 17
          Linear BackwardEuler-Equation_mg_coarse_ solve converged due to CONVERGED_RTOL iterations 17
          Linear BackwardEuler-Equation_mg_coarse_ solve converged due to CONVERGED_RTOL iterations 17
          Linear BackwardEuler-Equation_mg_coarse_ solve converged due to CONVERGED_RTOL iterations 17
          Linear BackwardEuler-Equation_mg_coarse_ solve converged due to CONVERGED_RTOL iterations 17
    Linear BackwardEuler-Equation_ solve converged due to CONVERGED_RTOL iterations 24
  Nonlinear BackwardEuler-Equation_ solve converged due to CONVERGED_SNORM_RELATIVE iterations 3
t = 11.37 d | step 37/100000 | dt = 43200.0 s | wall 36.72 s | NL 3 | L 54
          Linear BackwardEuler-Equation_mg_coarse_ solve converged due to CONVERGED_RTOL iterations 20
          Linear BackwardEuler-Equation_mg_coarse_ solve converged due to CONVERGED_RTOL iterations 20
          Linear BackwardEuler-Equation_mg_coarse_ solve converged due to CONVERGED_RTOL iterations 19
          Linear BackwardEuler-Equation_mg_coarse_ solve converged due to CONVERGED_RTOL iterations 18
          Linear BackwardEuler-Equation_mg_coarse_ solve converged due to CONVERGED_RTOL iterations 17
          Linear BackwardEuler-Equation_mg_coarse_ solve converged due to CONVERGED_RTOL iterations 16
          Linear BackwardEuler-Equation_mg_coarse_ solve converged due to CONVERGED_RTOL iterations 15
          Linear BackwardEuler-Equation_mg_coarse_ solve converged due to CONVERGED_RTOL iterations 17
          Linear BackwardEuler-Equation_mg_coarse_ solve converged due to CONVERGED_RTOL iterations 17
          Linear BackwardEuler-Equation_mg_coarse_ solve converged due to CONVERGED_RTOL iterations 16
          Linear BackwardEuler-Equation_mg_coarse_ solve converged due to CONVERGED_RTOL iterations 16
    Linear BackwardEuler-Equation_ solve converged due to CONVERGED_RTOL iterations 11
          Linear BackwardEuler-Equation_mg_coarse_ solve converged due to CONVERGED_RTOL iterations 21
          Linear BackwardEuler-Equation_mg_coarse_ solve converged due to CONVERGED_RTOL iterations 18
          Linear BackwardEuler-Equation_mg_coarse_ solve converged due to CONVERGED_RTOL iterations 17
          Linear BackwardEuler-Equation_mg_coarse_ solve converged due to CONVERGED_RTOL iterations 16
          Linear BackwardEuler-Equation_mg_coarse_ solve converged due to CONVERGED_RTOL iterations 16
          Linear BackwardEuler-Equation_mg_coarse_ solve converged due to CONVERGED_RTOL iterations 17
          Linear BackwardEuler-Equation_mg_coarse_ solve converged due to CONVERGED_RTOL iterations 16
          Linear BackwardEuler-Equation_mg_coarse_ solve converged due to CONVERGED_RTOL iterations 16
          Linear BackwardEuler-Equation_mg_coarse_ solve converged due to CONVERGED_RTOL iterations 17
          Linear BackwardEuler-Equation_mg_coarse_ solve converged due to CONVERGED_RTOL iterations 17
          Linear BackwardEuler-Equation_mg_coarse_ solve converged due to CONVERGED_RTOL iterations 17
          Linear BackwardEuler-Equation_mg_coarse_ solve converged due to CONVERGED_RTOL iterations 17
          Linear BackwardEuler-Equation_mg_coarse_ solve converged due to CONVERGED_RTOL iterations 17
          Linear BackwardEuler-Equation_mg_coarse_ solve converged due to CONVERGED_RTOL iterations 17
          Linear BackwardEuler-Equation_mg_coarse_ solve converged due to CONVERGED_RTOL iterations 17
          Linear BackwardEuler-Equation_mg_coarse_ solve converged due to CONVERGED_RTOL iterations 17
          Linear BackwardEuler-Equation_mg_coarse_ solve converged due to CONVERGED_RTOL iterations 17
          Linear BackwardEuler-Equation_mg_coarse_ solve converged due to CONVERGED_RTOL iterations 17
    Linear BackwardEuler-Equation_ solve converged due to CONVERGED_RTOL iterations 18
          Linear BackwardEuler-Equation_mg_coarse_ solve converged due to CONVERGED_RTOL iterations 20
          Linear BackwardEuler-Equation_mg_coarse_ solve converged due to CONVERGED_RTOL iterations 18
          Linear BackwardEuler-Equation_mg_coarse_ solve converged due to CONVERGED_RTOL iterations 16
          Linear BackwardEuler-Equation_mg_coarse_ solve converged due to CONVERGED_RTOL iterations 17
          Linear BackwardEuler-Equation_mg_coarse_ solve converged due to CONVERGED_RTOL iterations 18
          Linear BackwardEuler-Equation_mg_coarse_ solve converged due to CONVERGED_RTOL iterations 17
          Linear BackwardEuler-Equation_mg_coarse_ solve converged due to CONVERGED_RTOL iterations 17
          Linear BackwardEuler-Equation_mg_coarse_ solve converged due to CONVERGED_RTOL iterations 17
          Linear BackwardEuler-Equation_mg_coarse_ solve converged due to CONVERGED_RTOL iterations 17
          Linear BackwardEuler-Equation_mg_coarse_ solve converged due to CONVERGED_RTOL iterations 17
          Linear BackwardEuler-Equation_mg_coarse_ solve converged due to CONVERGED_RTOL iterations 17
          Linear BackwardEuler-Equation_mg_coarse_ solve converged due to CONVERGED_RTOL iterations 17
          Linear BackwardEuler-Equation_mg_coarse_ solve converged due to CONVERGED_RTOL iterations 17
          Linear BackwardEuler-Equation_mg_coarse_ solve converged due to CONVERGED_RTOL iterations 17
          Linear BackwardEuler-Equation_mg_coarse_ solve converged due to CONVERGED_RTOL iterations 17
          Linear BackwardEuler-Equation_mg_coarse_ solve converged due to CONVERGED_RTOL iterations 17
          Linear BackwardEuler-Equation_mg_coarse_ solve converged due to CONVERGED_RTOL iterations 17
          Linear BackwardEuler-Equation_mg_coarse_ solve converged due to CONVERGED_RTOL iterations 17
          Linear BackwardEuler-Equation_mg_coarse_ solve converged due to CONVERGED_RTOL iterations 17
          Linear BackwardEuler-Equation_mg_coarse_ solve converged due to CONVERGED_RTOL iterations 17
          Linear BackwardEuler-Equation_mg_coarse_ solve converged due to CONVERGED_RTOL iterations 17
          Linear BackwardEuler-Equation_mg_coarse_ solve converged due to CONVERGED_RTOL iterations 17
          Linear BackwardEuler-Equation_mg_coarse_ solve converged due to CONVERGED_RTOL iterations 17
          Linear BackwardEuler-Equation_mg_coarse_ solve converged due to CONVERGED_RTOL iterations 17
    Linear BackwardEuler-Equation_ solve converged due to CONVERGED_RTOL iterations 24
  Nonlinear BackwardEuler-Equation_ solve converged due to CONVERGED_SNORM_RELATIVE iterations 3
t = 11.87 d | step 38/100000 | dt = 43200.0 s | wall 36.20 s | NL 3 | L 53
          Linear BackwardEuler-Equation_mg_coarse_ solve converged due to CONVERGED_RTOL iterations 20
          Linear BackwardEuler-Equation_mg_coarse_ solve converged due to CONVERGED_RTOL iterations 20
          Linear BackwardEuler-Equation_mg_coarse_ solve converged due to CONVERGED_RTOL iterations 19
          Linear BackwardEuler-Equation_mg_coarse_ solve converged due to CONVERGED_RTOL iterations 18
          Linear BackwardEuler-Equation_mg_coarse_ solve converged due to CONVERGED_RTOL iterations 18
          Linear BackwardEuler-Equation_mg_coarse_ solve converged due to CONVERGED_RTOL iterations 16
          Linear BackwardEuler-Equation_mg_coarse_ solve converged due to CONVERGED_RTOL iterations 16
          Linear BackwardEuler-Equation_mg_coarse_ solve converged due to CONVERGED_RTOL iterations 17
          Linear BackwardEuler-Equation_mg_coarse_ solve converged due to CONVERGED_RTOL iterations 17
          Linear BackwardEuler-Equation_mg_coarse_ solve converged due to CONVERGED_RTOL iterations 16
          Linear BackwardEuler-Equation_mg_coarse_ solve converged due to CONVERGED_RTOL iterations 16
    Linear BackwardEuler-Equation_ solve converged due to CONVERGED_RTOL iterations 11
          Linear BackwardEuler-Equation_mg_coarse_ solve converged due to CONVERGED_RTOL iterations 21
          Linear BackwardEuler-Equation_mg_coarse_ solve converged due to CONVERGED_RTOL iterations 18
          Linear BackwardEuler-Equation_mg_coarse_ solve converged due to CONVERGED_RTOL iterations 18
          Linear BackwardEuler-Equation_mg_coarse_ solve converged due to CONVERGED_RTOL iterations 16
          Linear BackwardEuler-Equation_mg_coarse_ solve converged due to CONVERGED_RTOL iterations 17
          Linear BackwardEuler-Equation_mg_coarse_ solve converged due to CONVERGED_RTOL iterations 17
          Linear BackwardEuler-Equation_mg_coarse_ solve converged due to CONVERGED_RTOL iterations 16
          Linear BackwardEuler-Equation_mg_coarse_ solve converged due to CONVERGED_RTOL iterations 17
          Linear BackwardEuler-Equation_mg_coarse_ solve converged due to CONVERGED_RTOL iterations 17
          Linear BackwardEuler-Equation_mg_coarse_ solve converged due to CONVERGED_RTOL iterations 17
          Linear BackwardEuler-Equation_mg_coarse_ solve converged due to CONVERGED_RTOL iterations 17
          Linear BackwardEuler-Equation_mg_coarse_ solve converged due to CONVERGED_RTOL iterations 17
          Linear BackwardEuler-Equation_mg_coarse_ solve converged due to CONVERGED_RTOL iterations 17
          Linear BackwardEuler-Equation_mg_coarse_ solve converged due to CONVERGED_RTOL iterations 18
          Linear BackwardEuler-Equation_mg_coarse_ solve converged due to CONVERGED_RTOL iterations 17
          Linear BackwardEuler-Equation_mg_coarse_ solve converged due to CONVERGED_RTOL iterations 17
    Linear BackwardEuler-Equation_ solve converged due to CONVERGED_RTOL iterations 16
          Linear BackwardEuler-Equation_mg_coarse_ solve converged due to CONVERGED_RTOL iterations 19
          Linear BackwardEuler-Equation_mg_coarse_ solve converged due to CONVERGED_RTOL iterations 18
          Linear BackwardEuler-Equation_mg_coarse_ solve converged due to CONVERGED_RTOL iterations 16
          Linear BackwardEuler-Equation_mg_coarse_ solve converged due to CONVERGED_RTOL iterations 17
          Linear BackwardEuler-Equation_mg_coarse_ solve converged due to CONVERGED_RTOL iterations 18
          Linear BackwardEuler-Equation_mg_coarse_ solve converged due to CONVERGED_RTOL iterations 17
          Linear BackwardEuler-Equation_mg_coarse_ solve converged due to CONVERGED_RTOL iterations 17
          Linear BackwardEuler-Equation_mg_coarse_ solve converged due to CONVERGED_RTOL iterations 17
          Linear BackwardEuler-Equation_mg_coarse_ solve converged due to CONVERGED_RTOL iterations 17
          Linear BackwardEuler-Equation_mg_coarse_ solve converged due to CONVERGED_RTOL iterations 17
          Linear BackwardEuler-Equation_mg_coarse_ solve converged due to CONVERGED_RTOL iterations 17
          Linear BackwardEuler-Equation_mg_coarse_ solve converged due to CONVERGED_RTOL iterations 17
          Linear BackwardEuler-Equation_mg_coarse_ solve converged due to CONVERGED_RTOL iterations 17
          Linear BackwardEuler-Equation_mg_coarse_ solve converged due to CONVERGED_RTOL iterations 17
          Linear BackwardEuler-Equation_mg_coarse_ solve converged due to CONVERGED_RTOL iterations 17
          Linear BackwardEuler-Equation_mg_coarse_ solve converged due to CONVERGED_RTOL iterations 17
          Linear BackwardEuler-Equation_mg_coarse_ solve converged due to CONVERGED_RTOL iterations 17
          Linear BackwardEuler-Equation_mg_coarse_ solve converged due to CONVERGED_RTOL iterations 17
          Linear BackwardEuler-Equation_mg_coarse_ solve converged due to CONVERGED_RTOL iterations 17
          Linear BackwardEuler-Equation_mg_coarse_ solve converged due to CONVERGED_RTOL iterations 17
          Linear BackwardEuler-Equation_mg_coarse_ solve converged due to CONVERGED_RTOL iterations 17
          Linear BackwardEuler-Equation_mg_coarse_ solve converged due to CONVERGED_RTOL iterations 17
          Linear BackwardEuler-Equation_mg_coarse_ solve converged due to CONVERGED_RTOL iterations 17
          Linear BackwardEuler-Equation_mg_coarse_ solve converged due to CONVERGED_RTOL iterations 17
          Linear BackwardEuler-Equation_mg_coarse_ solve converged due to CONVERGED_RTOL iterations 17
    Linear BackwardEuler-Equation_ solve converged due to CONVERGED_RTOL iterations 25
  Nonlinear BackwardEuler-Equation_ solve converged due to CONVERGED_SNORM_RELATIVE iterations 3
t = 12.37 d | step 39/100000 | dt = 43200.0 s | wall 36.07 s | NL 3 | L 52
          Linear BackwardEuler-Equation_mg_coarse_ solve converged due to CONVERGED_RTOL iterations 20
          Linear BackwardEuler-Equation_mg_coarse_ solve converged due to CONVERGED_RTOL iterations 20
          Linear BackwardEuler-Equation_mg_coarse_ solve converged due to CONVERGED_RTOL iterations 19
          Linear BackwardEuler-Equation_mg_coarse_ solve converged due to CONVERGED_RTOL iterations 18
          Linear BackwardEuler-Equation_mg_coarse_ solve converged due to CONVERGED_RTOL iterations 18
          Linear BackwardEuler-Equation_mg_coarse_ solve converged due to CONVERGED_RTOL iterations 16
          Linear BackwardEuler-Equation_mg_coarse_ solve converged due to CONVERGED_RTOL iterations 16
          Linear BackwardEuler-Equation_mg_coarse_ solve converged due to CONVERGED_RTOL iterations 17
          Linear BackwardEuler-Equation_mg_coarse_ solve converged due to CONVERGED_RTOL iterations 17
          Linear BackwardEuler-Equation_mg_coarse_ solve converged due to CONVERGED_RTOL iterations 16
          Linear BackwardEuler-Equation_mg_coarse_ solve converged due to CONVERGED_RTOL iterations 17
    Linear BackwardEuler-Equation_ solve converged due to CONVERGED_RTOL iterations 11
          Linear BackwardEuler-Equation_mg_coarse_ solve converged due to CONVERGED_RTOL iterations 21
          Linear BackwardEuler-Equation_mg_coarse_ solve converged due to CONVERGED_RTOL iterations 18
          Linear BackwardEuler-Equation_mg_coarse_ solve converged due to CONVERGED_RTOL iterations 17
          Linear BackwardEuler-Equation_mg_coarse_ solve converged due to CONVERGED_RTOL iterations 16
          Linear BackwardEuler-Equation_mg_coarse_ solve converged due to CONVERGED_RTOL iterations 16
          Linear BackwardEuler-Equation_mg_coarse_ solve converged due to CONVERGED_RTOL iterations 17
          Linear BackwardEuler-Equation_mg_coarse_ solve converged due to CONVERGED_RTOL iterations 16
          Linear BackwardEuler-Equation_mg_coarse_ solve converged due to CONVERGED_RTOL iterations 16
          Linear BackwardEuler-Equation_mg_coarse_ solve converged due to CONVERGED_RTOL iterations 17
          Linear BackwardEuler-Equation_mg_coarse_ solve converged due to CONVERGED_RTOL iterations 17
          Linear BackwardEuler-Equation_mg_coarse_ solve converged due to CONVERGED_RTOL iterations 17
          Linear BackwardEuler-Equation_mg_coarse_ solve converged due to CONVERGED_RTOL iterations 16
          Linear BackwardEuler-Equation_mg_coarse_ solve converged due to CONVERGED_RTOL iterations 16
          Linear BackwardEuler-Equation_mg_coarse_ solve converged due to CONVERGED_RTOL iterations 17
          Linear BackwardEuler-Equation_mg_coarse_ solve converged due to CONVERGED_RTOL iterations 17
          Linear BackwardEuler-Equation_mg_coarse_ solve converged due to CONVERGED_RTOL iterations 17
          Linear BackwardEuler-Equation_mg_coarse_ solve converged due to CONVERGED_RTOL iterations 17
          Linear BackwardEuler-Equation_mg_coarse_ solve converged due to CONVERGED_RTOL iterations 17
    Linear BackwardEuler-Equation_ solve converged due to CONVERGED_RTOL iterations 18
          Linear BackwardEuler-Equation_mg_coarse_ solve converged due to CONVERGED_RTOL iterations 20
          Linear BackwardEuler-Equation_mg_coarse_ solve converged due to CONVERGED_RTOL iterations 18
          Linear BackwardEuler-Equation_mg_coarse_ solve converged due to CONVERGED_RTOL iterations 16
          Linear BackwardEuler-Equation_mg_coarse_ solve converged due to CONVERGED_RTOL iterations 16
          Linear BackwardEuler-Equation_mg_coarse_ solve converged due to CONVERGED_RTOL iterations 17
          Linear BackwardEuler-Equation_mg_coarse_ solve converged due to CONVERGED_RTOL iterations 17
          Linear BackwardEuler-Equation_mg_coarse_ solve converged due to CONVERGED_RTOL iterations 17
          Linear BackwardEuler-Equation_mg_coarse_ solve converged due to CONVERGED_RTOL iterations 17
          Linear BackwardEuler-Equation_mg_coarse_ solve converged due to CONVERGED_RTOL iterations 17
          Linear BackwardEuler-Equation_mg_coarse_ solve converged due to CONVERGED_RTOL iterations 17
          Linear BackwardEuler-Equation_mg_coarse_ solve converged due to CONVERGED_RTOL iterations 17
          Linear BackwardEuler-Equation_mg_coarse_ solve converged due to CONVERGED_RTOL iterations 17
          Linear BackwardEuler-Equation_mg_coarse_ solve converged due to CONVERGED_RTOL iterations 17
          Linear BackwardEuler-Equation_mg_coarse_ solve converged due to CONVERGED_RTOL iterations 17
          Linear BackwardEuler-Equation_mg_coarse_ solve converged due to CONVERGED_RTOL iterations 17
          Linear BackwardEuler-Equation_mg_coarse_ solve converged due to CONVERGED_RTOL iterations 17
          Linear BackwardEuler-Equation_mg_coarse_ solve converged due to CONVERGED_RTOL iterations 17
          Linear BackwardEuler-Equation_mg_coarse_ solve converged due to CONVERGED_RTOL iterations 17
          Linear BackwardEuler-Equation_mg_coarse_ solve converged due to CONVERGED_RTOL iterations 17
          Linear BackwardEuler-Equation_mg_coarse_ solve converged due to CONVERGED_RTOL iterations 17
          Linear BackwardEuler-Equation_mg_coarse_ solve converged due to CONVERGED_RTOL iterations 17
          Linear BackwardEuler-Equation_mg_coarse_ solve converged due to CONVERGED_RTOL iterations 17
          Linear BackwardEuler-Equation_mg_coarse_ solve converged due to CONVERGED_RTOL iterations 17
    Linear BackwardEuler-Equation_ solve converged due to CONVERGED_RTOL iterations 23
  Nonlinear BackwardEuler-Equation_ solve converged due to CONVERGED_SNORM_RELATIVE iterations 3
t = 12.87 d | step 40/100000 | dt = 43200.0 s | wall 35.64 s | NL 3 | L 52
          Linear BackwardEuler-Equation_mg_coarse_ solve converged due to CONVERGED_RTOL iterations 20
          Linear BackwardEuler-Equation_mg_coarse_ solve converged due to CONVERGED_RTOL iterations 20
          Linear BackwardEuler-Equation_mg_coarse_ solve converged due to CONVERGED_RTOL iterations 19
          Linear BackwardEuler-Equation_mg_coarse_ solve converged due to CONVERGED_RTOL iterations 18
          Linear BackwardEuler-Equation_mg_coarse_ solve converged due to CONVERGED_RTOL iterations 18
          Linear BackwardEuler-Equation_mg_coarse_ solve converged due to CONVERGED_RTOL iterations 16
          Linear BackwardEuler-Equation_mg_coarse_ solve converged due to CONVERGED_RTOL iterations 16
          Linear BackwardEuler-Equation_mg_coarse_ solve converged due to CONVERGED_RTOL iterations 17
          Linear BackwardEuler-Equation_mg_coarse_ solve converged due to CONVERGED_RTOL iterations 17
          Linear BackwardEuler-Equation_mg_coarse_ solve converged due to CONVERGED_RTOL iterations 16
          Linear BackwardEuler-Equation_mg_coarse_ solve converged due to CONVERGED_RTOL iterations 17
    Linear BackwardEuler-Equation_ solve converged due to CONVERGED_RTOL iterations 11
          Linear BackwardEuler-Equation_mg_coarse_ solve converged due to CONVERGED_RTOL iterations 21
          Linear BackwardEuler-Equation_mg_coarse_ solve converged due to CONVERGED_RTOL iterations 18
          Linear BackwardEuler-Equation_mg_coarse_ solve converged due to CONVERGED_RTOL iterations 17
          Linear BackwardEuler-Equation_mg_coarse_ solve converged due to CONVERGED_RTOL iterations 16
          Linear BackwardEuler-Equation_mg_coarse_ solve converged due to CONVERGED_RTOL iterations 16
          Linear BackwardEuler-Equation_mg_coarse_ solve converged due to CONVERGED_RTOL iterations 17
          Linear BackwardEuler-Equation_mg_coarse_ solve converged due to CONVERGED_RTOL iterations 16
          Linear BackwardEuler-Equation_mg_coarse_ solve converged due to CONVERGED_RTOL iterations 16
          Linear BackwardEuler-Equation_mg_coarse_ solve converged due to CONVERGED_RTOL iterations 17
          Linear BackwardEuler-Equation_mg_coarse_ solve converged due to CONVERGED_RTOL iterations 17
          Linear BackwardEuler-Equation_mg_coarse_ solve converged due to CONVERGED_RTOL iterations 17
          Linear BackwardEuler-Equation_mg_coarse_ solve converged due to CONVERGED_RTOL iterations 17
          Linear BackwardEuler-Equation_mg_coarse_ solve converged due to CONVERGED_RTOL iterations 17
          Linear BackwardEuler-Equation_mg_coarse_ solve converged due to CONVERGED_RTOL iterations 17
          Linear BackwardEuler-Equation_mg_coarse_ solve converged due to CONVERGED_RTOL iterations 17
          Linear BackwardEuler-Equation_mg_coarse_ solve converged due to CONVERGED_RTOL iterations 17
    Linear BackwardEuler-Equation_ solve converged due to CONVERGED_RTOL iterations 16
          Linear BackwardEuler-Equation_mg_coarse_ solve converged due to CONVERGED_RTOL iterations 19
          Linear BackwardEuler-Equation_mg_coarse_ solve converged due to CONVERGED_RTOL iterations 17
          Linear BackwardEuler-Equation_mg_coarse_ solve converged due to CONVERGED_RTOL iterations 16
          Linear BackwardEuler-Equation_mg_coarse_ solve converged due to CONVERGED_RTOL iterations 16
          Linear BackwardEuler-Equation_mg_coarse_ solve converged due to CONVERGED_RTOL iterations 17
          Linear BackwardEuler-Equation_mg_coarse_ solve converged due to CONVERGED_RTOL iterations 17
          Linear BackwardEuler-Equation_mg_coarse_ solve converged due to CONVERGED_RTOL iterations 17
          Linear BackwardEuler-Equation_mg_coarse_ solve converged due to CONVERGED_RTOL iterations 17
          Linear BackwardEuler-Equation_mg_coarse_ solve converged due to CONVERGED_RTOL iterations 17
          Linear BackwardEuler-Equation_mg_coarse_ solve converged due to CONVERGED_RTOL iterations 17
          Linear BackwardEuler-Equation_mg_coarse_ solve converged due to CONVERGED_RTOL iterations 17
          Linear BackwardEuler-Equation_mg_coarse_ solve converged due to CONVERGED_RTOL iterations 17
          Linear BackwardEuler-Equation_mg_coarse_ solve converged due to CONVERGED_RTOL iterations 17
          Linear BackwardEuler-Equation_mg_coarse_ solve converged due to CONVERGED_RTOL iterations 17
          Linear BackwardEuler-Equation_mg_coarse_ solve converged due to CONVERGED_RTOL iterations 17
          Linear BackwardEuler-Equation_mg_coarse_ solve converged due to CONVERGED_RTOL iterations 17
          Linear BackwardEuler-Equation_mg_coarse_ solve converged due to CONVERGED_RTOL iterations 17
          Linear BackwardEuler-Equation_mg_coarse_ solve converged due to CONVERGED_RTOL iterations 17
          Linear BackwardEuler-Equation_mg_coarse_ solve converged due to CONVERGED_RTOL iterations 17
          Linear BackwardEuler-Equation_mg_coarse_ solve converged due to CONVERGED_RTOL iterations 17
          Linear BackwardEuler-Equation_mg_coarse_ solve converged due to CONVERGED_RTOL iterations 17
          Linear BackwardEuler-Equation_mg_coarse_ solve converged due to CONVERGED_RTOL iterations 17
          Linear BackwardEuler-Equation_mg_coarse_ solve converged due to CONVERGED_RTOL iterations 17
          Linear BackwardEuler-Equation_mg_coarse_ solve converged due to CONVERGED_RTOL iterations 17
          Linear BackwardEuler-Equation_mg_coarse_ solve converged due to CONVERGED_RTOL iterations 17
    Linear BackwardEuler-Equation_ solve converged due to CONVERGED_RTOL iterations 25
  Nonlinear BackwardEuler-Equation_ solve converged due to CONVERGED_SNORM_RELATIVE iterations 3
t = 13.37 d | step 41/100000 | dt = 43200.0 s | wall 35.80 s | NL 3 | L 52
          Linear BackwardEuler-Equation_mg_coarse_ solve converged due to CONVERGED_RTOL iterations 20
          Linear BackwardEuler-Equation_mg_coarse_ solve converged due to CONVERGED_RTOL iterations 20
          Linear BackwardEuler-Equation_mg_coarse_ solve converged due to CONVERGED_RTOL iterations 19
          Linear BackwardEuler-Equation_mg_coarse_ solve converged due to CONVERGED_RTOL iterations 18
          Linear BackwardEuler-Equation_mg_coarse_ solve converged due to CONVERGED_RTOL iterations 18
          Linear BackwardEuler-Equation_mg_coarse_ solve converged due to CONVERGED_RTOL iterations 16
          Linear BackwardEuler-Equation_mg_coarse_ solve converged due to CONVERGED_RTOL iterations 16
          Linear BackwardEuler-Equation_mg_coarse_ solve converged due to CONVERGED_RTOL iterations 17
          Linear BackwardEuler-Equation_mg_coarse_ solve converged due to CONVERGED_RTOL iterations 17
          Linear BackwardEuler-Equation_mg_coarse_ solve converged due to CONVERGED_RTOL iterations 16
          Linear BackwardEuler-Equation_mg_coarse_ solve converged due to CONVERGED_RTOL iterations 17
    Linear BackwardEuler-Equation_ solve converged due to CONVERGED_RTOL iterations 11
          Linear BackwardEuler-Equation_mg_coarse_ solve converged due to CONVERGED_RTOL iterations 21
          Linear BackwardEuler-Equation_mg_coarse_ solve converged due to CONVERGED_RTOL iterations 18
          Linear BackwardEuler-Equation_mg_coarse_ solve converged due to CONVERGED_RTOL iterations 18
          Linear BackwardEuler-Equation_mg_coarse_ solve converged due to CONVERGED_RTOL iterations 16
          Linear BackwardEuler-Equation_mg_coarse_ solve converged due to CONVERGED_RTOL iterations 17
          Linear BackwardEuler-Equation_mg_coarse_ solve converged due to CONVERGED_RTOL iterations 17
          Linear BackwardEuler-Equation_mg_coarse_ solve converged due to CONVERGED_RTOL iterations 17
          Linear BackwardEuler-Equation_mg_coarse_ solve converged due to CONVERGED_RTOL iterations 16
          Linear BackwardEuler-Equation_mg_coarse_ solve converged due to CONVERGED_RTOL iterations 17
          Linear BackwardEuler-Equation_mg_coarse_ solve converged due to CONVERGED_RTOL iterations 17
          Linear BackwardEuler-Equation_mg_coarse_ solve converged due to CONVERGED_RTOL iterations 17
          Linear BackwardEuler-Equation_mg_coarse_ solve converged due to CONVERGED_RTOL iterations 17
          Linear BackwardEuler-Equation_mg_coarse_ solve converged due to CONVERGED_RTOL iterations 17
          Linear BackwardEuler-Equation_mg_coarse_ solve converged due to CONVERGED_RTOL iterations 17
          Linear BackwardEuler-Equation_mg_coarse_ solve converged due to CONVERGED_RTOL iterations 17
          Linear BackwardEuler-Equation_mg_coarse_ solve converged due to CONVERGED_RTOL iterations 17
    Linear BackwardEuler-Equation_ solve converged due to CONVERGED_RTOL iterations 16
          Linear BackwardEuler-Equation_mg_coarse_ solve converged due to CONVERGED_RTOL iterations 19
          Linear BackwardEuler-Equation_mg_coarse_ solve converged due to CONVERGED_RTOL iterations 18
          Linear BackwardEuler-Equation_mg_coarse_ solve converged due to CONVERGED_RTOL iterations 16
          Linear BackwardEuler-Equation_mg_coarse_ solve converged due to CONVERGED_RTOL iterations 17
          Linear BackwardEuler-Equation_mg_coarse_ solve converged due to CONVERGED_RTOL iterations 18
          Linear BackwardEuler-Equation_mg_coarse_ solve converged due to CONVERGED_RTOL iterations 17
          Linear BackwardEuler-Equation_mg_coarse_ solve converged due to CONVERGED_RTOL iterations 17
          Linear BackwardEuler-Equation_mg_coarse_ solve converged due to CONVERGED_RTOL iterations 17
          Linear BackwardEuler-Equation_mg_coarse_ solve converged due to CONVERGED_RTOL iterations 17
          Linear BackwardEuler-Equation_mg_coarse_ solve converged due to CONVERGED_RTOL iterations 17
          Linear BackwardEuler-Equation_mg_coarse_ solve converged due to CONVERGED_RTOL iterations 17
          Linear BackwardEuler-Equation_mg_coarse_ solve converged due to CONVERGED_RTOL iterations 17
          Linear BackwardEuler-Equation_mg_coarse_ solve converged due to CONVERGED_RTOL iterations 17
          Linear BackwardEuler-Equation_mg_coarse_ solve converged due to CONVERGED_RTOL iterations 17
          Linear BackwardEuler-Equation_mg_coarse_ solve converged due to CONVERGED_RTOL iterations 17
          Linear BackwardEuler-Equation_mg_coarse_ solve converged due to CONVERGED_RTOL iterations 17
          Linear BackwardEuler-Equation_mg_coarse_ solve converged due to CONVERGED_RTOL iterations 18
          Linear BackwardEuler-Equation_mg_coarse_ solve converged due to CONVERGED_RTOL iterations 17
          Linear BackwardEuler-Equation_mg_coarse_ solve converged due to CONVERGED_RTOL iterations 17
          Linear BackwardEuler-Equation_mg_coarse_ solve converged due to CONVERGED_RTOL iterations 17
          Linear BackwardEuler-Equation_mg_coarse_ solve converged due to CONVERGED_RTOL iterations 17
          Linear BackwardEuler-Equation_mg_coarse_ solve converged due to CONVERGED_RTOL iterations 17
          Linear BackwardEuler-Equation_mg_coarse_ solve converged due to CONVERGED_RTOL iterations 17
          Linear BackwardEuler-Equation_mg_coarse_ solve converged due to CONVERGED_RTOL iterations 17
    Linear BackwardEuler-Equation_ solve converged due to CONVERGED_RTOL iterations 24
  Nonlinear BackwardEuler-Equation_ solve converged due to CONVERGED_SNORM_RELATIVE iterations 3
t = 13.87 d | step 42/100000 | dt = 43200.0 s | wall 35.29 s | NL 3 | L 51
          Linear BackwardEuler-Equation_mg_coarse_ solve converged due to CONVERGED_RTOL iterations 20
          Linear BackwardEuler-Equation_mg_coarse_ solve converged due to CONVERGED_RTOL iterations 20
          Linear BackwardEuler-Equation_mg_coarse_ solve converged due to CONVERGED_RTOL iterations 19
          Linear BackwardEuler-Equation_mg_coarse_ solve converged due to CONVERGED_RTOL iterations 18
          Linear BackwardEuler-Equation_mg_coarse_ solve converged due to CONVERGED_RTOL iterations 18
          Linear BackwardEuler-Equation_mg_coarse_ solve converged due to CONVERGED_RTOL iterations 16
          Linear BackwardEuler-Equation_mg_coarse_ solve converged due to CONVERGED_RTOL iterations 16
          Linear BackwardEuler-Equation_mg_coarse_ solve converged due to CONVERGED_RTOL iterations 17
          Linear BackwardEuler-Equation_mg_coarse_ solve converged due to CONVERGED_RTOL iterations 17
          Linear BackwardEuler-Equation_mg_coarse_ solve converged due to CONVERGED_RTOL iterations 16
          Linear BackwardEuler-Equation_mg_coarse_ solve converged due to CONVERGED_RTOL iterations 17
    Linear BackwardEuler-Equation_ solve converged due to CONVERGED_RTOL iterations 11
          Linear BackwardEuler-Equation_mg_coarse_ solve converged due to CONVERGED_RTOL iterations 21
          Linear BackwardEuler-Equation_mg_coarse_ solve converged due to CONVERGED_RTOL iterations 18
          Linear BackwardEuler-Equation_mg_coarse_ solve converged due to CONVERGED_RTOL iterations 18
          Linear BackwardEuler-Equation_mg_coarse_ solve converged due to CONVERGED_RTOL iterations 16
          Linear BackwardEuler-Equation_mg_coarse_ solve converged due to CONVERGED_RTOL iterations 16
          Linear BackwardEuler-Equation_mg_coarse_ solve converged due to CONVERGED_RTOL iterations 17
          Linear BackwardEuler-Equation_mg_coarse_ solve converged due to CONVERGED_RTOL iterations 17
          Linear BackwardEuler-Equation_mg_coarse_ solve converged due to CONVERGED_RTOL iterations 17
          Linear BackwardEuler-Equation_mg_coarse_ solve converged due to CONVERGED_RTOL iterations 17
          Linear BackwardEuler-Equation_mg_coarse_ solve converged due to CONVERGED_RTOL iterations 17
          Linear BackwardEuler-Equation_mg_coarse_ solve converged due to CONVERGED_RTOL iterations 17
          Linear BackwardEuler-Equation_mg_coarse_ solve converged due to CONVERGED_RTOL iterations 17
          Linear BackwardEuler-Equation_mg_coarse_ solve converged due to CONVERGED_RTOL iterations 17
          Linear BackwardEuler-Equation_mg_coarse_ solve converged due to CONVERGED_RTOL iterations 17
          Linear BackwardEuler-Equation_mg_coarse_ solve converged due to CONVERGED_RTOL iterations 17
          Linear BackwardEuler-Equation_mg_coarse_ solve converged due to CONVERGED_RTOL iterations 17
          Linear BackwardEuler-Equation_mg_coarse_ solve converged due to CONVERGED_RTOL iterations 17
    Linear BackwardEuler-Equation_ solve converged due to CONVERGED_RTOL iterations 17
          Linear BackwardEuler-Equation_mg_coarse_ solve converged due to CONVERGED_RTOL iterations 20
          Linear BackwardEuler-Equation_mg_coarse_ solve converged due to CONVERGED_RTOL iterations 18
          Linear BackwardEuler-Equation_mg_coarse_ solve converged due to CONVERGED_RTOL iterations 16
          Linear BackwardEuler-Equation_mg_coarse_ solve converged due to CONVERGED_RTOL iterations 17
          Linear BackwardEuler-Equation_mg_coarse_ solve converged due to CONVERGED_RTOL iterations 18
          Linear BackwardEuler-Equation_mg_coarse_ solve converged due to CONVERGED_RTOL iterations 17
          Linear BackwardEuler-Equation_mg_coarse_ solve converged due to CONVERGED_RTOL iterations 17
          Linear BackwardEuler-Equation_mg_coarse_ solve converged due to CONVERGED_RTOL iterations 17
          Linear BackwardEuler-Equation_mg_coarse_ solve converged due to CONVERGED_RTOL iterations 17
          Linear BackwardEuler-Equation_mg_coarse_ solve converged due to CONVERGED_RTOL iterations 17
          Linear BackwardEuler-Equation_mg_coarse_ solve converged due to CONVERGED_RTOL iterations 18
          Linear BackwardEuler-Equation_mg_coarse_ solve converged due to CONVERGED_RTOL iterations 18
          Linear BackwardEuler-Equation_mg_coarse_ solve converged due to CONVERGED_RTOL iterations 17
          Linear BackwardEuler-Equation_mg_coarse_ solve converged due to CONVERGED_RTOL iterations 17
          Linear BackwardEuler-Equation_mg_coarse_ solve converged due to CONVERGED_RTOL iterations 17
          Linear BackwardEuler-Equation_mg_coarse_ solve converged due to CONVERGED_RTOL iterations 17
          Linear BackwardEuler-Equation_mg_coarse_ solve converged due to CONVERGED_RTOL iterations 17
          Linear BackwardEuler-Equation_mg_coarse_ solve converged due to CONVERGED_RTOL iterations 18
          Linear BackwardEuler-Equation_mg_coarse_ solve converged due to CONVERGED_RTOL iterations 17
          Linear BackwardEuler-Equation_mg_coarse_ solve converged due to CONVERGED_RTOL iterations 17
          Linear BackwardEuler-Equation_mg_coarse_ solve converged due to CONVERGED_RTOL iterations 17
          Linear BackwardEuler-Equation_mg_coarse_ solve converged due to CONVERGED_RTOL iterations 17
    Linear BackwardEuler-Equation_ solve converged due to CONVERGED_RTOL iterations 22
  Nonlinear BackwardEuler-Equation_ solve converged due to CONVERGED_SNORM_RELATIVE iterations 3
t = 14.37 d | step 43/100000 | dt = 43200.0 s | wall 34.62 s | NL 3 | L 50
          Linear BackwardEuler-Equation_mg_coarse_ solve converged due to CONVERGED_RTOL iterations 20
          Linear BackwardEuler-Equation_mg_coarse_ solve converged due to CONVERGED_RTOL iterations 20
          Linear BackwardEuler-Equation_mg_coarse_ solve converged due to CONVERGED_RTOL iterations 19
          Linear BackwardEuler-Equation_mg_coarse_ solve converged due to CONVERGED_RTOL iterations 19
          Linear BackwardEuler-Equation_mg_coarse_ solve converged due to CONVERGED_RTOL iterations 18
          Linear BackwardEuler-Equation_mg_coarse_ solve converged due to CONVERGED_RTOL iterations 16
          Linear BackwardEuler-Equation_mg_coarse_ solve converged due to CONVERGED_RTOL iterations 16
          Linear BackwardEuler-Equation_mg_coarse_ solve converged due to CONVERGED_RTOL iterations 17
          Linear BackwardEuler-Equation_mg_coarse_ solve converged due to CONVERGED_RTOL iterations 17
          Linear BackwardEuler-Equation_mg_coarse_ solve converged due to CONVERGED_RTOL iterations 16
          Linear BackwardEuler-Equation_mg_coarse_ solve converged due to CONVERGED_RTOL iterations 17
    Linear BackwardEuler-Equation_ solve converged due to CONVERGED_RTOL iterations 11
          Linear BackwardEuler-Equation_mg_coarse_ solve converged due to CONVERGED_RTOL iterations 21
          Linear BackwardEuler-Equation_mg_coarse_ solve converged due to CONVERGED_RTOL iterations 18
          Linear BackwardEuler-Equation_mg_coarse_ solve converged due to CONVERGED_RTOL iterations 18
          Linear BackwardEuler-Equation_mg_coarse_ solve converged due to CONVERGED_RTOL iterations 16
          Linear BackwardEuler-Equation_mg_coarse_ solve converged due to CONVERGED_RTOL iterations 16
          Linear BackwardEuler-Equation_mg_coarse_ solve converged due to CONVERGED_RTOL iterations 17
          Linear BackwardEuler-Equation_mg_coarse_ solve converged due to CONVERGED_RTOL iterations 17
          Linear BackwardEuler-Equation_mg_coarse_ solve converged due to CONVERGED_RTOL iterations 16
          Linear BackwardEuler-Equation_mg_coarse_ solve converged due to CONVERGED_RTOL iterations 17
          Linear BackwardEuler-Equation_mg_coarse_ solve converged due to CONVERGED_RTOL iterations 17
          Linear BackwardEuler-Equation_mg_coarse_ solve converged due to CONVERGED_RTOL iterations 17
          Linear BackwardEuler-Equation_mg_coarse_ solve converged due to CONVERGED_RTOL iterations 17
          Linear BackwardEuler-Equation_mg_coarse_ solve converged due to CONVERGED_RTOL iterations 17
          Linear BackwardEuler-Equation_mg_coarse_ solve converged due to CONVERGED_RTOL iterations 17
          Linear BackwardEuler-Equation_mg_coarse_ solve converged due to CONVERGED_RTOL iterations 17
          Linear BackwardEuler-Equation_mg_coarse_ solve converged due to CONVERGED_RTOL iterations 17
    Linear BackwardEuler-Equation_ solve converged due to CONVERGED_RTOL iterations 16
          Linear BackwardEuler-Equation_mg_coarse_ solve converged due to CONVERGED_RTOL iterations 19
          Linear BackwardEuler-Equation_mg_coarse_ solve converged due to CONVERGED_RTOL iterations 18
          Linear BackwardEuler-Equation_mg_coarse_ solve converged due to CONVERGED_RTOL iterations 16
          Linear BackwardEuler-Equation_mg_coarse_ solve converged due to CONVERGED_RTOL iterations 17
          Linear BackwardEuler-Equation_mg_coarse_ solve converged due to CONVERGED_RTOL iterations 18
          Linear BackwardEuler-Equation_mg_coarse_ solve converged due to CONVERGED_RTOL iterations 17
          Linear BackwardEuler-Equation_mg_coarse_ solve converged due to CONVERGED_RTOL iterations 17
          Linear BackwardEuler-Equation_mg_coarse_ solve converged due to CONVERGED_RTOL iterations 17
          Linear BackwardEuler-Equation_mg_coarse_ solve converged due to CONVERGED_RTOL iterations 17
          Linear BackwardEuler-Equation_mg_coarse_ solve converged due to CONVERGED_RTOL iterations 17
          Linear BackwardEuler-Equation_mg_coarse_ solve converged due to CONVERGED_RTOL iterations 17
          Linear BackwardEuler-Equation_mg_coarse_ solve converged due to CONVERGED_RTOL iterations 17
          Linear BackwardEuler-Equation_mg_coarse_ solve converged due to CONVERGED_RTOL iterations 17
          Linear BackwardEuler-Equation_mg_coarse_ solve converged due to CONVERGED_RTOL iterations 17
          Linear BackwardEuler-Equation_mg_coarse_ solve converged due to CONVERGED_RTOL iterations 17
          Linear BackwardEuler-Equation_mg_coarse_ solve converged due to CONVERGED_RTOL iterations 17
          Linear BackwardEuler-Equation_mg_coarse_ solve converged due to CONVERGED_RTOL iterations 17
          Linear BackwardEuler-Equation_mg_coarse_ solve converged due to CONVERGED_RTOL iterations 17
          Linear BackwardEuler-Equation_mg_coarse_ solve converged due to CONVERGED_RTOL iterations 17
          Linear BackwardEuler-Equation_mg_coarse_ solve converged due to CONVERGED_RTOL iterations 17
          Linear BackwardEuler-Equation_mg_coarse_ solve converged due to CONVERGED_RTOL iterations 17
          Linear BackwardEuler-Equation_mg_coarse_ solve converged due to CONVERGED_RTOL iterations 17
          Linear BackwardEuler-Equation_mg_coarse_ solve converged due to CONVERGED_RTOL iterations 17
          Linear BackwardEuler-Equation_mg_coarse_ solve converged due to CONVERGED_RTOL iterations 17
          Linear BackwardEuler-Equation_mg_coarse_ solve converged due to CONVERGED_RTOL iterations 17
    Linear BackwardEuler-Equation_ solve converged due to CONVERGED_RTOL iterations 25
  Nonlinear BackwardEuler-Equation_ solve converged due to CONVERGED_SNORM_RELATIVE iterations 3
t = 14.87 d | step 44/100000 | dt = 43200.0 s | wall 35.81 s | NL 3 | L 52
          Linear BackwardEuler-Equation_mg_coarse_ solve converged due to CONVERGED_RTOL iterations 20
          Linear BackwardEuler-Equation_mg_coarse_ solve converged due to CONVERGED_RTOL iterations 20
          Linear BackwardEuler-Equation_mg_coarse_ solve converged due to CONVERGED_RTOL iterations 19
          Linear BackwardEuler-Equation_mg_coarse_ solve converged due to CONVERGED_RTOL iterations 19
          Linear BackwardEuler-Equation_mg_coarse_ solve converged due to CONVERGED_RTOL iterations 18
          Linear BackwardEuler-Equation_mg_coarse_ solve converged due to CONVERGED_RTOL iterations 16
          Linear BackwardEuler-Equation_mg_coarse_ solve converged due to CONVERGED_RTOL iterations 16
          Linear BackwardEuler-Equation_mg_coarse_ solve converged due to CONVERGED_RTOL iterations 17
          Linear BackwardEuler-Equation_mg_coarse_ solve converged due to CONVERGED_RTOL iterations 17
          Linear BackwardEuler-Equation_mg_coarse_ solve converged due to CONVERGED_RTOL iterations 16
          Linear BackwardEuler-Equation_mg_coarse_ solve converged due to CONVERGED_RTOL iterations 17
    Linear BackwardEuler-Equation_ solve converged due to CONVERGED_RTOL iterations 11
          Linear BackwardEuler-Equation_mg_coarse_ solve converged due to CONVERGED_RTOL iterations 21
          Linear BackwardEuler-Equation_mg_coarse_ solve converged due to CONVERGED_RTOL iterations 18
          Linear BackwardEuler-Equation_mg_coarse_ solve converged due to CONVERGED_RTOL iterations 18
          Linear BackwardEuler-Equation_mg_coarse_ solve converged due to CONVERGED_RTOL iterations 16
          Linear BackwardEuler-Equation_mg_coarse_ solve converged due to CONVERGED_RTOL iterations 16
          Linear BackwardEuler-Equation_mg_coarse_ solve converged due to CONVERGED_RTOL iterations 17
          Linear BackwardEuler-Equation_mg_coarse_ solve converged due to CONVERGED_RTOL iterations 16
          Linear BackwardEuler-Equation_mg_coarse_ solve converged due to CONVERGED_RTOL iterations 17
          Linear BackwardEuler-Equation_mg_coarse_ solve converged due to CONVERGED_RTOL iterations 17
          Linear BackwardEuler-Equation_mg_coarse_ solve converged due to CONVERGED_RTOL iterations 17
          Linear BackwardEuler-Equation_mg_coarse_ solve converged due to CONVERGED_RTOL iterations 17
          Linear BackwardEuler-Equation_mg_coarse_ solve converged due to CONVERGED_RTOL iterations 17
          Linear BackwardEuler-Equation_mg_coarse_ solve converged due to CONVERGED_RTOL iterations 17
    Linear BackwardEuler-Equation_ solve converged due to CONVERGED_RTOL iterations 13
          Linear BackwardEuler-Equation_mg_coarse_ solve converged due to CONVERGED_RTOL iterations 19
          Linear BackwardEuler-Equation_mg_coarse_ solve converged due to CONVERGED_RTOL iterations 18
          Linear BackwardEuler-Equation_mg_coarse_ solve converged due to CONVERGED_RTOL iterations 16
          Linear BackwardEuler-Equation_mg_coarse_ solve converged due to CONVERGED_RTOL iterations 17
          Linear BackwardEuler-Equation_mg_coarse_ solve converged due to CONVERGED_RTOL iterations 17
          Linear BackwardEuler-Equation_mg_coarse_ solve converged due to CONVERGED_RTOL iterations 17
          Linear BackwardEuler-Equation_mg_coarse_ solve converged due to CONVERGED_RTOL iterations 18
          Linear BackwardEuler-Equation_mg_coarse_ solve converged due to CONVERGED_RTOL iterations 17
          Linear BackwardEuler-Equation_mg_coarse_ solve converged due to CONVERGED_RTOL iterations 17
          Linear BackwardEuler-Equation_mg_coarse_ solve converged due to CONVERGED_RTOL iterations 17
          Linear BackwardEuler-Equation_mg_coarse_ solve converged due to CONVERGED_RTOL iterations 17
          Linear BackwardEuler-Equation_mg_coarse_ solve converged due to CONVERGED_RTOL iterations 17
          Linear BackwardEuler-Equation_mg_coarse_ solve converged due to CONVERGED_RTOL iterations 17
          Linear BackwardEuler-Equation_mg_coarse_ solve converged due to CONVERGED_RTOL iterations 17
          Linear BackwardEuler-Equation_mg_coarse_ solve converged due to CONVERGED_RTOL iterations 17
          Linear BackwardEuler-Equation_mg_coarse_ solve converged due to CONVERGED_RTOL iterations 17
          Linear BackwardEuler-Equation_mg_coarse_ solve converged due to CONVERGED_RTOL iterations 17
          Linear BackwardEuler-Equation_mg_coarse_ solve converged due to CONVERGED_RTOL iterations 17
          Linear BackwardEuler-Equation_mg_coarse_ solve converged due to CONVERGED_RTOL iterations 17
          Linear BackwardEuler-Equation_mg_coarse_ solve converged due to CONVERGED_RTOL iterations 17
          Linear BackwardEuler-Equation_mg_coarse_ solve converged due to CONVERGED_RTOL iterations 17
          Linear BackwardEuler-Equation_mg_coarse_ solve converged due to CONVERGED_RTOL iterations 17
          Linear BackwardEuler-Equation_mg_coarse_ solve converged due to CONVERGED_RTOL iterations 17
          Linear BackwardEuler-Equation_mg_coarse_ solve converged due to CONVERGED_RTOL iterations 17
          Linear BackwardEuler-Equation_mg_coarse_ solve converged due to CONVERGED_RTOL iterations 17
          Linear BackwardEuler-Equation_mg_coarse_ solve converged due to CONVERGED_RTOL iterations 17
          Linear BackwardEuler-Equation_mg_coarse_ solve converged due to CONVERGED_RTOL iterations 17
    Linear BackwardEuler-Equation_ solve converged due to CONVERGED_RTOL iterations 27
  Nonlinear BackwardEuler-Equation_ solve converged due to CONVERGED_SNORM_RELATIVE iterations 3
t = 15.37 d | step 45/100000 | dt = 43200.0 s | wall 35.38 s | NL 3 | L 51
          Linear BackwardEuler-Equation_mg_coarse_ solve converged due to CONVERGED_RTOL iterations 20
          Linear BackwardEuler-Equation_mg_coarse_ solve converged due to CONVERGED_RTOL iterations 20
          Linear BackwardEuler-Equation_mg_coarse_ solve converged due to CONVERGED_RTOL iterations 19
          Linear BackwardEuler-Equation_mg_coarse_ solve converged due to CONVERGED_RTOL iterations 19
          Linear BackwardEuler-Equation_mg_coarse_ solve converged due to CONVERGED_RTOL iterations 18
          Linear BackwardEuler-Equation_mg_coarse_ solve converged due to CONVERGED_RTOL iterations 16
          Linear BackwardEuler-Equation_mg_coarse_ solve converged due to CONVERGED_RTOL iterations 16
          Linear BackwardEuler-Equation_mg_coarse_ solve converged due to CONVERGED_RTOL iterations 17
          Linear BackwardEuler-Equation_mg_coarse_ solve converged due to CONVERGED_RTOL iterations 17
          Linear BackwardEuler-Equation_mg_coarse_ solve converged due to CONVERGED_RTOL iterations 17
          Linear BackwardEuler-Equation_mg_coarse_ solve converged due to CONVERGED_RTOL iterations 17
    Linear BackwardEuler-Equation_ solve converged due to CONVERGED_RTOL iterations 11
          Linear BackwardEuler-Equation_mg_coarse_ solve converged due to CONVERGED_RTOL iterations 21
          Linear BackwardEuler-Equation_mg_coarse_ solve converged due to CONVERGED_RTOL iterations 18
          Linear BackwardEuler-Equation_mg_coarse_ solve converged due to CONVERGED_RTOL iterations 18
          Linear BackwardEuler-Equation_mg_coarse_ solve converged due to CONVERGED_RTOL iterations 16
          Linear BackwardEuler-Equation_mg_coarse_ solve converged due to CONVERGED_RTOL iterations 16
          Linear BackwardEuler-Equation_mg_coarse_ solve converged due to CONVERGED_RTOL iterations 17
          Linear BackwardEuler-Equation_mg_coarse_ solve converged due to CONVERGED_RTOL iterations 17
          Linear BackwardEuler-Equation_mg_coarse_ solve converged due to CONVERGED_RTOL iterations 16
          Linear BackwardEuler-Equation_mg_coarse_ solve converged due to CONVERGED_RTOL iterations 17
          Linear BackwardEuler-Equation_mg_coarse_ solve converged due to CONVERGED_RTOL iterations 17
          Linear BackwardEuler-Equation_mg_coarse_ solve converged due to CONVERGED_RTOL iterations 17
          Linear BackwardEuler-Equation_mg_coarse_ solve converged due to CONVERGED_RTOL iterations 17
          Linear BackwardEuler-Equation_mg_coarse_ solve converged due to CONVERGED_RTOL iterations 17
          Linear BackwardEuler-Equation_mg_coarse_ solve converged due to CONVERGED_RTOL iterations 17
          Linear BackwardEuler-Equation_mg_coarse_ solve converged due to CONVERGED_RTOL iterations 17
    Linear BackwardEuler-Equation_ solve converged due to CONVERGED_RTOL iterations 15
          Linear BackwardEuler-Equation_mg_coarse_ solve converged due to CONVERGED_RTOL iterations 18
          Linear BackwardEuler-Equation_mg_coarse_ solve converged due to CONVERGED_RTOL iterations 17
          Linear BackwardEuler-Equation_mg_coarse_ solve converged due to CONVERGED_RTOL iterations 16
          Linear BackwardEuler-Equation_mg_coarse_ solve converged due to CONVERGED_RTOL iterations 17
          Linear BackwardEuler-Equation_mg_coarse_ solve converged due to CONVERGED_RTOL iterations 17
          Linear BackwardEuler-Equation_mg_coarse_ solve converged due to CONVERGED_RTOL iterations 17
          Linear BackwardEuler-Equation_mg_coarse_ solve converged due to CONVERGED_RTOL iterations 17
          Linear BackwardEuler-Equation_mg_coarse_ solve converged due to CONVERGED_RTOL iterations 17
          Linear BackwardEuler-Equation_mg_coarse_ solve converged due to CONVERGED_RTOL iterations 17
          Linear BackwardEuler-Equation_mg_coarse_ solve converged due to CONVERGED_RTOL iterations 17
          Linear BackwardEuler-Equation_mg_coarse_ solve converged due to CONVERGED_RTOL iterations 17
          Linear BackwardEuler-Equation_mg_coarse_ solve converged due to CONVERGED_RTOL iterations 17
          Linear BackwardEuler-Equation_mg_coarse_ solve converged due to CONVERGED_RTOL iterations 17
          Linear BackwardEuler-Equation_mg_coarse_ solve converged due to CONVERGED_RTOL iterations 16
          Linear BackwardEuler-Equation_mg_coarse_ solve converged due to CONVERGED_RTOL iterations 17
          Linear BackwardEuler-Equation_mg_coarse_ solve converged due to CONVERGED_RTOL iterations 17
          Linear BackwardEuler-Equation_mg_coarse_ solve converged due to CONVERGED_RTOL iterations 17
          Linear BackwardEuler-Equation_mg_coarse_ solve converged due to CONVERGED_RTOL iterations 17
          Linear BackwardEuler-Equation_mg_coarse_ solve converged due to CONVERGED_RTOL iterations 17
          Linear BackwardEuler-Equation_mg_coarse_ solve converged due to CONVERGED_RTOL iterations 17
          Linear BackwardEuler-Equation_mg_coarse_ solve converged due to CONVERGED_RTOL iterations 17
          Linear BackwardEuler-Equation_mg_coarse_ solve converged due to CONVERGED_RTOL iterations 17
          Linear BackwardEuler-Equation_mg_coarse_ solve converged due to CONVERGED_RTOL iterations 16
          Linear BackwardEuler-Equation_mg_coarse_ solve converged due to CONVERGED_RTOL iterations 17
          Linear BackwardEuler-Equation_mg_coarse_ solve converged due to CONVERGED_RTOL iterations 17
    Linear BackwardEuler-Equation_ solve converged due to CONVERGED_RTOL iterations 25
  Nonlinear BackwardEuler-Equation_ solve converged due to CONVERGED_SNORM_RELATIVE iterations 3
t = 15.87 d | step 46/100000 | dt = 43200.0 s | wall 35.35 s | NL 3 | L 51
          Linear BackwardEuler-Equation_mg_coarse_ solve converged due to CONVERGED_RTOL iterations 20
          Linear BackwardEuler-Equation_mg_coarse_ solve converged due to CONVERGED_RTOL iterations 20
          Linear BackwardEuler-Equation_mg_coarse_ solve converged due to CONVERGED_RTOL iterations 19
          Linear BackwardEuler-Equation_mg_coarse_ solve converged due to CONVERGED_RTOL iterations 19
          Linear BackwardEuler-Equation_mg_coarse_ solve converged due to CONVERGED_RTOL iterations 18
          Linear BackwardEuler-Equation_mg_coarse_ solve converged due to CONVERGED_RTOL iterations 16
          Linear BackwardEuler-Equation_mg_coarse_ solve converged due to CONVERGED_RTOL iterations 16
          Linear BackwardEuler-Equation_mg_coarse_ solve converged due to CONVERGED_RTOL iterations 17
          Linear BackwardEuler-Equation_mg_coarse_ solve converged due to CONVERGED_RTOL iterations 17
          Linear BackwardEuler-Equation_mg_coarse_ solve converged due to CONVERGED_RTOL iterations 17
    Linear BackwardEuler-Equation_ solve converged due to CONVERGED_RTOL iterations 10
          Linear BackwardEuler-Equation_mg_coarse_ solve converged due to CONVERGED_RTOL iterations 20
          Linear BackwardEuler-Equation_mg_coarse_ solve converged due to CONVERGED_RTOL iterations 18
          Linear BackwardEuler-Equation_mg_coarse_ solve converged due to CONVERGED_RTOL iterations 17
          Linear BackwardEuler-Equation_mg_coarse_ solve converged due to CONVERGED_RTOL iterations 16
          Linear BackwardEuler-Equation_mg_coarse_ solve converged due to CONVERGED_RTOL iterations 17
          Linear BackwardEuler-Equation_mg_coarse_ solve converged due to CONVERGED_RTOL iterations 16
          Linear BackwardEuler-Equation_mg_coarse_ solve converged due to CONVERGED_RTOL iterations 16
          Linear BackwardEuler-Equation_mg_coarse_ solve converged due to CONVERGED_RTOL iterations 16
          Linear BackwardEuler-Equation_mg_coarse_ solve converged due to CONVERGED_RTOL iterations 18
          Linear BackwardEuler-Equation_mg_coarse_ solve converged due to CONVERGED_RTOL iterations 17
          Linear BackwardEuler-Equation_mg_coarse_ solve converged due to CONVERGED_RTOL iterations 16
          Linear BackwardEuler-Equation_mg_coarse_ solve converged due to CONVERGED_RTOL iterations 17
          Linear BackwardEuler-Equation_mg_coarse_ solve converged due to CONVERGED_RTOL iterations 17
          Linear BackwardEuler-Equation_mg_coarse_ solve converged due to CONVERGED_RTOL iterations 16
          Linear BackwardEuler-Equation_mg_coarse_ solve converged due to CONVERGED_RTOL iterations 17
    Linear BackwardEuler-Equation_ solve converged due to CONVERGED_RTOL iterations 15
          Linear BackwardEuler-Equation_mg_coarse_ solve converged due to CONVERGED_RTOL iterations 19
          Linear BackwardEuler-Equation_mg_coarse_ solve converged due to CONVERGED_RTOL iterations 18
          Linear BackwardEuler-Equation_mg_coarse_ solve converged due to CONVERGED_RTOL iterations 16
          Linear BackwardEuler-Equation_mg_coarse_ solve converged due to CONVERGED_RTOL iterations 18
          Linear BackwardEuler-Equation_mg_coarse_ solve converged due to CONVERGED_RTOL iterations 18
          Linear BackwardEuler-Equation_mg_coarse_ solve converged due to CONVERGED_RTOL iterations 17
          Linear BackwardEuler-Equation_mg_coarse_ solve converged due to CONVERGED_RTOL iterations 17
          Linear BackwardEuler-Equation_mg_coarse_ solve converged due to CONVERGED_RTOL iterations 17
          Linear BackwardEuler-Equation_mg_coarse_ solve converged due to CONVERGED_RTOL iterations 17
          Linear BackwardEuler-Equation_mg_coarse_ solve converged due to CONVERGED_RTOL iterations 17
          Linear BackwardEuler-Equation_mg_coarse_ solve converged due to CONVERGED_RTOL iterations 16
          Linear BackwardEuler-Equation_mg_coarse_ solve converged due to CONVERGED_RTOL iterations 17
          Linear BackwardEuler-Equation_mg_coarse_ solve converged due to CONVERGED_RTOL iterations 18
          Linear BackwardEuler-Equation_mg_coarse_ solve converged due to CONVERGED_RTOL iterations 16
          Linear BackwardEuler-Equation_mg_coarse_ solve converged due to CONVERGED_RTOL iterations 17
          Linear BackwardEuler-Equation_mg_coarse_ solve converged due to CONVERGED_RTOL iterations 17
          Linear BackwardEuler-Equation_mg_coarse_ solve converged due to CONVERGED_RTOL iterations 17
          Linear BackwardEuler-Equation_mg_coarse_ solve converged due to CONVERGED_RTOL iterations 17
          Linear BackwardEuler-Equation_mg_coarse_ solve converged due to CONVERGED_RTOL iterations 17
          Linear BackwardEuler-Equation_mg_coarse_ solve converged due to CONVERGED_RTOL iterations 17
          Linear BackwardEuler-Equation_mg_coarse_ solve converged due to CONVERGED_RTOL iterations 17
          Linear BackwardEuler-Equation_mg_coarse_ solve converged due to CONVERGED_RTOL iterations 17
          Linear BackwardEuler-Equation_mg_coarse_ solve converged due to CONVERGED_RTOL iterations 17
          Linear BackwardEuler-Equation_mg_coarse_ solve converged due to CONVERGED_RTOL iterations 17
          Linear BackwardEuler-Equation_mg_coarse_ solve converged due to CONVERGED_RTOL iterations 17
          Linear BackwardEuler-Equation_mg_coarse_ solve converged due to CONVERGED_RTOL iterations 17
          Linear BackwardEuler-Equation_mg_coarse_ solve converged due to CONVERGED_RTOL iterations 17
    Linear BackwardEuler-Equation_ solve converged due to CONVERGED_RTOL iterations 27
  Nonlinear BackwardEuler-Equation_ solve converged due to CONVERGED_SNORM_RELATIVE iterations 3
t = 16.37 d | step 47/100000 | dt = 43200.0 s | wall 35.87 s | NL 3 | L 52
          Linear BackwardEuler-Equation_mg_coarse_ solve converged due to CONVERGED_RTOL iterations 20
          Linear BackwardEuler-Equation_mg_coarse_ solve converged due to CONVERGED_RTOL iterations 20
          Linear BackwardEuler-Equation_mg_coarse_ solve converged due to CONVERGED_RTOL iterations 19
          Linear BackwardEuler-Equation_mg_coarse_ solve converged due to CONVERGED_RTOL iterations 19
          Linear BackwardEuler-Equation_mg_coarse_ solve converged due to CONVERGED_RTOL iterations 18
          Linear BackwardEuler-Equation_mg_coarse_ solve converged due to CONVERGED_RTOL iterations 16
          Linear BackwardEuler-Equation_mg_coarse_ solve converged due to CONVERGED_RTOL iterations 16
          Linear BackwardEuler-Equation_mg_coarse_ solve converged due to CONVERGED_RTOL iterations 17
          Linear BackwardEuler-Equation_mg_coarse_ solve converged due to CONVERGED_RTOL iterations 17
          Linear BackwardEuler-Equation_mg_coarse_ solve converged due to CONVERGED_RTOL iterations 17
    Linear BackwardEuler-Equation_ solve converged due to CONVERGED_RTOL iterations 10
          Linear BackwardEuler-Equation_mg_coarse_ solve converged due to CONVERGED_RTOL iterations 20
          Linear BackwardEuler-Equation_mg_coarse_ solve converged due to CONVERGED_RTOL iterations 18
          Linear BackwardEuler-Equation_mg_coarse_ solve converged due to CONVERGED_RTOL iterations 16
          Linear BackwardEuler-Equation_mg_coarse_ solve converged due to CONVERGED_RTOL iterations 16
          Linear BackwardEuler-Equation_mg_coarse_ solve converged due to CONVERGED_RTOL iterations 16
          Linear BackwardEuler-Equation_mg_coarse_ solve converged due to CONVERGED_RTOL iterations 16
          Linear BackwardEuler-Equation_mg_coarse_ solve converged due to CONVERGED_RTOL iterations 16
          Linear BackwardEuler-Equation_mg_coarse_ solve converged due to CONVERGED_RTOL iterations 17
          Linear BackwardEuler-Equation_mg_coarse_ solve converged due to CONVERGED_RTOL iterations 18
          Linear BackwardEuler-Equation_mg_coarse_ solve converged due to CONVERGED_RTOL iterations 17
          Linear BackwardEuler-Equation_mg_coarse_ solve converged due to CONVERGED_RTOL iterations 16
          Linear BackwardEuler-Equation_mg_coarse_ solve converged due to CONVERGED_RTOL iterations 17
          Linear BackwardEuler-Equation_mg_coarse_ solve converged due to CONVERGED_RTOL iterations 17
          Linear BackwardEuler-Equation_mg_coarse_ solve converged due to CONVERGED_RTOL iterations 17
          Linear BackwardEuler-Equation_mg_coarse_ solve converged due to CONVERGED_RTOL iterations 17
          Linear BackwardEuler-Equation_mg_coarse_ solve converged due to CONVERGED_RTOL iterations 17
          Linear BackwardEuler-Equation_mg_coarse_ solve converged due to CONVERGED_RTOL iterations 17
          Linear BackwardEuler-Equation_mg_coarse_ solve converged due to CONVERGED_RTOL iterations 17
    Linear BackwardEuler-Equation_ solve converged due to CONVERGED_RTOL iterations 18
          Linear BackwardEuler-Equation_mg_coarse_ solve converged due to CONVERGED_RTOL iterations 19
          Linear BackwardEuler-Equation_mg_coarse_ solve converged due to CONVERGED_RTOL iterations 17
          Linear BackwardEuler-Equation_mg_coarse_ solve converged due to CONVERGED_RTOL iterations 16
          Linear BackwardEuler-Equation_mg_coarse_ solve converged due to CONVERGED_RTOL iterations 17
          Linear BackwardEuler-Equation_mg_coarse_ solve converged due to CONVERGED_RTOL iterations 18
          Linear BackwardEuler-Equation_mg_coarse_ solve converged due to CONVERGED_RTOL iterations 16
          Linear BackwardEuler-Equation_mg_coarse_ solve converged due to CONVERGED_RTOL iterations 17
          Linear BackwardEuler-Equation_mg_coarse_ solve converged due to CONVERGED_RTOL iterations 17
          Linear BackwardEuler-Equation_mg_coarse_ solve converged due to CONVERGED_RTOL iterations 17
          Linear BackwardEuler-Equation_mg_coarse_ solve converged due to CONVERGED_RTOL iterations 17
          Linear BackwardEuler-Equation_mg_coarse_ solve converged due to CONVERGED_RTOL iterations 17
          Linear BackwardEuler-Equation_mg_coarse_ solve converged due to CONVERGED_RTOL iterations 17
          Linear BackwardEuler-Equation_mg_coarse_ solve converged due to CONVERGED_RTOL iterations 17
          Linear BackwardEuler-Equation_mg_coarse_ solve converged due to CONVERGED_RTOL iterations 16
          Linear BackwardEuler-Equation_mg_coarse_ solve converged due to CONVERGED_RTOL iterations 16
          Linear BackwardEuler-Equation_mg_coarse_ solve converged due to CONVERGED_RTOL iterations 17
          Linear BackwardEuler-Equation_mg_coarse_ solve converged due to CONVERGED_RTOL iterations 17
          Linear BackwardEuler-Equation_mg_coarse_ solve converged due to CONVERGED_RTOL iterations 17
          Linear BackwardEuler-Equation_mg_coarse_ solve converged due to CONVERGED_RTOL iterations 17
          Linear BackwardEuler-Equation_mg_coarse_ solve converged due to CONVERGED_RTOL iterations 17
          Linear BackwardEuler-Equation_mg_coarse_ solve converged due to CONVERGED_RTOL iterations 17
          Linear BackwardEuler-Equation_mg_coarse_ solve converged due to CONVERGED_RTOL iterations 17
          Linear BackwardEuler-Equation_mg_coarse_ solve converged due to CONVERGED_RTOL iterations 17
          Linear BackwardEuler-Equation_mg_coarse_ solve converged due to CONVERGED_RTOL iterations 17
    Linear BackwardEuler-Equation_ solve converged due to CONVERGED_RTOL iterations 24
  Nonlinear BackwardEuler-Equation_ solve converged due to CONVERGED_SNORM_RELATIVE iterations 3
t = 16.87 d | step 48/100000 | dt = 43200.0 s | wall 35.77 s | NL 3 | L 52
          Linear BackwardEuler-Equation_mg_coarse_ solve converged due to CONVERGED_RTOL iterations 20
          Linear BackwardEuler-Equation_mg_coarse_ solve converged due to CONVERGED_RTOL iterations 20
          Linear BackwardEuler-Equation_mg_coarse_ solve converged due to CONVERGED_RTOL iterations 19
          Linear BackwardEuler-Equation_mg_coarse_ solve converged due to CONVERGED_RTOL iterations 19
          Linear BackwardEuler-Equation_mg_coarse_ solve converged due to CONVERGED_RTOL iterations 18
          Linear BackwardEuler-Equation_mg_coarse_ solve converged due to CONVERGED_RTOL iterations 16
          Linear BackwardEuler-Equation_mg_coarse_ solve converged due to CONVERGED_RTOL iterations 16
          Linear BackwardEuler-Equation_mg_coarse_ solve converged due to CONVERGED_RTOL iterations 17
          Linear BackwardEuler-Equation_mg_coarse_ solve converged due to CONVERGED_RTOL iterations 17
          Linear BackwardEuler-Equation_mg_coarse_ solve converged due to CONVERGED_RTOL iterations 17
    Linear BackwardEuler-Equation_ solve converged due to CONVERGED_RTOL iterations 10
          Linear BackwardEuler-Equation_mg_coarse_ solve converged due to CONVERGED_RTOL iterations 21
          Linear BackwardEuler-Equation_mg_coarse_ solve converged due to CONVERGED_RTOL iterations 18
          Linear BackwardEuler-Equation_mg_coarse_ solve converged due to CONVERGED_RTOL iterations 16
          Linear BackwardEuler-Equation_mg_coarse_ solve converged due to CONVERGED_RTOL iterations 16
          Linear BackwardEuler-Equation_mg_coarse_ solve converged due to CONVERGED_RTOL iterations 16
          Linear BackwardEuler-Equation_mg_coarse_ solve converged due to CONVERGED_RTOL iterations 16
          Linear BackwardEuler-Equation_mg_coarse_ solve converged due to CONVERGED_RTOL iterations 16
          Linear BackwardEuler-Equation_mg_coarse_ solve converged due to CONVERGED_RTOL iterations 16
          Linear BackwardEuler-Equation_mg_coarse_ solve converged due to CONVERGED_RTOL iterations 17
          Linear BackwardEuler-Equation_mg_coarse_ solve converged due to CONVERGED_RTOL iterations 17
          Linear BackwardEuler-Equation_mg_coarse_ solve converged due to CONVERGED_RTOL iterations 16
          Linear BackwardEuler-Equation_mg_coarse_ solve converged due to CONVERGED_RTOL iterations 17
          Linear BackwardEuler-Equation_mg_coarse_ solve converged due to CONVERGED_RTOL iterations 17
          Linear BackwardEuler-Equation_mg_coarse_ solve converged due to CONVERGED_RTOL iterations 16
          Linear BackwardEuler-Equation_mg_coarse_ solve converged due to CONVERGED_RTOL iterations 16
          Linear BackwardEuler-Equation_mg_coarse_ solve converged due to CONVERGED_RTOL iterations 17
    Linear BackwardEuler-Equation_ solve converged due to CONVERGED_RTOL iterations 16
          Linear BackwardEuler-Equation_mg_coarse_ solve converged due to CONVERGED_RTOL iterations 19
          Linear BackwardEuler-Equation_mg_coarse_ solve converged due to CONVERGED_RTOL iterations 18
          Linear BackwardEuler-Equation_mg_coarse_ solve converged due to CONVERGED_RTOL iterations 16
          Linear BackwardEuler-Equation_mg_coarse_ solve converged due to CONVERGED_RTOL iterations 17
          Linear BackwardEuler-Equation_mg_coarse_ solve converged due to CONVERGED_RTOL iterations 17
          Linear BackwardEuler-Equation_mg_coarse_ solve converged due to CONVERGED_RTOL iterations 17
          Linear BackwardEuler-Equation_mg_coarse_ solve converged due to CONVERGED_RTOL iterations 17
          Linear BackwardEuler-Equation_mg_coarse_ solve converged due to CONVERGED_RTOL iterations 17
          Linear BackwardEuler-Equation_mg_coarse_ solve converged due to CONVERGED_RTOL iterations 18
          Linear BackwardEuler-Equation_mg_coarse_ solve converged due to CONVERGED_RTOL iterations 17
          Linear BackwardEuler-Equation_mg_coarse_ solve converged due to CONVERGED_RTOL iterations 17
          Linear BackwardEuler-Equation_mg_coarse_ solve converged due to CONVERGED_RTOL iterations 17
          Linear BackwardEuler-Equation_mg_coarse_ solve converged due to CONVERGED_RTOL iterations 17
          Linear BackwardEuler-Equation_mg_coarse_ solve converged due to CONVERGED_RTOL iterations 17
          Linear BackwardEuler-Equation_mg_coarse_ solve converged due to CONVERGED_RTOL iterations 17
          Linear BackwardEuler-Equation_mg_coarse_ solve converged due to CONVERGED_RTOL iterations 17
          Linear BackwardEuler-Equation_mg_coarse_ solve converged due to CONVERGED_RTOL iterations 17
          Linear BackwardEuler-Equation_mg_coarse_ solve converged due to CONVERGED_RTOL iterations 17
          Linear BackwardEuler-Equation_mg_coarse_ solve converged due to CONVERGED_RTOL iterations 17
          Linear BackwardEuler-Equation_mg_coarse_ solve converged due to CONVERGED_RTOL iterations 17
          Linear BackwardEuler-Equation_mg_coarse_ solve converged due to CONVERGED_RTOL iterations 17
          Linear BackwardEuler-Equation_mg_coarse_ solve converged due to CONVERGED_RTOL iterations 17
          Linear BackwardEuler-Equation_mg_coarse_ solve converged due to CONVERGED_RTOL iterations 17
          Linear BackwardEuler-Equation_mg_coarse_ solve converged due to CONVERGED_RTOL iterations 17
          Linear BackwardEuler-Equation_mg_coarse_ solve converged due to CONVERGED_RTOL iterations 16
    Linear BackwardEuler-Equation_ solve converged due to CONVERGED_RTOL iterations 25
  Nonlinear BackwardEuler-Equation_ solve converged due to CONVERGED_SNORM_RELATIVE iterations 3
t = 17.37 d | step 49/100000 | dt = 43200.0 s | wall 35.11 s | NL 3 | L 51
          Linear BackwardEuler-Equation_mg_coarse_ solve converged due to CONVERGED_RTOL iterations 20
          Linear BackwardEuler-Equation_mg_coarse_ solve converged due to CONVERGED_RTOL iterations 20
          Linear BackwardEuler-Equation_mg_coarse_ solve converged due to CONVERGED_RTOL iterations 19
          Linear BackwardEuler-Equation_mg_coarse_ solve converged due to CONVERGED_RTOL iterations 19
          Linear BackwardEuler-Equation_mg_coarse_ solve converged due to CONVERGED_RTOL iterations 18
          Linear BackwardEuler-Equation_mg_coarse_ solve converged due to CONVERGED_RTOL iterations 16
          Linear BackwardEuler-Equation_mg_coarse_ solve converged due to CONVERGED_RTOL iterations 16
          Linear BackwardEuler-Equation_mg_coarse_ solve converged due to CONVERGED_RTOL iterations 17
          Linear BackwardEuler-Equation_mg_coarse_ solve converged due to CONVERGED_RTOL iterations 17
          Linear BackwardEuler-Equation_mg_coarse_ solve converged due to CONVERGED_RTOL iterations 17
    Linear BackwardEuler-Equation_ solve converged due to CONVERGED_RTOL iterations 10
          Linear BackwardEuler-Equation_mg_coarse_ solve converged due to CONVERGED_RTOL iterations 21
          Linear BackwardEuler-Equation_mg_coarse_ solve converged due to CONVERGED_RTOL iterations 18
          Linear BackwardEuler-Equation_mg_coarse_ solve converged due to CONVERGED_RTOL iterations 17
          Linear BackwardEuler-Equation_mg_coarse_ solve converged due to CONVERGED_RTOL iterations 16
          Linear BackwardEuler-Equation_mg_coarse_ solve converged due to CONVERGED_RTOL iterations 17
          Linear BackwardEuler-Equation_mg_coarse_ solve converged due to CONVERGED_RTOL iterations 16
          Linear BackwardEuler-Equation_mg_coarse_ solve converged due to CONVERGED_RTOL iterations 16
          Linear BackwardEuler-Equation_mg_coarse_ solve converged due to CONVERGED_RTOL iterations 16
          Linear BackwardEuler-Equation_mg_coarse_ solve converged due to CONVERGED_RTOL iterations 18
          Linear BackwardEuler-Equation_mg_coarse_ solve converged due to CONVERGED_RTOL iterations 17
          Linear BackwardEuler-Equation_mg_coarse_ solve converged due to CONVERGED_RTOL iterations 16
          Linear BackwardEuler-Equation_mg_coarse_ solve converged due to CONVERGED_RTOL iterations 17
          Linear BackwardEuler-Equation_mg_coarse_ solve converged due to CONVERGED_RTOL iterations 17
          Linear BackwardEuler-Equation_mg_coarse_ solve converged due to CONVERGED_RTOL iterations 16
          Linear BackwardEuler-Equation_mg_coarse_ solve converged due to CONVERGED_RTOL iterations 17
          Linear BackwardEuler-Equation_mg_coarse_ solve converged due to CONVERGED_RTOL iterations 17
    Linear BackwardEuler-Equation_ solve converged due to CONVERGED_RTOL iterations 16
          Linear BackwardEuler-Equation_mg_coarse_ solve converged due to CONVERGED_RTOL iterations 19
          Linear BackwardEuler-Equation_mg_coarse_ solve converged due to CONVERGED_RTOL iterations 18
          Linear BackwardEuler-Equation_mg_coarse_ solve converged due to CONVERGED_RTOL iterations 16
          Linear BackwardEuler-Equation_mg_coarse_ solve converged due to CONVERGED_RTOL iterations 18
          Linear BackwardEuler-Equation_mg_coarse_ solve converged due to CONVERGED_RTOL iterations 17
          Linear BackwardEuler-Equation_mg_coarse_ solve converged due to CONVERGED_RTOL iterations 17
          Linear BackwardEuler-Equation_mg_coarse_ solve converged due to CONVERGED_RTOL iterations 17
          Linear BackwardEuler-Equation_mg_coarse_ solve converged due to CONVERGED_RTOL iterations 17
          Linear BackwardEuler-Equation_mg_coarse_ solve converged due to CONVERGED_RTOL iterations 17
          Linear BackwardEuler-Equation_mg_coarse_ solve converged due to CONVERGED_RTOL iterations 17
          Linear BackwardEuler-Equation_mg_coarse_ solve converged due to CONVERGED_RTOL iterations 17
          Linear BackwardEuler-Equation_mg_coarse_ solve converged due to CONVERGED_RTOL iterations 17
          Linear BackwardEuler-Equation_mg_coarse_ solve converged due to CONVERGED_RTOL iterations 17
          Linear BackwardEuler-Equation_mg_coarse_ solve converged due to CONVERGED_RTOL iterations 17
          Linear BackwardEuler-Equation_mg_coarse_ solve converged due to CONVERGED_RTOL iterations 17
          Linear BackwardEuler-Equation_mg_coarse_ solve converged due to CONVERGED_RTOL iterations 17
          Linear BackwardEuler-Equation_mg_coarse_ solve converged due to CONVERGED_RTOL iterations 17
          Linear BackwardEuler-Equation_mg_coarse_ solve converged due to CONVERGED_RTOL iterations 17
          Linear BackwardEuler-Equation_mg_coarse_ solve converged due to CONVERGED_RTOL iterations 17
          Linear BackwardEuler-Equation_mg_coarse_ solve converged due to CONVERGED_RTOL iterations 17
          Linear BackwardEuler-Equation_mg_coarse_ solve converged due to CONVERGED_RTOL iterations 17
          Linear BackwardEuler-Equation_mg_coarse_ solve converged due to CONVERGED_RTOL iterations 17
          Linear BackwardEuler-Equation_mg_coarse_ solve converged due to CONVERGED_RTOL iterations 17
          Linear BackwardEuler-Equation_mg_coarse_ solve converged due to CONVERGED_RTOL iterations 17
          Linear BackwardEuler-Equation_mg_coarse_ solve converged due to CONVERGED_RTOL iterations 16
    Linear BackwardEuler-Equation_ solve converged due to CONVERGED_RTOL iterations 25
  Nonlinear BackwardEuler-Equation_ solve converged due to CONVERGED_SNORM_RELATIVE iterations 3
t = 17.87 d | step 50/100000 | dt = 43200.0 s | wall 35.43 s | NL 3 | L 51
          Linear BackwardEuler-Equation_mg_coarse_ solve converged due to CONVERGED_RTOL iterations 20
          Linear BackwardEuler-Equation_mg_coarse_ solve converged due to CONVERGED_RTOL iterations 20
          Linear BackwardEuler-Equation_mg_coarse_ solve converged due to CONVERGED_RTOL iterations 19
          Linear BackwardEuler-Equation_mg_coarse_ solve converged due to CONVERGED_RTOL iterations 19
          Linear BackwardEuler-Equation_mg_coarse_ solve converged due to CONVERGED_RTOL iterations 18
          Linear BackwardEuler-Equation_mg_coarse_ solve converged due to CONVERGED_RTOL iterations 16
          Linear BackwardEuler-Equation_mg_coarse_ solve converged due to CONVERGED_RTOL iterations 16
          Linear BackwardEuler-Equation_mg_coarse_ solve converged due to CONVERGED_RTOL iterations 17
          Linear BackwardEuler-Equation_mg_coarse_ solve converged due to CONVERGED_RTOL iterations 17
          Linear BackwardEuler-Equation_mg_coarse_ solve converged due to CONVERGED_RTOL iterations 17
    Linear BackwardEuler-Equation_ solve converged due to CONVERGED_RTOL iterations 10
          Linear BackwardEuler-Equation_mg_coarse_ solve converged due to CONVERGED_RTOL iterations 21
          Linear BackwardEuler-Equation_mg_coarse_ solve converged due to CONVERGED_RTOL iterations 18
          Linear BackwardEuler-Equation_mg_coarse_ solve converged due to CONVERGED_RTOL iterations 16
          Linear BackwardEuler-Equation_mg_coarse_ solve converged due to CONVERGED_RTOL iterations 16
          Linear BackwardEuler-Equation_mg_coarse_ solve converged due to CONVERGED_RTOL iterations 17
          Linear BackwardEuler-Equation_mg_coarse_ solve converged due to CONVERGED_RTOL iterations 16
          Linear BackwardEuler-Equation_mg_coarse_ solve converged due to CONVERGED_RTOL iterations 16
          Linear BackwardEuler-Equation_mg_coarse_ solve converged due to CONVERGED_RTOL iterations 16
          Linear BackwardEuler-Equation_mg_coarse_ solve converged due to CONVERGED_RTOL iterations 17
          Linear BackwardEuler-Equation_mg_coarse_ solve converged due to CONVERGED_RTOL iterations 17
          Linear BackwardEuler-Equation_mg_coarse_ solve converged due to CONVERGED_RTOL iterations 16
          Linear BackwardEuler-Equation_mg_coarse_ solve converged due to CONVERGED_RTOL iterations 17
          Linear BackwardEuler-Equation_mg_coarse_ solve converged due to CONVERGED_RTOL iterations 17
          Linear BackwardEuler-Equation_mg_coarse_ solve converged due to CONVERGED_RTOL iterations 17
          Linear BackwardEuler-Equation_mg_coarse_ solve converged due to CONVERGED_RTOL iterations 17
          Linear BackwardEuler-Equation_mg_coarse_ solve converged due to CONVERGED_RTOL iterations 17
          Linear BackwardEuler-Equation_mg_coarse_ solve converged due to CONVERGED_RTOL iterations 17
          Linear BackwardEuler-Equation_mg_coarse_ solve converged due to CONVERGED_RTOL iterations 17
    Linear BackwardEuler-Equation_ solve converged due to CONVERGED_RTOL iterations 18
          Linear BackwardEuler-Equation_mg_coarse_ solve converged due to CONVERGED_RTOL iterations 20
          Linear BackwardEuler-Equation_mg_coarse_ solve converged due to CONVERGED_RTOL iterations 18
          Linear BackwardEuler-Equation_mg_coarse_ solve converged due to CONVERGED_RTOL iterations 16
          Linear BackwardEuler-Equation_mg_coarse_ solve converged due to CONVERGED_RTOL iterations 16
          Linear BackwardEuler-Equation_mg_coarse_ solve converged due to CONVERGED_RTOL iterations 17
          Linear BackwardEuler-Equation_mg_coarse_ solve converged due to CONVERGED_RTOL iterations 17
          Linear BackwardEuler-Equation_mg_coarse_ solve converged due to CONVERGED_RTOL iterations 16
          Linear BackwardEuler-Equation_mg_coarse_ solve converged due to CONVERGED_RTOL iterations 17
          Linear BackwardEuler-Equation_mg_coarse_ solve converged due to CONVERGED_RTOL iterations 17
          Linear BackwardEuler-Equation_mg_coarse_ solve converged due to CONVERGED_RTOL iterations 17
          Linear BackwardEuler-Equation_mg_coarse_ solve converged due to CONVERGED_RTOL iterations 17
          Linear BackwardEuler-Equation_mg_coarse_ solve converged due to CONVERGED_RTOL iterations 17
          Linear BackwardEuler-Equation_mg_coarse_ solve converged due to CONVERGED_RTOL iterations 17
          Linear BackwardEuler-Equation_mg_coarse_ solve converged due to CONVERGED_RTOL iterations 17
          Linear BackwardEuler-Equation_mg_coarse_ solve converged due to CONVERGED_RTOL iterations 16
          Linear BackwardEuler-Equation_mg_coarse_ solve converged due to CONVERGED_RTOL iterations 17
          Linear BackwardEuler-Equation_mg_coarse_ solve converged due to CONVERGED_RTOL iterations 17
          Linear BackwardEuler-Equation_mg_coarse_ solve converged due to CONVERGED_RTOL iterations 17
          Linear BackwardEuler-Equation_mg_coarse_ solve converged due to CONVERGED_RTOL iterations 17
          Linear BackwardEuler-Equation_mg_coarse_ solve converged due to CONVERGED_RTOL iterations 17
          Linear BackwardEuler-Equation_mg_coarse_ solve converged due to CONVERGED_RTOL iterations 17
          Linear BackwardEuler-Equation_mg_coarse_ solve converged due to CONVERGED_RTOL iterations 17
    Linear BackwardEuler-Equation_ solve converged due to CONVERGED_RTOL iterations 22
  Nonlinear BackwardEuler-Equation_ solve converged due to CONVERGED_SNORM_RELATIVE iterations 3
t = 18.37 d | step 51/100000 | dt = 43200.0 s | wall 34.64 s | NL 3 | L 50
          Linear BackwardEuler-Equation_mg_coarse_ solve converged due to CONVERGED_RTOL iterations 20
          Linear BackwardEuler-Equation_mg_coarse_ solve converged due to CONVERGED_RTOL iterations 21
          Linear BackwardEuler-Equation_mg_coarse_ solve converged due to CONVERGED_RTOL iterations 19
          Linear BackwardEuler-Equation_mg_coarse_ solve converged due to CONVERGED_RTOL iterations 19
          Linear BackwardEuler-Equation_mg_coarse_ solve converged due to CONVERGED_RTOL iterations 18
          Linear BackwardEuler-Equation_mg_coarse_ solve converged due to CONVERGED_RTOL iterations 16
          Linear BackwardEuler-Equation_mg_coarse_ solve converged due to CONVERGED_RTOL iterations 16
          Linear BackwardEuler-Equation_mg_coarse_ solve converged due to CONVERGED_RTOL iterations 17
          Linear BackwardEuler-Equation_mg_coarse_ solve converged due to CONVERGED_RTOL iterations 17
          Linear BackwardEuler-Equation_mg_coarse_ solve converged due to CONVERGED_RTOL iterations 17
    Linear BackwardEuler-Equation_ solve converged due to CONVERGED_RTOL iterations 10
          Linear BackwardEuler-Equation_mg_coarse_ solve converged due to CONVERGED_RTOL iterations 21
          Linear BackwardEuler-Equation_mg_coarse_ solve converged due to CONVERGED_RTOL iterations 18
          Linear BackwardEuler-Equation_mg_coarse_ solve converged due to CONVERGED_RTOL iterations 17
          Linear BackwardEuler-Equation_mg_coarse_ solve converged due to CONVERGED_RTOL iterations 16
          Linear BackwardEuler-Equation_mg_coarse_ solve converged due to CONVERGED_RTOL iterations 16
          Linear BackwardEuler-Equation_mg_coarse_ solve converged due to CONVERGED_RTOL iterations 16
          Linear BackwardEuler-Equation_mg_coarse_ solve converged due to CONVERGED_RTOL iterations 16
          Linear BackwardEuler-Equation_mg_coarse_ solve converged due to CONVERGED_RTOL iterations 16
          Linear BackwardEuler-Equation_mg_coarse_ solve converged due to CONVERGED_RTOL iterations 17
          Linear BackwardEuler-Equation_mg_coarse_ solve converged due to CONVERGED_RTOL iterations 17
          Linear BackwardEuler-Equation_mg_coarse_ solve converged due to CONVERGED_RTOL iterations 16
          Linear BackwardEuler-Equation_mg_coarse_ solve converged due to CONVERGED_RTOL iterations 17
          Linear BackwardEuler-Equation_mg_coarse_ solve converged due to CONVERGED_RTOL iterations 17
          Linear BackwardEuler-Equation_mg_coarse_ solve converged due to CONVERGED_RTOL iterations 17
          Linear BackwardEuler-Equation_mg_coarse_ solve converged due to CONVERGED_RTOL iterations 17
          Linear BackwardEuler-Equation_mg_coarse_ solve converged due to CONVERGED_RTOL iterations 17
          Linear BackwardEuler-Equation_mg_coarse_ solve converged due to CONVERGED_RTOL iterations 17
          Linear BackwardEuler-Equation_mg_coarse_ solve converged due to CONVERGED_RTOL iterations 17
          Linear BackwardEuler-Equation_mg_coarse_ solve converged due to CONVERGED_RTOL iterations 17
    Linear BackwardEuler-Equation_ solve converged due to CONVERGED_RTOL iterations 19
          Linear BackwardEuler-Equation_mg_coarse_ solve converged due to CONVERGED_RTOL iterations 20
          Linear BackwardEuler-Equation_mg_coarse_ solve converged due to CONVERGED_RTOL iterations 18
          Linear BackwardEuler-Equation_mg_coarse_ solve converged due to CONVERGED_RTOL iterations 16
          Linear BackwardEuler-Equation_mg_coarse_ solve converged due to CONVERGED_RTOL iterations 16
          Linear BackwardEuler-Equation_mg_coarse_ solve converged due to CONVERGED_RTOL iterations 17
          Linear BackwardEuler-Equation_mg_coarse_ solve converged due to CONVERGED_RTOL iterations 16
          Linear BackwardEuler-Equation_mg_coarse_ solve converged due to CONVERGED_RTOL iterations 17
          Linear BackwardEuler-Equation_mg_coarse_ solve converged due to CONVERGED_RTOL iterations 17
          Linear BackwardEuler-Equation_mg_coarse_ solve converged due to CONVERGED_RTOL iterations 17
          Linear BackwardEuler-Equation_mg_coarse_ solve converged due to CONVERGED_RTOL iterations 17
          Linear BackwardEuler-Equation_mg_coarse_ solve converged due to CONVERGED_RTOL iterations 17
          Linear BackwardEuler-Equation_mg_coarse_ solve converged due to CONVERGED_RTOL iterations 17
          Linear BackwardEuler-Equation_mg_coarse_ solve converged due to CONVERGED_RTOL iterations 17
          Linear BackwardEuler-Equation_mg_coarse_ solve converged due to CONVERGED_RTOL iterations 17
          Linear BackwardEuler-Equation_mg_coarse_ solve converged due to CONVERGED_RTOL iterations 17
          Linear BackwardEuler-Equation_mg_coarse_ solve converged due to CONVERGED_RTOL iterations 16
          Linear BackwardEuler-Equation_mg_coarse_ solve converged due to CONVERGED_RTOL iterations 17
          Linear BackwardEuler-Equation_mg_coarse_ solve converged due to CONVERGED_RTOL iterations 17
          Linear BackwardEuler-Equation_mg_coarse_ solve converged due to CONVERGED_RTOL iterations 16
          Linear BackwardEuler-Equation_mg_coarse_ solve converged due to CONVERGED_RTOL iterations 17
          Linear BackwardEuler-Equation_mg_coarse_ solve converged due to CONVERGED_RTOL iterations 17
          Linear BackwardEuler-Equation_mg_coarse_ solve converged due to CONVERGED_RTOL iterations 17
          Linear BackwardEuler-Equation_mg_coarse_ solve converged due to CONVERGED_RTOL iterations 17
    Linear BackwardEuler-Equation_ solve converged due to CONVERGED_RTOL iterations 23
  Nonlinear BackwardEuler-Equation_ solve converged due to CONVERGED_SNORM_RELATIVE iterations 3
t = 18.87 d | step 52/100000 | dt = 43200.0 s | wall 35.71 s | NL 3 | L 52
          Linear BackwardEuler-Equation_mg_coarse_ solve converged due to CONVERGED_RTOL iterations 20
          Linear BackwardEuler-Equation_mg_coarse_ solve converged due to CONVERGED_RTOL iterations 21
          Linear BackwardEuler-Equation_mg_coarse_ solve converged due to CONVERGED_RTOL iterations 19
          Linear BackwardEuler-Equation_mg_coarse_ solve converged due to CONVERGED_RTOL iterations 19
          Linear BackwardEuler-Equation_mg_coarse_ solve converged due to CONVERGED_RTOL iterations 18
          Linear BackwardEuler-Equation_mg_coarse_ solve converged due to CONVERGED_RTOL iterations 16
          Linear BackwardEuler-Equation_mg_coarse_ solve converged due to CONVERGED_RTOL iterations 16
          Linear BackwardEuler-Equation_mg_coarse_ solve converged due to CONVERGED_RTOL iterations 17
          Linear BackwardEuler-Equation_mg_coarse_ solve converged due to CONVERGED_RTOL iterations 17
          Linear BackwardEuler-Equation_mg_coarse_ solve converged due to CONVERGED_RTOL iterations 17
    Linear BackwardEuler-Equation_ solve converged due to CONVERGED_RTOL iterations 10
          Linear BackwardEuler-Equation_mg_coarse_ solve converged due to CONVERGED_RTOL iterations 21
          Linear BackwardEuler-Equation_mg_coarse_ solve converged due to CONVERGED_RTOL iterations 18
          Linear BackwardEuler-Equation_mg_coarse_ solve converged due to CONVERGED_RTOL iterations 16
          Linear BackwardEuler-Equation_mg_coarse_ solve converged due to CONVERGED_RTOL iterations 16
          Linear BackwardEuler-Equation_mg_coarse_ solve converged due to CONVERGED_RTOL iterations 16
          Linear BackwardEuler-Equation_mg_coarse_ solve converged due to CONVERGED_RTOL iterations 16
          Linear BackwardEuler-Equation_mg_coarse_ solve converged due to CONVERGED_RTOL iterations 16
          Linear BackwardEuler-Equation_mg_coarse_ solve converged due to CONVERGED_RTOL iterations 16
          Linear BackwardEuler-Equation_mg_coarse_ solve converged due to CONVERGED_RTOL iterations 17
          Linear BackwardEuler-Equation_mg_coarse_ solve converged due to CONVERGED_RTOL iterations 17
          Linear BackwardEuler-Equation_mg_coarse_ solve converged due to CONVERGED_RTOL iterations 16
          Linear BackwardEuler-Equation_mg_coarse_ solve converged due to CONVERGED_RTOL iterations 17
          Linear BackwardEuler-Equation_mg_coarse_ solve converged due to CONVERGED_RTOL iterations 17
          Linear BackwardEuler-Equation_mg_coarse_ solve converged due to CONVERGED_RTOL iterations 17
          Linear BackwardEuler-Equation_mg_coarse_ solve converged due to CONVERGED_RTOL iterations 16
          Linear BackwardEuler-Equation_mg_coarse_ solve converged due to CONVERGED_RTOL iterations 17
          Linear BackwardEuler-Equation_mg_coarse_ solve converged due to CONVERGED_RTOL iterations 17
    Linear BackwardEuler-Equation_ solve converged due to CONVERGED_RTOL iterations 17
          Linear BackwardEuler-Equation_mg_coarse_ solve converged due to CONVERGED_RTOL iterations 19
          Linear BackwardEuler-Equation_mg_coarse_ solve converged due to CONVERGED_RTOL iterations 18
          Linear BackwardEuler-Equation_mg_coarse_ solve converged due to CONVERGED_RTOL iterations 16
          Linear BackwardEuler-Equation_mg_coarse_ solve converged due to CONVERGED_RTOL iterations 17
          Linear BackwardEuler-Equation_mg_coarse_ solve converged due to CONVERGED_RTOL iterations 18
          Linear BackwardEuler-Equation_mg_coarse_ solve converged due to CONVERGED_RTOL iterations 16
          Linear BackwardEuler-Equation_mg_coarse_ solve converged due to CONVERGED_RTOL iterations 17
          Linear BackwardEuler-Equation_mg_coarse_ solve converged due to CONVERGED_RTOL iterations 17
          Linear BackwardEuler-Equation_mg_coarse_ solve converged due to CONVERGED_RTOL iterations 17
          Linear BackwardEuler-Equation_mg_coarse_ solve converged due to CONVERGED_RTOL iterations 17
          Linear BackwardEuler-Equation_mg_coarse_ solve converged due to CONVERGED_RTOL iterations 17
          Linear BackwardEuler-Equation_mg_coarse_ solve converged due to CONVERGED_RTOL iterations 17
          Linear BackwardEuler-Equation_mg_coarse_ solve converged due to CONVERGED_RTOL iterations 17
          Linear BackwardEuler-Equation_mg_coarse_ solve converged due to CONVERGED_RTOL iterations 16
          Linear BackwardEuler-Equation_mg_coarse_ solve converged due to CONVERGED_RTOL iterations 17
          Linear BackwardEuler-Equation_mg_coarse_ solve converged due to CONVERGED_RTOL iterations 17
          Linear BackwardEuler-Equation_mg_coarse_ solve converged due to CONVERGED_RTOL iterations 17
          Linear BackwardEuler-Equation_mg_coarse_ solve converged due to CONVERGED_RTOL iterations 17
          Linear BackwardEuler-Equation_mg_coarse_ solve converged due to CONVERGED_RTOL iterations 17
          Linear BackwardEuler-Equation_mg_coarse_ solve converged due to CONVERGED_RTOL iterations 17
          Linear BackwardEuler-Equation_mg_coarse_ solve converged due to CONVERGED_RTOL iterations 17
          Linear BackwardEuler-Equation_mg_coarse_ solve converged due to CONVERGED_RTOL iterations 17
          Linear BackwardEuler-Equation_mg_coarse_ solve converged due to CONVERGED_RTOL iterations 17
          Linear BackwardEuler-Equation_mg_coarse_ solve converged due to CONVERGED_RTOL iterations 16
          Linear BackwardEuler-Equation_mg_coarse_ solve converged due to CONVERGED_RTOL iterations 16
          Linear BackwardEuler-Equation_mg_coarse_ solve converged due to CONVERGED_RTOL iterations 17
    Linear BackwardEuler-Equation_ solve converged due to CONVERGED_RTOL iterations 26
  Nonlinear BackwardEuler-Equation_ solve converged due to CONVERGED_SNORM_RELATIVE iterations 3
t = 19.37 d | step 53/100000 | dt = 43200.0 s | wall 36.22 s | NL 3 | L 53
          Linear BackwardEuler-Equation_mg_coarse_ solve converged due to CONVERGED_RTOL iterations 20
          Linear BackwardEuler-Equation_mg_coarse_ solve converged due to CONVERGED_RTOL iterations 21
          Linear BackwardEuler-Equation_mg_coarse_ solve converged due to CONVERGED_RTOL iterations 19
          Linear BackwardEuler-Equation_mg_coarse_ solve converged due to CONVERGED_RTOL iterations 19
          Linear BackwardEuler-Equation_mg_coarse_ solve converged due to CONVERGED_RTOL iterations 18
          Linear BackwardEuler-Equation_mg_coarse_ solve converged due to CONVERGED_RTOL iterations 16
          Linear BackwardEuler-Equation_mg_coarse_ solve converged due to CONVERGED_RTOL iterations 16
          Linear BackwardEuler-Equation_mg_coarse_ solve converged due to CONVERGED_RTOL iterations 17
          Linear BackwardEuler-Equation_mg_coarse_ solve converged due to CONVERGED_RTOL iterations 18
          Linear BackwardEuler-Equation_mg_coarse_ solve converged due to CONVERGED_RTOL iterations 17
    Linear BackwardEuler-Equation_ solve converged due to CONVERGED_RTOL iterations 10
          Linear BackwardEuler-Equation_mg_coarse_ solve converged due to CONVERGED_RTOL iterations 21
          Linear BackwardEuler-Equation_mg_coarse_ solve converged due to CONVERGED_RTOL iterations 18
          Linear BackwardEuler-Equation_mg_coarse_ solve converged due to CONVERGED_RTOL iterations 16
          Linear BackwardEuler-Equation_mg_coarse_ solve converged due to CONVERGED_RTOL iterations 16
          Linear BackwardEuler-Equation_mg_coarse_ solve converged due to CONVERGED_RTOL iterations 17
          Linear BackwardEuler-Equation_mg_coarse_ solve converged due to CONVERGED_RTOL iterations 16
          Linear BackwardEuler-Equation_mg_coarse_ solve converged due to CONVERGED_RTOL iterations 16
          Linear BackwardEuler-Equation_mg_coarse_ solve converged due to CONVERGED_RTOL iterations 16
          Linear BackwardEuler-Equation_mg_coarse_ solve converged due to CONVERGED_RTOL iterations 17
          Linear BackwardEuler-Equation_mg_coarse_ solve converged due to CONVERGED_RTOL iterations 17
          Linear BackwardEuler-Equation_mg_coarse_ solve converged due to CONVERGED_RTOL iterations 16
          Linear BackwardEuler-Equation_mg_coarse_ solve converged due to CONVERGED_RTOL iterations 17
          Linear BackwardEuler-Equation_mg_coarse_ solve converged due to CONVERGED_RTOL iterations 17
          Linear BackwardEuler-Equation_mg_coarse_ solve converged due to CONVERGED_RTOL iterations 16
          Linear BackwardEuler-Equation_mg_coarse_ solve converged due to CONVERGED_RTOL iterations 17
          Linear BackwardEuler-Equation_mg_coarse_ solve converged due to CONVERGED_RTOL iterations 17
          Linear BackwardEuler-Equation_mg_coarse_ solve converged due to CONVERGED_RTOL iterations 17
    Linear BackwardEuler-Equation_ solve converged due to CONVERGED_RTOL iterations 17
          Linear BackwardEuler-Equation_mg_coarse_ solve converged due to CONVERGED_RTOL iterations 19
          Linear BackwardEuler-Equation_mg_coarse_ solve converged due to CONVERGED_RTOL iterations 18
          Linear BackwardEuler-Equation_mg_coarse_ solve converged due to CONVERGED_RTOL iterations 16
          Linear BackwardEuler-Equation_mg_coarse_ solve converged due to CONVERGED_RTOL iterations 17
          Linear BackwardEuler-Equation_mg_coarse_ solve converged due to CONVERGED_RTOL iterations 17
          Linear BackwardEuler-Equation_mg_coarse_ solve converged due to CONVERGED_RTOL iterations 16
          Linear BackwardEuler-Equation_mg_coarse_ solve converged due to CONVERGED_RTOL iterations 17
          Linear BackwardEuler-Equation_mg_coarse_ solve converged due to CONVERGED_RTOL iterations 17
          Linear BackwardEuler-Equation_mg_coarse_ solve converged due to CONVERGED_RTOL iterations 17
          Linear BackwardEuler-Equation_mg_coarse_ solve converged due to CONVERGED_RTOL iterations 17
          Linear BackwardEuler-Equation_mg_coarse_ solve converged due to CONVERGED_RTOL iterations 17
          Linear BackwardEuler-Equation_mg_coarse_ solve converged due to CONVERGED_RTOL iterations 17
          Linear BackwardEuler-Equation_mg_coarse_ solve converged due to CONVERGED_RTOL iterations 17
          Linear BackwardEuler-Equation_mg_coarse_ solve converged due to CONVERGED_RTOL iterations 16
          Linear BackwardEuler-Equation_mg_coarse_ solve converged due to CONVERGED_RTOL iterations 17
          Linear BackwardEuler-Equation_mg_coarse_ solve converged due to CONVERGED_RTOL iterations 17
          Linear BackwardEuler-Equation_mg_coarse_ solve converged due to CONVERGED_RTOL iterations 17
          Linear BackwardEuler-Equation_mg_coarse_ solve converged due to CONVERGED_RTOL iterations 17
          Linear BackwardEuler-Equation_mg_coarse_ solve converged due to CONVERGED_RTOL iterations 17
          Linear BackwardEuler-Equation_mg_coarse_ solve converged due to CONVERGED_RTOL iterations 17
          Linear BackwardEuler-Equation_mg_coarse_ solve converged due to CONVERGED_RTOL iterations 17
          Linear BackwardEuler-Equation_mg_coarse_ solve converged due to CONVERGED_RTOL iterations 17
          Linear BackwardEuler-Equation_mg_coarse_ solve converged due to CONVERGED_RTOL iterations 17
          Linear BackwardEuler-Equation_mg_coarse_ solve converged due to CONVERGED_RTOL iterations 16
          Linear BackwardEuler-Equation_mg_coarse_ solve converged due to CONVERGED_RTOL iterations 17
          Linear BackwardEuler-Equation_mg_coarse_ solve converged due to CONVERGED_RTOL iterations 17
    Linear BackwardEuler-Equation_ solve converged due to CONVERGED_RTOL iterations 26
  Nonlinear BackwardEuler-Equation_ solve converged due to CONVERGED_SNORM_RELATIVE iterations 3
t = 19.87 d | step 54/100000 | dt = 43200.0 s | wall 36.26 s | NL 3 | L 53
          Linear BackwardEuler-Equation_mg_coarse_ solve converged due to CONVERGED_RTOL iterations 20
          Linear BackwardEuler-Equation_mg_coarse_ solve converged due to CONVERGED_RTOL iterations 21
          Linear BackwardEuler-Equation_mg_coarse_ solve converged due to CONVERGED_RTOL iterations 19
          Linear BackwardEuler-Equation_mg_coarse_ solve converged due to CONVERGED_RTOL iterations 19
          Linear BackwardEuler-Equation_mg_coarse_ solve converged due to CONVERGED_RTOL iterations 18
          Linear BackwardEuler-Equation_mg_coarse_ solve converged due to CONVERGED_RTOL iterations 16
          Linear BackwardEuler-Equation_mg_coarse_ solve converged due to CONVERGED_RTOL iterations 16
          Linear BackwardEuler-Equation_mg_coarse_ solve converged due to CONVERGED_RTOL iterations 17
          Linear BackwardEuler-Equation_mg_coarse_ solve converged due to CONVERGED_RTOL iterations 18
          Linear BackwardEuler-Equation_mg_coarse_ solve converged due to CONVERGED_RTOL iterations 17
    Linear BackwardEuler-Equation_ solve converged due to CONVERGED_RTOL iterations 10
          Linear BackwardEuler-Equation_mg_coarse_ solve converged due to CONVERGED_RTOL iterations 21
          Linear BackwardEuler-Equation_mg_coarse_ solve converged due to CONVERGED_RTOL iterations 18
          Linear BackwardEuler-Equation_mg_coarse_ solve converged due to CONVERGED_RTOL iterations 17
          Linear BackwardEuler-Equation_mg_coarse_ solve converged due to CONVERGED_RTOL iterations 16
          Linear BackwardEuler-Equation_mg_coarse_ solve converged due to CONVERGED_RTOL iterations 16
          Linear BackwardEuler-Equation_mg_coarse_ solve converged due to CONVERGED_RTOL iterations 16
          Linear BackwardEuler-Equation_mg_coarse_ solve converged due to CONVERGED_RTOL iterations 16
          Linear BackwardEuler-Equation_mg_coarse_ solve converged due to CONVERGED_RTOL iterations 16
          Linear BackwardEuler-Equation_mg_coarse_ solve converged due to CONVERGED_RTOL iterations 17
          Linear BackwardEuler-Equation_mg_coarse_ solve converged due to CONVERGED_RTOL iterations 17
          Linear BackwardEuler-Equation_mg_coarse_ solve converged due to CONVERGED_RTOL iterations 16
          Linear BackwardEuler-Equation_mg_coarse_ solve converged due to CONVERGED_RTOL iterations 17
          Linear BackwardEuler-Equation_mg_coarse_ solve converged due to CONVERGED_RTOL iterations 17
          Linear BackwardEuler-Equation_mg_coarse_ solve converged due to CONVERGED_RTOL iterations 16
          Linear BackwardEuler-Equation_mg_coarse_ solve converged due to CONVERGED_RTOL iterations 17
          Linear BackwardEuler-Equation_mg_coarse_ solve converged due to CONVERGED_RTOL iterations 17
    Linear BackwardEuler-Equation_ solve converged due to CONVERGED_RTOL iterations 16
          Linear BackwardEuler-Equation_mg_coarse_ solve converged due to CONVERGED_RTOL iterations 20
          Linear BackwardEuler-Equation_mg_coarse_ solve converged due to CONVERGED_RTOL iterations 18
          Linear BackwardEuler-Equation_mg_coarse_ solve converged due to CONVERGED_RTOL iterations 16
          Linear BackwardEuler-Equation_mg_coarse_ solve converged due to CONVERGED_RTOL iterations 16
          Linear BackwardEuler-Equation_mg_coarse_ solve converged due to CONVERGED_RTOL iterations 17
          Linear BackwardEuler-Equation_mg_coarse_ solve converged due to CONVERGED_RTOL iterations 17
          Linear BackwardEuler-Equation_mg_coarse_ solve converged due to CONVERGED_RTOL iterations 16
          Linear BackwardEuler-Equation_mg_coarse_ solve converged due to CONVERGED_RTOL iterations 17
          Linear BackwardEuler-Equation_mg_coarse_ solve converged due to CONVERGED_RTOL iterations 17
          Linear BackwardEuler-Equation_mg_coarse_ solve converged due to CONVERGED_RTOL iterations 17
          Linear BackwardEuler-Equation_mg_coarse_ solve converged due to CONVERGED_RTOL iterations 17
          Linear BackwardEuler-Equation_mg_coarse_ solve converged due to CONVERGED_RTOL iterations 16
          Linear BackwardEuler-Equation_mg_coarse_ solve converged due to CONVERGED_RTOL iterations 17
          Linear BackwardEuler-Equation_mg_coarse_ solve converged due to CONVERGED_RTOL iterations 17
          Linear BackwardEuler-Equation_mg_coarse_ solve converged due to CONVERGED_RTOL iterations 17
          Linear BackwardEuler-Equation_mg_coarse_ solve converged due to CONVERGED_RTOL iterations 17
          Linear BackwardEuler-Equation_mg_coarse_ solve converged due to CONVERGED_RTOL iterations 17
          Linear BackwardEuler-Equation_mg_coarse_ solve converged due to CONVERGED_RTOL iterations 17
          Linear BackwardEuler-Equation_mg_coarse_ solve converged due to CONVERGED_RTOL iterations 17
          Linear BackwardEuler-Equation_mg_coarse_ solve converged due to CONVERGED_RTOL iterations 17
          Linear BackwardEuler-Equation_mg_coarse_ solve converged due to CONVERGED_RTOL iterations 17
          Linear BackwardEuler-Equation_mg_coarse_ solve converged due to CONVERGED_RTOL iterations 17
    Linear BackwardEuler-Equation_ solve converged due to CONVERGED_RTOL iterations 22
  Nonlinear BackwardEuler-Equation_ solve converged due to CONVERGED_SNORM_RELATIVE iterations 3
t = 20.37 d | step 55/100000 | dt = 43200.0 s | wall 33.58 s | NL 3 | L 48
          Linear BackwardEuler-Equation_mg_coarse_ solve converged due to CONVERGED_RTOL iterations 20
          Linear BackwardEuler-Equation_mg_coarse_ solve converged due to CONVERGED_RTOL iterations 21
          Linear BackwardEuler-Equation_mg_coarse_ solve converged due to CONVERGED_RTOL iterations 19
          Linear BackwardEuler-Equation_mg_coarse_ solve converged due to CONVERGED_RTOL iterations 19
          Linear BackwardEuler-Equation_mg_coarse_ solve converged due to CONVERGED_RTOL iterations 18
          Linear BackwardEuler-Equation_mg_coarse_ solve converged due to CONVERGED_RTOL iterations 16
          Linear BackwardEuler-Equation_mg_coarse_ solve converged due to CONVERGED_RTOL iterations 16
          Linear BackwardEuler-Equation_mg_coarse_ solve converged due to CONVERGED_RTOL iterations 17
          Linear BackwardEuler-Equation_mg_coarse_ solve converged due to CONVERGED_RTOL iterations 18
          Linear BackwardEuler-Equation_mg_coarse_ solve converged due to CONVERGED_RTOL iterations 17
    Linear BackwardEuler-Equation_ solve converged due to CONVERGED_RTOL iterations 10
          Linear BackwardEuler-Equation_mg_coarse_ solve converged due to CONVERGED_RTOL iterations 20
          Linear BackwardEuler-Equation_mg_coarse_ solve converged due to CONVERGED_RTOL iterations 18
          Linear BackwardEuler-Equation_mg_coarse_ solve converged due to CONVERGED_RTOL iterations 16
          Linear BackwardEuler-Equation_mg_coarse_ solve converged due to CONVERGED_RTOL iterations 16
          Linear BackwardEuler-Equation_mg_coarse_ solve converged due to CONVERGED_RTOL iterations 17
          Linear BackwardEuler-Equation_mg_coarse_ solve converged due to CONVERGED_RTOL iterations 16
          Linear BackwardEuler-Equation_mg_coarse_ solve converged due to CONVERGED_RTOL iterations 16
          Linear BackwardEuler-Equation_mg_coarse_ solve converged due to CONVERGED_RTOL iterations 17
          Linear BackwardEuler-Equation_mg_coarse_ solve converged due to CONVERGED_RTOL iterations 18
          Linear BackwardEuler-Equation_mg_coarse_ solve converged due to CONVERGED_RTOL iterations 17
          Linear BackwardEuler-Equation_mg_coarse_ solve converged due to CONVERGED_RTOL iterations 16
          Linear BackwardEuler-Equation_mg_coarse_ solve converged due to CONVERGED_RTOL iterations 17
          Linear BackwardEuler-Equation_mg_coarse_ solve converged due to CONVERGED_RTOL iterations 17
          Linear BackwardEuler-Equation_mg_coarse_ solve converged due to CONVERGED_RTOL iterations 17
          Linear BackwardEuler-Equation_mg_coarse_ solve converged due to CONVERGED_RTOL iterations 17
          Linear BackwardEuler-Equation_mg_coarse_ solve converged due to CONVERGED_RTOL iterations 17
          Linear BackwardEuler-Equation_mg_coarse_ solve converged due to CONVERGED_RTOL iterations 17
    Linear BackwardEuler-Equation_ solve converged due to CONVERGED_RTOL iterations 17
          Linear BackwardEuler-Equation_mg_coarse_ solve converged due to CONVERGED_RTOL iterations 19
          Linear BackwardEuler-Equation_mg_coarse_ solve converged due to CONVERGED_RTOL iterations 18
          Linear BackwardEuler-Equation_mg_coarse_ solve converged due to CONVERGED_RTOL iterations 16
          Linear BackwardEuler-Equation_mg_coarse_ solve converged due to CONVERGED_RTOL iterations 17
          Linear BackwardEuler-Equation_mg_coarse_ solve converged due to CONVERGED_RTOL iterations 18
          Linear BackwardEuler-Equation_mg_coarse_ solve converged due to CONVERGED_RTOL iterations 16
          Linear BackwardEuler-Equation_mg_coarse_ solve converged due to CONVERGED_RTOL iterations 17
          Linear BackwardEuler-Equation_mg_coarse_ solve converged due to CONVERGED_RTOL iterations 17
          Linear BackwardEuler-Equation_mg_coarse_ solve converged due to CONVERGED_RTOL iterations 17
          Linear BackwardEuler-Equation_mg_coarse_ solve converged due to CONVERGED_RTOL iterations 17
          Linear BackwardEuler-Equation_mg_coarse_ solve converged due to CONVERGED_RTOL iterations 17
          Linear BackwardEuler-Equation_mg_coarse_ solve converged due to CONVERGED_RTOL iterations 17
          Linear BackwardEuler-Equation_mg_coarse_ solve converged due to CONVERGED_RTOL iterations 17
          Linear BackwardEuler-Equation_mg_coarse_ solve converged due to CONVERGED_RTOL iterations 16
          Linear BackwardEuler-Equation_mg_coarse_ solve converged due to CONVERGED_RTOL iterations 17
          Linear BackwardEuler-Equation_mg_coarse_ solve converged due to CONVERGED_RTOL iterations 17
          Linear BackwardEuler-Equation_mg_coarse_ solve converged due to CONVERGED_RTOL iterations 17
          Linear BackwardEuler-Equation_mg_coarse_ solve converged due to CONVERGED_RTOL iterations 17
          Linear BackwardEuler-Equation_mg_coarse_ solve converged due to CONVERGED_RTOL iterations 17
          Linear BackwardEuler-Equation_mg_coarse_ solve converged due to CONVERGED_RTOL iterations 17
          Linear BackwardEuler-Equation_mg_coarse_ solve converged due to CONVERGED_RTOL iterations 17
          Linear BackwardEuler-Equation_mg_coarse_ solve converged due to CONVERGED_RTOL iterations 17
          Linear BackwardEuler-Equation_mg_coarse_ solve converged due to CONVERGED_RTOL iterations 17
          Linear BackwardEuler-Equation_mg_coarse_ solve converged due to CONVERGED_RTOL iterations 17
    Linear BackwardEuler-Equation_ solve converged due to CONVERGED_RTOL iterations 24
  Nonlinear BackwardEuler-Equation_ solve converged due to CONVERGED_SNORM_RELATIVE iterations 3
t = 20.87 d | step 56/100000 | dt = 43200.0 s | wall 35.44 s | NL 3 | L 51
          Linear BackwardEuler-Equation_mg_coarse_ solve converged due to CONVERGED_RTOL iterations 20
          Linear BackwardEuler-Equation_mg_coarse_ solve converged due to CONVERGED_RTOL iterations 21
          Linear BackwardEuler-Equation_mg_coarse_ solve converged due to CONVERGED_RTOL iterations 19
          Linear BackwardEuler-Equation_mg_coarse_ solve converged due to CONVERGED_RTOL iterations 19
          Linear BackwardEuler-Equation_mg_coarse_ solve converged due to CONVERGED_RTOL iterations 18
          Linear BackwardEuler-Equation_mg_coarse_ solve converged due to CONVERGED_RTOL iterations 16
          Linear BackwardEuler-Equation_mg_coarse_ solve converged due to CONVERGED_RTOL iterations 16
          Linear BackwardEuler-Equation_mg_coarse_ solve converged due to CONVERGED_RTOL iterations 17
          Linear BackwardEuler-Equation_mg_coarse_ solve converged due to CONVERGED_RTOL iterations 18
          Linear BackwardEuler-Equation_mg_coarse_ solve converged due to CONVERGED_RTOL iterations 17
    Linear BackwardEuler-Equation_ solve converged due to CONVERGED_RTOL iterations 10
          Linear BackwardEuler-Equation_mg_coarse_ solve converged due to CONVERGED_RTOL iterations 20
          Linear BackwardEuler-Equation_mg_coarse_ solve converged due to CONVERGED_RTOL iterations 18
          Linear BackwardEuler-Equation_mg_coarse_ solve converged due to CONVERGED_RTOL iterations 16
          Linear BackwardEuler-Equation_mg_coarse_ solve converged due to CONVERGED_RTOL iterations 16
          Linear BackwardEuler-Equation_mg_coarse_ solve converged due to CONVERGED_RTOL iterations 17
          Linear BackwardEuler-Equation_mg_coarse_ solve converged due to CONVERGED_RTOL iterations 16
          Linear BackwardEuler-Equation_mg_coarse_ solve converged due to CONVERGED_RTOL iterations 16
          Linear BackwardEuler-Equation_mg_coarse_ solve converged due to CONVERGED_RTOL iterations 16
          Linear BackwardEuler-Equation_mg_coarse_ solve converged due to CONVERGED_RTOL iterations 18
          Linear BackwardEuler-Equation_mg_coarse_ solve converged due to CONVERGED_RTOL iterations 17
          Linear BackwardEuler-Equation_mg_coarse_ solve converged due to CONVERGED_RTOL iterations 16
          Linear BackwardEuler-Equation_mg_coarse_ solve converged due to CONVERGED_RTOL iterations 17
          Linear BackwardEuler-Equation_mg_coarse_ solve converged due to CONVERGED_RTOL iterations 17
          Linear BackwardEuler-Equation_mg_coarse_ solve converged due to CONVERGED_RTOL iterations 17
          Linear BackwardEuler-Equation_mg_coarse_ solve converged due to CONVERGED_RTOL iterations 17
          Linear BackwardEuler-Equation_mg_coarse_ solve converged due to CONVERGED_RTOL iterations 17
    Linear BackwardEuler-Equation_ solve converged due to CONVERGED_RTOL iterations 16
          Linear BackwardEuler-Equation_mg_coarse_ solve converged due to CONVERGED_RTOL iterations 19
          Linear BackwardEuler-Equation_mg_coarse_ solve converged due to CONVERGED_RTOL iterations 18
          Linear BackwardEuler-Equation_mg_coarse_ solve converged due to CONVERGED_RTOL iterations 16
          Linear BackwardEuler-Equation_mg_coarse_ solve converged due to CONVERGED_RTOL iterations 18
          Linear BackwardEuler-Equation_mg_coarse_ solve converged due to CONVERGED_RTOL iterations 17
          Linear BackwardEuler-Equation_mg_coarse_ solve converged due to CONVERGED_RTOL iterations 17
          Linear BackwardEuler-Equation_mg_coarse_ solve converged due to CONVERGED_RTOL iterations 17
          Linear BackwardEuler-Equation_mg_coarse_ solve converged due to CONVERGED_RTOL iterations 17
          Linear BackwardEuler-Equation_mg_coarse_ solve converged due to CONVERGED_RTOL iterations 17
          Linear BackwardEuler-Equation_mg_coarse_ solve converged due to CONVERGED_RTOL iterations 17
          Linear BackwardEuler-Equation_mg_coarse_ solve converged due to CONVERGED_RTOL iterations 17
          Linear BackwardEuler-Equation_mg_coarse_ solve converged due to CONVERGED_RTOL iterations 17
          Linear BackwardEuler-Equation_mg_coarse_ solve converged due to CONVERGED_RTOL iterations 17
          Linear BackwardEuler-Equation_mg_coarse_ solve converged due to CONVERGED_RTOL iterations 17
          Linear BackwardEuler-Equation_mg_coarse_ solve converged due to CONVERGED_RTOL iterations 17
          Linear BackwardEuler-Equation_mg_coarse_ solve converged due to CONVERGED_RTOL iterations 17
          Linear BackwardEuler-Equation_mg_coarse_ solve converged due to CONVERGED_RTOL iterations 17
          Linear BackwardEuler-Equation_mg_coarse_ solve converged due to CONVERGED_RTOL iterations 17
          Linear BackwardEuler-Equation_mg_coarse_ solve converged due to CONVERGED_RTOL iterations 17
          Linear BackwardEuler-Equation_mg_coarse_ solve converged due to CONVERGED_RTOL iterations 17
          Linear BackwardEuler-Equation_mg_coarse_ solve converged due to CONVERGED_RTOL iterations 17
          Linear BackwardEuler-Equation_mg_coarse_ solve converged due to CONVERGED_RTOL iterations 17
          Linear BackwardEuler-Equation_mg_coarse_ solve converged due to CONVERGED_RTOL iterations 17
          Linear BackwardEuler-Equation_mg_coarse_ solve converged due to CONVERGED_RTOL iterations 17
          Linear BackwardEuler-Equation_mg_coarse_ solve converged due to CONVERGED_RTOL iterations 17
          Linear BackwardEuler-Equation_mg_coarse_ solve converged due to CONVERGED_RTOL iterations 17
          Linear BackwardEuler-Equation_mg_coarse_ solve converged due to CONVERGED_RTOL iterations 17
    Linear BackwardEuler-Equation_ solve converged due to CONVERGED_RTOL iterations 27
  Nonlinear BackwardEuler-Equation_ solve converged due to CONVERGED_SNORM_RELATIVE iterations 3
t = 21.37 d | step 57/100000 | dt = 43200.0 s | wall 36.46 s | NL 3 | L 53
          Linear BackwardEuler-Equation_mg_coarse_ solve converged due to CONVERGED_RTOL iterations 20
          Linear BackwardEuler-Equation_mg_coarse_ solve converged due to CONVERGED_RTOL iterations 21
          Linear BackwardEuler-Equation_mg_coarse_ solve converged due to CONVERGED_RTOL iterations 19
          Linear BackwardEuler-Equation_mg_coarse_ solve converged due to CONVERGED_RTOL iterations 19
          Linear BackwardEuler-Equation_mg_coarse_ solve converged due to CONVERGED_RTOL iterations 18
          Linear BackwardEuler-Equation_mg_coarse_ solve converged due to CONVERGED_RTOL iterations 16
          Linear BackwardEuler-Equation_mg_coarse_ solve converged due to CONVERGED_RTOL iterations 16
          Linear BackwardEuler-Equation_mg_coarse_ solve converged due to CONVERGED_RTOL iterations 17
          Linear BackwardEuler-Equation_mg_coarse_ solve converged due to CONVERGED_RTOL iterations 18
          Linear BackwardEuler-Equation_mg_coarse_ solve converged due to CONVERGED_RTOL iterations 17
    Linear BackwardEuler-Equation_ solve converged due to CONVERGED_RTOL iterations 10
          Linear BackwardEuler-Equation_mg_coarse_ solve converged due to CONVERGED_RTOL iterations 21
          Linear BackwardEuler-Equation_mg_coarse_ solve converged due to CONVERGED_RTOL iterations 18
          Linear BackwardEuler-Equation_mg_coarse_ solve converged due to CONVERGED_RTOL iterations 16
          Linear BackwardEuler-Equation_mg_coarse_ solve converged due to CONVERGED_RTOL iterations 16
          Linear BackwardEuler-Equation_mg_coarse_ solve converged due to CONVERGED_RTOL iterations 17
          Linear BackwardEuler-Equation_mg_coarse_ solve converged due to CONVERGED_RTOL iterations 16
          Linear BackwardEuler-Equation_mg_coarse_ solve converged due to CONVERGED_RTOL iterations 16
          Linear BackwardEuler-Equation_mg_coarse_ solve converged due to CONVERGED_RTOL iterations 16
          Linear BackwardEuler-Equation_mg_coarse_ solve converged due to CONVERGED_RTOL iterations 18
          Linear BackwardEuler-Equation_mg_coarse_ solve converged due to CONVERGED_RTOL iterations 17
          Linear BackwardEuler-Equation_mg_coarse_ solve converged due to CONVERGED_RTOL iterations 16
          Linear BackwardEuler-Equation_mg_coarse_ solve converged due to CONVERGED_RTOL iterations 17
          Linear BackwardEuler-Equation_mg_coarse_ solve converged due to CONVERGED_RTOL iterations 17
          Linear BackwardEuler-Equation_mg_coarse_ solve converged due to CONVERGED_RTOL iterations 17
          Linear BackwardEuler-Equation_mg_coarse_ solve converged due to CONVERGED_RTOL iterations 17
          Linear BackwardEuler-Equation_mg_coarse_ solve converged due to CONVERGED_RTOL iterations 17
          Linear BackwardEuler-Equation_mg_coarse_ solve converged due to CONVERGED_RTOL iterations 17
          Linear BackwardEuler-Equation_mg_coarse_ solve converged due to CONVERGED_RTOL iterations 17
          Linear BackwardEuler-Equation_mg_coarse_ solve converged due to CONVERGED_RTOL iterations 17
    Linear BackwardEuler-Equation_ solve converged due to CONVERGED_RTOL iterations 19
          Linear BackwardEuler-Equation_mg_coarse_ solve converged due to CONVERGED_RTOL iterations 20
          Linear BackwardEuler-Equation_mg_coarse_ solve converged due to CONVERGED_RTOL iterations 18
          Linear BackwardEuler-Equation_mg_coarse_ solve converged due to CONVERGED_RTOL iterations 16
          Linear BackwardEuler-Equation_mg_coarse_ solve converged due to CONVERGED_RTOL iterations 17
          Linear BackwardEuler-Equation_mg_coarse_ solve converged due to CONVERGED_RTOL iterations 18
          Linear BackwardEuler-Equation_mg_coarse_ solve converged due to CONVERGED_RTOL iterations 17
          Linear BackwardEuler-Equation_mg_coarse_ solve converged due to CONVERGED_RTOL iterations 17
          Linear BackwardEuler-Equation_mg_coarse_ solve converged due to CONVERGED_RTOL iterations 17
          Linear BackwardEuler-Equation_mg_coarse_ solve converged due to CONVERGED_RTOL iterations 18
          Linear BackwardEuler-Equation_mg_coarse_ solve converged due to CONVERGED_RTOL iterations 17
          Linear BackwardEuler-Equation_mg_coarse_ solve converged due to CONVERGED_RTOL iterations 17
          Linear BackwardEuler-Equation_mg_coarse_ solve converged due to CONVERGED_RTOL iterations 17
          Linear BackwardEuler-Equation_mg_coarse_ solve converged due to CONVERGED_RTOL iterations 17
          Linear BackwardEuler-Equation_mg_coarse_ solve converged due to CONVERGED_RTOL iterations 17
          Linear BackwardEuler-Equation_mg_coarse_ solve converged due to CONVERGED_RTOL iterations 17
          Linear BackwardEuler-Equation_mg_coarse_ solve converged due to CONVERGED_RTOL iterations 17
          Linear BackwardEuler-Equation_mg_coarse_ solve converged due to CONVERGED_RTOL iterations 17
          Linear BackwardEuler-Equation_mg_coarse_ solve converged due to CONVERGED_RTOL iterations 17
          Linear BackwardEuler-Equation_mg_coarse_ solve converged due to CONVERGED_RTOL iterations 17
          Linear BackwardEuler-Equation_mg_coarse_ solve converged due to CONVERGED_RTOL iterations 17
          Linear BackwardEuler-Equation_mg_coarse_ solve converged due to CONVERGED_RTOL iterations 17
          Linear BackwardEuler-Equation_mg_coarse_ solve converged due to CONVERGED_RTOL iterations 17
    Linear BackwardEuler-Equation_ solve converged due to CONVERGED_RTOL iterations 22
  Nonlinear BackwardEuler-Equation_ solve converged due to CONVERGED_SNORM_RELATIVE iterations 3
t = 21.87 d | step 58/100000 | dt = 43200.0 s | wall 35.31 s | NL 3 | L 51
          Linear BackwardEuler-Equation_mg_coarse_ solve converged due to CONVERGED_RTOL iterations 20
          Linear BackwardEuler-Equation_mg_coarse_ solve converged due to CONVERGED_RTOL iterations 21
          Linear BackwardEuler-Equation_mg_coarse_ solve converged due to CONVERGED_RTOL iterations 19
          Linear BackwardEuler-Equation_mg_coarse_ solve converged due to CONVERGED_RTOL iterations 19
          Linear BackwardEuler-Equation_mg_coarse_ solve converged due to CONVERGED_RTOL iterations 18
          Linear BackwardEuler-Equation_mg_coarse_ solve converged due to CONVERGED_RTOL iterations 16
          Linear BackwardEuler-Equation_mg_coarse_ solve converged due to CONVERGED_RTOL iterations 16
          Linear BackwardEuler-Equation_mg_coarse_ solve converged due to CONVERGED_RTOL iterations 17
          Linear BackwardEuler-Equation_mg_coarse_ solve converged due to CONVERGED_RTOL iterations 18
          Linear BackwardEuler-Equation_mg_coarse_ solve converged due to CONVERGED_RTOL iterations 17
    Linear BackwardEuler-Equation_ solve converged due to CONVERGED_RTOL iterations 10
          Linear BackwardEuler-Equation_mg_coarse_ solve converged due to CONVERGED_RTOL iterations 20
          Linear BackwardEuler-Equation_mg_coarse_ solve converged due to CONVERGED_RTOL iterations 18
          Linear BackwardEuler-Equation_mg_coarse_ solve converged due to CONVERGED_RTOL iterations 17
          Linear BackwardEuler-Equation_mg_coarse_ solve converged due to CONVERGED_RTOL iterations 16
          Linear BackwardEuler-Equation_mg_coarse_ solve converged due to CONVERGED_RTOL iterations 16
          Linear BackwardEuler-Equation_mg_coarse_ solve converged due to CONVERGED_RTOL iterations 16
          Linear BackwardEuler-Equation_mg_coarse_ solve converged due to CONVERGED_RTOL iterations 16
          Linear BackwardEuler-Equation_mg_coarse_ solve converged due to CONVERGED_RTOL iterations 16
          Linear BackwardEuler-Equation_mg_coarse_ solve converged due to CONVERGED_RTOL iterations 18
          Linear BackwardEuler-Equation_mg_coarse_ solve converged due to CONVERGED_RTOL iterations 17
          Linear BackwardEuler-Equation_mg_coarse_ solve converged due to CONVERGED_RTOL iterations 16
          Linear BackwardEuler-Equation_mg_coarse_ solve converged due to CONVERGED_RTOL iterations 17
          Linear BackwardEuler-Equation_mg_coarse_ solve converged due to CONVERGED_RTOL iterations 17
          Linear BackwardEuler-Equation_mg_coarse_ solve converged due to CONVERGED_RTOL iterations 16
          Linear BackwardEuler-Equation_mg_coarse_ solve converged due to CONVERGED_RTOL iterations 17
          Linear BackwardEuler-Equation_mg_coarse_ solve converged due to CONVERGED_RTOL iterations 17
          Linear BackwardEuler-Equation_mg_coarse_ solve converged due to CONVERGED_RTOL iterations 17
    Linear BackwardEuler-Equation_ solve converged due to CONVERGED_RTOL iterations 17
          Linear BackwardEuler-Equation_mg_coarse_ solve converged due to CONVERGED_RTOL iterations 19
          Linear BackwardEuler-Equation_mg_coarse_ solve converged due to CONVERGED_RTOL iterations 18
          Linear BackwardEuler-Equation_mg_coarse_ solve converged due to CONVERGED_RTOL iterations 16
          Linear BackwardEuler-Equation_mg_coarse_ solve converged due to CONVERGED_RTOL iterations 17
          Linear BackwardEuler-Equation_mg_coarse_ solve converged due to CONVERGED_RTOL iterations 18
          Linear BackwardEuler-Equation_mg_coarse_ solve converged due to CONVERGED_RTOL iterations 16
          Linear BackwardEuler-Equation_mg_coarse_ solve converged due to CONVERGED_RTOL iterations 17
          Linear BackwardEuler-Equation_mg_coarse_ solve converged due to CONVERGED_RTOL iterations 17
          Linear BackwardEuler-Equation_mg_coarse_ solve converged due to CONVERGED_RTOL iterations 17
          Linear BackwardEuler-Equation_mg_coarse_ solve converged due to CONVERGED_RTOL iterations 17
          Linear BackwardEuler-Equation_mg_coarse_ solve converged due to CONVERGED_RTOL iterations 17
          Linear BackwardEuler-Equation_mg_coarse_ solve converged due to CONVERGED_RTOL iterations 17
          Linear BackwardEuler-Equation_mg_coarse_ solve converged due to CONVERGED_RTOL iterations 17
          Linear BackwardEuler-Equation_mg_coarse_ solve converged due to CONVERGED_RTOL iterations 16
          Linear BackwardEuler-Equation_mg_coarse_ solve converged due to CONVERGED_RTOL iterations 17
          Linear BackwardEuler-Equation_mg_coarse_ solve converged due to CONVERGED_RTOL iterations 17
          Linear BackwardEuler-Equation_mg_coarse_ solve converged due to CONVERGED_RTOL iterations 17
          Linear BackwardEuler-Equation_mg_coarse_ solve converged due to CONVERGED_RTOL iterations 17
          Linear BackwardEuler-Equation_mg_coarse_ solve converged due to CONVERGED_RTOL iterations 17
          Linear BackwardEuler-Equation_mg_coarse_ solve converged due to CONVERGED_RTOL iterations 17
          Linear BackwardEuler-Equation_mg_coarse_ solve converged due to CONVERGED_RTOL iterations 17
          Linear BackwardEuler-Equation_mg_coarse_ solve converged due to CONVERGED_RTOL iterations 17
          Linear BackwardEuler-Equation_mg_coarse_ solve converged due to CONVERGED_RTOL iterations 17
          Linear BackwardEuler-Equation_mg_coarse_ solve converged due to CONVERGED_RTOL iterations 16
          Linear BackwardEuler-Equation_mg_coarse_ solve converged due to CONVERGED_RTOL iterations 17
    Linear BackwardEuler-Equation_ solve converged due to CONVERGED_RTOL iterations 25
  Nonlinear BackwardEuler-Equation_ solve converged due to CONVERGED_SNORM_RELATIVE iterations 3
t = 22.37 d | step 59/100000 | dt = 43200.0 s | wall 35.73 s | NL 3 | L 52
          Linear BackwardEuler-Equation_mg_coarse_ solve converged due to CONVERGED_RTOL iterations 20
          Linear BackwardEuler-Equation_mg_coarse_ solve converged due to CONVERGED_RTOL iterations 21
          Linear BackwardEuler-Equation_mg_coarse_ solve converged due to CONVERGED_RTOL iterations 19
          Linear BackwardEuler-Equation_mg_coarse_ solve converged due to CONVERGED_RTOL iterations 19
          Linear BackwardEuler-Equation_mg_coarse_ solve converged due to CONVERGED_RTOL iterations 18
          Linear BackwardEuler-Equation_mg_coarse_ solve converged due to CONVERGED_RTOL iterations 16
          Linear BackwardEuler-Equation_mg_coarse_ solve converged due to CONVERGED_RTOL iterations 16
          Linear BackwardEuler-Equation_mg_coarse_ solve converged due to CONVERGED_RTOL iterations 17
          Linear BackwardEuler-Equation_mg_coarse_ solve converged due to CONVERGED_RTOL iterations 18
          Linear BackwardEuler-Equation_mg_coarse_ solve converged due to CONVERGED_RTOL iterations 17
    Linear BackwardEuler-Equation_ solve converged due to CONVERGED_RTOL iterations 10
          Linear BackwardEuler-Equation_mg_coarse_ solve converged due to CONVERGED_RTOL iterations 20
          Linear BackwardEuler-Equation_mg_coarse_ solve converged due to CONVERGED_RTOL iterations 18
          Linear BackwardEuler-Equation_mg_coarse_ solve converged due to CONVERGED_RTOL iterations 17
          Linear BackwardEuler-Equation_mg_coarse_ solve converged due to CONVERGED_RTOL iterations 16
          Linear BackwardEuler-Equation_mg_coarse_ solve converged due to CONVERGED_RTOL iterations 17
          Linear BackwardEuler-Equation_mg_coarse_ solve converged due to CONVERGED_RTOL iterations 17
          Linear BackwardEuler-Equation_mg_coarse_ solve converged due to CONVERGED_RTOL iterations 16
          Linear BackwardEuler-Equation_mg_coarse_ solve converged due to CONVERGED_RTOL iterations 16
          Linear BackwardEuler-Equation_mg_coarse_ solve converged due to CONVERGED_RTOL iterations 17
          Linear BackwardEuler-Equation_mg_coarse_ solve converged due to CONVERGED_RTOL iterations 17
          Linear BackwardEuler-Equation_mg_coarse_ solve converged due to CONVERGED_RTOL iterations 16
          Linear BackwardEuler-Equation_mg_coarse_ solve converged due to CONVERGED_RTOL iterations 17
          Linear BackwardEuler-Equation_mg_coarse_ solve converged due to CONVERGED_RTOL iterations 17
          Linear BackwardEuler-Equation_mg_coarse_ solve converged due to CONVERGED_RTOL iterations 17
          Linear BackwardEuler-Equation_mg_coarse_ solve converged due to CONVERGED_RTOL iterations 17
          Linear BackwardEuler-Equation_mg_coarse_ solve converged due to CONVERGED_RTOL iterations 17
          Linear BackwardEuler-Equation_mg_coarse_ solve converged due to CONVERGED_RTOL iterations 17
          Linear BackwardEuler-Equation_mg_coarse_ solve converged due to CONVERGED_RTOL iterations 17
          Linear BackwardEuler-Equation_mg_coarse_ solve converged due to CONVERGED_RTOL iterations 17
    Linear BackwardEuler-Equation_ solve converged due to CONVERGED_RTOL iterations 19
          Linear BackwardEuler-Equation_mg_coarse_ solve converged due to CONVERGED_RTOL iterations 20
          Linear BackwardEuler-Equation_mg_coarse_ solve converged due to CONVERGED_RTOL iterations 18
          Linear BackwardEuler-Equation_mg_coarse_ solve converged due to CONVERGED_RTOL iterations 17
          Linear BackwardEuler-Equation_mg_coarse_ solve converged due to CONVERGED_RTOL iterations 17
          Linear BackwardEuler-Equation_mg_coarse_ solve converged due to CONVERGED_RTOL iterations 17
          Linear BackwardEuler-Equation_mg_coarse_ solve converged due to CONVERGED_RTOL iterations 17
          Linear BackwardEuler-Equation_mg_coarse_ solve converged due to CONVERGED_RTOL iterations 17
          Linear BackwardEuler-Equation_mg_coarse_ solve converged due to CONVERGED_RTOL iterations 17
          Linear BackwardEuler-Equation_mg_coarse_ solve converged due to CONVERGED_RTOL iterations 18
          Linear BackwardEuler-Equation_mg_coarse_ solve converged due to CONVERGED_RTOL iterations 17
          Linear BackwardEuler-Equation_mg_coarse_ solve converged due to CONVERGED_RTOL iterations 17
          Linear BackwardEuler-Equation_mg_coarse_ solve converged due to CONVERGED_RTOL iterations 17
          Linear BackwardEuler-Equation_mg_coarse_ solve converged due to CONVERGED_RTOL iterations 17
          Linear BackwardEuler-Equation_mg_coarse_ solve converged due to CONVERGED_RTOL iterations 17
          Linear BackwardEuler-Equation_mg_coarse_ solve converged due to CONVERGED_RTOL iterations 17
          Linear BackwardEuler-Equation_mg_coarse_ solve converged due to CONVERGED_RTOL iterations 17
          Linear BackwardEuler-Equation_mg_coarse_ solve converged due to CONVERGED_RTOL iterations 17
          Linear BackwardEuler-Equation_mg_coarse_ solve converged due to CONVERGED_RTOL iterations 17
          Linear BackwardEuler-Equation_mg_coarse_ solve converged due to CONVERGED_RTOL iterations 17
          Linear BackwardEuler-Equation_mg_coarse_ solve converged due to CONVERGED_RTOL iterations 17
          Linear BackwardEuler-Equation_mg_coarse_ solve converged due to CONVERGED_RTOL iterations 17
          Linear BackwardEuler-Equation_mg_coarse_ solve converged due to CONVERGED_RTOL iterations 17
          Linear BackwardEuler-Equation_mg_coarse_ solve converged due to CONVERGED_RTOL iterations 17
    Linear BackwardEuler-Equation_ solve converged due to CONVERGED_RTOL iterations 23
  Nonlinear BackwardEuler-Equation_ solve converged due to CONVERGED_SNORM_RELATIVE iterations 3
t = 22.87 d | step 60/100000 | dt = 43200.0 s | wall 35.57 s | NL 3 | L 52
          Linear BackwardEuler-Equation_mg_coarse_ solve converged due to CONVERGED_RTOL iterations 20
          Linear BackwardEuler-Equation_mg_coarse_ solve converged due to CONVERGED_RTOL iterations 21
          Linear BackwardEuler-Equation_mg_coarse_ solve converged due to CONVERGED_RTOL iterations 19
          Linear BackwardEuler-Equation_mg_coarse_ solve converged due to CONVERGED_RTOL iterations 19
          Linear BackwardEuler-Equation_mg_coarse_ solve converged due to CONVERGED_RTOL iterations 18
          Linear BackwardEuler-Equation_mg_coarse_ solve converged due to CONVERGED_RTOL iterations 16
          Linear BackwardEuler-Equation_mg_coarse_ solve converged due to CONVERGED_RTOL iterations 16
          Linear BackwardEuler-Equation_mg_coarse_ solve converged due to CONVERGED_RTOL iterations 17
          Linear BackwardEuler-Equation_mg_coarse_ solve converged due to CONVERGED_RTOL iterations 18
          Linear BackwardEuler-Equation_mg_coarse_ solve converged due to CONVERGED_RTOL iterations 17
    Linear BackwardEuler-Equation_ solve converged due to CONVERGED_RTOL iterations 10
          Linear BackwardEuler-Equation_mg_coarse_ solve converged due to CONVERGED_RTOL iterations 21
          Linear BackwardEuler-Equation_mg_coarse_ solve converged due to CONVERGED_RTOL iterations 18
          Linear BackwardEuler-Equation_mg_coarse_ solve converged due to CONVERGED_RTOL iterations 17
          Linear BackwardEuler-Equation_mg_coarse_ solve converged due to CONVERGED_RTOL iterations 16
          Linear BackwardEuler-Equation_mg_coarse_ solve converged due to CONVERGED_RTOL iterations 16
          Linear BackwardEuler-Equation_mg_coarse_ solve converged due to CONVERGED_RTOL iterations 17
          Linear BackwardEuler-Equation_mg_coarse_ solve converged due to CONVERGED_RTOL iterations 16
          Linear BackwardEuler-Equation_mg_coarse_ solve converged due to CONVERGED_RTOL iterations 16
          Linear BackwardEuler-Equation_mg_coarse_ solve converged due to CONVERGED_RTOL iterations 18
          Linear BackwardEuler-Equation_mg_coarse_ solve converged due to CONVERGED_RTOL iterations 16
          Linear BackwardEuler-Equation_mg_coarse_ solve converged due to CONVERGED_RTOL iterations 16
          Linear BackwardEuler-Equation_mg_coarse_ solve converged due to CONVERGED_RTOL iterations 17
          Linear BackwardEuler-Equation_mg_coarse_ solve converged due to CONVERGED_RTOL iterations 17
          Linear BackwardEuler-Equation_mg_coarse_ solve converged due to CONVERGED_RTOL iterations 16
          Linear BackwardEuler-Equation_mg_coarse_ solve converged due to CONVERGED_RTOL iterations 17
          Linear BackwardEuler-Equation_mg_coarse_ solve converged due to CONVERGED_RTOL iterations 17
    Linear BackwardEuler-Equation_ solve converged due to CONVERGED_RTOL iterations 16
          Linear BackwardEuler-Equation_mg_coarse_ solve converged due to CONVERGED_RTOL iterations 19
          Linear BackwardEuler-Equation_mg_coarse_ solve converged due to CONVERGED_RTOL iterations 18
          Linear BackwardEuler-Equation_mg_coarse_ solve converged due to CONVERGED_RTOL iterations 16
          Linear BackwardEuler-Equation_mg_coarse_ solve converged due to CONVERGED_RTOL iterations 17
          Linear BackwardEuler-Equation_mg_coarse_ solve converged due to CONVERGED_RTOL iterations 17
          Linear BackwardEuler-Equation_mg_coarse_ solve converged due to CONVERGED_RTOL iterations 17
          Linear BackwardEuler-Equation_mg_coarse_ solve converged due to CONVERGED_RTOL iterations 16
          Linear BackwardEuler-Equation_mg_coarse_ solve converged due to CONVERGED_RTOL iterations 17
          Linear BackwardEuler-Equation_mg_coarse_ solve converged due to CONVERGED_RTOL iterations 17
          Linear BackwardEuler-Equation_mg_coarse_ solve converged due to CONVERGED_RTOL iterations 17
          Linear BackwardEuler-Equation_mg_coarse_ solve converged due to CONVERGED_RTOL iterations 17
          Linear BackwardEuler-Equation_mg_coarse_ solve converged due to CONVERGED_RTOL iterations 16
          Linear BackwardEuler-Equation_mg_coarse_ solve converged due to CONVERGED_RTOL iterations 17
          Linear BackwardEuler-Equation_mg_coarse_ solve converged due to CONVERGED_RTOL iterations 17
          Linear BackwardEuler-Equation_mg_coarse_ solve converged due to CONVERGED_RTOL iterations 17
          Linear BackwardEuler-Equation_mg_coarse_ solve converged due to CONVERGED_RTOL iterations 17
          Linear BackwardEuler-Equation_mg_coarse_ solve converged due to CONVERGED_RTOL iterations 17
          Linear BackwardEuler-Equation_mg_coarse_ solve converged due to CONVERGED_RTOL iterations 17
          Linear BackwardEuler-Equation_mg_coarse_ solve converged due to CONVERGED_RTOL iterations 17
          Linear BackwardEuler-Equation_mg_coarse_ solve converged due to CONVERGED_RTOL iterations 17
          Linear BackwardEuler-Equation_mg_coarse_ solve converged due to CONVERGED_RTOL iterations 17
          Linear BackwardEuler-Equation_mg_coarse_ solve converged due to CONVERGED_RTOL iterations 17
          Linear BackwardEuler-Equation_mg_coarse_ solve converged due to CONVERGED_RTOL iterations 17
          Linear BackwardEuler-Equation_mg_coarse_ solve converged due to CONVERGED_RTOL iterations 16
          Linear BackwardEuler-Equation_mg_coarse_ solve converged due to CONVERGED_RTOL iterations 17
    Linear BackwardEuler-Equation_ solve converged due to CONVERGED_RTOL iterations 25
  Nonlinear BackwardEuler-Equation_ solve converged due to CONVERGED_SNORM_RELATIVE iterations 3
t = 23.37 d | step 61/100000 | dt = 43200.0 s | wall 35.33 s | NL 3 | L 51
          Linear BackwardEuler-Equation_mg_coarse_ solve converged due to CONVERGED_RTOL iterations 20
          Linear BackwardEuler-Equation_mg_coarse_ solve converged due to CONVERGED_RTOL iterations 21
          Linear BackwardEuler-Equation_mg_coarse_ solve converged due to CONVERGED_RTOL iterations 19
          Linear BackwardEuler-Equation_mg_coarse_ solve converged due to CONVERGED_RTOL iterations 19
          Linear BackwardEuler-Equation_mg_coarse_ solve converged due to CONVERGED_RTOL iterations 18
          Linear BackwardEuler-Equation_mg_coarse_ solve converged due to CONVERGED_RTOL iterations 16
          Linear BackwardEuler-Equation_mg_coarse_ solve converged due to CONVERGED_RTOL iterations 16
          Linear BackwardEuler-Equation_mg_coarse_ solve converged due to CONVERGED_RTOL iterations 17
          Linear BackwardEuler-Equation_mg_coarse_ solve converged due to CONVERGED_RTOL iterations 18
          Linear BackwardEuler-Equation_mg_coarse_ solve converged due to CONVERGED_RTOL iterations 17
    Linear BackwardEuler-Equation_ solve converged due to CONVERGED_RTOL iterations 10
          Linear BackwardEuler-Equation_mg_coarse_ solve converged due to CONVERGED_RTOL iterations 21
          Linear BackwardEuler-Equation_mg_coarse_ solve converged due to CONVERGED_RTOL iterations 18
          Linear BackwardEuler-Equation_mg_coarse_ solve converged due to CONVERGED_RTOL iterations 17
          Linear BackwardEuler-Equation_mg_coarse_ solve converged due to CONVERGED_RTOL iterations 16
          Linear BackwardEuler-Equation_mg_coarse_ solve converged due to CONVERGED_RTOL iterations 17
          Linear BackwardEuler-Equation_mg_coarse_ solve converged due to CONVERGED_RTOL iterations 17
          Linear BackwardEuler-Equation_mg_coarse_ solve converged due to CONVERGED_RTOL iterations 16
          Linear BackwardEuler-Equation_mg_coarse_ solve converged due to CONVERGED_RTOL iterations 16
          Linear BackwardEuler-Equation_mg_coarse_ solve converged due to CONVERGED_RTOL iterations 18
          Linear BackwardEuler-Equation_mg_coarse_ solve converged due to CONVERGED_RTOL iterations 17
          Linear BackwardEuler-Equation_mg_coarse_ solve converged due to CONVERGED_RTOL iterations 16
          Linear BackwardEuler-Equation_mg_coarse_ solve converged due to CONVERGED_RTOL iterations 17
          Linear BackwardEuler-Equation_mg_coarse_ solve converged due to CONVERGED_RTOL iterations 17
          Linear BackwardEuler-Equation_mg_coarse_ solve converged due to CONVERGED_RTOL iterations 17
          Linear BackwardEuler-Equation_mg_coarse_ solve converged due to CONVERGED_RTOL iterations 17
          Linear BackwardEuler-Equation_mg_coarse_ solve converged due to CONVERGED_RTOL iterations 17
    Linear BackwardEuler-Equation_ solve converged due to CONVERGED_RTOL iterations 16
          Linear BackwardEuler-Equation_mg_coarse_ solve converged due to CONVERGED_RTOL iterations 19
          Linear BackwardEuler-Equation_mg_coarse_ solve converged due to CONVERGED_RTOL iterations 18
          Linear BackwardEuler-Equation_mg_coarse_ solve converged due to CONVERGED_RTOL iterations 16
          Linear BackwardEuler-Equation_mg_coarse_ solve converged due to CONVERGED_RTOL iterations 18
          Linear BackwardEuler-Equation_mg_coarse_ solve converged due to CONVERGED_RTOL iterations 17
          Linear BackwardEuler-Equation_mg_coarse_ solve converged due to CONVERGED_RTOL iterations 17
          Linear BackwardEuler-Equation_mg_coarse_ solve converged due to CONVERGED_RTOL iterations 17
          Linear BackwardEuler-Equation_mg_coarse_ solve converged due to CONVERGED_RTOL iterations 17
          Linear BackwardEuler-Equation_mg_coarse_ solve converged due to CONVERGED_RTOL iterations 18
          Linear BackwardEuler-Equation_mg_coarse_ solve converged due to CONVERGED_RTOL iterations 17
          Linear BackwardEuler-Equation_mg_coarse_ solve converged due to CONVERGED_RTOL iterations 17
          Linear BackwardEuler-Equation_mg_coarse_ solve converged due to CONVERGED_RTOL iterations 17
          Linear BackwardEuler-Equation_mg_coarse_ solve converged due to CONVERGED_RTOL iterations 17
          Linear BackwardEuler-Equation_mg_coarse_ solve converged due to CONVERGED_RTOL iterations 17
          Linear BackwardEuler-Equation_mg_coarse_ solve converged due to CONVERGED_RTOL iterations 17
          Linear BackwardEuler-Equation_mg_coarse_ solve converged due to CONVERGED_RTOL iterations 17
          Linear BackwardEuler-Equation_mg_coarse_ solve converged due to CONVERGED_RTOL iterations 17
          Linear BackwardEuler-Equation_mg_coarse_ solve converged due to CONVERGED_RTOL iterations 17
          Linear BackwardEuler-Equation_mg_coarse_ solve converged due to CONVERGED_RTOL iterations 17
          Linear BackwardEuler-Equation_mg_coarse_ solve converged due to CONVERGED_RTOL iterations 17
          Linear BackwardEuler-Equation_mg_coarse_ solve converged due to CONVERGED_RTOL iterations 17
          Linear BackwardEuler-Equation_mg_coarse_ solve converged due to CONVERGED_RTOL iterations 17
          Linear BackwardEuler-Equation_mg_coarse_ solve converged due to CONVERGED_RTOL iterations 17
          Linear BackwardEuler-Equation_mg_coarse_ solve converged due to CONVERGED_RTOL iterations 17
          Linear BackwardEuler-Equation_mg_coarse_ solve converged due to CONVERGED_RTOL iterations 17
          Linear BackwardEuler-Equation_mg_coarse_ solve converged due to CONVERGED_RTOL iterations 17
          Linear BackwardEuler-Equation_mg_coarse_ solve converged due to CONVERGED_RTOL iterations 17
    Linear BackwardEuler-Equation_ solve converged due to CONVERGED_RTOL iterations 27
  Nonlinear BackwardEuler-Equation_ solve converged due to CONVERGED_SNORM_RELATIVE iterations 3
t = 23.87 d | step 62/100000 | dt = 43200.0 s | wall 36.51 s | NL 3 | L 53
          Linear BackwardEuler-Equation_mg_coarse_ solve converged due to CONVERGED_RTOL iterations 20
          Linear BackwardEuler-Equation_mg_coarse_ solve converged due to CONVERGED_RTOL iterations 21
          Linear BackwardEuler-Equation_mg_coarse_ solve converged due to CONVERGED_RTOL iterations 19
          Linear BackwardEuler-Equation_mg_coarse_ solve converged due to CONVERGED_RTOL iterations 19
          Linear BackwardEuler-Equation_mg_coarse_ solve converged due to CONVERGED_RTOL iterations 18
          Linear BackwardEuler-Equation_mg_coarse_ solve converged due to CONVERGED_RTOL iterations 16
          Linear BackwardEuler-Equation_mg_coarse_ solve converged due to CONVERGED_RTOL iterations 16
          Linear BackwardEuler-Equation_mg_coarse_ solve converged due to CONVERGED_RTOL iterations 17
          Linear BackwardEuler-Equation_mg_coarse_ solve converged due to CONVERGED_RTOL iterations 18
          Linear BackwardEuler-Equation_mg_coarse_ solve converged due to CONVERGED_RTOL iterations 17
    Linear BackwardEuler-Equation_ solve converged due to CONVERGED_RTOL iterations 10
          Linear BackwardEuler-Equation_mg_coarse_ solve converged due to CONVERGED_RTOL iterations 20
          Linear BackwardEuler-Equation_mg_coarse_ solve converged due to CONVERGED_RTOL iterations 18
          Linear BackwardEuler-Equation_mg_coarse_ solve converged due to CONVERGED_RTOL iterations 17
          Linear BackwardEuler-Equation_mg_coarse_ solve converged due to CONVERGED_RTOL iterations 16
          Linear BackwardEuler-Equation_mg_coarse_ solve converged due to CONVERGED_RTOL iterations 17
          Linear BackwardEuler-Equation_mg_coarse_ solve converged due to CONVERGED_RTOL iterations 16
          Linear BackwardEuler-Equation_mg_coarse_ solve converged due to CONVERGED_RTOL iterations 17
          Linear BackwardEuler-Equation_mg_coarse_ solve converged due to CONVERGED_RTOL iterations 16
          Linear BackwardEuler-Equation_mg_coarse_ solve converged due to CONVERGED_RTOL iterations 17
          Linear BackwardEuler-Equation_mg_coarse_ solve converged due to CONVERGED_RTOL iterations 17
          Linear BackwardEuler-Equation_mg_coarse_ solve converged due to CONVERGED_RTOL iterations 16
          Linear BackwardEuler-Equation_mg_coarse_ solve converged due to CONVERGED_RTOL iterations 17
          Linear BackwardEuler-Equation_mg_coarse_ solve converged due to CONVERGED_RTOL iterations 17
          Linear BackwardEuler-Equation_mg_coarse_ solve converged due to CONVERGED_RTOL iterations 17
          Linear BackwardEuler-Equation_mg_coarse_ solve converged due to CONVERGED_RTOL iterations 17
          Linear BackwardEuler-Equation_mg_coarse_ solve converged due to CONVERGED_RTOL iterations 17
          Linear BackwardEuler-Equation_mg_coarse_ solve converged due to CONVERGED_RTOL iterations 17
    Linear BackwardEuler-Equation_ solve converged due to CONVERGED_RTOL iterations 17
          Linear BackwardEuler-Equation_mg_coarse_ solve converged due to CONVERGED_RTOL iterations 20
          Linear BackwardEuler-Equation_mg_coarse_ solve converged due to CONVERGED_RTOL iterations 18
          Linear BackwardEuler-Equation_mg_coarse_ solve converged due to CONVERGED_RTOL iterations 16
          Linear BackwardEuler-Equation_mg_coarse_ solve converged due to CONVERGED_RTOL iterations 17
          Linear BackwardEuler-Equation_mg_coarse_ solve converged due to CONVERGED_RTOL iterations 18
          Linear BackwardEuler-Equation_mg_coarse_ solve converged due to CONVERGED_RTOL iterations 16
          Linear BackwardEuler-Equation_mg_coarse_ solve converged due to CONVERGED_RTOL iterations 17
          Linear BackwardEuler-Equation_mg_coarse_ solve converged due to CONVERGED_RTOL iterations 17
          Linear BackwardEuler-Equation_mg_coarse_ solve converged due to CONVERGED_RTOL iterations 17
          Linear BackwardEuler-Equation_mg_coarse_ solve converged due to CONVERGED_RTOL iterations 17
          Linear BackwardEuler-Equation_mg_coarse_ solve converged due to CONVERGED_RTOL iterations 17
          Linear BackwardEuler-Equation_mg_coarse_ solve converged due to CONVERGED_RTOL iterations 17
          Linear BackwardEuler-Equation_mg_coarse_ solve converged due to CONVERGED_RTOL iterations 17
          Linear BackwardEuler-Equation_mg_coarse_ solve converged due to CONVERGED_RTOL iterations 16
          Linear BackwardEuler-Equation_mg_coarse_ solve converged due to CONVERGED_RTOL iterations 17
          Linear BackwardEuler-Equation_mg_coarse_ solve converged due to CONVERGED_RTOL iterations 17
          Linear BackwardEuler-Equation_mg_coarse_ solve converged due to CONVERGED_RTOL iterations 17
          Linear BackwardEuler-Equation_mg_coarse_ solve converged due to CONVERGED_RTOL iterations 17
          Linear BackwardEuler-Equation_mg_coarse_ solve converged due to CONVERGED_RTOL iterations 17
          Linear BackwardEuler-Equation_mg_coarse_ solve converged due to CONVERGED_RTOL iterations 17
          Linear BackwardEuler-Equation_mg_coarse_ solve converged due to CONVERGED_RTOL iterations 17
          Linear BackwardEuler-Equation_mg_coarse_ solve converged due to CONVERGED_RTOL iterations 17
          Linear BackwardEuler-Equation_mg_coarse_ solve converged due to CONVERGED_RTOL iterations 17
          Linear BackwardEuler-Equation_mg_coarse_ solve converged due to CONVERGED_RTOL iterations 17
    Linear BackwardEuler-Equation_ solve converged due to CONVERGED_RTOL iterations 24
  Nonlinear BackwardEuler-Equation_ solve converged due to CONVERGED_SNORM_RELATIVE iterations 3
t = 24.37 d | step 63/100000 | dt = 43200.0 s | wall 35.28 s | NL 3 | L 51
          Linear BackwardEuler-Equation_mg_coarse_ solve converged due to CONVERGED_RTOL iterations 20
          Linear BackwardEuler-Equation_mg_coarse_ solve converged due to CONVERGED_RTOL iterations 20
          Linear BackwardEuler-Equation_mg_coarse_ solve converged due to CONVERGED_RTOL iterations 19
          Linear BackwardEuler-Equation_mg_coarse_ solve converged due to CONVERGED_RTOL iterations 19
          Linear BackwardEuler-Equation_mg_coarse_ solve converged due to CONVERGED_RTOL iterations 18
          Linear BackwardEuler-Equation_mg_coarse_ solve converged due to CONVERGED_RTOL iterations 16
          Linear BackwardEuler-Equation_mg_coarse_ solve converged due to CONVERGED_RTOL iterations 16
          Linear BackwardEuler-Equation_mg_coarse_ solve converged due to CONVERGED_RTOL iterations 17
          Linear BackwardEuler-Equation_mg_coarse_ solve converged due to CONVERGED_RTOL iterations 18
          Linear BackwardEuler-Equation_mg_coarse_ solve converged due to CONVERGED_RTOL iterations 17
    Linear BackwardEuler-Equation_ solve converged due to CONVERGED_RTOL iterations 10
          Linear BackwardEuler-Equation_mg_coarse_ solve converged due to CONVERGED_RTOL iterations 20
          Linear BackwardEuler-Equation_mg_coarse_ solve converged due to CONVERGED_RTOL iterations 19
          Linear BackwardEuler-Equation_mg_coarse_ solve converged due to CONVERGED_RTOL iterations 17
          Linear BackwardEuler-Equation_mg_coarse_ solve converged due to CONVERGED_RTOL iterations 16
          Linear BackwardEuler-Equation_mg_coarse_ solve converged due to CONVERGED_RTOL iterations 17
          Linear BackwardEuler-Equation_mg_coarse_ solve converged due to CONVERGED_RTOL iterations 17
          Linear BackwardEuler-Equation_mg_coarse_ solve converged due to CONVERGED_RTOL iterations 17
          Linear BackwardEuler-Equation_mg_coarse_ solve converged due to CONVERGED_RTOL iterations 16
          Linear BackwardEuler-Equation_mg_coarse_ solve converged due to CONVERGED_RTOL iterations 18
          Linear BackwardEuler-Equation_mg_coarse_ solve converged due to CONVERGED_RTOL iterations 17
          Linear BackwardEuler-Equation_mg_coarse_ solve converged due to CONVERGED_RTOL iterations 16
          Linear BackwardEuler-Equation_mg_coarse_ solve converged due to CONVERGED_RTOL iterations 17
          Linear BackwardEuler-Equation_mg_coarse_ solve converged due to CONVERGED_RTOL iterations 17
          Linear BackwardEuler-Equation_mg_coarse_ solve converged due to CONVERGED_RTOL iterations 17
          Linear BackwardEuler-Equation_mg_coarse_ solve converged due to CONVERGED_RTOL iterations 17
          Linear BackwardEuler-Equation_mg_coarse_ solve converged due to CONVERGED_RTOL iterations 17
          Linear BackwardEuler-Equation_mg_coarse_ solve converged due to CONVERGED_RTOL iterations 17
          Linear BackwardEuler-Equation_mg_coarse_ solve converged due to CONVERGED_RTOL iterations 17
    Linear BackwardEuler-Equation_ solve converged due to CONVERGED_RTOL iterations 18
          Linear BackwardEuler-Equation_mg_coarse_ solve converged due to CONVERGED_RTOL iterations 19
          Linear BackwardEuler-Equation_mg_coarse_ solve converged due to CONVERGED_RTOL iterations 18
          Linear BackwardEuler-Equation_mg_coarse_ solve converged due to CONVERGED_RTOL iterations 16
          Linear BackwardEuler-Equation_mg_coarse_ solve converged due to CONVERGED_RTOL iterations 17
          Linear BackwardEuler-Equation_mg_coarse_ solve converged due to CONVERGED_RTOL iterations 18
          Linear BackwardEuler-Equation_mg_coarse_ solve converged due to CONVERGED_RTOL iterations 17
          Linear BackwardEuler-Equation_mg_coarse_ solve converged due to CONVERGED_RTOL iterations 17
          Linear BackwardEuler-Equation_mg_coarse_ solve converged due to CONVERGED_RTOL iterations 18
          Linear BackwardEuler-Equation_mg_coarse_ solve converged due to CONVERGED_RTOL iterations 17
          Linear BackwardEuler-Equation_mg_coarse_ solve converged due to CONVERGED_RTOL iterations 17
          Linear BackwardEuler-Equation_mg_coarse_ solve converged due to CONVERGED_RTOL iterations 17
          Linear BackwardEuler-Equation_mg_coarse_ solve converged due to CONVERGED_RTOL iterations 17
          Linear BackwardEuler-Equation_mg_coarse_ solve converged due to CONVERGED_RTOL iterations 17
          Linear BackwardEuler-Equation_mg_coarse_ solve converged due to CONVERGED_RTOL iterations 17
          Linear BackwardEuler-Equation_mg_coarse_ solve converged due to CONVERGED_RTOL iterations 17
          Linear BackwardEuler-Equation_mg_coarse_ solve converged due to CONVERGED_RTOL iterations 18
          Linear BackwardEuler-Equation_mg_coarse_ solve converged due to CONVERGED_RTOL iterations 17
          Linear BackwardEuler-Equation_mg_coarse_ solve converged due to CONVERGED_RTOL iterations 17
          Linear BackwardEuler-Equation_mg_coarse_ solve converged due to CONVERGED_RTOL iterations 17
          Linear BackwardEuler-Equation_mg_coarse_ solve converged due to CONVERGED_RTOL iterations 17
          Linear BackwardEuler-Equation_mg_coarse_ solve converged due to CONVERGED_RTOL iterations 17
          Linear BackwardEuler-Equation_mg_coarse_ solve converged due to CONVERGED_RTOL iterations 17
          Linear BackwardEuler-Equation_mg_coarse_ solve converged due to CONVERGED_RTOL iterations 17
          Linear BackwardEuler-Equation_mg_coarse_ solve converged due to CONVERGED_RTOL iterations 17
    Linear BackwardEuler-Equation_ solve converged due to CONVERGED_RTOL iterations 24
  Nonlinear BackwardEuler-Equation_ solve converged due to CONVERGED_SNORM_RELATIVE iterations 3
t = 24.87 d | step 64/100000 | dt = 43200.0 s | wall 35.78 s | NL 3 | L 52
          Linear BackwardEuler-Equation_mg_coarse_ solve converged due to CONVERGED_RTOL iterations 20
          Linear BackwardEuler-Equation_mg_coarse_ solve converged due to CONVERGED_RTOL iterations 20
          Linear BackwardEuler-Equation_mg_coarse_ solve converged due to CONVERGED_RTOL iterations 19
          Linear BackwardEuler-Equation_mg_coarse_ solve converged due to CONVERGED_RTOL iterations 19
          Linear BackwardEuler-Equation_mg_coarse_ solve converged due to CONVERGED_RTOL iterations 18
          Linear BackwardEuler-Equation_mg_coarse_ solve converged due to CONVERGED_RTOL iterations 16
          Linear BackwardEuler-Equation_mg_coarse_ solve converged due to CONVERGED_RTOL iterations 16
          Linear BackwardEuler-Equation_mg_coarse_ solve converged due to CONVERGED_RTOL iterations 17
          Linear BackwardEuler-Equation_mg_coarse_ solve converged due to CONVERGED_RTOL iterations 18
          Linear BackwardEuler-Equation_mg_coarse_ solve converged due to CONVERGED_RTOL iterations 17
    Linear BackwardEuler-Equation_ solve converged due to CONVERGED_RTOL iterations 10
          Linear BackwardEuler-Equation_mg_coarse_ solve converged due to CONVERGED_RTOL iterations 21
          Linear BackwardEuler-Equation_mg_coarse_ solve converged due to CONVERGED_RTOL iterations 19
          Linear BackwardEuler-Equation_mg_coarse_ solve converged due to CONVERGED_RTOL iterations 17
          Linear BackwardEuler-Equation_mg_coarse_ solve converged due to CONVERGED_RTOL iterations 16
          Linear BackwardEuler-Equation_mg_coarse_ solve converged due to CONVERGED_RTOL iterations 16
          Linear BackwardEuler-Equation_mg_coarse_ solve converged due to CONVERGED_RTOL iterations 17
          Linear BackwardEuler-Equation_mg_coarse_ solve converged due to CONVERGED_RTOL iterations 16
          Linear BackwardEuler-Equation_mg_coarse_ solve converged due to CONVERGED_RTOL iterations 16
          Linear BackwardEuler-Equation_mg_coarse_ solve converged due to CONVERGED_RTOL iterations 17
          Linear BackwardEuler-Equation_mg_coarse_ solve converged due to CONVERGED_RTOL iterations 17
          Linear BackwardEuler-Equation_mg_coarse_ solve converged due to CONVERGED_RTOL iterations 16
          Linear BackwardEuler-Equation_mg_coarse_ solve converged due to CONVERGED_RTOL iterations 17
          Linear BackwardEuler-Equation_mg_coarse_ solve converged due to CONVERGED_RTOL iterations 17
          Linear BackwardEuler-Equation_mg_coarse_ solve converged due to CONVERGED_RTOL iterations 17
          Linear BackwardEuler-Equation_mg_coarse_ solve converged due to CONVERGED_RTOL iterations 17
          Linear BackwardEuler-Equation_mg_coarse_ solve converged due to CONVERGED_RTOL iterations 17
          Linear BackwardEuler-Equation_mg_coarse_ solve converged due to CONVERGED_RTOL iterations 17
          Linear BackwardEuler-Equation_mg_coarse_ solve converged due to CONVERGED_RTOL iterations 17
    Linear BackwardEuler-Equation_ solve converged due to CONVERGED_RTOL iterations 18
          Linear BackwardEuler-Equation_mg_coarse_ solve converged due to CONVERGED_RTOL iterations 20
          Linear BackwardEuler-Equation_mg_coarse_ solve converged due to CONVERGED_RTOL iterations 18
          Linear BackwardEuler-Equation_mg_coarse_ solve converged due to CONVERGED_RTOL iterations 16
          Linear BackwardEuler-Equation_mg_coarse_ solve converged due to CONVERGED_RTOL iterations 16
          Linear BackwardEuler-Equation_mg_coarse_ solve converged due to CONVERGED_RTOL iterations 18
          Linear BackwardEuler-Equation_mg_coarse_ solve converged due to CONVERGED_RTOL iterations 17
          Linear BackwardEuler-Equation_mg_coarse_ solve converged due to CONVERGED_RTOL iterations 16
          Linear BackwardEuler-Equation_mg_coarse_ solve converged due to CONVERGED_RTOL iterations 17
          Linear BackwardEuler-Equation_mg_coarse_ solve converged due to CONVERGED_RTOL iterations 18
          Linear BackwardEuler-Equation_mg_coarse_ solve converged due to CONVERGED_RTOL iterations 17
          Linear BackwardEuler-Equation_mg_coarse_ solve converged due to CONVERGED_RTOL iterations 17
          Linear BackwardEuler-Equation_mg_coarse_ solve converged due to CONVERGED_RTOL iterations 17
          Linear BackwardEuler-Equation_mg_coarse_ solve converged due to CONVERGED_RTOL iterations 17
          Linear BackwardEuler-Equation_mg_coarse_ solve converged due to CONVERGED_RTOL iterations 17
          Linear BackwardEuler-Equation_mg_coarse_ solve converged due to CONVERGED_RTOL iterations 17
          Linear BackwardEuler-Equation_mg_coarse_ solve converged due to CONVERGED_RTOL iterations 18
          Linear BackwardEuler-Equation_mg_coarse_ solve converged due to CONVERGED_RTOL iterations 17
          Linear BackwardEuler-Equation_mg_coarse_ solve converged due to CONVERGED_RTOL iterations 17
          Linear BackwardEuler-Equation_mg_coarse_ solve converged due to CONVERGED_RTOL iterations 17
          Linear BackwardEuler-Equation_mg_coarse_ solve converged due to CONVERGED_RTOL iterations 17
          Linear BackwardEuler-Equation_mg_coarse_ solve converged due to CONVERGED_RTOL iterations 17
          Linear BackwardEuler-Equation_mg_coarse_ solve converged due to CONVERGED_RTOL iterations 17
          Linear BackwardEuler-Equation_mg_coarse_ solve converged due to CONVERGED_RTOL iterations 17
          Linear BackwardEuler-Equation_mg_coarse_ solve converged due to CONVERGED_RTOL iterations 17
    Linear BackwardEuler-Equation_ solve converged due to CONVERGED_RTOL iterations 24
  Nonlinear BackwardEuler-Equation_ solve converged due to CONVERGED_SNORM_RELATIVE iterations 3
t = 25.37 d | step 65/100000 | dt = 43200.0 s | wall 35.84 s | NL 3 | L 52
          Linear BackwardEuler-Equation_mg_coarse_ solve converged due to CONVERGED_RTOL iterations 20
          Linear BackwardEuler-Equation_mg_coarse_ solve converged due to CONVERGED_RTOL iterations 20
          Linear BackwardEuler-Equation_mg_coarse_ solve converged due to CONVERGED_RTOL iterations 19
          Linear BackwardEuler-Equation_mg_coarse_ solve converged due to CONVERGED_RTOL iterations 19
          Linear BackwardEuler-Equation_mg_coarse_ solve converged due to CONVERGED_RTOL iterations 18
          Linear BackwardEuler-Equation_mg_coarse_ solve converged due to CONVERGED_RTOL iterations 16
          Linear BackwardEuler-Equation_mg_coarse_ solve converged due to CONVERGED_RTOL iterations 16
          Linear BackwardEuler-Equation_mg_coarse_ solve converged due to CONVERGED_RTOL iterations 17
          Linear BackwardEuler-Equation_mg_coarse_ solve converged due to CONVERGED_RTOL iterations 18
          Linear BackwardEuler-Equation_mg_coarse_ solve converged due to CONVERGED_RTOL iterations 17
    Linear BackwardEuler-Equation_ solve converged due to CONVERGED_RTOL iterations 10
          Linear BackwardEuler-Equation_mg_coarse_ solve converged due to CONVERGED_RTOL iterations 21
          Linear BackwardEuler-Equation_mg_coarse_ solve converged due to CONVERGED_RTOL iterations 19
          Linear BackwardEuler-Equation_mg_coarse_ solve converged due to CONVERGED_RTOL iterations 17
          Linear BackwardEuler-Equation_mg_coarse_ solve converged due to CONVERGED_RTOL iterations 16
          Linear BackwardEuler-Equation_mg_coarse_ solve converged due to CONVERGED_RTOL iterations 17
          Linear BackwardEuler-Equation_mg_coarse_ solve converged due to CONVERGED_RTOL iterations 17
          Linear BackwardEuler-Equation_mg_coarse_ solve converged due to CONVERGED_RTOL iterations 17
          Linear BackwardEuler-Equation_mg_coarse_ solve converged due to CONVERGED_RTOL iterations 17
          Linear BackwardEuler-Equation_mg_coarse_ solve converged due to CONVERGED_RTOL iterations 18
          Linear BackwardEuler-Equation_mg_coarse_ solve converged due to CONVERGED_RTOL iterations 17
          Linear BackwardEuler-Equation_mg_coarse_ solve converged due to CONVERGED_RTOL iterations 17
          Linear BackwardEuler-Equation_mg_coarse_ solve converged due to CONVERGED_RTOL iterations 17
          Linear BackwardEuler-Equation_mg_coarse_ solve converged due to CONVERGED_RTOL iterations 17
          Linear BackwardEuler-Equation_mg_coarse_ solve converged due to CONVERGED_RTOL iterations 17
          Linear BackwardEuler-Equation_mg_coarse_ solve converged due to CONVERGED_RTOL iterations 17
    Linear BackwardEuler-Equation_ solve converged due to CONVERGED_RTOL iterations 15
          Linear BackwardEuler-Equation_mg_coarse_ solve converged due to CONVERGED_RTOL iterations 19
          Linear BackwardEuler-Equation_mg_coarse_ solve converged due to CONVERGED_RTOL iterations 18
          Linear BackwardEuler-Equation_mg_coarse_ solve converged due to CONVERGED_RTOL iterations 16
          Linear BackwardEuler-Equation_mg_coarse_ solve converged due to CONVERGED_RTOL iterations 18
          Linear BackwardEuler-Equation_mg_coarse_ solve converged due to CONVERGED_RTOL iterations 18
          Linear BackwardEuler-Equation_mg_coarse_ solve converged due to CONVERGED_RTOL iterations 17
          Linear BackwardEuler-Equation_mg_coarse_ solve converged due to CONVERGED_RTOL iterations 17
          Linear BackwardEuler-Equation_mg_coarse_ solve converged due to CONVERGED_RTOL iterations 17
          Linear BackwardEuler-Equation_mg_coarse_ solve converged due to CONVERGED_RTOL iterations 17
          Linear BackwardEuler-Equation_mg_coarse_ solve converged due to CONVERGED_RTOL iterations 18
          Linear BackwardEuler-Equation_mg_coarse_ solve converged due to CONVERGED_RTOL iterations 17
          Linear BackwardEuler-Equation_mg_coarse_ solve converged due to CONVERGED_RTOL iterations 17
          Linear BackwardEuler-Equation_mg_coarse_ solve converged due to CONVERGED_RTOL iterations 18
          Linear BackwardEuler-Equation_mg_coarse_ solve converged due to CONVERGED_RTOL iterations 17
          Linear BackwardEuler-Equation_mg_coarse_ solve converged due to CONVERGED_RTOL iterations 17
          Linear BackwardEuler-Equation_mg_coarse_ solve converged due to CONVERGED_RTOL iterations 18
          Linear BackwardEuler-Equation_mg_coarse_ solve converged due to CONVERGED_RTOL iterations 17
          Linear BackwardEuler-Equation_mg_coarse_ solve converged due to CONVERGED_RTOL iterations 17
          Linear BackwardEuler-Equation_mg_coarse_ solve converged due to CONVERGED_RTOL iterations 18
          Linear BackwardEuler-Equation_mg_coarse_ solve converged due to CONVERGED_RTOL iterations 17
          Linear BackwardEuler-Equation_mg_coarse_ solve converged due to CONVERGED_RTOL iterations 18
          Linear BackwardEuler-Equation_mg_coarse_ solve converged due to CONVERGED_RTOL iterations 17
          Linear BackwardEuler-Equation_mg_coarse_ solve converged due to CONVERGED_RTOL iterations 17
          Linear BackwardEuler-Equation_mg_coarse_ solve converged due to CONVERGED_RTOL iterations 18
          Linear BackwardEuler-Equation_mg_coarse_ solve converged due to CONVERGED_RTOL iterations 17
          Linear BackwardEuler-Equation_mg_coarse_ solve converged due to CONVERGED_RTOL iterations 17
          Linear BackwardEuler-Equation_mg_coarse_ solve converged due to CONVERGED_RTOL iterations 17
          Linear BackwardEuler-Equation_mg_coarse_ solve converged due to CONVERGED_RTOL iterations 17
    Linear BackwardEuler-Equation_ solve converged due to CONVERGED_RTOL iterations 28
  Nonlinear BackwardEuler-Equation_ solve converged due to CONVERGED_SNORM_RELATIVE iterations 3
t = 25.87 d | step 66/100000 | dt = 43200.0 s | wall 36.45 s | NL 3 | L 53
          Linear BackwardEuler-Equation_mg_coarse_ solve converged due to CONVERGED_RTOL iterations 20
          Linear BackwardEuler-Equation_mg_coarse_ solve converged due to CONVERGED_RTOL iterations 20
          Linear BackwardEuler-Equation_mg_coarse_ solve converged due to CONVERGED_RTOL iterations 19
          Linear BackwardEuler-Equation_mg_coarse_ solve converged due to CONVERGED_RTOL iterations 19
          Linear BackwardEuler-Equation_mg_coarse_ solve converged due to CONVERGED_RTOL iterations 18
          Linear BackwardEuler-Equation_mg_coarse_ solve converged due to CONVERGED_RTOL iterations 16
          Linear BackwardEuler-Equation_mg_coarse_ solve converged due to CONVERGED_RTOL iterations 16
          Linear BackwardEuler-Equation_mg_coarse_ solve converged due to CONVERGED_RTOL iterations 17
          Linear BackwardEuler-Equation_mg_coarse_ solve converged due to CONVERGED_RTOL iterations 18
          Linear BackwardEuler-Equation_mg_coarse_ solve converged due to CONVERGED_RTOL iterations 17
    Linear BackwardEuler-Equation_ solve converged due to CONVERGED_RTOL iterations 10
          Linear BackwardEuler-Equation_mg_coarse_ solve converged due to CONVERGED_RTOL iterations 21
          Linear BackwardEuler-Equation_mg_coarse_ solve converged due to CONVERGED_RTOL iterations 19
          Linear BackwardEuler-Equation_mg_coarse_ solve converged due to CONVERGED_RTOL iterations 17
          Linear BackwardEuler-Equation_mg_coarse_ solve converged due to CONVERGED_RTOL iterations 16
          Linear BackwardEuler-Equation_mg_coarse_ solve converged due to CONVERGED_RTOL iterations 17
          Linear BackwardEuler-Equation_mg_coarse_ solve converged due to CONVERGED_RTOL iterations 17
          Linear BackwardEuler-Equation_mg_coarse_ solve converged due to CONVERGED_RTOL iterations 17
          Linear BackwardEuler-Equation_mg_coarse_ solve converged due to CONVERGED_RTOL iterations 16
          Linear BackwardEuler-Equation_mg_coarse_ solve converged due to CONVERGED_RTOL iterations 18
          Linear BackwardEuler-Equation_mg_coarse_ solve converged due to CONVERGED_RTOL iterations 17
          Linear BackwardEuler-Equation_mg_coarse_ solve converged due to CONVERGED_RTOL iterations 17
          Linear BackwardEuler-Equation_mg_coarse_ solve converged due to CONVERGED_RTOL iterations 17
          Linear BackwardEuler-Equation_mg_coarse_ solve converged due to CONVERGED_RTOL iterations 17
          Linear BackwardEuler-Equation_mg_coarse_ solve converged due to CONVERGED_RTOL iterations 17
          Linear BackwardEuler-Equation_mg_coarse_ solve converged due to CONVERGED_RTOL iterations 17
    Linear BackwardEuler-Equation_ solve converged due to CONVERGED_RTOL iterations 15
          Linear BackwardEuler-Equation_mg_coarse_ solve converged due to CONVERGED_RTOL iterations 19
          Linear BackwardEuler-Equation_mg_coarse_ solve converged due to CONVERGED_RTOL iterations 18
          Linear BackwardEuler-Equation_mg_coarse_ solve converged due to CONVERGED_RTOL iterations 16
          Linear BackwardEuler-Equation_mg_coarse_ solve converged due to CONVERGED_RTOL iterations 18
          Linear BackwardEuler-Equation_mg_coarse_ solve converged due to CONVERGED_RTOL iterations 18
          Linear BackwardEuler-Equation_mg_coarse_ solve converged due to CONVERGED_RTOL iterations 17
          Linear BackwardEuler-Equation_mg_coarse_ solve converged due to CONVERGED_RTOL iterations 17
          Linear BackwardEuler-Equation_mg_coarse_ solve converged due to CONVERGED_RTOL iterations 17
          Linear BackwardEuler-Equation_mg_coarse_ solve converged due to CONVERGED_RTOL iterations 17
          Linear BackwardEuler-Equation_mg_coarse_ solve converged due to CONVERGED_RTOL iterations 17
          Linear BackwardEuler-Equation_mg_coarse_ solve converged due to CONVERGED_RTOL iterations 17
          Linear BackwardEuler-Equation_mg_coarse_ solve converged due to CONVERGED_RTOL iterations 17
          Linear BackwardEuler-Equation_mg_coarse_ solve converged due to CONVERGED_RTOL iterations 18
          Linear BackwardEuler-Equation_mg_coarse_ solve converged due to CONVERGED_RTOL iterations 17
          Linear BackwardEuler-Equation_mg_coarse_ solve converged due to CONVERGED_RTOL iterations 17
          Linear BackwardEuler-Equation_mg_coarse_ solve converged due to CONVERGED_RTOL iterations 17
          Linear BackwardEuler-Equation_mg_coarse_ solve converged due to CONVERGED_RTOL iterations 17
          Linear BackwardEuler-Equation_mg_coarse_ solve converged due to CONVERGED_RTOL iterations 17
          Linear BackwardEuler-Equation_mg_coarse_ solve converged due to CONVERGED_RTOL iterations 17
          Linear BackwardEuler-Equation_mg_coarse_ solve converged due to CONVERGED_RTOL iterations 17
          Linear BackwardEuler-Equation_mg_coarse_ solve converged due to CONVERGED_RTOL iterations 17
          Linear BackwardEuler-Equation_mg_coarse_ solve converged due to CONVERGED_RTOL iterations 17
          Linear BackwardEuler-Equation_mg_coarse_ solve converged due to CONVERGED_RTOL iterations 17
          Linear BackwardEuler-Equation_mg_coarse_ solve converged due to CONVERGED_RTOL iterations 17
          Linear BackwardEuler-Equation_mg_coarse_ solve converged due to CONVERGED_RTOL iterations 17
          Linear BackwardEuler-Equation_mg_coarse_ solve converged due to CONVERGED_RTOL iterations 17
          Linear BackwardEuler-Equation_mg_coarse_ solve converged due to CONVERGED_RTOL iterations 17
          Linear BackwardEuler-Equation_mg_coarse_ solve converged due to CONVERGED_RTOL iterations 17
    Linear BackwardEuler-Equation_ solve converged due to CONVERGED_RTOL iterations 28
  Nonlinear BackwardEuler-Equation_ solve converged due to CONVERGED_SNORM_RELATIVE iterations 3
t = 26.37 d | step 67/100000 | dt = 43200.0 s | wall 36.45 s | NL 3 | L 53
          Linear BackwardEuler-Equation_mg_coarse_ solve converged due to CONVERGED_RTOL iterations 20
          Linear BackwardEuler-Equation_mg_coarse_ solve converged due to CONVERGED_RTOL iterations 20
          Linear BackwardEuler-Equation_mg_coarse_ solve converged due to CONVERGED_RTOL iterations 19
          Linear BackwardEuler-Equation_mg_coarse_ solve converged due to CONVERGED_RTOL iterations 19
          Linear BackwardEuler-Equation_mg_coarse_ solve converged due to CONVERGED_RTOL iterations 18
          Linear BackwardEuler-Equation_mg_coarse_ solve converged due to CONVERGED_RTOL iterations 16
          Linear BackwardEuler-Equation_mg_coarse_ solve converged due to CONVERGED_RTOL iterations 16
          Linear BackwardEuler-Equation_mg_coarse_ solve converged due to CONVERGED_RTOL iterations 17
          Linear BackwardEuler-Equation_mg_coarse_ solve converged due to CONVERGED_RTOL iterations 18
          Linear BackwardEuler-Equation_mg_coarse_ solve converged due to CONVERGED_RTOL iterations 17
    Linear BackwardEuler-Equation_ solve converged due to CONVERGED_RTOL iterations 10
          Linear BackwardEuler-Equation_mg_coarse_ solve converged due to CONVERGED_RTOL iterations 21
          Linear BackwardEuler-Equation_mg_coarse_ solve converged due to CONVERGED_RTOL iterations 19
          Linear BackwardEuler-Equation_mg_coarse_ solve converged due to CONVERGED_RTOL iterations 17
          Linear BackwardEuler-Equation_mg_coarse_ solve converged due to CONVERGED_RTOL iterations 16
          Linear BackwardEuler-Equation_mg_coarse_ solve converged due to CONVERGED_RTOL iterations 17
          Linear BackwardEuler-Equation_mg_coarse_ solve converged due to CONVERGED_RTOL iterations 17
          Linear BackwardEuler-Equation_mg_coarse_ solve converged due to CONVERGED_RTOL iterations 17
          Linear BackwardEuler-Equation_mg_coarse_ solve converged due to CONVERGED_RTOL iterations 16
          Linear BackwardEuler-Equation_mg_coarse_ solve converged due to CONVERGED_RTOL iterations 18
          Linear BackwardEuler-Equation_mg_coarse_ solve converged due to CONVERGED_RTOL iterations 17
          Linear BackwardEuler-Equation_mg_coarse_ solve converged due to CONVERGED_RTOL iterations 17
          Linear BackwardEuler-Equation_mg_coarse_ solve converged due to CONVERGED_RTOL iterations 17
          Linear BackwardEuler-Equation_mg_coarse_ solve converged due to CONVERGED_RTOL iterations 17
          Linear BackwardEuler-Equation_mg_coarse_ solve converged due to CONVERGED_RTOL iterations 17
          Linear BackwardEuler-Equation_mg_coarse_ solve converged due to CONVERGED_RTOL iterations 17
          Linear BackwardEuler-Equation_mg_coarse_ solve converged due to CONVERGED_RTOL iterations 17
    Linear BackwardEuler-Equation_ solve converged due to CONVERGED_RTOL iterations 16
          Linear BackwardEuler-Equation_mg_coarse_ solve converged due to CONVERGED_RTOL iterations 19
          Linear BackwardEuler-Equation_mg_coarse_ solve converged due to CONVERGED_RTOL iterations 18
          Linear BackwardEuler-Equation_mg_coarse_ solve converged due to CONVERGED_RTOL iterations 16
          Linear BackwardEuler-Equation_mg_coarse_ solve converged due to CONVERGED_RTOL iterations 17
          Linear BackwardEuler-Equation_mg_coarse_ solve converged due to CONVERGED_RTOL iterations 17
          Linear BackwardEuler-Equation_mg_coarse_ solve converged due to CONVERGED_RTOL iterations 18
          Linear BackwardEuler-Equation_mg_coarse_ solve converged due to CONVERGED_RTOL iterations 17
          Linear BackwardEuler-Equation_mg_coarse_ solve converged due to CONVERGED_RTOL iterations 17
          Linear BackwardEuler-Equation_mg_coarse_ solve converged due to CONVERGED_RTOL iterations 17
          Linear BackwardEuler-Equation_mg_coarse_ solve converged due to CONVERGED_RTOL iterations 17
          Linear BackwardEuler-Equation_mg_coarse_ solve converged due to CONVERGED_RTOL iterations 18
          Linear BackwardEuler-Equation_mg_coarse_ solve converged due to CONVERGED_RTOL iterations 17
          Linear BackwardEuler-Equation_mg_coarse_ solve converged due to CONVERGED_RTOL iterations 17
          Linear BackwardEuler-Equation_mg_coarse_ solve converged due to CONVERGED_RTOL iterations 17
          Linear BackwardEuler-Equation_mg_coarse_ solve converged due to CONVERGED_RTOL iterations 17
          Linear BackwardEuler-Equation_mg_coarse_ solve converged due to CONVERGED_RTOL iterations 17
          Linear BackwardEuler-Equation_mg_coarse_ solve converged due to CONVERGED_RTOL iterations 17
          Linear BackwardEuler-Equation_mg_coarse_ solve converged due to CONVERGED_RTOL iterations 17
          Linear BackwardEuler-Equation_mg_coarse_ solve converged due to CONVERGED_RTOL iterations 17
          Linear BackwardEuler-Equation_mg_coarse_ solve converged due to CONVERGED_RTOL iterations 17
          Linear BackwardEuler-Equation_mg_coarse_ solve converged due to CONVERGED_RTOL iterations 17
          Linear BackwardEuler-Equation_mg_coarse_ solve converged due to CONVERGED_RTOL iterations 17
          Linear BackwardEuler-Equation_mg_coarse_ solve converged due to CONVERGED_RTOL iterations 17
          Linear BackwardEuler-Equation_mg_coarse_ solve converged due to CONVERGED_RTOL iterations 17
          Linear BackwardEuler-Equation_mg_coarse_ solve converged due to CONVERGED_RTOL iterations 17
          Linear BackwardEuler-Equation_mg_coarse_ solve converged due to CONVERGED_RTOL iterations 17
    Linear BackwardEuler-Equation_ solve converged due to CONVERGED_RTOL iterations 26
  Nonlinear BackwardEuler-Equation_ solve converged due to CONVERGED_SNORM_RELATIVE iterations 3
t = 26.87 d | step 68/100000 | dt = 43200.0 s | wall 35.80 s | NL 3 | L 52
          Linear BackwardEuler-Equation_mg_coarse_ solve converged due to CONVERGED_RTOL iterations 20
          Linear BackwardEuler-Equation_mg_coarse_ solve converged due to CONVERGED_RTOL iterations 20
          Linear BackwardEuler-Equation_mg_coarse_ solve converged due to CONVERGED_RTOL iterations 19
          Linear BackwardEuler-Equation_mg_coarse_ solve converged due to CONVERGED_RTOL iterations 19
          Linear BackwardEuler-Equation_mg_coarse_ solve converged due to CONVERGED_RTOL iterations 18
          Linear BackwardEuler-Equation_mg_coarse_ solve converged due to CONVERGED_RTOL iterations 16
          Linear BackwardEuler-Equation_mg_coarse_ solve converged due to CONVERGED_RTOL iterations 16
          Linear BackwardEuler-Equation_mg_coarse_ solve converged due to CONVERGED_RTOL iterations 17
          Linear BackwardEuler-Equation_mg_coarse_ solve converged due to CONVERGED_RTOL iterations 18
          Linear BackwardEuler-Equation_mg_coarse_ solve converged due to CONVERGED_RTOL iterations 17
    Linear BackwardEuler-Equation_ solve converged due to CONVERGED_RTOL iterations 10
          Linear BackwardEuler-Equation_mg_coarse_ solve converged due to CONVERGED_RTOL iterations 21
          Linear BackwardEuler-Equation_mg_coarse_ solve converged due to CONVERGED_RTOL iterations 19
          Linear BackwardEuler-Equation_mg_coarse_ solve converged due to CONVERGED_RTOL iterations 17
          Linear BackwardEuler-Equation_mg_coarse_ solve converged due to CONVERGED_RTOL iterations 16
          Linear BackwardEuler-Equation_mg_coarse_ solve converged due to CONVERGED_RTOL iterations 17
          Linear BackwardEuler-Equation_mg_coarse_ solve converged due to CONVERGED_RTOL iterations 17
          Linear BackwardEuler-Equation_mg_coarse_ solve converged due to CONVERGED_RTOL iterations 17
          Linear BackwardEuler-Equation_mg_coarse_ solve converged due to CONVERGED_RTOL iterations 17
          Linear BackwardEuler-Equation_mg_coarse_ solve converged due to CONVERGED_RTOL iterations 18
          Linear BackwardEuler-Equation_mg_coarse_ solve converged due to CONVERGED_RTOL iterations 17
          Linear BackwardEuler-Equation_mg_coarse_ solve converged due to CONVERGED_RTOL iterations 17
          Linear BackwardEuler-Equation_mg_coarse_ solve converged due to CONVERGED_RTOL iterations 17
          Linear BackwardEuler-Equation_mg_coarse_ solve converged due to CONVERGED_RTOL iterations 17
          Linear BackwardEuler-Equation_mg_coarse_ solve converged due to CONVERGED_RTOL iterations 17
          Linear BackwardEuler-Equation_mg_coarse_ solve converged due to CONVERGED_RTOL iterations 17
          Linear BackwardEuler-Equation_mg_coarse_ solve converged due to CONVERGED_RTOL iterations 17
          Linear BackwardEuler-Equation_mg_coarse_ solve converged due to CONVERGED_RTOL iterations 17
    Linear BackwardEuler-Equation_ solve converged due to CONVERGED_RTOL iterations 17
          Linear BackwardEuler-Equation_mg_coarse_ solve converged due to CONVERGED_RTOL iterations 19
          Linear BackwardEuler-Equation_mg_coarse_ solve converged due to CONVERGED_RTOL iterations 18
          Linear BackwardEuler-Equation_mg_coarse_ solve converged due to CONVERGED_RTOL iterations 16
          Linear BackwardEuler-Equation_mg_coarse_ solve converged due to CONVERGED_RTOL iterations 17
          Linear BackwardEuler-Equation_mg_coarse_ solve converged due to CONVERGED_RTOL iterations 18
          Linear BackwardEuler-Equation_mg_coarse_ solve converged due to CONVERGED_RTOL iterations 17
          Linear BackwardEuler-Equation_mg_coarse_ solve converged due to CONVERGED_RTOL iterations 17
          Linear BackwardEuler-Equation_mg_coarse_ solve converged due to CONVERGED_RTOL iterations 17
          Linear BackwardEuler-Equation_mg_coarse_ solve converged due to CONVERGED_RTOL iterations 17
          Linear BackwardEuler-Equation_mg_coarse_ solve converged due to CONVERGED_RTOL iterations 17
          Linear BackwardEuler-Equation_mg_coarse_ solve converged due to CONVERGED_RTOL iterations 17
          Linear BackwardEuler-Equation_mg_coarse_ solve converged due to CONVERGED_RTOL iterations 17
          Linear BackwardEuler-Equation_mg_coarse_ solve converged due to CONVERGED_RTOL iterations 17
          Linear BackwardEuler-Equation_mg_coarse_ solve converged due to CONVERGED_RTOL iterations 17
          Linear BackwardEuler-Equation_mg_coarse_ solve converged due to CONVERGED_RTOL iterations 18
          Linear BackwardEuler-Equation_mg_coarse_ solve converged due to CONVERGED_RTOL iterations 17
          Linear BackwardEuler-Equation_mg_coarse_ solve converged due to CONVERGED_RTOL iterations 17
          Linear BackwardEuler-Equation_mg_coarse_ solve converged due to CONVERGED_RTOL iterations 17
          Linear BackwardEuler-Equation_mg_coarse_ solve converged due to CONVERGED_RTOL iterations 17
          Linear BackwardEuler-Equation_mg_coarse_ solve converged due to CONVERGED_RTOL iterations 17
          Linear BackwardEuler-Equation_mg_coarse_ solve converged due to CONVERGED_RTOL iterations 17
          Linear BackwardEuler-Equation_mg_coarse_ solve converged due to CONVERGED_RTOL iterations 17
          Linear BackwardEuler-Equation_mg_coarse_ solve converged due to CONVERGED_RTOL iterations 17
          Linear BackwardEuler-Equation_mg_coarse_ solve converged due to CONVERGED_RTOL iterations 17
          Linear BackwardEuler-Equation_mg_coarse_ solve converged due to CONVERGED_RTOL iterations 17
    Linear BackwardEuler-Equation_ solve converged due to CONVERGED_RTOL iterations 25
  Nonlinear BackwardEuler-Equation_ solve converged due to CONVERGED_SNORM_RELATIVE iterations 3
t = 27.37 d | step 69/100000 | dt = 43200.0 s | wall 35.69 s | NL 3 | L 52
          Linear BackwardEuler-Equation_mg_coarse_ solve converged due to CONVERGED_RTOL iterations 20
          Linear BackwardEuler-Equation_mg_coarse_ solve converged due to CONVERGED_RTOL iterations 20
          Linear BackwardEuler-Equation_mg_coarse_ solve converged due to CONVERGED_RTOL iterations 19
          Linear BackwardEuler-Equation_mg_coarse_ solve converged due to CONVERGED_RTOL iterations 19
          Linear BackwardEuler-Equation_mg_coarse_ solve converged due to CONVERGED_RTOL iterations 18
          Linear BackwardEuler-Equation_mg_coarse_ solve converged due to CONVERGED_RTOL iterations 16
          Linear BackwardEuler-Equation_mg_coarse_ solve converged due to CONVERGED_RTOL iterations 16
          Linear BackwardEuler-Equation_mg_coarse_ solve converged due to CONVERGED_RTOL iterations 17
          Linear BackwardEuler-Equation_mg_coarse_ solve converged due to CONVERGED_RTOL iterations 18
          Linear BackwardEuler-Equation_mg_coarse_ solve converged due to CONVERGED_RTOL iterations 17
    Linear BackwardEuler-Equation_ solve converged due to CONVERGED_RTOL iterations 10
          Linear BackwardEuler-Equation_mg_coarse_ solve converged due to CONVERGED_RTOL iterations 21
          Linear BackwardEuler-Equation_mg_coarse_ solve converged due to CONVERGED_RTOL iterations 19
          Linear BackwardEuler-Equation_mg_coarse_ solve converged due to CONVERGED_RTOL iterations 17
          Linear BackwardEuler-Equation_mg_coarse_ solve converged due to CONVERGED_RTOL iterations 16
          Linear BackwardEuler-Equation_mg_coarse_ solve converged due to CONVERGED_RTOL iterations 16
          Linear BackwardEuler-Equation_mg_coarse_ solve converged due to CONVERGED_RTOL iterations 17
          Linear BackwardEuler-Equation_mg_coarse_ solve converged due to CONVERGED_RTOL iterations 17
          Linear BackwardEuler-Equation_mg_coarse_ solve converged due to CONVERGED_RTOL iterations 16
          Linear BackwardEuler-Equation_mg_coarse_ solve converged due to CONVERGED_RTOL iterations 18
          Linear BackwardEuler-Equation_mg_coarse_ solve converged due to CONVERGED_RTOL iterations 17
          Linear BackwardEuler-Equation_mg_coarse_ solve converged due to CONVERGED_RTOL iterations 17
          Linear BackwardEuler-Equation_mg_coarse_ solve converged due to CONVERGED_RTOL iterations 17
          Linear BackwardEuler-Equation_mg_coarse_ solve converged due to CONVERGED_RTOL iterations 17
          Linear BackwardEuler-Equation_mg_coarse_ solve converged due to CONVERGED_RTOL iterations 17
          Linear BackwardEuler-Equation_mg_coarse_ solve converged due to CONVERGED_RTOL iterations 17
          Linear BackwardEuler-Equation_mg_coarse_ solve converged due to CONVERGED_RTOL iterations 17
          Linear BackwardEuler-Equation_mg_coarse_ solve converged due to CONVERGED_RTOL iterations 18
    Linear BackwardEuler-Equation_ solve converged due to CONVERGED_RTOL iterations 17
          Linear BackwardEuler-Equation_mg_coarse_ solve converged due to CONVERGED_RTOL iterations 19
          Linear BackwardEuler-Equation_mg_coarse_ solve converged due to CONVERGED_RTOL iterations 18
          Linear BackwardEuler-Equation_mg_coarse_ solve converged due to CONVERGED_RTOL iterations 16
          Linear BackwardEuler-Equation_mg_coarse_ solve converged due to CONVERGED_RTOL iterations 17
          Linear BackwardEuler-Equation_mg_coarse_ solve converged due to CONVERGED_RTOL iterations 18
          Linear BackwardEuler-Equation_mg_coarse_ solve converged due to CONVERGED_RTOL iterations 17
          Linear BackwardEuler-Equation_mg_coarse_ solve converged due to CONVERGED_RTOL iterations 17
          Linear BackwardEuler-Equation_mg_coarse_ solve converged due to CONVERGED_RTOL iterations 17
          Linear BackwardEuler-Equation_mg_coarse_ solve converged due to CONVERGED_RTOL iterations 17
          Linear BackwardEuler-Equation_mg_coarse_ solve converged due to CONVERGED_RTOL iterations 17
          Linear BackwardEuler-Equation_mg_coarse_ solve converged due to CONVERGED_RTOL iterations 17
          Linear BackwardEuler-Equation_mg_coarse_ solve converged due to CONVERGED_RTOL iterations 17
          Linear BackwardEuler-Equation_mg_coarse_ solve converged due to CONVERGED_RTOL iterations 17
          Linear BackwardEuler-Equation_mg_coarse_ solve converged due to CONVERGED_RTOL iterations 17
          Linear BackwardEuler-Equation_mg_coarse_ solve converged due to CONVERGED_RTOL iterations 17
          Linear BackwardEuler-Equation_mg_coarse_ solve converged due to CONVERGED_RTOL iterations 17
          Linear BackwardEuler-Equation_mg_coarse_ solve converged due to CONVERGED_RTOL iterations 17
          Linear BackwardEuler-Equation_mg_coarse_ solve converged due to CONVERGED_RTOL iterations 17
          Linear BackwardEuler-Equation_mg_coarse_ solve converged due to CONVERGED_RTOL iterations 17
          Linear BackwardEuler-Equation_mg_coarse_ solve converged due to CONVERGED_RTOL iterations 17
          Linear BackwardEuler-Equation_mg_coarse_ solve converged due to CONVERGED_RTOL iterations 17
          Linear BackwardEuler-Equation_mg_coarse_ solve converged due to CONVERGED_RTOL iterations 17
          Linear BackwardEuler-Equation_mg_coarse_ solve converged due to CONVERGED_RTOL iterations 17
          Linear BackwardEuler-Equation_mg_coarse_ solve converged due to CONVERGED_RTOL iterations 17
    Linear BackwardEuler-Equation_ solve converged due to CONVERGED_RTOL iterations 24
  Nonlinear BackwardEuler-Equation_ solve converged due to CONVERGED_SNORM_RELATIVE iterations 3
t = 27.87 d | step 70/100000 | dt = 43200.0 s | wall 35.33 s | NL 3 | L 51
          Linear BackwardEuler-Equation_mg_coarse_ solve converged due to CONVERGED_RTOL iterations 20
          Linear BackwardEuler-Equation_mg_coarse_ solve converged due to CONVERGED_RTOL iterations 20
          Linear BackwardEuler-Equation_mg_coarse_ solve converged due to CONVERGED_RTOL iterations 19
          Linear BackwardEuler-Equation_mg_coarse_ solve converged due to CONVERGED_RTOL iterations 19
          Linear BackwardEuler-Equation_mg_coarse_ solve converged due to CONVERGED_RTOL iterations 18
          Linear BackwardEuler-Equation_mg_coarse_ solve converged due to CONVERGED_RTOL iterations 16
          Linear BackwardEuler-Equation_mg_coarse_ solve converged due to CONVERGED_RTOL iterations 16
          Linear BackwardEuler-Equation_mg_coarse_ solve converged due to CONVERGED_RTOL iterations 17
          Linear BackwardEuler-Equation_mg_coarse_ solve converged due to CONVERGED_RTOL iterations 18
          Linear BackwardEuler-Equation_mg_coarse_ solve converged due to CONVERGED_RTOL iterations 17
    Linear BackwardEuler-Equation_ solve converged due to CONVERGED_RTOL iterations 10
          Linear BackwardEuler-Equation_mg_coarse_ solve converged due to CONVERGED_RTOL iterations 21
          Linear BackwardEuler-Equation_mg_coarse_ solve converged due to CONVERGED_RTOL iterations 19
          Linear BackwardEuler-Equation_mg_coarse_ solve converged due to CONVERGED_RTOL iterations 18
          Linear BackwardEuler-Equation_mg_coarse_ solve converged due to CONVERGED_RTOL iterations 16
          Linear BackwardEuler-Equation_mg_coarse_ solve converged due to CONVERGED_RTOL iterations 16
          Linear BackwardEuler-Equation_mg_coarse_ solve converged due to CONVERGED_RTOL iterations 17
          Linear BackwardEuler-Equation_mg_coarse_ solve converged due to CONVERGED_RTOL iterations 17
          Linear BackwardEuler-Equation_mg_coarse_ solve converged due to CONVERGED_RTOL iterations 17
          Linear BackwardEuler-Equation_mg_coarse_ solve converged due to CONVERGED_RTOL iterations 18
          Linear BackwardEuler-Equation_mg_coarse_ solve converged due to CONVERGED_RTOL iterations 17
          Linear BackwardEuler-Equation_mg_coarse_ solve converged due to CONVERGED_RTOL iterations 17
    Linear BackwardEuler-Equation_ solve converged due to CONVERGED_RTOL iterations 11
          Linear BackwardEuler-Equation_mg_coarse_ solve converged due to CONVERGED_RTOL iterations 18
          Linear BackwardEuler-Equation_mg_coarse_ solve converged due to CONVERGED_RTOL iterations 17
          Linear BackwardEuler-Equation_mg_coarse_ solve converged due to CONVERGED_RTOL iterations 16
          Linear BackwardEuler-Equation_mg_coarse_ solve converged due to CONVERGED_RTOL iterations 18
          Linear BackwardEuler-Equation_mg_coarse_ solve converged due to CONVERGED_RTOL iterations 17
          Linear BackwardEuler-Equation_mg_coarse_ solve converged due to CONVERGED_RTOL iterations 18
          Linear BackwardEuler-Equation_mg_coarse_ solve converged due to CONVERGED_RTOL iterations 17
          Linear BackwardEuler-Equation_mg_coarse_ solve converged due to CONVERGED_RTOL iterations 17
          Linear BackwardEuler-Equation_mg_coarse_ solve converged due to CONVERGED_RTOL iterations 18
          Linear BackwardEuler-Equation_mg_coarse_ solve converged due to CONVERGED_RTOL iterations 17
          Linear BackwardEuler-Equation_mg_coarse_ solve converged due to CONVERGED_RTOL iterations 17
          Linear BackwardEuler-Equation_mg_coarse_ solve converged due to CONVERGED_RTOL iterations 17
          Linear BackwardEuler-Equation_mg_coarse_ solve converged due to CONVERGED_RTOL iterations 17
          Linear BackwardEuler-Equation_mg_coarse_ solve converged due to CONVERGED_RTOL iterations 17
          Linear BackwardEuler-Equation_mg_coarse_ solve converged due to CONVERGED_RTOL iterations 17
          Linear BackwardEuler-Equation_mg_coarse_ solve converged due to CONVERGED_RTOL iterations 17
          Linear BackwardEuler-Equation_mg_coarse_ solve converged due to CONVERGED_RTOL iterations 17
          Linear BackwardEuler-Equation_mg_coarse_ solve converged due to CONVERGED_RTOL iterations 16
          Linear BackwardEuler-Equation_mg_coarse_ solve converged due to CONVERGED_RTOL iterations 17
          Linear BackwardEuler-Equation_mg_coarse_ solve converged due to CONVERGED_RTOL iterations 17
          Linear BackwardEuler-Equation_mg_coarse_ solve converged due to CONVERGED_RTOL iterations 17
          Linear BackwardEuler-Equation_mg_coarse_ solve converged due to CONVERGED_RTOL iterations 17
          Linear BackwardEuler-Equation_mg_coarse_ solve converged due to CONVERGED_RTOL iterations 17
          Linear BackwardEuler-Equation_mg_coarse_ solve converged due to CONVERGED_RTOL iterations 17
          Linear BackwardEuler-Equation_mg_coarse_ solve converged due to CONVERGED_RTOL iterations 17
          Linear BackwardEuler-Equation_mg_coarse_ solve converged due to CONVERGED_RTOL iterations 17
          Linear BackwardEuler-Equation_mg_coarse_ solve converged due to CONVERGED_RTOL iterations 17
          Linear BackwardEuler-Equation_mg_coarse_ solve converged due to CONVERGED_RTOL iterations 17
          Linear BackwardEuler-Equation_mg_coarse_ solve converged due to CONVERGED_RTOL iterations 17
          Linear BackwardEuler-Equation_mg_coarse_ solve converged due to CONVERGED_RTOL iterations 17
    Linear BackwardEuler-Equation_ solve converged due to CONVERGED_RTOL iterations 30
  Nonlinear BackwardEuler-Equation_ solve converged due to CONVERGED_SNORM_RELATIVE iterations 3
t = 28.37 d | step 71/100000 | dt = 43200.0 s | wall 35.41 s | NL 3 | L 51
          Linear BackwardEuler-Equation_mg_coarse_ solve converged due to CONVERGED_RTOL iterations 20
          Linear BackwardEuler-Equation_mg_coarse_ solve converged due to CONVERGED_RTOL iterations 20
          Linear BackwardEuler-Equation_mg_coarse_ solve converged due to CONVERGED_RTOL iterations 19
          Linear BackwardEuler-Equation_mg_coarse_ solve converged due to CONVERGED_RTOL iterations 19
          Linear BackwardEuler-Equation_mg_coarse_ solve converged due to CONVERGED_RTOL iterations 18
          Linear BackwardEuler-Equation_mg_coarse_ solve converged due to CONVERGED_RTOL iterations 16
          Linear BackwardEuler-Equation_mg_coarse_ solve converged due to CONVERGED_RTOL iterations 16
          Linear BackwardEuler-Equation_mg_coarse_ solve converged due to CONVERGED_RTOL iterations 17
          Linear BackwardEuler-Equation_mg_coarse_ solve converged due to CONVERGED_RTOL iterations 18
          Linear BackwardEuler-Equation_mg_coarse_ solve converged due to CONVERGED_RTOL iterations 17
    Linear BackwardEuler-Equation_ solve converged due to CONVERGED_RTOL iterations 10
          Linear BackwardEuler-Equation_mg_coarse_ solve converged due to CONVERGED_RTOL iterations 21
          Linear BackwardEuler-Equation_mg_coarse_ solve converged due to CONVERGED_RTOL iterations 19
          Linear BackwardEuler-Equation_mg_coarse_ solve converged due to CONVERGED_RTOL iterations 17
          Linear BackwardEuler-Equation_mg_coarse_ solve converged due to CONVERGED_RTOL iterations 16
          Linear BackwardEuler-Equation_mg_coarse_ solve converged due to CONVERGED_RTOL iterations 16
          Linear BackwardEuler-Equation_mg_coarse_ solve converged due to CONVERGED_RTOL iterations 17
          Linear BackwardEuler-Equation_mg_coarse_ solve converged due to CONVERGED_RTOL iterations 17
          Linear BackwardEuler-Equation_mg_coarse_ solve converged due to CONVERGED_RTOL iterations 16
          Linear BackwardEuler-Equation_mg_coarse_ solve converged due to CONVERGED_RTOL iterations 17
          Linear BackwardEuler-Equation_mg_coarse_ solve converged due to CONVERGED_RTOL iterations 17
          Linear BackwardEuler-Equation_mg_coarse_ solve converged due to CONVERGED_RTOL iterations 17
          Linear BackwardEuler-Equation_mg_coarse_ solve converged due to CONVERGED_RTOL iterations 17
          Linear BackwardEuler-Equation_mg_coarse_ solve converged due to CONVERGED_RTOL iterations 17
          Linear BackwardEuler-Equation_mg_coarse_ solve converged due to CONVERGED_RTOL iterations 17
          Linear BackwardEuler-Equation_mg_coarse_ solve converged due to CONVERGED_RTOL iterations 17
          Linear BackwardEuler-Equation_mg_coarse_ solve converged due to CONVERGED_RTOL iterations 17
          Linear BackwardEuler-Equation_mg_coarse_ solve converged due to CONVERGED_RTOL iterations 17
          Linear BackwardEuler-Equation_mg_coarse_ solve converged due to CONVERGED_RTOL iterations 17
    Linear BackwardEuler-Equation_ solve converged due to CONVERGED_RTOL iterations 18
          Linear BackwardEuler-Equation_mg_coarse_ solve converged due to CONVERGED_RTOL iterations 21
          Linear BackwardEuler-Equation_mg_coarse_ solve converged due to CONVERGED_RTOL iterations 18
          Linear BackwardEuler-Equation_mg_coarse_ solve converged due to CONVERGED_RTOL iterations 17
          Linear BackwardEuler-Equation_mg_coarse_ solve converged due to CONVERGED_RTOL iterations 17
          Linear BackwardEuler-Equation_mg_coarse_ solve converged due to CONVERGED_RTOL iterations 18
          Linear BackwardEuler-Equation_mg_coarse_ solve converged due to CONVERGED_RTOL iterations 17
          Linear BackwardEuler-Equation_mg_coarse_ solve converged due to CONVERGED_RTOL iterations 17
          Linear BackwardEuler-Equation_mg_coarse_ solve converged due to CONVERGED_RTOL iterations 18
          Linear BackwardEuler-Equation_mg_coarse_ solve converged due to CONVERGED_RTOL iterations 18
          Linear BackwardEuler-Equation_mg_coarse_ solve converged due to CONVERGED_RTOL iterations 17
          Linear BackwardEuler-Equation_mg_coarse_ solve converged due to CONVERGED_RTOL iterations 17
          Linear BackwardEuler-Equation_mg_coarse_ solve converged due to CONVERGED_RTOL iterations 17
          Linear BackwardEuler-Equation_mg_coarse_ solve converged due to CONVERGED_RTOL iterations 17
          Linear BackwardEuler-Equation_mg_coarse_ solve converged due to CONVERGED_RTOL iterations 17
          Linear BackwardEuler-Equation_mg_coarse_ solve converged due to CONVERGED_RTOL iterations 17
          Linear BackwardEuler-Equation_mg_coarse_ solve converged due to CONVERGED_RTOL iterations 18
          Linear BackwardEuler-Equation_mg_coarse_ solve converged due to CONVERGED_RTOL iterations 17
          Linear BackwardEuler-Equation_mg_coarse_ solve converged due to CONVERGED_RTOL iterations 17
          Linear BackwardEuler-Equation_mg_coarse_ solve converged due to CONVERGED_RTOL iterations 17
          Linear BackwardEuler-Equation_mg_coarse_ solve converged due to CONVERGED_RTOL iterations 17
          Linear BackwardEuler-Equation_mg_coarse_ solve converged due to CONVERGED_RTOL iterations 17
          Linear BackwardEuler-Equation_mg_coarse_ solve converged due to CONVERGED_RTOL iterations 17
    Linear BackwardEuler-Equation_ solve converged due to CONVERGED_RTOL iterations 22
  Nonlinear BackwardEuler-Equation_ solve converged due to CONVERGED_SNORM_RELATIVE iterations 3
t = 28.87 d | step 72/100000 | dt = 43200.0 s | wall 34.67 s | NL 3 | L 50
          Linear BackwardEuler-Equation_mg_coarse_ solve converged due to CONVERGED_RTOL iterations 20
          Linear BackwardEuler-Equation_mg_coarse_ solve converged due to CONVERGED_RTOL iterations 20
          Linear BackwardEuler-Equation_mg_coarse_ solve converged due to CONVERGED_RTOL iterations 19
          Linear BackwardEuler-Equation_mg_coarse_ solve converged due to CONVERGED_RTOL iterations 19
          Linear BackwardEuler-Equation_mg_coarse_ solve converged due to CONVERGED_RTOL iterations 18
          Linear BackwardEuler-Equation_mg_coarse_ solve converged due to CONVERGED_RTOL iterations 16
          Linear BackwardEuler-Equation_mg_coarse_ solve converged due to CONVERGED_RTOL iterations 16
          Linear BackwardEuler-Equation_mg_coarse_ solve converged due to CONVERGED_RTOL iterations 17
          Linear BackwardEuler-Equation_mg_coarse_ solve converged due to CONVERGED_RTOL iterations 18
          Linear BackwardEuler-Equation_mg_coarse_ solve converged due to CONVERGED_RTOL iterations 17
    Linear BackwardEuler-Equation_ solve converged due to CONVERGED_RTOL iterations 10
          Linear BackwardEuler-Equation_mg_coarse_ solve converged due to CONVERGED_RTOL iterations 21
          Linear BackwardEuler-Equation_mg_coarse_ solve converged due to CONVERGED_RTOL iterations 19
          Linear BackwardEuler-Equation_mg_coarse_ solve converged due to CONVERGED_RTOL iterations 17
          Linear BackwardEuler-Equation_mg_coarse_ solve converged due to CONVERGED_RTOL iterations 16
          Linear BackwardEuler-Equation_mg_coarse_ solve converged due to CONVERGED_RTOL iterations 18
          Linear BackwardEuler-Equation_mg_coarse_ solve converged due to CONVERGED_RTOL iterations 17
          Linear BackwardEuler-Equation_mg_coarse_ solve converged due to CONVERGED_RTOL iterations 17
          Linear BackwardEuler-Equation_mg_coarse_ solve converged due to CONVERGED_RTOL iterations 17
          Linear BackwardEuler-Equation_mg_coarse_ solve converged due to CONVERGED_RTOL iterations 18
          Linear BackwardEuler-Equation_mg_coarse_ solve converged due to CONVERGED_RTOL iterations 17
          Linear BackwardEuler-Equation_mg_coarse_ solve converged due to CONVERGED_RTOL iterations 17
          Linear BackwardEuler-Equation_mg_coarse_ solve converged due to CONVERGED_RTOL iterations 17
          Linear BackwardEuler-Equation_mg_coarse_ solve converged due to CONVERGED_RTOL iterations 17
          Linear BackwardEuler-Equation_mg_coarse_ solve converged due to CONVERGED_RTOL iterations 17
          Linear BackwardEuler-Equation_mg_coarse_ solve converged due to CONVERGED_RTOL iterations 18
          Linear BackwardEuler-Equation_mg_coarse_ solve converged due to CONVERGED_RTOL iterations 17
          Linear BackwardEuler-Equation_mg_coarse_ solve converged due to CONVERGED_RTOL iterations 17
          Linear BackwardEuler-Equation_mg_coarse_ solve converged due to CONVERGED_RTOL iterations 17
    Linear BackwardEuler-Equation_ solve converged due to CONVERGED_RTOL iterations 18
          Linear BackwardEuler-Equation_mg_coarse_ solve converged due to CONVERGED_RTOL iterations 20
          Linear BackwardEuler-Equation_mg_coarse_ solve converged due to CONVERGED_RTOL iterations 18
          Linear BackwardEuler-Equation_mg_coarse_ solve converged due to CONVERGED_RTOL iterations 16
          Linear BackwardEuler-Equation_mg_coarse_ solve converged due to CONVERGED_RTOL iterations 17
          Linear BackwardEuler-Equation_mg_coarse_ solve converged due to CONVERGED_RTOL iterations 18
          Linear BackwardEuler-Equation_mg_coarse_ solve converged due to CONVERGED_RTOL iterations 17
          Linear BackwardEuler-Equation_mg_coarse_ solve converged due to CONVERGED_RTOL iterations 17
          Linear BackwardEuler-Equation_mg_coarse_ solve converged due to CONVERGED_RTOL iterations 18
          Linear BackwardEuler-Equation_mg_coarse_ solve converged due to CONVERGED_RTOL iterations 18
          Linear BackwardEuler-Equation_mg_coarse_ solve converged due to CONVERGED_RTOL iterations 17
          Linear BackwardEuler-Equation_mg_coarse_ solve converged due to CONVERGED_RTOL iterations 18
          Linear BackwardEuler-Equation_mg_coarse_ solve converged due to CONVERGED_RTOL iterations 17
          Linear BackwardEuler-Equation_mg_coarse_ solve converged due to CONVERGED_RTOL iterations 18
          Linear BackwardEuler-Equation_mg_coarse_ solve converged due to CONVERGED_RTOL iterations 17
          Linear BackwardEuler-Equation_mg_coarse_ solve converged due to CONVERGED_RTOL iterations 17
          Linear BackwardEuler-Equation_mg_coarse_ solve converged due to CONVERGED_RTOL iterations 18
          Linear BackwardEuler-Equation_mg_coarse_ solve converged due to CONVERGED_RTOL iterations 17
          Linear BackwardEuler-Equation_mg_coarse_ solve converged due to CONVERGED_RTOL iterations 17
          Linear BackwardEuler-Equation_mg_coarse_ solve converged due to CONVERGED_RTOL iterations 17
          Linear BackwardEuler-Equation_mg_coarse_ solve converged due to CONVERGED_RTOL iterations 17
          Linear BackwardEuler-Equation_mg_coarse_ solve converged due to CONVERGED_RTOL iterations 17
          Linear BackwardEuler-Equation_mg_coarse_ solve converged due to CONVERGED_RTOL iterations 17
          Linear BackwardEuler-Equation_mg_coarse_ solve converged due to CONVERGED_RTOL iterations 17
          Linear BackwardEuler-Equation_mg_coarse_ solve converged due to CONVERGED_RTOL iterations 17
    Linear BackwardEuler-Equation_ solve converged due to CONVERGED_RTOL iterations 24
  Nonlinear BackwardEuler-Equation_ solve converged due to CONVERGED_SNORM_RELATIVE iterations 3
t = 29.37 d | step 73/100000 | dt = 43200.0 s | wall 35.87 s | NL 3 | L 52
          Linear BackwardEuler-Equation_mg_coarse_ solve converged due to CONVERGED_RTOL iterations 20
          Linear BackwardEuler-Equation_mg_coarse_ solve converged due to CONVERGED_RTOL iterations 20
          Linear BackwardEuler-Equation_mg_coarse_ solve converged due to CONVERGED_RTOL iterations 19
          Linear BackwardEuler-Equation_mg_coarse_ solve converged due to CONVERGED_RTOL iterations 19
          Linear BackwardEuler-Equation_mg_coarse_ solve converged due to CONVERGED_RTOL iterations 18
          Linear BackwardEuler-Equation_mg_coarse_ solve converged due to CONVERGED_RTOL iterations 16
          Linear BackwardEuler-Equation_mg_coarse_ solve converged due to CONVERGED_RTOL iterations 16
          Linear BackwardEuler-Equation_mg_coarse_ solve converged due to CONVERGED_RTOL iterations 17
          Linear BackwardEuler-Equation_mg_coarse_ solve converged due to CONVERGED_RTOL iterations 18
          Linear BackwardEuler-Equation_mg_coarse_ solve converged due to CONVERGED_RTOL iterations 17
    Linear BackwardEuler-Equation_ solve converged due to CONVERGED_RTOL iterations 10
          Linear BackwardEuler-Equation_mg_coarse_ solve converged due to CONVERGED_RTOL iterations 20
          Linear BackwardEuler-Equation_mg_coarse_ solve converged due to CONVERGED_RTOL iterations 19
          Linear BackwardEuler-Equation_mg_coarse_ solve converged due to CONVERGED_RTOL iterations 17
          Linear BackwardEuler-Equation_mg_coarse_ solve converged due to CONVERGED_RTOL iterations 16
          Linear BackwardEuler-Equation_mg_coarse_ solve converged due to CONVERGED_RTOL iterations 17
          Linear BackwardEuler-Equation_mg_coarse_ solve converged due to CONVERGED_RTOL iterations 17
          Linear BackwardEuler-Equation_mg_coarse_ solve converged due to CONVERGED_RTOL iterations 17
          Linear BackwardEuler-Equation_mg_coarse_ solve converged due to CONVERGED_RTOL iterations 17
          Linear BackwardEuler-Equation_mg_coarse_ solve converged due to CONVERGED_RTOL iterations 18
          Linear BackwardEuler-Equation_mg_coarse_ solve converged due to CONVERGED_RTOL iterations 17
          Linear BackwardEuler-Equation_mg_coarse_ solve converged due to CONVERGED_RTOL iterations 17
          Linear BackwardEuler-Equation_mg_coarse_ solve converged due to CONVERGED_RTOL iterations 17
          Linear BackwardEuler-Equation_mg_coarse_ solve converged due to CONVERGED_RTOL iterations 17
          Linear BackwardEuler-Equation_mg_coarse_ solve converged due to CONVERGED_RTOL iterations 17
          Linear BackwardEuler-Equation_mg_coarse_ solve converged due to CONVERGED_RTOL iterations 18
    Linear BackwardEuler-Equation_ solve converged due to CONVERGED_RTOL iterations 15
          Linear BackwardEuler-Equation_mg_coarse_ solve converged due to CONVERGED_RTOL iterations 19
          Linear BackwardEuler-Equation_mg_coarse_ solve converged due to CONVERGED_RTOL iterations 18
          Linear BackwardEuler-Equation_mg_coarse_ solve converged due to CONVERGED_RTOL iterations 16
          Linear BackwardEuler-Equation_mg_coarse_ solve converged due to CONVERGED_RTOL iterations 17
          Linear BackwardEuler-Equation_mg_coarse_ solve converged due to CONVERGED_RTOL iterations 18
          Linear BackwardEuler-Equation_mg_coarse_ solve converged due to CONVERGED_RTOL iterations 17
          Linear BackwardEuler-Equation_mg_coarse_ solve converged due to CONVERGED_RTOL iterations 17
          Linear BackwardEuler-Equation_mg_coarse_ solve converged due to CONVERGED_RTOL iterations 18
          Linear BackwardEuler-Equation_mg_coarse_ solve converged due to CONVERGED_RTOL iterations 18
          Linear BackwardEuler-Equation_mg_coarse_ solve converged due to CONVERGED_RTOL iterations 18
          Linear BackwardEuler-Equation_mg_coarse_ solve converged due to CONVERGED_RTOL iterations 17
          Linear BackwardEuler-Equation_mg_coarse_ solve converged due to CONVERGED_RTOL iterations 17
          Linear BackwardEuler-Equation_mg_coarse_ solve converged due to CONVERGED_RTOL iterations 18
          Linear BackwardEuler-Equation_mg_coarse_ solve converged due to CONVERGED_RTOL iterations 17
          Linear BackwardEuler-Equation_mg_coarse_ solve converged due to CONVERGED_RTOL iterations 17
          Linear BackwardEuler-Equation_mg_coarse_ solve converged due to CONVERGED_RTOL iterations 18
          Linear BackwardEuler-Equation_mg_coarse_ solve converged due to CONVERGED_RTOL iterations 17
          Linear BackwardEuler-Equation_mg_coarse_ solve converged due to CONVERGED_RTOL iterations 17
          Linear BackwardEuler-Equation_mg_coarse_ solve converged due to CONVERGED_RTOL iterations 17
          Linear BackwardEuler-Equation_mg_coarse_ solve converged due to CONVERGED_RTOL iterations 17
          Linear BackwardEuler-Equation_mg_coarse_ solve converged due to CONVERGED_RTOL iterations 17
          Linear BackwardEuler-Equation_mg_coarse_ solve converged due to CONVERGED_RTOL iterations 17
          Linear BackwardEuler-Equation_mg_coarse_ solve converged due to CONVERGED_RTOL iterations 17
          Linear BackwardEuler-Equation_mg_coarse_ solve converged due to CONVERGED_RTOL iterations 18
          Linear BackwardEuler-Equation_mg_coarse_ solve converged due to CONVERGED_RTOL iterations 17
          Linear BackwardEuler-Equation_mg_coarse_ solve converged due to CONVERGED_RTOL iterations 17
    Linear BackwardEuler-Equation_ solve converged due to CONVERGED_RTOL iterations 26
  Nonlinear BackwardEuler-Equation_ solve converged due to CONVERGED_SNORM_RELATIVE iterations 3
t = 29.87 d | step 74/100000 | dt = 43200.0 s | wall 35.31 s | NL 3 | L 51
          Linear BackwardEuler-Equation_mg_coarse_ solve converged due to CONVERGED_RTOL iterations 20
          Linear BackwardEuler-Equation_mg_coarse_ solve converged due to CONVERGED_RTOL iterations 20
          Linear BackwardEuler-Equation_mg_coarse_ solve converged due to CONVERGED_RTOL iterations 19
          Linear BackwardEuler-Equation_mg_coarse_ solve converged due to CONVERGED_RTOL iterations 19
          Linear BackwardEuler-Equation_mg_coarse_ solve converged due to CONVERGED_RTOL iterations 18
          Linear BackwardEuler-Equation_mg_coarse_ solve converged due to CONVERGED_RTOL iterations 16
          Linear BackwardEuler-Equation_mg_coarse_ solve converged due to CONVERGED_RTOL iterations 16
          Linear BackwardEuler-Equation_mg_coarse_ solve converged due to CONVERGED_RTOL iterations 17
          Linear BackwardEuler-Equation_mg_coarse_ solve converged due to CONVERGED_RTOL iterations 18
          Linear BackwardEuler-Equation_mg_coarse_ solve converged due to CONVERGED_RTOL iterations 17
    Linear BackwardEuler-Equation_ solve converged due to CONVERGED_RTOL iterations 10
          Linear BackwardEuler-Equation_mg_coarse_ solve converged due to CONVERGED_RTOL iterations 20
          Linear BackwardEuler-Equation_mg_coarse_ solve converged due to CONVERGED_RTOL iterations 19
          Linear BackwardEuler-Equation_mg_coarse_ solve converged due to CONVERGED_RTOL iterations 17
          Linear BackwardEuler-Equation_mg_coarse_ solve converged due to CONVERGED_RTOL iterations 16
          Linear BackwardEuler-Equation_mg_coarse_ solve converged due to CONVERGED_RTOL iterations 17
          Linear BackwardEuler-Equation_mg_coarse_ solve converged due to CONVERGED_RTOL iterations 17
          Linear BackwardEuler-Equation_mg_coarse_ solve converged due to CONVERGED_RTOL iterations 17
          Linear BackwardEuler-Equation_mg_coarse_ solve converged due to CONVERGED_RTOL iterations 17
          Linear BackwardEuler-Equation_mg_coarse_ solve converged due to CONVERGED_RTOL iterations 18
          Linear BackwardEuler-Equation_mg_coarse_ solve converged due to CONVERGED_RTOL iterations 17
          Linear BackwardEuler-Equation_mg_coarse_ solve converged due to CONVERGED_RTOL iterations 17
          Linear BackwardEuler-Equation_mg_coarse_ solve converged due to CONVERGED_RTOL iterations 17
          Linear BackwardEuler-Equation_mg_coarse_ solve converged due to CONVERGED_RTOL iterations 17
          Linear BackwardEuler-Equation_mg_coarse_ solve converged due to CONVERGED_RTOL iterations 17
          Linear BackwardEuler-Equation_mg_coarse_ solve converged due to CONVERGED_RTOL iterations 18
          Linear BackwardEuler-Equation_mg_coarse_ solve converged due to CONVERGED_RTOL iterations 17
          Linear BackwardEuler-Equation_mg_coarse_ solve converged due to CONVERGED_RTOL iterations 17
          Linear BackwardEuler-Equation_mg_coarse_ solve converged due to CONVERGED_RTOL iterations 17
          Linear BackwardEuler-Equation_mg_coarse_ solve converged due to CONVERGED_RTOL iterations 17
    Linear BackwardEuler-Equation_ solve converged due to CONVERGED_RTOL iterations 19
          Linear BackwardEuler-Equation_mg_coarse_ solve converged due to CONVERGED_RTOL iterations 20
          Linear BackwardEuler-Equation_mg_coarse_ solve converged due to CONVERGED_RTOL iterations 18
          Linear BackwardEuler-Equation_mg_coarse_ solve converged due to CONVERGED_RTOL iterations 17
          Linear BackwardEuler-Equation_mg_coarse_ solve converged due to CONVERGED_RTOL iterations 16
          Linear BackwardEuler-Equation_mg_coarse_ solve converged due to CONVERGED_RTOL iterations 17
          Linear BackwardEuler-Equation_mg_coarse_ solve converged due to CONVERGED_RTOL iterations 17
          Linear BackwardEuler-Equation_mg_coarse_ solve converged due to CONVERGED_RTOL iterations 17
          Linear BackwardEuler-Equation_mg_coarse_ solve converged due to CONVERGED_RTOL iterations 17
          Linear BackwardEuler-Equation_mg_coarse_ solve converged due to CONVERGED_RTOL iterations 17
          Linear BackwardEuler-Equation_mg_coarse_ solve converged due to CONVERGED_RTOL iterations 17
          Linear BackwardEuler-Equation_mg_coarse_ solve converged due to CONVERGED_RTOL iterations 17
          Linear BackwardEuler-Equation_mg_coarse_ solve converged due to CONVERGED_RTOL iterations 17
          Linear BackwardEuler-Equation_mg_coarse_ solve converged due to CONVERGED_RTOL iterations 17
          Linear BackwardEuler-Equation_mg_coarse_ solve converged due to CONVERGED_RTOL iterations 18
          Linear BackwardEuler-Equation_mg_coarse_ solve converged due to CONVERGED_RTOL iterations 17
          Linear BackwardEuler-Equation_mg_coarse_ solve converged due to CONVERGED_RTOL iterations 17
          Linear BackwardEuler-Equation_mg_coarse_ solve converged due to CONVERGED_RTOL iterations 17
          Linear BackwardEuler-Equation_mg_coarse_ solve converged due to CONVERGED_RTOL iterations 17
          Linear BackwardEuler-Equation_mg_coarse_ solve converged due to CONVERGED_RTOL iterations 17
          Linear BackwardEuler-Equation_mg_coarse_ solve converged due to CONVERGED_RTOL iterations 17
          Linear BackwardEuler-Equation_mg_coarse_ solve converged due to CONVERGED_RTOL iterations 17
          Linear BackwardEuler-Equation_mg_coarse_ solve converged due to CONVERGED_RTOL iterations 17
          Linear BackwardEuler-Equation_mg_coarse_ solve converged due to CONVERGED_RTOL iterations 17
          Linear BackwardEuler-Equation_mg_coarse_ solve converged due to CONVERGED_RTOL iterations 17
    Linear BackwardEuler-Equation_ solve converged due to CONVERGED_RTOL iterations 24
  Nonlinear BackwardEuler-Equation_ solve converged due to CONVERGED_SNORM_RELATIVE iterations 3
t = 30.37 d | step 75/100000 | dt = 43200.0 s | wall 36.46 s | NL 3 | L 53
Done | total NL 218 | total L 3658 | mean wall/step 34.55 s | peak RSS 1752 MB | steps 75 | failed 0 | sim_time 30.37 d
=== Job completed: Fri Aug 21 23:43:07 AEST 2026 ===

======================================================================================
                  Resource Usage on 2026-08-21 23:43:11:
   Job Id:             176973778.gadi-pbs
   Project:            xd2
   Exit Status:        0
   Service Units:      1266.03
   NCPUs Requested:    832                 CPU Time Used: 617:17:37       
   Memory Requested:   3.91TB                Memory Used: 1.15TB          
   Walltime Requested: 06:00:00            Walltime Used: 00:45:39        
   JobFS Requested:    400.0GB                JobFS Used: 103.1MB         
======================================================================================
