=== Job info ===
Case: murr_horiz
Solver: vlumping_linesmooth
Scale: h2
Degree: 1
Nodes: 2
CPUs: 208
Date: Sat Aug 29 13:21:32 AEST 2026
G-ADOPT commit: 3ab20fabc820d68b6d1f820b80149bc8e452a7f4
Morrow commit: b153bd39bb0aa4da6fa4255ec076a2a14fc030fc
Driver SHA256: 5eac1ee7b7b83c2ce8d009828798f35076df53253a79ef3bdfb1a068f2ece061
Solver SHA256: 13cc246529a58e045a1afff50cbdcfd266dc7c35e25fc84fc537dbaca3e67878
Firedrake module: singularity:intel-compiler-llvm/2024.2.1:petsc/main-20260815:firedrake/main-20260806
PETSC_OPTIONS: -log_view :/scratch/xd2/sg8812/morrow2026/parallel_scaling/results/murr_horiz/vlumping_linesmooth/h2.profile -BackwardEuler-Equation_lumped_pc_mg_log
================
Could not save font_manager cache Lock error: Matplotlib failed to acquire the following lock file:
    /jobfs/177736784.gadi-pbs/matplotlib/fontlist-v3.11.0.json.matplotlib-lock
This maybe due to another process holding this lock file.  If you are sure no
other Matplotlib process is running, remove this file and try again.
Could not save font_manager cache Lock error: Matplotlib failed to acquire the following lock file:
    /jobfs/177736784.gadi-pbs/matplotlib/fontlist-v3.11.0.json.matplotlib-lock
This maybe due to another process holding this lock file.  If you are sure no
other Matplotlib process is running, remove this file and try again.
Could not save font_manager cache Lock error: Matplotlib failed to acquire the following lock file:
    /jobfs/177736784.gadi-pbs/matplotlib/fontlist-v3.11.0.json.matplotlib-lock
This maybe due to another process holding this lock file.  If you are sure no
other Matplotlib process is running, remove this file and try again.
Could not save font_manager cache Lock error: Matplotlib failed to acquire the following lock file:
    /jobfs/177736784.gadi-pbs/matplotlib/fontlist-v3.11.0.json.matplotlib-lock
This maybe due to another process holding this lock file.  If you are sure no
other Matplotlib process is running, remove this file and try again.
Could not save font_manager cache Lock error: Matplotlib failed to acquire the following lock file:
    /jobfs/177736784.gadi-pbs/matplotlib/fontlist-v3.11.0.json.matplotlib-lock
This maybe due to another process holding this lock file.  If you are sure no
other Matplotlib process is running, remove this file and try again.
Could not save font_manager cache Lock error: Matplotlib failed to acquire the following lock file:
    /jobfs/177736784.gadi-pbs/matplotlib/fontlist-v3.11.0.json.matplotlib-lock
This maybe due to another process holding this lock file.  If you are sure no
other Matplotlib process is running, remove this file and try again.
Could not save font_manager cache Lock error: Matplotlib failed to acquire the following lock file:
    /jobfs/177736784.gadi-pbs/matplotlib/fontlist-v3.11.0.json.matplotlib-lock
This maybe due to another process holding this lock file.  If you are sure no
other Matplotlib process is running, remove this file and try again.
Could not save font_manager cache Lock error: Matplotlib failed to acquire the following lock file:
    /jobfs/177736784.gadi-pbs/matplotlib/fontlist-v3.11.0.json.matplotlib-lock
This maybe due to another process holding this lock file.  If you are sure no
other Matplotlib process is running, remove this file and try again.
Could not save font_manager cache Lock error: Matplotlib failed to acquire the following lock file:
    /jobfs/177736784.gadi-pbs/matplotlib/fontlist-v3.11.0.json.matplotlib-lock
This maybe due to another process holding this lock file.  If you are sure no
other Matplotlib process is running, remove this file and try again.
Could not save font_manager cache Lock error: Matplotlib failed to acquire the following lock file:
    /jobfs/177736784.gadi-pbs/matplotlib/fontlist-v3.11.0.json.matplotlib-lock
This maybe due to another process holding this lock file.  If you are sure no
other Matplotlib process is running, remove this file and try again.
Could not save font_manager cache Lock error: Matplotlib failed to acquire the following lock file:
    /jobfs/177736784.gadi-pbs/matplotlib/fontlist-v3.11.0.json.matplotlib-lock
This maybe due to another process holding this lock file.  If you are sure no
other Matplotlib process is running, remove this file and try again.
Could not save font_manager cache Lock error: Matplotlib failed to acquire the following lock file:
    /jobfs/177736784.gadi-pbs/matplotlib/fontlist-v3.11.0.json.matplotlib-lock
This maybe due to another process holding this lock file.  If you are sure no
other Matplotlib process is running, remove this file and try again.
Could not save font_manager cache Lock error: Matplotlib failed to acquire the following lock file:
    /jobfs/177736784.gadi-pbs/matplotlib/fontlist-v3.11.0.json.matplotlib-lock
This maybe due to another process holding this lock file.  If you are sure no
other Matplotlib process is running, remove this file and try again.
Could not save font_manager cache Lock error: Matplotlib failed to acquire the following lock file:
    /jobfs/177736784.gadi-pbs/matplotlib/fontlist-v3.11.0.json.matplotlib-lock
This maybe due to another process holding this lock file.  If you are sure no
other Matplotlib process is running, remove this file and try again.
Could not save font_manager cache Lock error: Matplotlib failed to acquire the following lock file:
    /jobfs/177736784.gadi-pbs/matplotlib/fontlist-v3.11.0.json.matplotlib-lock
This maybe due to another process holding this lock file.  If you are sure no
other Matplotlib process is running, remove this file and try again.
Could not save font_manager cache Lock error: Matplotlib failed to acquire the following lock file:
    /jobfs/177736784.gadi-pbs/matplotlib/fontlist-v3.11.0.json.matplotlib-lock
This maybe due to another process holding this lock file.  If you are sure no
other Matplotlib process is running, remove this file and try again.
Could not save font_manager cache Lock error: Matplotlib failed to acquire the following lock file:
    /jobfs/177736784.gadi-pbs/matplotlib/fontlist-v3.11.0.json.matplotlib-lock
This maybe due to another process holding this lock file.  If you are sure no
other Matplotlib process is running, remove this file and try again.
Could not save font_manager cache Lock error: Matplotlib failed to acquire the following lock file:
    /jobfs/177736784.gadi-pbs/matplotlib/fontlist-v3.11.0.json.matplotlib-lock
This maybe due to another process holding this lock file.  If you are sure no
other Matplotlib process is running, remove this file and try again.
Could not save font_manager cache Lock error: Matplotlib failed to acquire the following lock file:
    /jobfs/177736784.gadi-pbs/matplotlib/fontlist-v3.11.0.json.matplotlib-lock
This maybe due to another process holding this lock file.  If you are sure no
other Matplotlib process is running, remove this file and try again.
Could not save font_manager cache Lock error: Matplotlib failed to acquire the following lock file:
    /jobfs/177736784.gadi-pbs/matplotlib/fontlist-v3.11.0.json.matplotlib-lock
This maybe due to another process holding this lock file.  If you are sure no
other Matplotlib process is running, remove this file and try again.
Could not save font_manager cache Lock error: Matplotlib failed to acquire the following lock file:
    /jobfs/177736784.gadi-pbs/matplotlib/fontlist-v3.11.0.json.matplotlib-lock
This maybe due to another process holding this lock file.  If you are sure no
other Matplotlib process is running, remove this file and try again.
Could not save font_manager cache Lock error: Matplotlib failed to acquire the following lock file:
    /jobfs/177736784.gadi-pbs/matplotlib/fontlist-v3.11.0.json.matplotlib-lock
This maybe due to another process holding this lock file.  If you are sure no
other Matplotlib process is running, remove this file and try again.
Could not save font_manager cache Lock error: Matplotlib failed to acquire the following lock file:
    /jobfs/177736784.gadi-pbs/matplotlib/fontlist-v3.11.0.json.matplotlib-lock
This maybe due to another process holding this lock file.  If you are sure no
other Matplotlib process is running, remove this file and try again.
Could not save font_manager cache Lock error: Matplotlib failed to acquire the following lock file:
    /jobfs/177736784.gadi-pbs/matplotlib/fontlist-v3.11.0.json.matplotlib-lock
This maybe due to another process holding this lock file.  If you are sure no
other Matplotlib process is running, remove this file and try again.
Could not save font_manager cache Lock error: Matplotlib failed to acquire the following lock file:
    /jobfs/177736784.gadi-pbs/matplotlib/fontlist-v3.11.0.json.matplotlib-lock
This maybe due to another process holding this lock file.  If you are sure no
other Matplotlib process is running, remove this file and try again.
Could not save font_manager cache Lock error: Matplotlib failed to acquire the following lock file:
    /jobfs/177736784.gadi-pbs/matplotlib/fontlist-v3.11.0.json.matplotlib-lock
This maybe due to another process holding this lock file.  If you are sure no
other Matplotlib process is running, remove this file and try again.
Could not save font_manager cache Lock error: Matplotlib failed to acquire the following lock file:
    /jobfs/177736784.gadi-pbs/matplotlib/fontlist-v3.11.0.json.matplotlib-lock
This maybe due to another process holding this lock file.  If you are sure no
other Matplotlib process is running, remove this file and try again.
Could not save font_manager cache Lock error: Matplotlib failed to acquire the following lock file:
    /jobfs/177736784.gadi-pbs/matplotlib/fontlist-v3.11.0.json.matplotlib-lock
This maybe due to another process holding this lock file.  If you are sure no
other Matplotlib process is running, remove this file and try again.
Could not save font_manager cache Lock error: Matplotlib failed to acquire the following lock file:
    /jobfs/177736784.gadi-pbs/matplotlib/fontlist-v3.11.0.json.matplotlib-lock
This maybe due to another process holding this lock file.  If you are sure no
other Matplotlib process is running, remove this file and try again.
Could not save font_manager cache Lock error: Matplotlib failed to acquire the following lock file:
    /jobfs/177736784.gadi-pbs/matplotlib/fontlist-v3.11.0.json.matplotlib-lock
This maybe due to another process holding this lock file.  If you are sure no
other Matplotlib process is running, remove this file and try again.
Could not save font_manager cache Lock error: Matplotlib failed to acquire the following lock file:
    /jobfs/177736784.gadi-pbs/matplotlib/fontlist-v3.11.0.json.matplotlib-lock
This maybe due to another process holding this lock file.  If you are sure no
other Matplotlib process is running, remove this file and try again.
Could not save font_manager cache Lock error: Matplotlib failed to acquire the following lock file:
    /jobfs/177736784.gadi-pbs/matplotlib/fontlist-v3.11.0.json.matplotlib-lock
This maybe due to another process holding this lock file.  If you are sure no
other Matplotlib process is running, remove this file and try again.
Could not save font_manager cache Lock error: Matplotlib failed to acquire the following lock file:
    /jobfs/177736784.gadi-pbs/matplotlib/fontlist-v3.11.0.json.matplotlib-lock
This maybe due to another process holding this lock file.  If you are sure no
other Matplotlib process is running, remove this file and try again.
Could not save font_manager cache Lock error: Matplotlib failed to acquire the following lock file:
    /jobfs/177736784.gadi-pbs/matplotlib/fontlist-v3.11.0.json.matplotlib-lock
This maybe due to another process holding this lock file.  If you are sure no
other Matplotlib process is running, remove this file and try again.
Could not save font_manager cache Lock error: Matplotlib failed to acquire the following lock file:
    /jobfs/177736784.gadi-pbs/matplotlib/fontlist-v3.11.0.json.matplotlib-lock
This maybe due to another process holding this lock file.  If you are sure no
other Matplotlib process is running, remove this file and try again.
Could not save font_manager cache Lock error: Matplotlib failed to acquire the following lock file:
    /jobfs/177736784.gadi-pbs/matplotlib/fontlist-v3.11.0.json.matplotlib-lock
This maybe due to another process holding this lock file.  If you are sure no
other Matplotlib process is running, remove this file and try again.
Could not save font_manager cache Lock error: Matplotlib failed to acquire the following lock file:
    /jobfs/177736784.gadi-pbs/matplotlib/fontlist-v3.11.0.json.matplotlib-lock
This maybe due to another process holding this lock file.  If you are sure no
other Matplotlib process is running, remove this file and try again.
Could not save font_manager cache Lock error: Matplotlib failed to acquire the following lock file:
    /jobfs/177736784.gadi-pbs/matplotlib/fontlist-v3.11.0.json.matplotlib-lock
This maybe due to another process holding this lock file.  If you are sure no
other Matplotlib process is running, remove this file and try again.
Could not save font_manager cache Lock error: Matplotlib failed to acquire the following lock file:
    /jobfs/177736784.gadi-pbs/matplotlib/fontlist-v3.11.0.json.matplotlib-lock
This maybe due to another process holding this lock file.  If you are sure no
other Matplotlib process is running, remove this file and try again.
Could not save font_manager cache Lock error: Matplotlib failed to acquire the following lock file:
    /jobfs/177736784.gadi-pbs/matplotlib/fontlist-v3.11.0.json.matplotlib-lock
This maybe due to another process holding this lock file.  If you are sure no
other Matplotlib process is running, remove this file and try again.
Could not save font_manager cache Lock error: Matplotlib failed to acquire the following lock file:
    /jobfs/177736784.gadi-pbs/matplotlib/fontlist-v3.11.0.json.matplotlib-lock
This maybe due to another process holding this lock file.  If you are sure no
other Matplotlib process is running, remove this file and try again.
Could not save font_manager cache Lock error: Matplotlib failed to acquire the following lock file:
    /jobfs/177736784.gadi-pbs/matplotlib/fontlist-v3.11.0.json.matplotlib-lock
This maybe due to another process holding this lock file.  If you are sure no
other Matplotlib process is running, remove this file and try again.
Could not save font_manager cache Lock error: Matplotlib failed to acquire the following lock file:
    /jobfs/177736784.gadi-pbs/matplotlib/fontlist-v3.11.0.json.matplotlib-lock
This maybe due to another process holding this lock file.  If you are sure no
other Matplotlib process is running, remove this file and try again.
Could not save font_manager cache Lock error: Matplotlib failed to acquire the following lock file:
    /jobfs/177736784.gadi-pbs/matplotlib/fontlist-v3.11.0.json.matplotlib-lock
This maybe due to another process holding this lock file.  If you are sure no
other Matplotlib process is running, remove this file and try again.
Could not save font_manager cache Lock error: Matplotlib failed to acquire the following lock file:
    /jobfs/177736784.gadi-pbs/matplotlib/fontlist-v3.11.0.json.matplotlib-lock
This maybe due to another process holding this lock file.  If you are sure no
other Matplotlib process is running, remove this file and try again.
Could not save font_manager cache Lock error: Matplotlib failed to acquire the following lock file:
    /jobfs/177736784.gadi-pbs/matplotlib/fontlist-v3.11.0.json.matplotlib-lock
This maybe due to another process holding this lock file.  If you are sure no
other Matplotlib process is running, remove this file and try again.
Could not save font_manager cache Lock error: Matplotlib failed to acquire the following lock file:
    /jobfs/177736784.gadi-pbs/matplotlib/fontlist-v3.11.0.json.matplotlib-lock
This maybe due to another process holding this lock file.  If you are sure no
other Matplotlib process is running, remove this file and try again.
Could not save font_manager cache Lock error: Matplotlib failed to acquire the following lock file:
    /jobfs/177736784.gadi-pbs/matplotlib/fontlist-v3.11.0.json.matplotlib-lock
This maybe due to another process holding this lock file.  If you are sure no
other Matplotlib process is running, remove this file and try again.
Could not save font_manager cache Lock error: Matplotlib failed to acquire the following lock file:
    /jobfs/177736784.gadi-pbs/matplotlib/fontlist-v3.11.0.json.matplotlib-lock
This maybe due to another process holding this lock file.  If you are sure no
other Matplotlib process is running, remove this file and try again.
Could not save font_manager cache Lock error: Matplotlib failed to acquire the following lock file:
    /jobfs/177736784.gadi-pbs/matplotlib/fontlist-v3.11.0.json.matplotlib-lock
This maybe due to another process holding this lock file.  If you are sure no
other Matplotlib process is running, remove this file and try again.
Could not save font_manager cache Lock error: Matplotlib failed to acquire the following lock file:
    /jobfs/177736784.gadi-pbs/matplotlib/fontlist-v3.11.0.json.matplotlib-lock
This maybe due to another process holding this lock file.  If you are sure no
other Matplotlib process is running, remove this file and try again.
Could not save font_manager cache Lock error: Matplotlib failed to acquire the following lock file:
    /jobfs/177736784.gadi-pbs/matplotlib/fontlist-v3.11.0.json.matplotlib-lock
This maybe due to another process holding this lock file.  If you are sure no
other Matplotlib process is running, remove this file and try again.
Could not save font_manager cache Lock error: Matplotlib failed to acquire the following lock file:
    /jobfs/177736784.gadi-pbs/matplotlib/fontlist-v3.11.0.json.matplotlib-lock
This maybe due to another process holding this lock file.  If you are sure no
other Matplotlib process is running, remove this file and try again.
Could not save font_manager cache Lock error: Matplotlib failed to acquire the following lock file:
    /jobfs/177736784.gadi-pbs/matplotlib/fontlist-v3.11.0.json.matplotlib-lock
This maybe due to another process holding this lock file.  If you are sure no
other Matplotlib process is running, remove this file and try again.
Number of degrees of freedom: 81964800
Horizontal resolution: 1250.0 m, Layers: 300, DG1
Time stepper: BackwardEuler, dt_init = 60.0 s, dt_max = 43200.0 s, growth = 1.5
Stopping criterion: t_final = 2592000.0 s (30.00 d)
Soil regime: watertable_offset = 0.0 m, retention_flatten = 1.0, Ss = 0.0 /m
Solver: vlumping_linesmooth
Solver parameters: {'mat_type': 'aij', 'ksp_type': 'fgmres', 'snes_linesearch_type': 'bt', 'ksp_rtol': 0.0001, 'ksp_max_it': 200, 'ksp_gmres_restart': 30, 'pc_type': 'python', 'pc_python_type': 'gadopt.VerticallyLumpedPC', 'lumped_mg_levels_ksp_type': 'chebyshev', 'lumped_mg_levels_ksp_max_it': 1, 'lumped_mg_levels_ksp_convergence_test': 'skip', 'lumped_mg_levels_pc_type': 'python', 'lumped_mg_coarse_ksp_type': 'preonly', 'lumped_mg_coarse_pc_type': 'lu', 'lumped_mg_coarse_pc_factor_mat_solver_type': 'mumps', 'snes_type': 'newtonls', 'snes_rtol': 1e-08, 'snes_atol': 1e-12, 'snes_stol': 1e-08, 'snes_max_it': 50, 'vlumping_omega_auto': True, 'lumped_mg_levels_pc_python_type': 'firedrake.ASMLinesmoothPC', 'lumped_mg_levels_pc_linesmooth_codims': '0', 'lumped_mg_levels_pc_linesmooth_sub_sub_pc_type': 'lu', 'lumped_mg_levels_pc_linesmooth_sub_sub_pc_factor_mat_ordering_type': 'natural'}
VLumping omega: measurement 1 (startup), spectrum = [0.0548, 1.9408], omega = 0.9274 (stability bound), diagonal = 5.093008e+08
          Linear BackwardEuler-Equation_lumped_mg_coarse_ solve converged due to CONVERGED_ITS iterations 1
          Linear BackwardEuler-Equation_lumped_mg_coarse_ solve converged due to CONVERGED_ITS iterations 1
          Linear BackwardEuler-Equation_lumped_mg_coarse_ solve converged due to CONVERGED_ITS iterations 1
    Linear BackwardEuler-Equation_ solve converged due to CONVERGED_RTOL iterations 3
          Linear BackwardEuler-Equation_lumped_mg_coarse_ solve converged due to CONVERGED_ITS iterations 1
          Linear BackwardEuler-Equation_lumped_mg_coarse_ solve converged due to CONVERGED_ITS iterations 1
          Linear BackwardEuler-Equation_lumped_mg_coarse_ solve converged due to CONVERGED_ITS iterations 1
          Linear BackwardEuler-Equation_lumped_mg_coarse_ solve converged due to CONVERGED_ITS iterations 1
          Linear BackwardEuler-Equation_lumped_mg_coarse_ solve converged due to CONVERGED_ITS iterations 1
          Linear BackwardEuler-Equation_lumped_mg_coarse_ solve converged due to CONVERGED_ITS iterations 1
          Linear BackwardEuler-Equation_lumped_mg_coarse_ solve converged due to CONVERGED_ITS iterations 1
          Linear BackwardEuler-Equation_lumped_mg_coarse_ solve converged due to CONVERGED_ITS iterations 1
          Linear BackwardEuler-Equation_lumped_mg_coarse_ solve converged due to CONVERGED_ITS iterations 1
          Linear BackwardEuler-Equation_lumped_mg_coarse_ solve converged due to CONVERGED_ITS iterations 1
          Linear BackwardEuler-Equation_lumped_mg_coarse_ solve converged due to CONVERGED_ITS iterations 1
          Linear BackwardEuler-Equation_lumped_mg_coarse_ solve converged due to CONVERGED_ITS iterations 1
          Linear BackwardEuler-Equation_lumped_mg_coarse_ solve converged due to CONVERGED_ITS iterations 1
          Linear BackwardEuler-Equation_lumped_mg_coarse_ solve converged due to CONVERGED_ITS iterations 1
    Linear BackwardEuler-Equation_ solve converged due to CONVERGED_RTOL iterations 14
          Linear BackwardEuler-Equation_lumped_mg_coarse_ solve converged due to CONVERGED_ITS iterations 1
          Linear BackwardEuler-Equation_lumped_mg_coarse_ solve converged due to CONVERGED_ITS iterations 1
          Linear BackwardEuler-Equation_lumped_mg_coarse_ solve converged due to CONVERGED_ITS iterations 1
          Linear BackwardEuler-Equation_lumped_mg_coarse_ solve converged due to CONVERGED_ITS iterations 1
    Linear BackwardEuler-Equation_ solve converged due to CONVERGED_RTOL iterations 4
  Nonlinear BackwardEuler-Equation_ solve converged due to CONVERGED_SNORM_RELATIVE iterations 3
t = 0.00 d | step 1/100000 | dt = 60.0 s | wall 33.81 s | NL 3 | L 21
          Linear BackwardEuler-Equation_lumped_mg_coarse_ solve converged due to CONVERGED_ITS iterations 1
          Linear BackwardEuler-Equation_lumped_mg_coarse_ solve converged due to CONVERGED_ITS iterations 1
    Linear BackwardEuler-Equation_ solve converged due to CONVERGED_RTOL iterations 2
          Linear BackwardEuler-Equation_lumped_mg_coarse_ solve converged due to CONVERGED_ITS iterations 1
          Linear BackwardEuler-Equation_lumped_mg_coarse_ solve converged due to CONVERGED_ITS iterations 1
          Linear BackwardEuler-Equation_lumped_mg_coarse_ solve converged due to CONVERGED_ITS iterations 1
          Linear BackwardEuler-Equation_lumped_mg_coarse_ solve converged due to CONVERGED_ITS iterations 1
          Linear BackwardEuler-Equation_lumped_mg_coarse_ solve converged due to CONVERGED_ITS iterations 1
          Linear BackwardEuler-Equation_lumped_mg_coarse_ solve converged due to CONVERGED_ITS iterations 1
          Linear BackwardEuler-Equation_lumped_mg_coarse_ solve converged due to CONVERGED_ITS iterations 1
          Linear BackwardEuler-Equation_lumped_mg_coarse_ solve converged due to CONVERGED_ITS iterations 1
          Linear BackwardEuler-Equation_lumped_mg_coarse_ solve converged due to CONVERGED_ITS iterations 1
          Linear BackwardEuler-Equation_lumped_mg_coarse_ solve converged due to CONVERGED_ITS iterations 1
          Linear BackwardEuler-Equation_lumped_mg_coarse_ solve converged due to CONVERGED_ITS iterations 1
    Linear BackwardEuler-Equation_ solve converged due to CONVERGED_RTOL iterations 11
VLumping omega: measurement 2 (linear iterations rose from a reference of 4 to 11), spectrum = [0.0548, 1.9408], omega = 0.9274 (stability bound), diagonal = 7.637598e+08
          Linear BackwardEuler-Equation_lumped_mg_coarse_ solve converged due to CONVERGED_ITS iterations 1
          Linear BackwardEuler-Equation_lumped_mg_coarse_ solve converged due to CONVERGED_ITS iterations 1
          Linear BackwardEuler-Equation_lumped_mg_coarse_ solve converged due to CONVERGED_ITS iterations 1
          Linear BackwardEuler-Equation_lumped_mg_coarse_ solve converged due to CONVERGED_ITS iterations 1
          Linear BackwardEuler-Equation_lumped_mg_coarse_ solve converged due to CONVERGED_ITS iterations 1
          Linear BackwardEuler-Equation_lumped_mg_coarse_ solve converged due to CONVERGED_ITS iterations 1
          Linear BackwardEuler-Equation_lumped_mg_coarse_ solve converged due to CONVERGED_ITS iterations 1
          Linear BackwardEuler-Equation_lumped_mg_coarse_ solve converged due to CONVERGED_ITS iterations 1
          Linear BackwardEuler-Equation_lumped_mg_coarse_ solve converged due to CONVERGED_ITS iterations 1
          Linear BackwardEuler-Equation_lumped_mg_coarse_ solve converged due to CONVERGED_ITS iterations 1
    Linear BackwardEuler-Equation_ solve converged due to CONVERGED_RTOL iterations 10
  Nonlinear BackwardEuler-Equation_ solve converged due to CONVERGED_SNORM_RELATIVE iterations 3
t = 0.00 d | step 2/100000 | dt = 90.0 s | wall 11.50 s | NL 3 | L 23
          Linear BackwardEuler-Equation_lumped_mg_coarse_ solve converged due to CONVERGED_ITS iterations 1
          Linear BackwardEuler-Equation_lumped_mg_coarse_ solve converged due to CONVERGED_ITS iterations 1
    Linear BackwardEuler-Equation_ solve converged due to CONVERGED_RTOL iterations 2
          Linear BackwardEuler-Equation_lumped_mg_coarse_ solve converged due to CONVERGED_ITS iterations 1
          Linear BackwardEuler-Equation_lumped_mg_coarse_ solve converged due to CONVERGED_ITS iterations 1
          Linear BackwardEuler-Equation_lumped_mg_coarse_ solve converged due to CONVERGED_ITS iterations 1
          Linear BackwardEuler-Equation_lumped_mg_coarse_ solve converged due to CONVERGED_ITS iterations 1
          Linear BackwardEuler-Equation_lumped_mg_coarse_ solve converged due to CONVERGED_ITS iterations 1
          Linear BackwardEuler-Equation_lumped_mg_coarse_ solve converged due to CONVERGED_ITS iterations 1
          Linear BackwardEuler-Equation_lumped_mg_coarse_ solve converged due to CONVERGED_ITS iterations 1
          Linear BackwardEuler-Equation_lumped_mg_coarse_ solve converged due to CONVERGED_ITS iterations 1
          Linear BackwardEuler-Equation_lumped_mg_coarse_ solve converged due to CONVERGED_ITS iterations 1
          Linear BackwardEuler-Equation_lumped_mg_coarse_ solve converged due to CONVERGED_ITS iterations 1
          Linear BackwardEuler-Equation_lumped_mg_coarse_ solve converged due to CONVERGED_ITS iterations 1
    Linear BackwardEuler-Equation_ solve converged due to CONVERGED_RTOL iterations 11
          Linear BackwardEuler-Equation_lumped_mg_coarse_ solve converged due to CONVERGED_ITS iterations 1
          Linear BackwardEuler-Equation_lumped_mg_coarse_ solve converged due to CONVERGED_ITS iterations 1
          Linear BackwardEuler-Equation_lumped_mg_coarse_ solve converged due to CONVERGED_ITS iterations 1
          Linear BackwardEuler-Equation_lumped_mg_coarse_ solve converged due to CONVERGED_ITS iterations 1
          Linear BackwardEuler-Equation_lumped_mg_coarse_ solve converged due to CONVERGED_ITS iterations 1
          Linear BackwardEuler-Equation_lumped_mg_coarse_ solve converged due to CONVERGED_ITS iterations 1
          Linear BackwardEuler-Equation_lumped_mg_coarse_ solve converged due to CONVERGED_ITS iterations 1
          Linear BackwardEuler-Equation_lumped_mg_coarse_ solve converged due to CONVERGED_ITS iterations 1
    Linear BackwardEuler-Equation_ solve converged due to CONVERGED_RTOL iterations 8
  Nonlinear BackwardEuler-Equation_ solve converged due to CONVERGED_SNORM_RELATIVE iterations 3
t = 0.00 d | step 3/100000 | dt = 135.0 s | wall 9.05 s | NL 3 | L 21
VLumping omega: measurement 3 (the diagonal moved by 2.25), spectrum = [0.0547, 1.9408], omega = 0.9274 (stability bound), diagonal = 1.718154e+09
          Linear BackwardEuler-Equation_lumped_mg_coarse_ solve converged due to CONVERGED_ITS iterations 1
          Linear BackwardEuler-Equation_lumped_mg_coarse_ solve converged due to CONVERGED_ITS iterations 1
    Linear BackwardEuler-Equation_ solve converged due to CONVERGED_RTOL iterations 2
          Linear BackwardEuler-Equation_lumped_mg_coarse_ solve converged due to CONVERGED_ITS iterations 1
          Linear BackwardEuler-Equation_lumped_mg_coarse_ solve converged due to CONVERGED_ITS iterations 1
          Linear BackwardEuler-Equation_lumped_mg_coarse_ solve converged due to CONVERGED_ITS iterations 1
          Linear BackwardEuler-Equation_lumped_mg_coarse_ solve converged due to CONVERGED_ITS iterations 1
          Linear BackwardEuler-Equation_lumped_mg_coarse_ solve converged due to CONVERGED_ITS iterations 1
          Linear BackwardEuler-Equation_lumped_mg_coarse_ solve converged due to CONVERGED_ITS iterations 1
          Linear BackwardEuler-Equation_lumped_mg_coarse_ solve converged due to CONVERGED_ITS iterations 1
          Linear BackwardEuler-Equation_lumped_mg_coarse_ solve converged due to CONVERGED_ITS iterations 1
          Linear BackwardEuler-Equation_lumped_mg_coarse_ solve converged due to CONVERGED_ITS iterations 1
          Linear BackwardEuler-Equation_lumped_mg_coarse_ solve converged due to CONVERGED_ITS iterations 1
          Linear BackwardEuler-Equation_lumped_mg_coarse_ solve converged due to CONVERGED_ITS iterations 1
    Linear BackwardEuler-Equation_ solve converged due to CONVERGED_RTOL iterations 11
          Linear BackwardEuler-Equation_lumped_mg_coarse_ solve converged due to CONVERGED_ITS iterations 1
          Linear BackwardEuler-Equation_lumped_mg_coarse_ solve converged due to CONVERGED_ITS iterations 1
          Linear BackwardEuler-Equation_lumped_mg_coarse_ solve converged due to CONVERGED_ITS iterations 1
          Linear BackwardEuler-Equation_lumped_mg_coarse_ solve converged due to CONVERGED_ITS iterations 1
          Linear BackwardEuler-Equation_lumped_mg_coarse_ solve converged due to CONVERGED_ITS iterations 1
          Linear BackwardEuler-Equation_lumped_mg_coarse_ solve converged due to CONVERGED_ITS iterations 1
          Linear BackwardEuler-Equation_lumped_mg_coarse_ solve converged due to CONVERGED_ITS iterations 1
          Linear BackwardEuler-Equation_lumped_mg_coarse_ solve converged due to CONVERGED_ITS iterations 1
          Linear BackwardEuler-Equation_lumped_mg_coarse_ solve converged due to CONVERGED_ITS iterations 1
          Linear BackwardEuler-Equation_lumped_mg_coarse_ solve converged due to CONVERGED_ITS iterations 1
          Linear BackwardEuler-Equation_lumped_mg_coarse_ solve converged due to CONVERGED_ITS iterations 1
          Linear BackwardEuler-Equation_lumped_mg_coarse_ solve converged due to CONVERGED_ITS iterations 1
    Linear BackwardEuler-Equation_ solve converged due to CONVERGED_RTOL iterations 12
  Nonlinear BackwardEuler-Equation_ solve converged due to CONVERGED_SNORM_RELATIVE iterations 3
t = 0.01 d | step 4/100000 | dt = 202.5 s | wall 12.04 s | NL 3 | L 25
          Linear BackwardEuler-Equation_lumped_mg_coarse_ solve converged due to CONVERGED_ITS iterations 1
          Linear BackwardEuler-Equation_lumped_mg_coarse_ solve converged due to CONVERGED_ITS iterations 1
    Linear BackwardEuler-Equation_ solve converged due to CONVERGED_RTOL iterations 2
          Linear BackwardEuler-Equation_lumped_mg_coarse_ solve converged due to CONVERGED_ITS iterations 1
          Linear BackwardEuler-Equation_lumped_mg_coarse_ solve converged due to CONVERGED_ITS iterations 1
          Linear BackwardEuler-Equation_lumped_mg_coarse_ solve converged due to CONVERGED_ITS iterations 1
          Linear BackwardEuler-Equation_lumped_mg_coarse_ solve converged due to CONVERGED_ITS iterations 1
          Linear BackwardEuler-Equation_lumped_mg_coarse_ solve converged due to CONVERGED_ITS iterations 1
          Linear BackwardEuler-Equation_lumped_mg_coarse_ solve converged due to CONVERGED_ITS iterations 1
          Linear BackwardEuler-Equation_lumped_mg_coarse_ solve converged due to CONVERGED_ITS iterations 1
          Linear BackwardEuler-Equation_lumped_mg_coarse_ solve converged due to CONVERGED_ITS iterations 1
          Linear BackwardEuler-Equation_lumped_mg_coarse_ solve converged due to CONVERGED_ITS iterations 1
          Linear BackwardEuler-Equation_lumped_mg_coarse_ solve converged due to CONVERGED_ITS iterations 1
          Linear BackwardEuler-Equation_lumped_mg_coarse_ solve converged due to CONVERGED_ITS iterations 1
    Linear BackwardEuler-Equation_ solve converged due to CONVERGED_RTOL iterations 11
          Linear BackwardEuler-Equation_lumped_mg_coarse_ solve converged due to CONVERGED_ITS iterations 1
          Linear BackwardEuler-Equation_lumped_mg_coarse_ solve converged due to CONVERGED_ITS iterations 1
          Linear BackwardEuler-Equation_lumped_mg_coarse_ solve converged due to CONVERGED_ITS iterations 1
          Linear BackwardEuler-Equation_lumped_mg_coarse_ solve converged due to CONVERGED_ITS iterations 1
          Linear BackwardEuler-Equation_lumped_mg_coarse_ solve converged due to CONVERGED_ITS iterations 1
          Linear BackwardEuler-Equation_lumped_mg_coarse_ solve converged due to CONVERGED_ITS iterations 1
          Linear BackwardEuler-Equation_lumped_mg_coarse_ solve converged due to CONVERGED_ITS iterations 1
          Linear BackwardEuler-Equation_lumped_mg_coarse_ solve converged due to CONVERGED_ITS iterations 1
          Linear BackwardEuler-Equation_lumped_mg_coarse_ solve converged due to CONVERGED_ITS iterations 1
          Linear BackwardEuler-Equation_lumped_mg_coarse_ solve converged due to CONVERGED_ITS iterations 1
          Linear BackwardEuler-Equation_lumped_mg_coarse_ solve converged due to CONVERGED_ITS iterations 1
          Linear BackwardEuler-Equation_lumped_mg_coarse_ solve converged due to CONVERGED_ITS iterations 1
    Linear BackwardEuler-Equation_ solve converged due to CONVERGED_RTOL iterations 12
  Nonlinear BackwardEuler-Equation_ solve converged due to CONVERGED_SNORM_RELATIVE iterations 3
t = 0.01 d | step 5/100000 | dt = 303.8 s | wall 10.16 s | NL 3 | L 25
VLumping omega: measurement 4 (the diagonal moved by 2.25), spectrum = [0.0547, 1.9408], omega = 0.9274 (stability bound), diagonal = 3.865674e+09
          Linear BackwardEuler-Equation_lumped_mg_coarse_ solve converged due to CONVERGED_ITS iterations 1
          Linear BackwardEuler-Equation_lumped_mg_coarse_ solve converged due to CONVERGED_ITS iterations 1
    Linear BackwardEuler-Equation_ solve converged due to CONVERGED_RTOL iterations 2
          Linear BackwardEuler-Equation_lumped_mg_coarse_ solve converged due to CONVERGED_ITS iterations 1
          Linear BackwardEuler-Equation_lumped_mg_coarse_ solve converged due to CONVERGED_ITS iterations 1
          Linear BackwardEuler-Equation_lumped_mg_coarse_ solve converged due to CONVERGED_ITS iterations 1
          Linear BackwardEuler-Equation_lumped_mg_coarse_ solve converged due to CONVERGED_ITS iterations 1
          Linear BackwardEuler-Equation_lumped_mg_coarse_ solve converged due to CONVERGED_ITS iterations 1
          Linear BackwardEuler-Equation_lumped_mg_coarse_ solve converged due to CONVERGED_ITS iterations 1
          Linear BackwardEuler-Equation_lumped_mg_coarse_ solve converged due to CONVERGED_ITS iterations 1
          Linear BackwardEuler-Equation_lumped_mg_coarse_ solve converged due to CONVERGED_ITS iterations 1
          Linear BackwardEuler-Equation_lumped_mg_coarse_ solve converged due to CONVERGED_ITS iterations 1
          Linear BackwardEuler-Equation_lumped_mg_coarse_ solve converged due to CONVERGED_ITS iterations 1
          Linear BackwardEuler-Equation_lumped_mg_coarse_ solve converged due to CONVERGED_ITS iterations 1
          Linear BackwardEuler-Equation_lumped_mg_coarse_ solve converged due to CONVERGED_ITS iterations 1
    Linear BackwardEuler-Equation_ solve converged due to CONVERGED_RTOL iterations 12
          Linear BackwardEuler-Equation_lumped_mg_coarse_ solve converged due to CONVERGED_ITS iterations 1
          Linear BackwardEuler-Equation_lumped_mg_coarse_ solve converged due to CONVERGED_ITS iterations 1
          Linear BackwardEuler-Equation_lumped_mg_coarse_ solve converged due to CONVERGED_ITS iterations 1
          Linear BackwardEuler-Equation_lumped_mg_coarse_ solve converged due to CONVERGED_ITS iterations 1
          Linear BackwardEuler-Equation_lumped_mg_coarse_ solve converged due to CONVERGED_ITS iterations 1
          Linear BackwardEuler-Equation_lumped_mg_coarse_ solve converged due to CONVERGED_ITS iterations 1
          Linear BackwardEuler-Equation_lumped_mg_coarse_ solve converged due to CONVERGED_ITS iterations 1
          Linear BackwardEuler-Equation_lumped_mg_coarse_ solve converged due to CONVERGED_ITS iterations 1
          Linear BackwardEuler-Equation_lumped_mg_coarse_ solve converged due to CONVERGED_ITS iterations 1
          Linear BackwardEuler-Equation_lumped_mg_coarse_ solve converged due to CONVERGED_ITS iterations 1
          Linear BackwardEuler-Equation_lumped_mg_coarse_ solve converged due to CONVERGED_ITS iterations 1
          Linear BackwardEuler-Equation_lumped_mg_coarse_ solve converged due to CONVERGED_ITS iterations 1
          Linear BackwardEuler-Equation_lumped_mg_coarse_ solve converged due to CONVERGED_ITS iterations 1
    Linear BackwardEuler-Equation_ solve converged due to CONVERGED_RTOL iterations 13
  Nonlinear BackwardEuler-Equation_ solve converged due to CONVERGED_SNORM_RELATIVE iterations 3
t = 0.01 d | step 6/100000 | dt = 455.6 s | wall 12.55 s | NL 3 | L 27
          Linear BackwardEuler-Equation_lumped_mg_coarse_ solve converged due to CONVERGED_ITS iterations 1
          Linear BackwardEuler-Equation_lumped_mg_coarse_ solve converged due to CONVERGED_ITS iterations 1
    Linear BackwardEuler-Equation_ solve converged due to CONVERGED_RTOL iterations 2
          Linear BackwardEuler-Equation_lumped_mg_coarse_ solve converged due to CONVERGED_ITS iterations 1
          Linear BackwardEuler-Equation_lumped_mg_coarse_ solve converged due to CONVERGED_ITS iterations 1
          Linear BackwardEuler-Equation_lumped_mg_coarse_ solve converged due to CONVERGED_ITS iterations 1
          Linear BackwardEuler-Equation_lumped_mg_coarse_ solve converged due to CONVERGED_ITS iterations 1
          Linear BackwardEuler-Equation_lumped_mg_coarse_ solve converged due to CONVERGED_ITS iterations 1
          Linear BackwardEuler-Equation_lumped_mg_coarse_ solve converged due to CONVERGED_ITS iterations 1
          Linear BackwardEuler-Equation_lumped_mg_coarse_ solve converged due to CONVERGED_ITS iterations 1
          Linear BackwardEuler-Equation_lumped_mg_coarse_ solve converged due to CONVERGED_ITS iterations 1
          Linear BackwardEuler-Equation_lumped_mg_coarse_ solve converged due to CONVERGED_ITS iterations 1
          Linear BackwardEuler-Equation_lumped_mg_coarse_ solve converged due to CONVERGED_ITS iterations 1
          Linear BackwardEuler-Equation_lumped_mg_coarse_ solve converged due to CONVERGED_ITS iterations 1
          Linear BackwardEuler-Equation_lumped_mg_coarse_ solve converged due to CONVERGED_ITS iterations 1
    Linear BackwardEuler-Equation_ solve converged due to CONVERGED_RTOL iterations 12
          Linear BackwardEuler-Equation_lumped_mg_coarse_ solve converged due to CONVERGED_ITS iterations 1
          Linear BackwardEuler-Equation_lumped_mg_coarse_ solve converged due to CONVERGED_ITS iterations 1
          Linear BackwardEuler-Equation_lumped_mg_coarse_ solve converged due to CONVERGED_ITS iterations 1
          Linear BackwardEuler-Equation_lumped_mg_coarse_ solve converged due to CONVERGED_ITS iterations 1
          Linear BackwardEuler-Equation_lumped_mg_coarse_ solve converged due to CONVERGED_ITS iterations 1
          Linear BackwardEuler-Equation_lumped_mg_coarse_ solve converged due to CONVERGED_ITS iterations 1
          Linear BackwardEuler-Equation_lumped_mg_coarse_ solve converged due to CONVERGED_ITS iterations 1
    Linear BackwardEuler-Equation_ solve converged due to CONVERGED_RTOL iterations 7
  Nonlinear BackwardEuler-Equation_ solve converged due to CONVERGED_SNORM_RELATIVE iterations 3
t = 0.02 d | step 7/100000 | dt = 683.4 s | wall 9.17 s | NL 3 | L 21
VLumping omega: measurement 5 (the diagonal moved by 2.25), spectrum = [0.0547, 1.9409], omega = 0.9274 (stability bound), diagonal = 8.697653e+09
          Linear BackwardEuler-Equation_lumped_mg_coarse_ solve converged due to CONVERGED_ITS iterations 1
          Linear BackwardEuler-Equation_lumped_mg_coarse_ solve converged due to CONVERGED_ITS iterations 1
          Linear BackwardEuler-Equation_lumped_mg_coarse_ solve converged due to CONVERGED_ITS iterations 1
    Linear BackwardEuler-Equation_ solve converged due to CONVERGED_RTOL iterations 3
          Linear BackwardEuler-Equation_lumped_mg_coarse_ solve converged due to CONVERGED_ITS iterations 1
          Linear BackwardEuler-Equation_lumped_mg_coarse_ solve converged due to CONVERGED_ITS iterations 1
          Linear BackwardEuler-Equation_lumped_mg_coarse_ solve converged due to CONVERGED_ITS iterations 1
          Linear BackwardEuler-Equation_lumped_mg_coarse_ solve converged due to CONVERGED_ITS iterations 1
          Linear BackwardEuler-Equation_lumped_mg_coarse_ solve converged due to CONVERGED_ITS iterations 1
          Linear BackwardEuler-Equation_lumped_mg_coarse_ solve converged due to CONVERGED_ITS iterations 1
          Linear BackwardEuler-Equation_lumped_mg_coarse_ solve converged due to CONVERGED_ITS iterations 1
          Linear BackwardEuler-Equation_lumped_mg_coarse_ solve converged due to CONVERGED_ITS iterations 1
          Linear BackwardEuler-Equation_lumped_mg_coarse_ solve converged due to CONVERGED_ITS iterations 1
          Linear BackwardEuler-Equation_lumped_mg_coarse_ solve converged due to CONVERGED_ITS iterations 1
          Linear BackwardEuler-Equation_lumped_mg_coarse_ solve converged due to CONVERGED_ITS iterations 1
          Linear BackwardEuler-Equation_lumped_mg_coarse_ solve converged due to CONVERGED_ITS iterations 1
    Linear BackwardEuler-Equation_ solve converged due to CONVERGED_RTOL iterations 12
          Linear BackwardEuler-Equation_lumped_mg_coarse_ solve converged due to CONVERGED_ITS iterations 1
          Linear BackwardEuler-Equation_lumped_mg_coarse_ solve converged due to CONVERGED_ITS iterations 1
          Linear BackwardEuler-Equation_lumped_mg_coarse_ solve converged due to CONVERGED_ITS iterations 1
          Linear BackwardEuler-Equation_lumped_mg_coarse_ solve converged due to CONVERGED_ITS iterations 1
          Linear BackwardEuler-Equation_lumped_mg_coarse_ solve converged due to CONVERGED_ITS iterations 1
          Linear BackwardEuler-Equation_lumped_mg_coarse_ solve converged due to CONVERGED_ITS iterations 1
          Linear BackwardEuler-Equation_lumped_mg_coarse_ solve converged due to CONVERGED_ITS iterations 1
          Linear BackwardEuler-Equation_lumped_mg_coarse_ solve converged due to CONVERGED_ITS iterations 1
          Linear BackwardEuler-Equation_lumped_mg_coarse_ solve converged due to CONVERGED_ITS iterations 1
          Linear BackwardEuler-Equation_lumped_mg_coarse_ solve converged due to CONVERGED_ITS iterations 1
          Linear BackwardEuler-Equation_lumped_mg_coarse_ solve converged due to CONVERGED_ITS iterations 1
          Linear BackwardEuler-Equation_lumped_mg_coarse_ solve converged due to CONVERGED_ITS iterations 1
    Linear BackwardEuler-Equation_ solve converged due to CONVERGED_RTOL iterations 12
  Nonlinear BackwardEuler-Equation_ solve converged due to CONVERGED_SNORM_RELATIVE iterations 3
t = 0.03 d | step 8/100000 | dt = 1025.2 s | wall 12.49 s | NL 3 | L 27
          Linear BackwardEuler-Equation_lumped_mg_coarse_ solve converged due to CONVERGED_ITS iterations 1
          Linear BackwardEuler-Equation_lumped_mg_coarse_ solve converged due to CONVERGED_ITS iterations 1
          Linear BackwardEuler-Equation_lumped_mg_coarse_ solve converged due to CONVERGED_ITS iterations 1
    Linear BackwardEuler-Equation_ solve converged due to CONVERGED_RTOL iterations 3
          Linear BackwardEuler-Equation_lumped_mg_coarse_ solve converged due to CONVERGED_ITS iterations 1
          Linear BackwardEuler-Equation_lumped_mg_coarse_ solve converged due to CONVERGED_ITS iterations 1
          Linear BackwardEuler-Equation_lumped_mg_coarse_ solve converged due to CONVERGED_ITS iterations 1
          Linear BackwardEuler-Equation_lumped_mg_coarse_ solve converged due to CONVERGED_ITS iterations 1
          Linear BackwardEuler-Equation_lumped_mg_coarse_ solve converged due to CONVERGED_ITS iterations 1
          Linear BackwardEuler-Equation_lumped_mg_coarse_ solve converged due to CONVERGED_ITS iterations 1
          Linear BackwardEuler-Equation_lumped_mg_coarse_ solve converged due to CONVERGED_ITS iterations 1
          Linear BackwardEuler-Equation_lumped_mg_coarse_ solve converged due to CONVERGED_ITS iterations 1
          Linear BackwardEuler-Equation_lumped_mg_coarse_ solve converged due to CONVERGED_ITS iterations 1
          Linear BackwardEuler-Equation_lumped_mg_coarse_ solve converged due to CONVERGED_ITS iterations 1
          Linear BackwardEuler-Equation_lumped_mg_coarse_ solve converged due to CONVERGED_ITS iterations 1
          Linear BackwardEuler-Equation_lumped_mg_coarse_ solve converged due to CONVERGED_ITS iterations 1
    Linear BackwardEuler-Equation_ solve converged due to CONVERGED_RTOL iterations 12
          Linear BackwardEuler-Equation_lumped_mg_coarse_ solve converged due to CONVERGED_ITS iterations 1
          Linear BackwardEuler-Equation_lumped_mg_coarse_ solve converged due to CONVERGED_ITS iterations 1
          Linear BackwardEuler-Equation_lumped_mg_coarse_ solve converged due to CONVERGED_ITS iterations 1
          Linear BackwardEuler-Equation_lumped_mg_coarse_ solve converged due to CONVERGED_ITS iterations 1
          Linear BackwardEuler-Equation_lumped_mg_coarse_ solve converged due to CONVERGED_ITS iterations 1
          Linear BackwardEuler-Equation_lumped_mg_coarse_ solve converged due to CONVERGED_ITS iterations 1
          Linear BackwardEuler-Equation_lumped_mg_coarse_ solve converged due to CONVERGED_ITS iterations 1
          Linear BackwardEuler-Equation_lumped_mg_coarse_ solve converged due to CONVERGED_ITS iterations 1
          Linear BackwardEuler-Equation_lumped_mg_coarse_ solve converged due to CONVERGED_ITS iterations 1
          Linear BackwardEuler-Equation_lumped_mg_coarse_ solve converged due to CONVERGED_ITS iterations 1
          Linear BackwardEuler-Equation_lumped_mg_coarse_ solve converged due to CONVERGED_ITS iterations 1
          Linear BackwardEuler-Equation_lumped_mg_coarse_ solve converged due to CONVERGED_ITS iterations 1
          Linear BackwardEuler-Equation_lumped_mg_coarse_ solve converged due to CONVERGED_ITS iterations 1
    Linear BackwardEuler-Equation_ solve converged due to CONVERGED_RTOL iterations 13
  Nonlinear BackwardEuler-Equation_ solve converged due to CONVERGED_SNORM_RELATIVE iterations 3
t = 0.05 d | step 9/100000 | dt = 1537.7 s | wall 10.74 s | NL 3 | L 28
VLumping omega: measurement 6 (the diagonal moved by 2.25), spectrum = [0.0546, 1.9409], omega = 0.9274 (stability bound), diagonal = 1.956963e+10
          Linear BackwardEuler-Equation_lumped_mg_coarse_ solve converged due to CONVERGED_ITS iterations 1
          Linear BackwardEuler-Equation_lumped_mg_coarse_ solve converged due to CONVERGED_ITS iterations 1
          Linear BackwardEuler-Equation_lumped_mg_coarse_ solve converged due to CONVERGED_ITS iterations 1
          Linear BackwardEuler-Equation_lumped_mg_coarse_ solve converged due to CONVERGED_ITS iterations 1
    Linear BackwardEuler-Equation_ solve converged due to CONVERGED_RTOL iterations 4
          Linear BackwardEuler-Equation_lumped_mg_coarse_ solve converged due to CONVERGED_ITS iterations 1
          Linear BackwardEuler-Equation_lumped_mg_coarse_ solve converged due to CONVERGED_ITS iterations 1
          Linear BackwardEuler-Equation_lumped_mg_coarse_ solve converged due to CONVERGED_ITS iterations 1
          Linear BackwardEuler-Equation_lumped_mg_coarse_ solve converged due to CONVERGED_ITS iterations 1
          Linear BackwardEuler-Equation_lumped_mg_coarse_ solve converged due to CONVERGED_ITS iterations 1
          Linear BackwardEuler-Equation_lumped_mg_coarse_ solve converged due to CONVERGED_ITS iterations 1
          Linear BackwardEuler-Equation_lumped_mg_coarse_ solve converged due to CONVERGED_ITS iterations 1
          Linear BackwardEuler-Equation_lumped_mg_coarse_ solve converged due to CONVERGED_ITS iterations 1
          Linear BackwardEuler-Equation_lumped_mg_coarse_ solve converged due to CONVERGED_ITS iterations 1
          Linear BackwardEuler-Equation_lumped_mg_coarse_ solve converged due to CONVERGED_ITS iterations 1
          Linear BackwardEuler-Equation_lumped_mg_coarse_ solve converged due to CONVERGED_ITS iterations 1
    Linear BackwardEuler-Equation_ solve converged due to CONVERGED_RTOL iterations 11
          Linear BackwardEuler-Equation_lumped_mg_coarse_ solve converged due to CONVERGED_ITS iterations 1
          Linear BackwardEuler-Equation_lumped_mg_coarse_ solve converged due to CONVERGED_ITS iterations 1
          Linear BackwardEuler-Equation_lumped_mg_coarse_ solve converged due to CONVERGED_ITS iterations 1
          Linear BackwardEuler-Equation_lumped_mg_coarse_ solve converged due to CONVERGED_ITS iterations 1
          Linear BackwardEuler-Equation_lumped_mg_coarse_ solve converged due to CONVERGED_ITS iterations 1
          Linear BackwardEuler-Equation_lumped_mg_coarse_ solve converged due to CONVERGED_ITS iterations 1
          Linear BackwardEuler-Equation_lumped_mg_coarse_ solve converged due to CONVERGED_ITS iterations 1
          Linear BackwardEuler-Equation_lumped_mg_coarse_ solve converged due to CONVERGED_ITS iterations 1
          Linear BackwardEuler-Equation_lumped_mg_coarse_ solve converged due to CONVERGED_ITS iterations 1
    Linear BackwardEuler-Equation_ solve converged due to CONVERGED_RTOL iterations 9
  Nonlinear BackwardEuler-Equation_ solve converged due to CONVERGED_SNORM_RELATIVE iterations 3
t = 0.08 d | step 10/100000 | dt = 2306.6 s | wall 11.78 s | NL 3 | L 24
          Linear BackwardEuler-Equation_lumped_mg_coarse_ solve converged due to CONVERGED_ITS iterations 1
          Linear BackwardEuler-Equation_lumped_mg_coarse_ solve converged due to CONVERGED_ITS iterations 1
          Linear BackwardEuler-Equation_lumped_mg_coarse_ solve converged due to CONVERGED_ITS iterations 1
          Linear BackwardEuler-Equation_lumped_mg_coarse_ solve converged due to CONVERGED_ITS iterations 1
    Linear BackwardEuler-Equation_ solve converged due to CONVERGED_RTOL iterations 4
          Linear BackwardEuler-Equation_lumped_mg_coarse_ solve converged due to CONVERGED_ITS iterations 1
          Linear BackwardEuler-Equation_lumped_mg_coarse_ solve converged due to CONVERGED_ITS iterations 1
          Linear BackwardEuler-Equation_lumped_mg_coarse_ solve converged due to CONVERGED_ITS iterations 1
          Linear BackwardEuler-Equation_lumped_mg_coarse_ solve converged due to CONVERGED_ITS iterations 1
          Linear BackwardEuler-Equation_lumped_mg_coarse_ solve converged due to CONVERGED_ITS iterations 1
          Linear BackwardEuler-Equation_lumped_mg_coarse_ solve converged due to CONVERGED_ITS iterations 1
          Linear BackwardEuler-Equation_lumped_mg_coarse_ solve converged due to CONVERGED_ITS iterations 1
          Linear BackwardEuler-Equation_lumped_mg_coarse_ solve converged due to CONVERGED_ITS iterations 1
          Linear BackwardEuler-Equation_lumped_mg_coarse_ solve converged due to CONVERGED_ITS iterations 1
          Linear BackwardEuler-Equation_lumped_mg_coarse_ solve converged due to CONVERGED_ITS iterations 1
          Linear BackwardEuler-Equation_lumped_mg_coarse_ solve converged due to CONVERGED_ITS iterations 1
          Linear BackwardEuler-Equation_lumped_mg_coarse_ solve converged due to CONVERGED_ITS iterations 1
    Linear BackwardEuler-Equation_ solve converged due to CONVERGED_RTOL iterations 12
          Linear BackwardEuler-Equation_lumped_mg_coarse_ solve converged due to CONVERGED_ITS iterations 1
          Linear BackwardEuler-Equation_lumped_mg_coarse_ solve converged due to CONVERGED_ITS iterations 1
          Linear BackwardEuler-Equation_lumped_mg_coarse_ solve converged due to CONVERGED_ITS iterations 1
          Linear BackwardEuler-Equation_lumped_mg_coarse_ solve converged due to CONVERGED_ITS iterations 1
          Linear BackwardEuler-Equation_lumped_mg_coarse_ solve converged due to CONVERGED_ITS iterations 1
          Linear BackwardEuler-Equation_lumped_mg_coarse_ solve converged due to CONVERGED_ITS iterations 1
          Linear BackwardEuler-Equation_lumped_mg_coarse_ solve converged due to CONVERGED_ITS iterations 1
          Linear BackwardEuler-Equation_lumped_mg_coarse_ solve converged due to CONVERGED_ITS iterations 1
          Linear BackwardEuler-Equation_lumped_mg_coarse_ solve converged due to CONVERGED_ITS iterations 1
          Linear BackwardEuler-Equation_lumped_mg_coarse_ solve converged due to CONVERGED_ITS iterations 1
          Linear BackwardEuler-Equation_lumped_mg_coarse_ solve converged due to CONVERGED_ITS iterations 1
    Linear BackwardEuler-Equation_ solve converged due to CONVERGED_RTOL iterations 11
  Nonlinear BackwardEuler-Equation_ solve converged due to CONVERGED_SNORM_RELATIVE iterations 3
t = 0.12 d | step 11/100000 | dt = 3459.9 s | wall 10.35 s | NL 3 | L 27
VLumping omega: measurement 7 (the diagonal moved by 2.25), spectrum = [0.0545, 1.9410], omega = 0.9273 (stability bound), diagonal = 4.403159e+10
          Linear BackwardEuler-Equation_lumped_mg_coarse_ solve converged due to CONVERGED_ITS iterations 1
          Linear BackwardEuler-Equation_lumped_mg_coarse_ solve converged due to CONVERGED_ITS iterations 1
          Linear BackwardEuler-Equation_lumped_mg_coarse_ solve converged due to CONVERGED_ITS iterations 1
          Linear BackwardEuler-Equation_lumped_mg_coarse_ solve converged due to CONVERGED_ITS iterations 1
          Linear BackwardEuler-Equation_lumped_mg_coarse_ solve converged due to CONVERGED_ITS iterations 1
    Linear BackwardEuler-Equation_ solve converged due to CONVERGED_RTOL iterations 5
          Linear BackwardEuler-Equation_lumped_mg_coarse_ solve converged due to CONVERGED_ITS iterations 1
          Linear BackwardEuler-Equation_lumped_mg_coarse_ solve converged due to CONVERGED_ITS iterations 1
          Linear BackwardEuler-Equation_lumped_mg_coarse_ solve converged due to CONVERGED_ITS iterations 1
          Linear BackwardEuler-Equation_lumped_mg_coarse_ solve converged due to CONVERGED_ITS iterations 1
          Linear BackwardEuler-Equation_lumped_mg_coarse_ solve converged due to CONVERGED_ITS iterations 1
          Linear BackwardEuler-Equation_lumped_mg_coarse_ solve converged due to CONVERGED_ITS iterations 1
          Linear BackwardEuler-Equation_lumped_mg_coarse_ solve converged due to CONVERGED_ITS iterations 1
          Linear BackwardEuler-Equation_lumped_mg_coarse_ solve converged due to CONVERGED_ITS iterations 1
          Linear BackwardEuler-Equation_lumped_mg_coarse_ solve converged due to CONVERGED_ITS iterations 1
          Linear BackwardEuler-Equation_lumped_mg_coarse_ solve converged due to CONVERGED_ITS iterations 1
    Linear BackwardEuler-Equation_ solve converged due to CONVERGED_RTOL iterations 10
          Linear BackwardEuler-Equation_lumped_mg_coarse_ solve converged due to CONVERGED_ITS iterations 1
          Linear BackwardEuler-Equation_lumped_mg_coarse_ solve converged due to CONVERGED_ITS iterations 1
          Linear BackwardEuler-Equation_lumped_mg_coarse_ solve converged due to CONVERGED_ITS iterations 1
          Linear BackwardEuler-Equation_lumped_mg_coarse_ solve converged due to CONVERGED_ITS iterations 1
          Linear BackwardEuler-Equation_lumped_mg_coarse_ solve converged due to CONVERGED_ITS iterations 1
          Linear BackwardEuler-Equation_lumped_mg_coarse_ solve converged due to CONVERGED_ITS iterations 1
          Linear BackwardEuler-Equation_lumped_mg_coarse_ solve converged due to CONVERGED_ITS iterations 1
          Linear BackwardEuler-Equation_lumped_mg_coarse_ solve converged due to CONVERGED_ITS iterations 1
          Linear BackwardEuler-Equation_lumped_mg_coarse_ solve converged due to CONVERGED_ITS iterations 1
          Linear BackwardEuler-Equation_lumped_mg_coarse_ solve converged due to CONVERGED_ITS iterations 1
          Linear BackwardEuler-Equation_lumped_mg_coarse_ solve converged due to CONVERGED_ITS iterations 1
          Linear BackwardEuler-Equation_lumped_mg_coarse_ solve converged due to CONVERGED_ITS iterations 1
    Linear BackwardEuler-Equation_ solve converged due to CONVERGED_RTOL iterations 12
  Nonlinear BackwardEuler-Equation_ solve converged due to CONVERGED_SNORM_RELATIVE iterations 3
t = 0.18 d | step 12/100000 | dt = 5189.9 s | wall 12.39 s | NL 3 | L 27
          Linear BackwardEuler-Equation_lumped_mg_coarse_ solve converged due to CONVERGED_ITS iterations 1
          Linear BackwardEuler-Equation_lumped_mg_coarse_ solve converged due to CONVERGED_ITS iterations 1
          Linear BackwardEuler-Equation_lumped_mg_coarse_ solve converged due to CONVERGED_ITS iterations 1
          Linear BackwardEuler-Equation_lumped_mg_coarse_ solve converged due to CONVERGED_ITS iterations 1
          Linear BackwardEuler-Equation_lumped_mg_coarse_ solve converged due to CONVERGED_ITS iterations 1
    Linear BackwardEuler-Equation_ solve converged due to CONVERGED_RTOL iterations 5
          Linear BackwardEuler-Equation_lumped_mg_coarse_ solve converged due to CONVERGED_ITS iterations 1
          Linear BackwardEuler-Equation_lumped_mg_coarse_ solve converged due to CONVERGED_ITS iterations 1
          Linear BackwardEuler-Equation_lumped_mg_coarse_ solve converged due to CONVERGED_ITS iterations 1
          Linear BackwardEuler-Equation_lumped_mg_coarse_ solve converged due to CONVERGED_ITS iterations 1
          Linear BackwardEuler-Equation_lumped_mg_coarse_ solve converged due to CONVERGED_ITS iterations 1
          Linear BackwardEuler-Equation_lumped_mg_coarse_ solve converged due to CONVERGED_ITS iterations 1
          Linear BackwardEuler-Equation_lumped_mg_coarse_ solve converged due to CONVERGED_ITS iterations 1
          Linear BackwardEuler-Equation_lumped_mg_coarse_ solve converged due to CONVERGED_ITS iterations 1
          Linear BackwardEuler-Equation_lumped_mg_coarse_ solve converged due to CONVERGED_ITS iterations 1
          Linear BackwardEuler-Equation_lumped_mg_coarse_ solve converged due to CONVERGED_ITS iterations 1
          Linear BackwardEuler-Equation_lumped_mg_coarse_ solve converged due to CONVERGED_ITS iterations 1
    Linear BackwardEuler-Equation_ solve converged due to CONVERGED_RTOL iterations 11
          Linear BackwardEuler-Equation_lumped_mg_coarse_ solve converged due to CONVERGED_ITS iterations 1
          Linear BackwardEuler-Equation_lumped_mg_coarse_ solve converged due to CONVERGED_ITS iterations 1
          Linear BackwardEuler-Equation_lumped_mg_coarse_ solve converged due to CONVERGED_ITS iterations 1
          Linear BackwardEuler-Equation_lumped_mg_coarse_ solve converged due to CONVERGED_ITS iterations 1
          Linear BackwardEuler-Equation_lumped_mg_coarse_ solve converged due to CONVERGED_ITS iterations 1
          Linear BackwardEuler-Equation_lumped_mg_coarse_ solve converged due to CONVERGED_ITS iterations 1
          Linear BackwardEuler-Equation_lumped_mg_coarse_ solve converged due to CONVERGED_ITS iterations 1
          Linear BackwardEuler-Equation_lumped_mg_coarse_ solve converged due to CONVERGED_ITS iterations 1
          Linear BackwardEuler-Equation_lumped_mg_coarse_ solve converged due to CONVERGED_ITS iterations 1
          Linear BackwardEuler-Equation_lumped_mg_coarse_ solve converged due to CONVERGED_ITS iterations 1
          Linear BackwardEuler-Equation_lumped_mg_coarse_ solve converged due to CONVERGED_ITS iterations 1
    Linear BackwardEuler-Equation_ solve converged due to CONVERGED_RTOL iterations 11
  Nonlinear BackwardEuler-Equation_ solve converged due to CONVERGED_SNORM_RELATIVE iterations 3
t = 0.27 d | step 13/100000 | dt = 7784.8 s | wall 10.48 s | NL 3 | L 27
VLumping omega: measurement 8 (the diagonal moved by 2.25), spectrum = [0.0542, 1.9412], omega = 0.9272 (stability bound), diagonal = 9.907102e+10
          Linear BackwardEuler-Equation_lumped_mg_coarse_ solve converged due to CONVERGED_ITS iterations 1
          Linear BackwardEuler-Equation_lumped_mg_coarse_ solve converged due to CONVERGED_ITS iterations 1
          Linear BackwardEuler-Equation_lumped_mg_coarse_ solve converged due to CONVERGED_ITS iterations 1
          Linear BackwardEuler-Equation_lumped_mg_coarse_ solve converged due to CONVERGED_ITS iterations 1
          Linear BackwardEuler-Equation_lumped_mg_coarse_ solve converged due to CONVERGED_ITS iterations 1
          Linear BackwardEuler-Equation_lumped_mg_coarse_ solve converged due to CONVERGED_ITS iterations 1
    Linear BackwardEuler-Equation_ solve converged due to CONVERGED_RTOL iterations 6
          Linear BackwardEuler-Equation_lumped_mg_coarse_ solve converged due to CONVERGED_ITS iterations 1
          Linear BackwardEuler-Equation_lumped_mg_coarse_ solve converged due to CONVERGED_ITS iterations 1
          Linear BackwardEuler-Equation_lumped_mg_coarse_ solve converged due to CONVERGED_ITS iterations 1
          Linear BackwardEuler-Equation_lumped_mg_coarse_ solve converged due to CONVERGED_ITS iterations 1
          Linear BackwardEuler-Equation_lumped_mg_coarse_ solve converged due to CONVERGED_ITS iterations 1
          Linear BackwardEuler-Equation_lumped_mg_coarse_ solve converged due to CONVERGED_ITS iterations 1
          Linear BackwardEuler-Equation_lumped_mg_coarse_ solve converged due to CONVERGED_ITS iterations 1
          Linear BackwardEuler-Equation_lumped_mg_coarse_ solve converged due to CONVERGED_ITS iterations 1
          Linear BackwardEuler-Equation_lumped_mg_coarse_ solve converged due to CONVERGED_ITS iterations 1
          Linear BackwardEuler-Equation_lumped_mg_coarse_ solve converged due to CONVERGED_ITS iterations 1
    Linear BackwardEuler-Equation_ solve converged due to CONVERGED_RTOL iterations 10
          Linear BackwardEuler-Equation_lumped_mg_coarse_ solve converged due to CONVERGED_ITS iterations 1
          Linear BackwardEuler-Equation_lumped_mg_coarse_ solve converged due to CONVERGED_ITS iterations 1
          Linear BackwardEuler-Equation_lumped_mg_coarse_ solve converged due to CONVERGED_ITS iterations 1
          Linear BackwardEuler-Equation_lumped_mg_coarse_ solve converged due to CONVERGED_ITS iterations 1
          Linear BackwardEuler-Equation_lumped_mg_coarse_ solve converged due to CONVERGED_ITS iterations 1
          Linear BackwardEuler-Equation_lumped_mg_coarse_ solve converged due to CONVERGED_ITS iterations 1
          Linear BackwardEuler-Equation_lumped_mg_coarse_ solve converged due to CONVERGED_ITS iterations 1
          Linear BackwardEuler-Equation_lumped_mg_coarse_ solve converged due to CONVERGED_ITS iterations 1
          Linear BackwardEuler-Equation_lumped_mg_coarse_ solve converged due to CONVERGED_ITS iterations 1
          Linear BackwardEuler-Equation_lumped_mg_coarse_ solve converged due to CONVERGED_ITS iterations 1
    Linear BackwardEuler-Equation_ solve converged due to CONVERGED_RTOL iterations 10
  Nonlinear BackwardEuler-Equation_ solve converged due to CONVERGED_SNORM_RELATIVE iterations 3
t = 0.40 d | step 14/100000 | dt = 11677.2 s | wall 12.18 s | NL 3 | L 26
          Linear BackwardEuler-Equation_lumped_mg_coarse_ solve converged due to CONVERGED_ITS iterations 1
          Linear BackwardEuler-Equation_lumped_mg_coarse_ solve converged due to CONVERGED_ITS iterations 1
          Linear BackwardEuler-Equation_lumped_mg_coarse_ solve converged due to CONVERGED_ITS iterations 1
          Linear BackwardEuler-Equation_lumped_mg_coarse_ solve converged due to CONVERGED_ITS iterations 1
          Linear BackwardEuler-Equation_lumped_mg_coarse_ solve converged due to CONVERGED_ITS iterations 1
          Linear BackwardEuler-Equation_lumped_mg_coarse_ solve converged due to CONVERGED_ITS iterations 1
    Linear BackwardEuler-Equation_ solve converged due to CONVERGED_RTOL iterations 6
          Linear BackwardEuler-Equation_lumped_mg_coarse_ solve converged due to CONVERGED_ITS iterations 1
          Linear BackwardEuler-Equation_lumped_mg_coarse_ solve converged due to CONVERGED_ITS iterations 1
          Linear BackwardEuler-Equation_lumped_mg_coarse_ solve converged due to CONVERGED_ITS iterations 1
          Linear BackwardEuler-Equation_lumped_mg_coarse_ solve converged due to CONVERGED_ITS iterations 1
          Linear BackwardEuler-Equation_lumped_mg_coarse_ solve converged due to CONVERGED_ITS iterations 1
          Linear BackwardEuler-Equation_lumped_mg_coarse_ solve converged due to CONVERGED_ITS iterations 1
          Linear BackwardEuler-Equation_lumped_mg_coarse_ solve converged due to CONVERGED_ITS iterations 1
          Linear BackwardEuler-Equation_lumped_mg_coarse_ solve converged due to CONVERGED_ITS iterations 1
          Linear BackwardEuler-Equation_lumped_mg_coarse_ solve converged due to CONVERGED_ITS iterations 1
          Linear BackwardEuler-Equation_lumped_mg_coarse_ solve converged due to CONVERGED_ITS iterations 1
    Linear BackwardEuler-Equation_ solve converged due to CONVERGED_RTOL iterations 10
          Linear BackwardEuler-Equation_lumped_mg_coarse_ solve converged due to CONVERGED_ITS iterations 1
          Linear BackwardEuler-Equation_lumped_mg_coarse_ solve converged due to CONVERGED_ITS iterations 1
          Linear BackwardEuler-Equation_lumped_mg_coarse_ solve converged due to CONVERGED_ITS iterations 1
          Linear BackwardEuler-Equation_lumped_mg_coarse_ solve converged due to CONVERGED_ITS iterations 1
          Linear BackwardEuler-Equation_lumped_mg_coarse_ solve converged due to CONVERGED_ITS iterations 1
          Linear BackwardEuler-Equation_lumped_mg_coarse_ solve converged due to CONVERGED_ITS iterations 1
          Linear BackwardEuler-Equation_lumped_mg_coarse_ solve converged due to CONVERGED_ITS iterations 1
          Linear BackwardEuler-Equation_lumped_mg_coarse_ solve converged due to CONVERGED_ITS iterations 1
          Linear BackwardEuler-Equation_lumped_mg_coarse_ solve converged due to CONVERGED_ITS iterations 1
          Linear BackwardEuler-Equation_lumped_mg_coarse_ solve converged due to CONVERGED_ITS iterations 1
          Linear BackwardEuler-Equation_lumped_mg_coarse_ solve converged due to CONVERGED_ITS iterations 1
    Linear BackwardEuler-Equation_ solve converged due to CONVERGED_RTOL iterations 11
  Nonlinear BackwardEuler-Equation_ solve converged due to CONVERGED_SNORM_RELATIVE iterations 3
t = 0.61 d | step 15/100000 | dt = 17515.8 s | wall 10.13 s | NL 3 | L 27
VLumping omega: measurement 9 (the diagonal moved by 2.25), spectrum = [0.0538, 1.9417], omega = 0.9270 (stability bound), diagonal = 2.229097e+11
          Linear BackwardEuler-Equation_lumped_mg_coarse_ solve converged due to CONVERGED_ITS iterations 1
          Linear BackwardEuler-Equation_lumped_mg_coarse_ solve converged due to CONVERGED_ITS iterations 1
          Linear BackwardEuler-Equation_lumped_mg_coarse_ solve converged due to CONVERGED_ITS iterations 1
          Linear BackwardEuler-Equation_lumped_mg_coarse_ solve converged due to CONVERGED_ITS iterations 1
          Linear BackwardEuler-Equation_lumped_mg_coarse_ solve converged due to CONVERGED_ITS iterations 1
          Linear BackwardEuler-Equation_lumped_mg_coarse_ solve converged due to CONVERGED_ITS iterations 1
          Linear BackwardEuler-Equation_lumped_mg_coarse_ solve converged due to CONVERGED_ITS iterations 1
    Linear BackwardEuler-Equation_ solve converged due to CONVERGED_RTOL iterations 7
          Linear BackwardEuler-Equation_lumped_mg_coarse_ solve converged due to CONVERGED_ITS iterations 1
          Linear BackwardEuler-Equation_lumped_mg_coarse_ solve converged due to CONVERGED_ITS iterations 1
          Linear BackwardEuler-Equation_lumped_mg_coarse_ solve converged due to CONVERGED_ITS iterations 1
          Linear BackwardEuler-Equation_lumped_mg_coarse_ solve converged due to CONVERGED_ITS iterations 1
          Linear BackwardEuler-Equation_lumped_mg_coarse_ solve converged due to CONVERGED_ITS iterations 1
          Linear BackwardEuler-Equation_lumped_mg_coarse_ solve converged due to CONVERGED_ITS iterations 1
          Linear BackwardEuler-Equation_lumped_mg_coarse_ solve converged due to CONVERGED_ITS iterations 1
          Linear BackwardEuler-Equation_lumped_mg_coarse_ solve converged due to CONVERGED_ITS iterations 1
          Linear BackwardEuler-Equation_lumped_mg_coarse_ solve converged due to CONVERGED_ITS iterations 1
    Linear BackwardEuler-Equation_ solve converged due to CONVERGED_RTOL iterations 9
          Linear BackwardEuler-Equation_lumped_mg_coarse_ solve converged due to CONVERGED_ITS iterations 1
          Linear BackwardEuler-Equation_lumped_mg_coarse_ solve converged due to CONVERGED_ITS iterations 1
          Linear BackwardEuler-Equation_lumped_mg_coarse_ solve converged due to CONVERGED_ITS iterations 1
          Linear BackwardEuler-Equation_lumped_mg_coarse_ solve converged due to CONVERGED_ITS iterations 1
          Linear BackwardEuler-Equation_lumped_mg_coarse_ solve converged due to CONVERGED_ITS iterations 1
          Linear BackwardEuler-Equation_lumped_mg_coarse_ solve converged due to CONVERGED_ITS iterations 1
          Linear BackwardEuler-Equation_lumped_mg_coarse_ solve converged due to CONVERGED_ITS iterations 1
          Linear BackwardEuler-Equation_lumped_mg_coarse_ solve converged due to CONVERGED_ITS iterations 1
          Linear BackwardEuler-Equation_lumped_mg_coarse_ solve converged due to CONVERGED_ITS iterations 1
          Linear BackwardEuler-Equation_lumped_mg_coarse_ solve converged due to CONVERGED_ITS iterations 1
    Linear BackwardEuler-Equation_ solve converged due to CONVERGED_RTOL iterations 10
  Nonlinear BackwardEuler-Equation_ solve converged due to CONVERGED_SNORM_RELATIVE iterations 3
t = 0.91 d | step 16/100000 | dt = 26273.6 s | wall 11.80 s | NL 3 | L 26
          Linear BackwardEuler-Equation_lumped_mg_coarse_ solve converged due to CONVERGED_ITS iterations 1
          Linear BackwardEuler-Equation_lumped_mg_coarse_ solve converged due to CONVERGED_ITS iterations 1
          Linear BackwardEuler-Equation_lumped_mg_coarse_ solve converged due to CONVERGED_ITS iterations 1
          Linear BackwardEuler-Equation_lumped_mg_coarse_ solve converged due to CONVERGED_ITS iterations 1
          Linear BackwardEuler-Equation_lumped_mg_coarse_ solve converged due to CONVERGED_ITS iterations 1
          Linear BackwardEuler-Equation_lumped_mg_coarse_ solve converged due to CONVERGED_ITS iterations 1
          Linear BackwardEuler-Equation_lumped_mg_coarse_ solve converged due to CONVERGED_ITS iterations 1
    Linear BackwardEuler-Equation_ solve converged due to CONVERGED_RTOL iterations 7
          Linear BackwardEuler-Equation_lumped_mg_coarse_ solve converged due to CONVERGED_ITS iterations 1
          Linear BackwardEuler-Equation_lumped_mg_coarse_ solve converged due to CONVERGED_ITS iterations 1
          Linear BackwardEuler-Equation_lumped_mg_coarse_ solve converged due to CONVERGED_ITS iterations 1
          Linear BackwardEuler-Equation_lumped_mg_coarse_ solve converged due to CONVERGED_ITS iterations 1
          Linear BackwardEuler-Equation_lumped_mg_coarse_ solve converged due to CONVERGED_ITS iterations 1
          Linear BackwardEuler-Equation_lumped_mg_coarse_ solve converged due to CONVERGED_ITS iterations 1
          Linear BackwardEuler-Equation_lumped_mg_coarse_ solve converged due to CONVERGED_ITS iterations 1
          Linear BackwardEuler-Equation_lumped_mg_coarse_ solve converged due to CONVERGED_ITS iterations 1
          Linear BackwardEuler-Equation_lumped_mg_coarse_ solve converged due to CONVERGED_ITS iterations 1
    Linear BackwardEuler-Equation_ solve converged due to CONVERGED_RTOL iterations 9
          Linear BackwardEuler-Equation_lumped_mg_coarse_ solve converged due to CONVERGED_ITS iterations 1
          Linear BackwardEuler-Equation_lumped_mg_coarse_ solve converged due to CONVERGED_ITS iterations 1
          Linear BackwardEuler-Equation_lumped_mg_coarse_ solve converged due to CONVERGED_ITS iterations 1
          Linear BackwardEuler-Equation_lumped_mg_coarse_ solve converged due to CONVERGED_ITS iterations 1
          Linear BackwardEuler-Equation_lumped_mg_coarse_ solve converged due to CONVERGED_ITS iterations 1
          Linear BackwardEuler-Equation_lumped_mg_coarse_ solve converged due to CONVERGED_ITS iterations 1
          Linear BackwardEuler-Equation_lumped_mg_coarse_ solve converged due to CONVERGED_ITS iterations 1
          Linear BackwardEuler-Equation_lumped_mg_coarse_ solve converged due to CONVERGED_ITS iterations 1
          Linear BackwardEuler-Equation_lumped_mg_coarse_ solve converged due to CONVERGED_ITS iterations 1
    Linear BackwardEuler-Equation_ solve converged due to CONVERGED_RTOL iterations 9
  Nonlinear BackwardEuler-Equation_ solve converged due to CONVERGED_SNORM_RELATIVE iterations 3
t = 1.37 d | step 17/100000 | dt = 39410.5 s | wall 9.53 s | NL 3 | L 25
          Linear BackwardEuler-Equation_lumped_mg_coarse_ solve converged due to CONVERGED_ITS iterations 1
          Linear BackwardEuler-Equation_lumped_mg_coarse_ solve converged due to CONVERGED_ITS iterations 1
          Linear BackwardEuler-Equation_lumped_mg_coarse_ solve converged due to CONVERGED_ITS iterations 1
          Linear BackwardEuler-Equation_lumped_mg_coarse_ solve converged due to CONVERGED_ITS iterations 1
          Linear BackwardEuler-Equation_lumped_mg_coarse_ solve converged due to CONVERGED_ITS iterations 1
          Linear BackwardEuler-Equation_lumped_mg_coarse_ solve converged due to CONVERGED_ITS iterations 1
          Linear BackwardEuler-Equation_lumped_mg_coarse_ solve converged due to CONVERGED_ITS iterations 1
    Linear BackwardEuler-Equation_ solve converged due to CONVERGED_RTOL iterations 7
          Linear BackwardEuler-Equation_lumped_mg_coarse_ solve converged due to CONVERGED_ITS iterations 1
          Linear BackwardEuler-Equation_lumped_mg_coarse_ solve converged due to CONVERGED_ITS iterations 1
          Linear BackwardEuler-Equation_lumped_mg_coarse_ solve converged due to CONVERGED_ITS iterations 1
          Linear BackwardEuler-Equation_lumped_mg_coarse_ solve converged due to CONVERGED_ITS iterations 1
          Linear BackwardEuler-Equation_lumped_mg_coarse_ solve converged due to CONVERGED_ITS iterations 1
          Linear BackwardEuler-Equation_lumped_mg_coarse_ solve converged due to CONVERGED_ITS iterations 1
          Linear BackwardEuler-Equation_lumped_mg_coarse_ solve converged due to CONVERGED_ITS iterations 1
          Linear BackwardEuler-Equation_lumped_mg_coarse_ solve converged due to CONVERGED_ITS iterations 1
          Linear BackwardEuler-Equation_lumped_mg_coarse_ solve converged due to CONVERGED_ITS iterations 1
    Linear BackwardEuler-Equation_ solve converged due to CONVERGED_RTOL iterations 9
          Linear BackwardEuler-Equation_lumped_mg_coarse_ solve converged due to CONVERGED_ITS iterations 1
          Linear BackwardEuler-Equation_lumped_mg_coarse_ solve converged due to CONVERGED_ITS iterations 1
          Linear BackwardEuler-Equation_lumped_mg_coarse_ solve converged due to CONVERGED_ITS iterations 1
          Linear BackwardEuler-Equation_lumped_mg_coarse_ solve converged due to CONVERGED_ITS iterations 1
          Linear BackwardEuler-Equation_lumped_mg_coarse_ solve converged due to CONVERGED_ITS iterations 1
          Linear BackwardEuler-Equation_lumped_mg_coarse_ solve converged due to CONVERGED_ITS iterations 1
          Linear BackwardEuler-Equation_lumped_mg_coarse_ solve converged due to CONVERGED_ITS iterations 1
          Linear BackwardEuler-Equation_lumped_mg_coarse_ solve converged due to CONVERGED_ITS iterations 1
          Linear BackwardEuler-Equation_lumped_mg_coarse_ solve converged due to CONVERGED_ITS iterations 1
    Linear BackwardEuler-Equation_ solve converged due to CONVERGED_RTOL iterations 9
  Nonlinear BackwardEuler-Equation_ solve converged due to CONVERGED_SNORM_RELATIVE iterations 3
t = 1.87 d | step 18/100000 | dt = 43200.0 s | wall 9.57 s | NL 3 | L 25
          Linear BackwardEuler-Equation_lumped_mg_coarse_ solve converged due to CONVERGED_ITS iterations 1
          Linear BackwardEuler-Equation_lumped_mg_coarse_ solve converged due to CONVERGED_ITS iterations 1
          Linear BackwardEuler-Equation_lumped_mg_coarse_ solve converged due to CONVERGED_ITS iterations 1
          Linear BackwardEuler-Equation_lumped_mg_coarse_ solve converged due to CONVERGED_ITS iterations 1
          Linear BackwardEuler-Equation_lumped_mg_coarse_ solve converged due to CONVERGED_ITS iterations 1
          Linear BackwardEuler-Equation_lumped_mg_coarse_ solve converged due to CONVERGED_ITS iterations 1
          Linear BackwardEuler-Equation_lumped_mg_coarse_ solve converged due to CONVERGED_ITS iterations 1
    Linear BackwardEuler-Equation_ solve converged due to CONVERGED_RTOL iterations 7
          Linear BackwardEuler-Equation_lumped_mg_coarse_ solve converged due to CONVERGED_ITS iterations 1
          Linear BackwardEuler-Equation_lumped_mg_coarse_ solve converged due to CONVERGED_ITS iterations 1
          Linear BackwardEuler-Equation_lumped_mg_coarse_ solve converged due to CONVERGED_ITS iterations 1
          Linear BackwardEuler-Equation_lumped_mg_coarse_ solve converged due to CONVERGED_ITS iterations 1
          Linear BackwardEuler-Equation_lumped_mg_coarse_ solve converged due to CONVERGED_ITS iterations 1
          Linear BackwardEuler-Equation_lumped_mg_coarse_ solve converged due to CONVERGED_ITS iterations 1
          Linear BackwardEuler-Equation_lumped_mg_coarse_ solve converged due to CONVERGED_ITS iterations 1
          Linear BackwardEuler-Equation_lumped_mg_coarse_ solve converged due to CONVERGED_ITS iterations 1
          Linear BackwardEuler-Equation_lumped_mg_coarse_ solve converged due to CONVERGED_ITS iterations 1
    Linear BackwardEuler-Equation_ solve converged due to CONVERGED_RTOL iterations 9
          Linear BackwardEuler-Equation_lumped_mg_coarse_ solve converged due to CONVERGED_ITS iterations 1
          Linear BackwardEuler-Equation_lumped_mg_coarse_ solve converged due to CONVERGED_ITS iterations 1
          Linear BackwardEuler-Equation_lumped_mg_coarse_ solve converged due to CONVERGED_ITS iterations 1
          Linear BackwardEuler-Equation_lumped_mg_coarse_ solve converged due to CONVERGED_ITS iterations 1
          Linear BackwardEuler-Equation_lumped_mg_coarse_ solve converged due to CONVERGED_ITS iterations 1
          Linear BackwardEuler-Equation_lumped_mg_coarse_ solve converged due to CONVERGED_ITS iterations 1
          Linear BackwardEuler-Equation_lumped_mg_coarse_ solve converged due to CONVERGED_ITS iterations 1
          Linear BackwardEuler-Equation_lumped_mg_coarse_ solve converged due to CONVERGED_ITS iterations 1
          Linear BackwardEuler-Equation_lumped_mg_coarse_ solve converged due to CONVERGED_ITS iterations 1
    Linear BackwardEuler-Equation_ solve converged due to CONVERGED_RTOL iterations 9
  Nonlinear BackwardEuler-Equation_ solve converged due to CONVERGED_SNORM_RELATIVE iterations 3
t = 2.37 d | step 19/100000 | dt = 43200.0 s | wall 9.59 s | NL 3 | L 25
          Linear BackwardEuler-Equation_lumped_mg_coarse_ solve converged due to CONVERGED_ITS iterations 1
          Linear BackwardEuler-Equation_lumped_mg_coarse_ solve converged due to CONVERGED_ITS iterations 1
          Linear BackwardEuler-Equation_lumped_mg_coarse_ solve converged due to CONVERGED_ITS iterations 1
          Linear BackwardEuler-Equation_lumped_mg_coarse_ solve converged due to CONVERGED_ITS iterations 1
          Linear BackwardEuler-Equation_lumped_mg_coarse_ solve converged due to CONVERGED_ITS iterations 1
          Linear BackwardEuler-Equation_lumped_mg_coarse_ solve converged due to CONVERGED_ITS iterations 1
          Linear BackwardEuler-Equation_lumped_mg_coarse_ solve converged due to CONVERGED_ITS iterations 1
    Linear BackwardEuler-Equation_ solve converged due to CONVERGED_RTOL iterations 7
          Linear BackwardEuler-Equation_lumped_mg_coarse_ solve converged due to CONVERGED_ITS iterations 1
          Linear BackwardEuler-Equation_lumped_mg_coarse_ solve converged due to CONVERGED_ITS iterations 1
          Linear BackwardEuler-Equation_lumped_mg_coarse_ solve converged due to CONVERGED_ITS iterations 1
          Linear BackwardEuler-Equation_lumped_mg_coarse_ solve converged due to CONVERGED_ITS iterations 1
          Linear BackwardEuler-Equation_lumped_mg_coarse_ solve converged due to CONVERGED_ITS iterations 1
          Linear BackwardEuler-Equation_lumped_mg_coarse_ solve converged due to CONVERGED_ITS iterations 1
          Linear BackwardEuler-Equation_lumped_mg_coarse_ solve converged due to CONVERGED_ITS iterations 1
          Linear BackwardEuler-Equation_lumped_mg_coarse_ solve converged due to CONVERGED_ITS iterations 1
          Linear BackwardEuler-Equation_lumped_mg_coarse_ solve converged due to CONVERGED_ITS iterations 1
    Linear BackwardEuler-Equation_ solve converged due to CONVERGED_RTOL iterations 9
          Linear BackwardEuler-Equation_lumped_mg_coarse_ solve converged due to CONVERGED_ITS iterations 1
          Linear BackwardEuler-Equation_lumped_mg_coarse_ solve converged due to CONVERGED_ITS iterations 1
          Linear BackwardEuler-Equation_lumped_mg_coarse_ solve converged due to CONVERGED_ITS iterations 1
          Linear BackwardEuler-Equation_lumped_mg_coarse_ solve converged due to CONVERGED_ITS iterations 1
          Linear BackwardEuler-Equation_lumped_mg_coarse_ solve converged due to CONVERGED_ITS iterations 1
          Linear BackwardEuler-Equation_lumped_mg_coarse_ solve converged due to CONVERGED_ITS iterations 1
          Linear BackwardEuler-Equation_lumped_mg_coarse_ solve converged due to CONVERGED_ITS iterations 1
          Linear BackwardEuler-Equation_lumped_mg_coarse_ solve converged due to CONVERGED_ITS iterations 1
          Linear BackwardEuler-Equation_lumped_mg_coarse_ solve converged due to CONVERGED_ITS iterations 1
          Linear BackwardEuler-Equation_lumped_mg_coarse_ solve converged due to CONVERGED_ITS iterations 1
    Linear BackwardEuler-Equation_ solve converged due to CONVERGED_RTOL iterations 10
  Nonlinear BackwardEuler-Equation_ solve converged due to CONVERGED_SNORM_RELATIVE iterations 3
t = 2.87 d | step 20/100000 | dt = 43200.0 s | wall 9.83 s | NL 3 | L 26
          Linear BackwardEuler-Equation_lumped_mg_coarse_ solve converged due to CONVERGED_ITS iterations 1
          Linear BackwardEuler-Equation_lumped_mg_coarse_ solve converged due to CONVERGED_ITS iterations 1
          Linear BackwardEuler-Equation_lumped_mg_coarse_ solve converged due to CONVERGED_ITS iterations 1
          Linear BackwardEuler-Equation_lumped_mg_coarse_ solve converged due to CONVERGED_ITS iterations 1
          Linear BackwardEuler-Equation_lumped_mg_coarse_ solve converged due to CONVERGED_ITS iterations 1
          Linear BackwardEuler-Equation_lumped_mg_coarse_ solve converged due to CONVERGED_ITS iterations 1
          Linear BackwardEuler-Equation_lumped_mg_coarse_ solve converged due to CONVERGED_ITS iterations 1
    Linear BackwardEuler-Equation_ solve converged due to CONVERGED_RTOL iterations 7
          Linear BackwardEuler-Equation_lumped_mg_coarse_ solve converged due to CONVERGED_ITS iterations 1
          Linear BackwardEuler-Equation_lumped_mg_coarse_ solve converged due to CONVERGED_ITS iterations 1
          Linear BackwardEuler-Equation_lumped_mg_coarse_ solve converged due to CONVERGED_ITS iterations 1
          Linear BackwardEuler-Equation_lumped_mg_coarse_ solve converged due to CONVERGED_ITS iterations 1
          Linear BackwardEuler-Equation_lumped_mg_coarse_ solve converged due to CONVERGED_ITS iterations 1
          Linear BackwardEuler-Equation_lumped_mg_coarse_ solve converged due to CONVERGED_ITS iterations 1
          Linear BackwardEuler-Equation_lumped_mg_coarse_ solve converged due to CONVERGED_ITS iterations 1
          Linear BackwardEuler-Equation_lumped_mg_coarse_ solve converged due to CONVERGED_ITS iterations 1
    Linear BackwardEuler-Equation_ solve converged due to CONVERGED_RTOL iterations 8
          Linear BackwardEuler-Equation_lumped_mg_coarse_ solve converged due to CONVERGED_ITS iterations 1
          Linear BackwardEuler-Equation_lumped_mg_coarse_ solve converged due to CONVERGED_ITS iterations 1
          Linear BackwardEuler-Equation_lumped_mg_coarse_ solve converged due to CONVERGED_ITS iterations 1
          Linear BackwardEuler-Equation_lumped_mg_coarse_ solve converged due to CONVERGED_ITS iterations 1
          Linear BackwardEuler-Equation_lumped_mg_coarse_ solve converged due to CONVERGED_ITS iterations 1
          Linear BackwardEuler-Equation_lumped_mg_coarse_ solve converged due to CONVERGED_ITS iterations 1
          Linear BackwardEuler-Equation_lumped_mg_coarse_ solve converged due to CONVERGED_ITS iterations 1
          Linear BackwardEuler-Equation_lumped_mg_coarse_ solve converged due to CONVERGED_ITS iterations 1
          Linear BackwardEuler-Equation_lumped_mg_coarse_ solve converged due to CONVERGED_ITS iterations 1
          Linear BackwardEuler-Equation_lumped_mg_coarse_ solve converged due to CONVERGED_ITS iterations 1
    Linear BackwardEuler-Equation_ solve converged due to CONVERGED_RTOL iterations 10
  Nonlinear BackwardEuler-Equation_ solve converged due to CONVERGED_SNORM_RELATIVE iterations 3
t = 3.37 d | step 21/100000 | dt = 43200.0 s | wall 9.54 s | NL 3 | L 25
          Linear BackwardEuler-Equation_lumped_mg_coarse_ solve converged due to CONVERGED_ITS iterations 1
          Linear BackwardEuler-Equation_lumped_mg_coarse_ solve converged due to CONVERGED_ITS iterations 1
          Linear BackwardEuler-Equation_lumped_mg_coarse_ solve converged due to CONVERGED_ITS iterations 1
          Linear BackwardEuler-Equation_lumped_mg_coarse_ solve converged due to CONVERGED_ITS iterations 1
          Linear BackwardEuler-Equation_lumped_mg_coarse_ solve converged due to CONVERGED_ITS iterations 1
          Linear BackwardEuler-Equation_lumped_mg_coarse_ solve converged due to CONVERGED_ITS iterations 1
          Linear BackwardEuler-Equation_lumped_mg_coarse_ solve converged due to CONVERGED_ITS iterations 1
    Linear BackwardEuler-Equation_ solve converged due to CONVERGED_RTOL iterations 7
          Linear BackwardEuler-Equation_lumped_mg_coarse_ solve converged due to CONVERGED_ITS iterations 1
          Linear BackwardEuler-Equation_lumped_mg_coarse_ solve converged due to CONVERGED_ITS iterations 1
          Linear BackwardEuler-Equation_lumped_mg_coarse_ solve converged due to CONVERGED_ITS iterations 1
          Linear BackwardEuler-Equation_lumped_mg_coarse_ solve converged due to CONVERGED_ITS iterations 1
          Linear BackwardEuler-Equation_lumped_mg_coarse_ solve converged due to CONVERGED_ITS iterations 1
          Linear BackwardEuler-Equation_lumped_mg_coarse_ solve converged due to CONVERGED_ITS iterations 1
          Linear BackwardEuler-Equation_lumped_mg_coarse_ solve converged due to CONVERGED_ITS iterations 1
          Linear BackwardEuler-Equation_lumped_mg_coarse_ solve converged due to CONVERGED_ITS iterations 1
          Linear BackwardEuler-Equation_lumped_mg_coarse_ solve converged due to CONVERGED_ITS iterations 1
    Linear BackwardEuler-Equation_ solve converged due to CONVERGED_RTOL iterations 9
          Linear BackwardEuler-Equation_lumped_mg_coarse_ solve converged due to CONVERGED_ITS iterations 1
          Linear BackwardEuler-Equation_lumped_mg_coarse_ solve converged due to CONVERGED_ITS iterations 1
          Linear BackwardEuler-Equation_lumped_mg_coarse_ solve converged due to CONVERGED_ITS iterations 1
          Linear BackwardEuler-Equation_lumped_mg_coarse_ solve converged due to CONVERGED_ITS iterations 1
          Linear BackwardEuler-Equation_lumped_mg_coarse_ solve converged due to CONVERGED_ITS iterations 1
          Linear BackwardEuler-Equation_lumped_mg_coarse_ solve converged due to CONVERGED_ITS iterations 1
          Linear BackwardEuler-Equation_lumped_mg_coarse_ solve converged due to CONVERGED_ITS iterations 1
          Linear BackwardEuler-Equation_lumped_mg_coarse_ solve converged due to CONVERGED_ITS iterations 1
          Linear BackwardEuler-Equation_lumped_mg_coarse_ solve converged due to CONVERGED_ITS iterations 1
          Linear BackwardEuler-Equation_lumped_mg_coarse_ solve converged due to CONVERGED_ITS iterations 1
          Linear BackwardEuler-Equation_lumped_mg_coarse_ solve converged due to CONVERGED_ITS iterations 1
    Linear BackwardEuler-Equation_ solve converged due to CONVERGED_RTOL iterations 11
  Nonlinear BackwardEuler-Equation_ solve converged due to CONVERGED_SNORM_RELATIVE iterations 3
t = 3.87 d | step 22/100000 | dt = 43200.0 s | wall 9.96 s | NL 3 | L 27
          Linear BackwardEuler-Equation_lumped_mg_coarse_ solve converged due to CONVERGED_ITS iterations 1
          Linear BackwardEuler-Equation_lumped_mg_coarse_ solve converged due to CONVERGED_ITS iterations 1
          Linear BackwardEuler-Equation_lumped_mg_coarse_ solve converged due to CONVERGED_ITS iterations 1
          Linear BackwardEuler-Equation_lumped_mg_coarse_ solve converged due to CONVERGED_ITS iterations 1
          Linear BackwardEuler-Equation_lumped_mg_coarse_ solve converged due to CONVERGED_ITS iterations 1
          Linear BackwardEuler-Equation_lumped_mg_coarse_ solve converged due to CONVERGED_ITS iterations 1
          Linear BackwardEuler-Equation_lumped_mg_coarse_ solve converged due to CONVERGED_ITS iterations 1
    Linear BackwardEuler-Equation_ solve converged due to CONVERGED_RTOL iterations 7
          Linear BackwardEuler-Equation_lumped_mg_coarse_ solve converged due to CONVERGED_ITS iterations 1
          Linear BackwardEuler-Equation_lumped_mg_coarse_ solve converged due to CONVERGED_ITS iterations 1
          Linear BackwardEuler-Equation_lumped_mg_coarse_ solve converged due to CONVERGED_ITS iterations 1
          Linear BackwardEuler-Equation_lumped_mg_coarse_ solve converged due to CONVERGED_ITS iterations 1
          Linear BackwardEuler-Equation_lumped_mg_coarse_ solve converged due to CONVERGED_ITS iterations 1
          Linear BackwardEuler-Equation_lumped_mg_coarse_ solve converged due to CONVERGED_ITS iterations 1
          Linear BackwardEuler-Equation_lumped_mg_coarse_ solve converged due to CONVERGED_ITS iterations 1
    Linear BackwardEuler-Equation_ solve converged due to CONVERGED_RTOL iterations 7
          Linear BackwardEuler-Equation_lumped_mg_coarse_ solve converged due to CONVERGED_ITS iterations 1
          Linear BackwardEuler-Equation_lumped_mg_coarse_ solve converged due to CONVERGED_ITS iterations 1
          Linear BackwardEuler-Equation_lumped_mg_coarse_ solve converged due to CONVERGED_ITS iterations 1
          Linear BackwardEuler-Equation_lumped_mg_coarse_ solve converged due to CONVERGED_ITS iterations 1
          Linear BackwardEuler-Equation_lumped_mg_coarse_ solve converged due to CONVERGED_ITS iterations 1
          Linear BackwardEuler-Equation_lumped_mg_coarse_ solve converged due to CONVERGED_ITS iterations 1
          Linear BackwardEuler-Equation_lumped_mg_coarse_ solve converged due to CONVERGED_ITS iterations 1
          Linear BackwardEuler-Equation_lumped_mg_coarse_ solve converged due to CONVERGED_ITS iterations 1
          Linear BackwardEuler-Equation_lumped_mg_coarse_ solve converged due to CONVERGED_ITS iterations 1
          Linear BackwardEuler-Equation_lumped_mg_coarse_ solve converged due to CONVERGED_ITS iterations 1
          Linear BackwardEuler-Equation_lumped_mg_coarse_ solve converged due to CONVERGED_ITS iterations 1
    Linear BackwardEuler-Equation_ solve converged due to CONVERGED_RTOL iterations 11
  Nonlinear BackwardEuler-Equation_ solve converged due to CONVERGED_SNORM_RELATIVE iterations 3
t = 4.37 d | step 23/100000 | dt = 43200.0 s | wall 9.83 s | NL 3 | L 25
          Linear BackwardEuler-Equation_lumped_mg_coarse_ solve converged due to CONVERGED_ITS iterations 1
          Linear BackwardEuler-Equation_lumped_mg_coarse_ solve converged due to CONVERGED_ITS iterations 1
          Linear BackwardEuler-Equation_lumped_mg_coarse_ solve converged due to CONVERGED_ITS iterations 1
          Linear BackwardEuler-Equation_lumped_mg_coarse_ solve converged due to CONVERGED_ITS iterations 1
          Linear BackwardEuler-Equation_lumped_mg_coarse_ solve converged due to CONVERGED_ITS iterations 1
          Linear BackwardEuler-Equation_lumped_mg_coarse_ solve converged due to CONVERGED_ITS iterations 1
          Linear BackwardEuler-Equation_lumped_mg_coarse_ solve converged due to CONVERGED_ITS iterations 1
    Linear BackwardEuler-Equation_ solve converged due to CONVERGED_RTOL iterations 7
          Linear BackwardEuler-Equation_lumped_mg_coarse_ solve converged due to CONVERGED_ITS iterations 1
          Linear BackwardEuler-Equation_lumped_mg_coarse_ solve converged due to CONVERGED_ITS iterations 1
          Linear BackwardEuler-Equation_lumped_mg_coarse_ solve converged due to CONVERGED_ITS iterations 1
          Linear BackwardEuler-Equation_lumped_mg_coarse_ solve converged due to CONVERGED_ITS iterations 1
          Linear BackwardEuler-Equation_lumped_mg_coarse_ solve converged due to CONVERGED_ITS iterations 1
          Linear BackwardEuler-Equation_lumped_mg_coarse_ solve converged due to CONVERGED_ITS iterations 1
          Linear BackwardEuler-Equation_lumped_mg_coarse_ solve converged due to CONVERGED_ITS iterations 1
          Linear BackwardEuler-Equation_lumped_mg_coarse_ solve converged due to CONVERGED_ITS iterations 1
          Linear BackwardEuler-Equation_lumped_mg_coarse_ solve converged due to CONVERGED_ITS iterations 1
    Linear BackwardEuler-Equation_ solve converged due to CONVERGED_RTOL iterations 9
          Linear BackwardEuler-Equation_lumped_mg_coarse_ solve converged due to CONVERGED_ITS iterations 1
          Linear BackwardEuler-Equation_lumped_mg_coarse_ solve converged due to CONVERGED_ITS iterations 1
          Linear BackwardEuler-Equation_lumped_mg_coarse_ solve converged due to CONVERGED_ITS iterations 1
          Linear BackwardEuler-Equation_lumped_mg_coarse_ solve converged due to CONVERGED_ITS iterations 1
          Linear BackwardEuler-Equation_lumped_mg_coarse_ solve converged due to CONVERGED_ITS iterations 1
          Linear BackwardEuler-Equation_lumped_mg_coarse_ solve converged due to CONVERGED_ITS iterations 1
          Linear BackwardEuler-Equation_lumped_mg_coarse_ solve converged due to CONVERGED_ITS iterations 1
          Linear BackwardEuler-Equation_lumped_mg_coarse_ solve converged due to CONVERGED_ITS iterations 1
          Linear BackwardEuler-Equation_lumped_mg_coarse_ solve converged due to CONVERGED_ITS iterations 1
          Linear BackwardEuler-Equation_lumped_mg_coarse_ solve converged due to CONVERGED_ITS iterations 1
    Linear BackwardEuler-Equation_ solve converged due to CONVERGED_RTOL iterations 10
  Nonlinear BackwardEuler-Equation_ solve converged due to CONVERGED_SNORM_RELATIVE iterations 3
t = 4.87 d | step 24/100000 | dt = 43200.0 s | wall 9.78 s | NL 3 | L 26
          Linear BackwardEuler-Equation_lumped_mg_coarse_ solve converged due to CONVERGED_ITS iterations 1
          Linear BackwardEuler-Equation_lumped_mg_coarse_ solve converged due to CONVERGED_ITS iterations 1
          Linear BackwardEuler-Equation_lumped_mg_coarse_ solve converged due to CONVERGED_ITS iterations 1
          Linear BackwardEuler-Equation_lumped_mg_coarse_ solve converged due to CONVERGED_ITS iterations 1
          Linear BackwardEuler-Equation_lumped_mg_coarse_ solve converged due to CONVERGED_ITS iterations 1
          Linear BackwardEuler-Equation_lumped_mg_coarse_ solve converged due to CONVERGED_ITS iterations 1
          Linear BackwardEuler-Equation_lumped_mg_coarse_ solve converged due to CONVERGED_ITS iterations 1
    Linear BackwardEuler-Equation_ solve converged due to CONVERGED_RTOL iterations 7
          Linear BackwardEuler-Equation_lumped_mg_coarse_ solve converged due to CONVERGED_ITS iterations 1
          Linear BackwardEuler-Equation_lumped_mg_coarse_ solve converged due to CONVERGED_ITS iterations 1
          Linear BackwardEuler-Equation_lumped_mg_coarse_ solve converged due to CONVERGED_ITS iterations 1
          Linear BackwardEuler-Equation_lumped_mg_coarse_ solve converged due to CONVERGED_ITS iterations 1
          Linear BackwardEuler-Equation_lumped_mg_coarse_ solve converged due to CONVERGED_ITS iterations 1
          Linear BackwardEuler-Equation_lumped_mg_coarse_ solve converged due to CONVERGED_ITS iterations 1
          Linear BackwardEuler-Equation_lumped_mg_coarse_ solve converged due to CONVERGED_ITS iterations 1
          Linear BackwardEuler-Equation_lumped_mg_coarse_ solve converged due to CONVERGED_ITS iterations 1
    Linear BackwardEuler-Equation_ solve converged due to CONVERGED_RTOL iterations 8
          Linear BackwardEuler-Equation_lumped_mg_coarse_ solve converged due to CONVERGED_ITS iterations 1
          Linear BackwardEuler-Equation_lumped_mg_coarse_ solve converged due to CONVERGED_ITS iterations 1
          Linear BackwardEuler-Equation_lumped_mg_coarse_ solve converged due to CONVERGED_ITS iterations 1
          Linear BackwardEuler-Equation_lumped_mg_coarse_ solve converged due to CONVERGED_ITS iterations 1
          Linear BackwardEuler-Equation_lumped_mg_coarse_ solve converged due to CONVERGED_ITS iterations 1
          Linear BackwardEuler-Equation_lumped_mg_coarse_ solve converged due to CONVERGED_ITS iterations 1
          Linear BackwardEuler-Equation_lumped_mg_coarse_ solve converged due to CONVERGED_ITS iterations 1
          Linear BackwardEuler-Equation_lumped_mg_coarse_ solve converged due to CONVERGED_ITS iterations 1
          Linear BackwardEuler-Equation_lumped_mg_coarse_ solve converged due to CONVERGED_ITS iterations 1
          Linear BackwardEuler-Equation_lumped_mg_coarse_ solve converged due to CONVERGED_ITS iterations 1
          Linear BackwardEuler-Equation_lumped_mg_coarse_ solve converged due to CONVERGED_ITS iterations 1
    Linear BackwardEuler-Equation_ solve converged due to CONVERGED_RTOL iterations 11
  Nonlinear BackwardEuler-Equation_ solve converged due to CONVERGED_SNORM_RELATIVE iterations 3
t = 5.37 d | step 25/100000 | dt = 43200.0 s | wall 9.72 s | NL 3 | L 26
          Linear BackwardEuler-Equation_lumped_mg_coarse_ solve converged due to CONVERGED_ITS iterations 1
          Linear BackwardEuler-Equation_lumped_mg_coarse_ solve converged due to CONVERGED_ITS iterations 1
          Linear BackwardEuler-Equation_lumped_mg_coarse_ solve converged due to CONVERGED_ITS iterations 1
          Linear BackwardEuler-Equation_lumped_mg_coarse_ solve converged due to CONVERGED_ITS iterations 1
          Linear BackwardEuler-Equation_lumped_mg_coarse_ solve converged due to CONVERGED_ITS iterations 1
          Linear BackwardEuler-Equation_lumped_mg_coarse_ solve converged due to CONVERGED_ITS iterations 1
          Linear BackwardEuler-Equation_lumped_mg_coarse_ solve converged due to CONVERGED_ITS iterations 1
    Linear BackwardEuler-Equation_ solve converged due to CONVERGED_RTOL iterations 7
          Linear BackwardEuler-Equation_lumped_mg_coarse_ solve converged due to CONVERGED_ITS iterations 1
          Linear BackwardEuler-Equation_lumped_mg_coarse_ solve converged due to CONVERGED_ITS iterations 1
          Linear BackwardEuler-Equation_lumped_mg_coarse_ solve converged due to CONVERGED_ITS iterations 1
          Linear BackwardEuler-Equation_lumped_mg_coarse_ solve converged due to CONVERGED_ITS iterations 1
          Linear BackwardEuler-Equation_lumped_mg_coarse_ solve converged due to CONVERGED_ITS iterations 1
          Linear BackwardEuler-Equation_lumped_mg_coarse_ solve converged due to CONVERGED_ITS iterations 1
          Linear BackwardEuler-Equation_lumped_mg_coarse_ solve converged due to CONVERGED_ITS iterations 1
          Linear BackwardEuler-Equation_lumped_mg_coarse_ solve converged due to CONVERGED_ITS iterations 1
    Linear BackwardEuler-Equation_ solve converged due to CONVERGED_RTOL iterations 8
          Linear BackwardEuler-Equation_lumped_mg_coarse_ solve converged due to CONVERGED_ITS iterations 1
          Linear BackwardEuler-Equation_lumped_mg_coarse_ solve converged due to CONVERGED_ITS iterations 1
          Linear BackwardEuler-Equation_lumped_mg_coarse_ solve converged due to CONVERGED_ITS iterations 1
          Linear BackwardEuler-Equation_lumped_mg_coarse_ solve converged due to CONVERGED_ITS iterations 1
          Linear BackwardEuler-Equation_lumped_mg_coarse_ solve converged due to CONVERGED_ITS iterations 1
          Linear BackwardEuler-Equation_lumped_mg_coarse_ solve converged due to CONVERGED_ITS iterations 1
          Linear BackwardEuler-Equation_lumped_mg_coarse_ solve converged due to CONVERGED_ITS iterations 1
          Linear BackwardEuler-Equation_lumped_mg_coarse_ solve converged due to CONVERGED_ITS iterations 1
          Linear BackwardEuler-Equation_lumped_mg_coarse_ solve converged due to CONVERGED_ITS iterations 1
          Linear BackwardEuler-Equation_lumped_mg_coarse_ solve converged due to CONVERGED_ITS iterations 1
          Linear BackwardEuler-Equation_lumped_mg_coarse_ solve converged due to CONVERGED_ITS iterations 1
    Linear BackwardEuler-Equation_ solve converged due to CONVERGED_RTOL iterations 11
  Nonlinear BackwardEuler-Equation_ solve converged due to CONVERGED_SNORM_RELATIVE iterations 3
t = 5.87 d | step 26/100000 | dt = 43200.0 s | wall 9.65 s | NL 3 | L 26
          Linear BackwardEuler-Equation_lumped_mg_coarse_ solve converged due to CONVERGED_ITS iterations 1
          Linear BackwardEuler-Equation_lumped_mg_coarse_ solve converged due to CONVERGED_ITS iterations 1
          Linear BackwardEuler-Equation_lumped_mg_coarse_ solve converged due to CONVERGED_ITS iterations 1
          Linear BackwardEuler-Equation_lumped_mg_coarse_ solve converged due to CONVERGED_ITS iterations 1
          Linear BackwardEuler-Equation_lumped_mg_coarse_ solve converged due to CONVERGED_ITS iterations 1
          Linear BackwardEuler-Equation_lumped_mg_coarse_ solve converged due to CONVERGED_ITS iterations 1
          Linear BackwardEuler-Equation_lumped_mg_coarse_ solve converged due to CONVERGED_ITS iterations 1
    Linear BackwardEuler-Equation_ solve converged due to CONVERGED_RTOL iterations 7
          Linear BackwardEuler-Equation_lumped_mg_coarse_ solve converged due to CONVERGED_ITS iterations 1
          Linear BackwardEuler-Equation_lumped_mg_coarse_ solve converged due to CONVERGED_ITS iterations 1
          Linear BackwardEuler-Equation_lumped_mg_coarse_ solve converged due to CONVERGED_ITS iterations 1
          Linear BackwardEuler-Equation_lumped_mg_coarse_ solve converged due to CONVERGED_ITS iterations 1
          Linear BackwardEuler-Equation_lumped_mg_coarse_ solve converged due to CONVERGED_ITS iterations 1
          Linear BackwardEuler-Equation_lumped_mg_coarse_ solve converged due to CONVERGED_ITS iterations 1
          Linear BackwardEuler-Equation_lumped_mg_coarse_ solve converged due to CONVERGED_ITS iterations 1
          Linear BackwardEuler-Equation_lumped_mg_coarse_ solve converged due to CONVERGED_ITS iterations 1
          Linear BackwardEuler-Equation_lumped_mg_coarse_ solve converged due to CONVERGED_ITS iterations 1
    Linear BackwardEuler-Equation_ solve converged due to CONVERGED_RTOL iterations 9
          Linear BackwardEuler-Equation_lumped_mg_coarse_ solve converged due to CONVERGED_ITS iterations 1
          Linear BackwardEuler-Equation_lumped_mg_coarse_ solve converged due to CONVERGED_ITS iterations 1
          Linear BackwardEuler-Equation_lumped_mg_coarse_ solve converged due to CONVERGED_ITS iterations 1
          Linear BackwardEuler-Equation_lumped_mg_coarse_ solve converged due to CONVERGED_ITS iterations 1
          Linear BackwardEuler-Equation_lumped_mg_coarse_ solve converged due to CONVERGED_ITS iterations 1
          Linear BackwardEuler-Equation_lumped_mg_coarse_ solve converged due to CONVERGED_ITS iterations 1
          Linear BackwardEuler-Equation_lumped_mg_coarse_ solve converged due to CONVERGED_ITS iterations 1
          Linear BackwardEuler-Equation_lumped_mg_coarse_ solve converged due to CONVERGED_ITS iterations 1
          Linear BackwardEuler-Equation_lumped_mg_coarse_ solve converged due to CONVERGED_ITS iterations 1
          Linear BackwardEuler-Equation_lumped_mg_coarse_ solve converged due to CONVERGED_ITS iterations 1
    Linear BackwardEuler-Equation_ solve converged due to CONVERGED_RTOL iterations 10
  Nonlinear BackwardEuler-Equation_ solve converged due to CONVERGED_SNORM_RELATIVE iterations 3
t = 6.37 d | step 27/100000 | dt = 43200.0 s | wall 9.62 s | NL 3 | L 26
          Linear BackwardEuler-Equation_lumped_mg_coarse_ solve converged due to CONVERGED_ITS iterations 1
          Linear BackwardEuler-Equation_lumped_mg_coarse_ solve converged due to CONVERGED_ITS iterations 1
          Linear BackwardEuler-Equation_lumped_mg_coarse_ solve converged due to CONVERGED_ITS iterations 1
          Linear BackwardEuler-Equation_lumped_mg_coarse_ solve converged due to CONVERGED_ITS iterations 1
          Linear BackwardEuler-Equation_lumped_mg_coarse_ solve converged due to CONVERGED_ITS iterations 1
          Linear BackwardEuler-Equation_lumped_mg_coarse_ solve converged due to CONVERGED_ITS iterations 1
          Linear BackwardEuler-Equation_lumped_mg_coarse_ solve converged due to CONVERGED_ITS iterations 1
    Linear BackwardEuler-Equation_ solve converged due to CONVERGED_RTOL iterations 7
          Linear BackwardEuler-Equation_lumped_mg_coarse_ solve converged due to CONVERGED_ITS iterations 1
          Linear BackwardEuler-Equation_lumped_mg_coarse_ solve converged due to CONVERGED_ITS iterations 1
          Linear BackwardEuler-Equation_lumped_mg_coarse_ solve converged due to CONVERGED_ITS iterations 1
          Linear BackwardEuler-Equation_lumped_mg_coarse_ solve converged due to CONVERGED_ITS iterations 1
          Linear BackwardEuler-Equation_lumped_mg_coarse_ solve converged due to CONVERGED_ITS iterations 1
          Linear BackwardEuler-Equation_lumped_mg_coarse_ solve converged due to CONVERGED_ITS iterations 1
          Linear BackwardEuler-Equation_lumped_mg_coarse_ solve converged due to CONVERGED_ITS iterations 1
          Linear BackwardEuler-Equation_lumped_mg_coarse_ solve converged due to CONVERGED_ITS iterations 1
    Linear BackwardEuler-Equation_ solve converged due to CONVERGED_RTOL iterations 8
          Linear BackwardEuler-Equation_lumped_mg_coarse_ solve converged due to CONVERGED_ITS iterations 1
          Linear BackwardEuler-Equation_lumped_mg_coarse_ solve converged due to CONVERGED_ITS iterations 1
          Linear BackwardEuler-Equation_lumped_mg_coarse_ solve converged due to CONVERGED_ITS iterations 1
          Linear BackwardEuler-Equation_lumped_mg_coarse_ solve converged due to CONVERGED_ITS iterations 1
          Linear BackwardEuler-Equation_lumped_mg_coarse_ solve converged due to CONVERGED_ITS iterations 1
          Linear BackwardEuler-Equation_lumped_mg_coarse_ solve converged due to CONVERGED_ITS iterations 1
          Linear BackwardEuler-Equation_lumped_mg_coarse_ solve converged due to CONVERGED_ITS iterations 1
          Linear BackwardEuler-Equation_lumped_mg_coarse_ solve converged due to CONVERGED_ITS iterations 1
          Linear BackwardEuler-Equation_lumped_mg_coarse_ solve converged due to CONVERGED_ITS iterations 1
          Linear BackwardEuler-Equation_lumped_mg_coarse_ solve converged due to CONVERGED_ITS iterations 1
          Linear BackwardEuler-Equation_lumped_mg_coarse_ solve converged due to CONVERGED_ITS iterations 1
          Linear BackwardEuler-Equation_lumped_mg_coarse_ solve converged due to CONVERGED_ITS iterations 1
    Linear BackwardEuler-Equation_ solve converged due to CONVERGED_RTOL iterations 12
  Nonlinear BackwardEuler-Equation_ solve converged due to CONVERGED_SNORM_RELATIVE iterations 3
t = 6.87 d | step 28/100000 | dt = 43200.0 s | wall 10.12 s | NL 3 | L 27
          Linear BackwardEuler-Equation_lumped_mg_coarse_ solve converged due to CONVERGED_ITS iterations 1
          Linear BackwardEuler-Equation_lumped_mg_coarse_ solve converged due to CONVERGED_ITS iterations 1
          Linear BackwardEuler-Equation_lumped_mg_coarse_ solve converged due to CONVERGED_ITS iterations 1
          Linear BackwardEuler-Equation_lumped_mg_coarse_ solve converged due to CONVERGED_ITS iterations 1
          Linear BackwardEuler-Equation_lumped_mg_coarse_ solve converged due to CONVERGED_ITS iterations 1
          Linear BackwardEuler-Equation_lumped_mg_coarse_ solve converged due to CONVERGED_ITS iterations 1
          Linear BackwardEuler-Equation_lumped_mg_coarse_ solve converged due to CONVERGED_ITS iterations 1
    Linear BackwardEuler-Equation_ solve converged due to CONVERGED_RTOL iterations 7
          Linear BackwardEuler-Equation_lumped_mg_coarse_ solve converged due to CONVERGED_ITS iterations 1
          Linear BackwardEuler-Equation_lumped_mg_coarse_ solve converged due to CONVERGED_ITS iterations 1
          Linear BackwardEuler-Equation_lumped_mg_coarse_ solve converged due to CONVERGED_ITS iterations 1
          Linear BackwardEuler-Equation_lumped_mg_coarse_ solve converged due to CONVERGED_ITS iterations 1
          Linear BackwardEuler-Equation_lumped_mg_coarse_ solve converged due to CONVERGED_ITS iterations 1
          Linear BackwardEuler-Equation_lumped_mg_coarse_ solve converged due to CONVERGED_ITS iterations 1
          Linear BackwardEuler-Equation_lumped_mg_coarse_ solve converged due to CONVERGED_ITS iterations 1
          Linear BackwardEuler-Equation_lumped_mg_coarse_ solve converged due to CONVERGED_ITS iterations 1
          Linear BackwardEuler-Equation_lumped_mg_coarse_ solve converged due to CONVERGED_ITS iterations 1
    Linear BackwardEuler-Equation_ solve converged due to CONVERGED_RTOL iterations 9
          Linear BackwardEuler-Equation_lumped_mg_coarse_ solve converged due to CONVERGED_ITS iterations 1
          Linear BackwardEuler-Equation_lumped_mg_coarse_ solve converged due to CONVERGED_ITS iterations 1
          Linear BackwardEuler-Equation_lumped_mg_coarse_ solve converged due to CONVERGED_ITS iterations 1
          Linear BackwardEuler-Equation_lumped_mg_coarse_ solve converged due to CONVERGED_ITS iterations 1
          Linear BackwardEuler-Equation_lumped_mg_coarse_ solve converged due to CONVERGED_ITS iterations 1
          Linear BackwardEuler-Equation_lumped_mg_coarse_ solve converged due to CONVERGED_ITS iterations 1
          Linear BackwardEuler-Equation_lumped_mg_coarse_ solve converged due to CONVERGED_ITS iterations 1
          Linear BackwardEuler-Equation_lumped_mg_coarse_ solve converged due to CONVERGED_ITS iterations 1
          Linear BackwardEuler-Equation_lumped_mg_coarse_ solve converged due to CONVERGED_ITS iterations 1
          Linear BackwardEuler-Equation_lumped_mg_coarse_ solve converged due to CONVERGED_ITS iterations 1
    Linear BackwardEuler-Equation_ solve converged due to CONVERGED_RTOL iterations 10
  Nonlinear BackwardEuler-Equation_ solve converged due to CONVERGED_SNORM_RELATIVE iterations 3
t = 7.37 d | step 29/100000 | dt = 43200.0 s | wall 9.74 s | NL 3 | L 26
          Linear BackwardEuler-Equation_lumped_mg_coarse_ solve converged due to CONVERGED_ITS iterations 1
          Linear BackwardEuler-Equation_lumped_mg_coarse_ solve converged due to CONVERGED_ITS iterations 1
          Linear BackwardEuler-Equation_lumped_mg_coarse_ solve converged due to CONVERGED_ITS iterations 1
          Linear BackwardEuler-Equation_lumped_mg_coarse_ solve converged due to CONVERGED_ITS iterations 1
          Linear BackwardEuler-Equation_lumped_mg_coarse_ solve converged due to CONVERGED_ITS iterations 1
          Linear BackwardEuler-Equation_lumped_mg_coarse_ solve converged due to CONVERGED_ITS iterations 1
          Linear BackwardEuler-Equation_lumped_mg_coarse_ solve converged due to CONVERGED_ITS iterations 1
    Linear BackwardEuler-Equation_ solve converged due to CONVERGED_RTOL iterations 7
          Linear BackwardEuler-Equation_lumped_mg_coarse_ solve converged due to CONVERGED_ITS iterations 1
          Linear BackwardEuler-Equation_lumped_mg_coarse_ solve converged due to CONVERGED_ITS iterations 1
          Linear BackwardEuler-Equation_lumped_mg_coarse_ solve converged due to CONVERGED_ITS iterations 1
          Linear BackwardEuler-Equation_lumped_mg_coarse_ solve converged due to CONVERGED_ITS iterations 1
          Linear BackwardEuler-Equation_lumped_mg_coarse_ solve converged due to CONVERGED_ITS iterations 1
          Linear BackwardEuler-Equation_lumped_mg_coarse_ solve converged due to CONVERGED_ITS iterations 1
          Linear BackwardEuler-Equation_lumped_mg_coarse_ solve converged due to CONVERGED_ITS iterations 1
    Linear BackwardEuler-Equation_ solve converged due to CONVERGED_RTOL iterations 7
          Linear BackwardEuler-Equation_lumped_mg_coarse_ solve converged due to CONVERGED_ITS iterations 1
          Linear BackwardEuler-Equation_lumped_mg_coarse_ solve converged due to CONVERGED_ITS iterations 1
          Linear BackwardEuler-Equation_lumped_mg_coarse_ solve converged due to CONVERGED_ITS iterations 1
          Linear BackwardEuler-Equation_lumped_mg_coarse_ solve converged due to CONVERGED_ITS iterations 1
          Linear BackwardEuler-Equation_lumped_mg_coarse_ solve converged due to CONVERGED_ITS iterations 1
          Linear BackwardEuler-Equation_lumped_mg_coarse_ solve converged due to CONVERGED_ITS iterations 1
          Linear BackwardEuler-Equation_lumped_mg_coarse_ solve converged due to CONVERGED_ITS iterations 1
          Linear BackwardEuler-Equation_lumped_mg_coarse_ solve converged due to CONVERGED_ITS iterations 1
          Linear BackwardEuler-Equation_lumped_mg_coarse_ solve converged due to CONVERGED_ITS iterations 1
          Linear BackwardEuler-Equation_lumped_mg_coarse_ solve converged due to CONVERGED_ITS iterations 1
          Linear BackwardEuler-Equation_lumped_mg_coarse_ solve converged due to CONVERGED_ITS iterations 1
    Linear BackwardEuler-Equation_ solve converged due to CONVERGED_RTOL iterations 11
  Nonlinear BackwardEuler-Equation_ solve converged due to CONVERGED_SNORM_RELATIVE iterations 3
t = 7.87 d | step 30/100000 | dt = 43200.0 s | wall 9.66 s | NL 3 | L 25
          Linear BackwardEuler-Equation_lumped_mg_coarse_ solve converged due to CONVERGED_ITS iterations 1
          Linear BackwardEuler-Equation_lumped_mg_coarse_ solve converged due to CONVERGED_ITS iterations 1
          Linear BackwardEuler-Equation_lumped_mg_coarse_ solve converged due to CONVERGED_ITS iterations 1
          Linear BackwardEuler-Equation_lumped_mg_coarse_ solve converged due to CONVERGED_ITS iterations 1
          Linear BackwardEuler-Equation_lumped_mg_coarse_ solve converged due to CONVERGED_ITS iterations 1
          Linear BackwardEuler-Equation_lumped_mg_coarse_ solve converged due to CONVERGED_ITS iterations 1
          Linear BackwardEuler-Equation_lumped_mg_coarse_ solve converged due to CONVERGED_ITS iterations 1
    Linear BackwardEuler-Equation_ solve converged due to CONVERGED_RTOL iterations 7
          Linear BackwardEuler-Equation_lumped_mg_coarse_ solve converged due to CONVERGED_ITS iterations 1
          Linear BackwardEuler-Equation_lumped_mg_coarse_ solve converged due to CONVERGED_ITS iterations 1
          Linear BackwardEuler-Equation_lumped_mg_coarse_ solve converged due to CONVERGED_ITS iterations 1
          Linear BackwardEuler-Equation_lumped_mg_coarse_ solve converged due to CONVERGED_ITS iterations 1
          Linear BackwardEuler-Equation_lumped_mg_coarse_ solve converged due to CONVERGED_ITS iterations 1
          Linear BackwardEuler-Equation_lumped_mg_coarse_ solve converged due to CONVERGED_ITS iterations 1
          Linear BackwardEuler-Equation_lumped_mg_coarse_ solve converged due to CONVERGED_ITS iterations 1
          Linear BackwardEuler-Equation_lumped_mg_coarse_ solve converged due to CONVERGED_ITS iterations 1
          Linear BackwardEuler-Equation_lumped_mg_coarse_ solve converged due to CONVERGED_ITS iterations 1
    Linear BackwardEuler-Equation_ solve converged due to CONVERGED_RTOL iterations 9
          Linear BackwardEuler-Equation_lumped_mg_coarse_ solve converged due to CONVERGED_ITS iterations 1
          Linear BackwardEuler-Equation_lumped_mg_coarse_ solve converged due to CONVERGED_ITS iterations 1
          Linear BackwardEuler-Equation_lumped_mg_coarse_ solve converged due to CONVERGED_ITS iterations 1
          Linear BackwardEuler-Equation_lumped_mg_coarse_ solve converged due to CONVERGED_ITS iterations 1
          Linear BackwardEuler-Equation_lumped_mg_coarse_ solve converged due to CONVERGED_ITS iterations 1
          Linear BackwardEuler-Equation_lumped_mg_coarse_ solve converged due to CONVERGED_ITS iterations 1
          Linear BackwardEuler-Equation_lumped_mg_coarse_ solve converged due to CONVERGED_ITS iterations 1
          Linear BackwardEuler-Equation_lumped_mg_coarse_ solve converged due to CONVERGED_ITS iterations 1
          Linear BackwardEuler-Equation_lumped_mg_coarse_ solve converged due to CONVERGED_ITS iterations 1
          Linear BackwardEuler-Equation_lumped_mg_coarse_ solve converged due to CONVERGED_ITS iterations 1
          Linear BackwardEuler-Equation_lumped_mg_coarse_ solve converged due to CONVERGED_ITS iterations 1
    Linear BackwardEuler-Equation_ solve converged due to CONVERGED_RTOL iterations 11
  Nonlinear BackwardEuler-Equation_ solve converged due to CONVERGED_SNORM_RELATIVE iterations 3
t = 8.37 d | step 31/100000 | dt = 43200.0 s | wall 10.07 s | NL 3 | L 27
          Linear BackwardEuler-Equation_lumped_mg_coarse_ solve converged due to CONVERGED_ITS iterations 1
          Linear BackwardEuler-Equation_lumped_mg_coarse_ solve converged due to CONVERGED_ITS iterations 1
          Linear BackwardEuler-Equation_lumped_mg_coarse_ solve converged due to CONVERGED_ITS iterations 1
          Linear BackwardEuler-Equation_lumped_mg_coarse_ solve converged due to CONVERGED_ITS iterations 1
          Linear BackwardEuler-Equation_lumped_mg_coarse_ solve converged due to CONVERGED_ITS iterations 1
          Linear BackwardEuler-Equation_lumped_mg_coarse_ solve converged due to CONVERGED_ITS iterations 1
          Linear BackwardEuler-Equation_lumped_mg_coarse_ solve converged due to CONVERGED_ITS iterations 1
    Linear BackwardEuler-Equation_ solve converged due to CONVERGED_RTOL iterations 7
          Linear BackwardEuler-Equation_lumped_mg_coarse_ solve converged due to CONVERGED_ITS iterations 1
          Linear BackwardEuler-Equation_lumped_mg_coarse_ solve converged due to CONVERGED_ITS iterations 1
          Linear BackwardEuler-Equation_lumped_mg_coarse_ solve converged due to CONVERGED_ITS iterations 1
          Linear BackwardEuler-Equation_lumped_mg_coarse_ solve converged due to CONVERGED_ITS iterations 1
          Linear BackwardEuler-Equation_lumped_mg_coarse_ solve converged due to CONVERGED_ITS iterations 1
          Linear BackwardEuler-Equation_lumped_mg_coarse_ solve converged due to CONVERGED_ITS iterations 1
          Linear BackwardEuler-Equation_lumped_mg_coarse_ solve converged due to CONVERGED_ITS iterations 1
          Linear BackwardEuler-Equation_lumped_mg_coarse_ solve converged due to CONVERGED_ITS iterations 1
          Linear BackwardEuler-Equation_lumped_mg_coarse_ solve converged due to CONVERGED_ITS iterations 1
    Linear BackwardEuler-Equation_ solve converged due to CONVERGED_RTOL iterations 9
          Linear BackwardEuler-Equation_lumped_mg_coarse_ solve converged due to CONVERGED_ITS iterations 1
          Linear BackwardEuler-Equation_lumped_mg_coarse_ solve converged due to CONVERGED_ITS iterations 1
          Linear BackwardEuler-Equation_lumped_mg_coarse_ solve converged due to CONVERGED_ITS iterations 1
          Linear BackwardEuler-Equation_lumped_mg_coarse_ solve converged due to CONVERGED_ITS iterations 1
          Linear BackwardEuler-Equation_lumped_mg_coarse_ solve converged due to CONVERGED_ITS iterations 1
          Linear BackwardEuler-Equation_lumped_mg_coarse_ solve converged due to CONVERGED_ITS iterations 1
          Linear BackwardEuler-Equation_lumped_mg_coarse_ solve converged due to CONVERGED_ITS iterations 1
          Linear BackwardEuler-Equation_lumped_mg_coarse_ solve converged due to CONVERGED_ITS iterations 1
          Linear BackwardEuler-Equation_lumped_mg_coarse_ solve converged due to CONVERGED_ITS iterations 1
          Linear BackwardEuler-Equation_lumped_mg_coarse_ solve converged due to CONVERGED_ITS iterations 1
    Linear BackwardEuler-Equation_ solve converged due to CONVERGED_RTOL iterations 10
  Nonlinear BackwardEuler-Equation_ solve converged due to CONVERGED_SNORM_RELATIVE iterations 3
t = 8.87 d | step 32/100000 | dt = 43200.0 s | wall 9.76 s | NL 3 | L 26
          Linear BackwardEuler-Equation_lumped_mg_coarse_ solve converged due to CONVERGED_ITS iterations 1
          Linear BackwardEuler-Equation_lumped_mg_coarse_ solve converged due to CONVERGED_ITS iterations 1
          Linear BackwardEuler-Equation_lumped_mg_coarse_ solve converged due to CONVERGED_ITS iterations 1
          Linear BackwardEuler-Equation_lumped_mg_coarse_ solve converged due to CONVERGED_ITS iterations 1
          Linear BackwardEuler-Equation_lumped_mg_coarse_ solve converged due to CONVERGED_ITS iterations 1
          Linear BackwardEuler-Equation_lumped_mg_coarse_ solve converged due to CONVERGED_ITS iterations 1
          Linear BackwardEuler-Equation_lumped_mg_coarse_ solve converged due to CONVERGED_ITS iterations 1
    Linear BackwardEuler-Equation_ solve converged due to CONVERGED_RTOL iterations 7
          Linear BackwardEuler-Equation_lumped_mg_coarse_ solve converged due to CONVERGED_ITS iterations 1
          Linear BackwardEuler-Equation_lumped_mg_coarse_ solve converged due to CONVERGED_ITS iterations 1
          Linear BackwardEuler-Equation_lumped_mg_coarse_ solve converged due to CONVERGED_ITS iterations 1
          Linear BackwardEuler-Equation_lumped_mg_coarse_ solve converged due to CONVERGED_ITS iterations 1
          Linear BackwardEuler-Equation_lumped_mg_coarse_ solve converged due to CONVERGED_ITS iterations 1
          Linear BackwardEuler-Equation_lumped_mg_coarse_ solve converged due to CONVERGED_ITS iterations 1
          Linear BackwardEuler-Equation_lumped_mg_coarse_ solve converged due to CONVERGED_ITS iterations 1
          Linear BackwardEuler-Equation_lumped_mg_coarse_ solve converged due to CONVERGED_ITS iterations 1
          Linear BackwardEuler-Equation_lumped_mg_coarse_ solve converged due to CONVERGED_ITS iterations 1
    Linear BackwardEuler-Equation_ solve converged due to CONVERGED_RTOL iterations 9
          Linear BackwardEuler-Equation_lumped_mg_coarse_ solve converged due to CONVERGED_ITS iterations 1
          Linear BackwardEuler-Equation_lumped_mg_coarse_ solve converged due to CONVERGED_ITS iterations 1
          Linear BackwardEuler-Equation_lumped_mg_coarse_ solve converged due to CONVERGED_ITS iterations 1
          Linear BackwardEuler-Equation_lumped_mg_coarse_ solve converged due to CONVERGED_ITS iterations 1
          Linear BackwardEuler-Equation_lumped_mg_coarse_ solve converged due to CONVERGED_ITS iterations 1
          Linear BackwardEuler-Equation_lumped_mg_coarse_ solve converged due to CONVERGED_ITS iterations 1
          Linear BackwardEuler-Equation_lumped_mg_coarse_ solve converged due to CONVERGED_ITS iterations 1
          Linear BackwardEuler-Equation_lumped_mg_coarse_ solve converged due to CONVERGED_ITS iterations 1
          Linear BackwardEuler-Equation_lumped_mg_coarse_ solve converged due to CONVERGED_ITS iterations 1
          Linear BackwardEuler-Equation_lumped_mg_coarse_ solve converged due to CONVERGED_ITS iterations 1
    Linear BackwardEuler-Equation_ solve converged due to CONVERGED_RTOL iterations 10
  Nonlinear BackwardEuler-Equation_ solve converged due to CONVERGED_SNORM_RELATIVE iterations 3
t = 9.37 d | step 33/100000 | dt = 43200.0 s | wall 9.73 s | NL 3 | L 26
          Linear BackwardEuler-Equation_lumped_mg_coarse_ solve converged due to CONVERGED_ITS iterations 1
          Linear BackwardEuler-Equation_lumped_mg_coarse_ solve converged due to CONVERGED_ITS iterations 1
          Linear BackwardEuler-Equation_lumped_mg_coarse_ solve converged due to CONVERGED_ITS iterations 1
          Linear BackwardEuler-Equation_lumped_mg_coarse_ solve converged due to CONVERGED_ITS iterations 1
          Linear BackwardEuler-Equation_lumped_mg_coarse_ solve converged due to CONVERGED_ITS iterations 1
          Linear BackwardEuler-Equation_lumped_mg_coarse_ solve converged due to CONVERGED_ITS iterations 1
          Linear BackwardEuler-Equation_lumped_mg_coarse_ solve converged due to CONVERGED_ITS iterations 1
    Linear BackwardEuler-Equation_ solve converged due to CONVERGED_RTOL iterations 7
          Linear BackwardEuler-Equation_lumped_mg_coarse_ solve converged due to CONVERGED_ITS iterations 1
          Linear BackwardEuler-Equation_lumped_mg_coarse_ solve converged due to CONVERGED_ITS iterations 1
          Linear BackwardEuler-Equation_lumped_mg_coarse_ solve converged due to CONVERGED_ITS iterations 1
          Linear BackwardEuler-Equation_lumped_mg_coarse_ solve converged due to CONVERGED_ITS iterations 1
          Linear BackwardEuler-Equation_lumped_mg_coarse_ solve converged due to CONVERGED_ITS iterations 1
          Linear BackwardEuler-Equation_lumped_mg_coarse_ solve converged due to CONVERGED_ITS iterations 1
          Linear BackwardEuler-Equation_lumped_mg_coarse_ solve converged due to CONVERGED_ITS iterations 1
          Linear BackwardEuler-Equation_lumped_mg_coarse_ solve converged due to CONVERGED_ITS iterations 1
    Linear BackwardEuler-Equation_ solve converged due to CONVERGED_RTOL iterations 8
          Linear BackwardEuler-Equation_lumped_mg_coarse_ solve converged due to CONVERGED_ITS iterations 1
          Linear BackwardEuler-Equation_lumped_mg_coarse_ solve converged due to CONVERGED_ITS iterations 1
          Linear BackwardEuler-Equation_lumped_mg_coarse_ solve converged due to CONVERGED_ITS iterations 1
          Linear BackwardEuler-Equation_lumped_mg_coarse_ solve converged due to CONVERGED_ITS iterations 1
          Linear BackwardEuler-Equation_lumped_mg_coarse_ solve converged due to CONVERGED_ITS iterations 1
          Linear BackwardEuler-Equation_lumped_mg_coarse_ solve converged due to CONVERGED_ITS iterations 1
          Linear BackwardEuler-Equation_lumped_mg_coarse_ solve converged due to CONVERGED_ITS iterations 1
          Linear BackwardEuler-Equation_lumped_mg_coarse_ solve converged due to CONVERGED_ITS iterations 1
          Linear BackwardEuler-Equation_lumped_mg_coarse_ solve converged due to CONVERGED_ITS iterations 1
          Linear BackwardEuler-Equation_lumped_mg_coarse_ solve converged due to CONVERGED_ITS iterations 1
          Linear BackwardEuler-Equation_lumped_mg_coarse_ solve converged due to CONVERGED_ITS iterations 1
    Linear BackwardEuler-Equation_ solve converged due to CONVERGED_RTOL iterations 11
  Nonlinear BackwardEuler-Equation_ solve converged due to CONVERGED_SNORM_RELATIVE iterations 3
t = 9.87 d | step 34/100000 | dt = 43200.0 s | wall 9.86 s | NL 3 | L 26
          Linear BackwardEuler-Equation_lumped_mg_coarse_ solve converged due to CONVERGED_ITS iterations 1
          Linear BackwardEuler-Equation_lumped_mg_coarse_ solve converged due to CONVERGED_ITS iterations 1
          Linear BackwardEuler-Equation_lumped_mg_coarse_ solve converged due to CONVERGED_ITS iterations 1
          Linear BackwardEuler-Equation_lumped_mg_coarse_ solve converged due to CONVERGED_ITS iterations 1
          Linear BackwardEuler-Equation_lumped_mg_coarse_ solve converged due to CONVERGED_ITS iterations 1
          Linear BackwardEuler-Equation_lumped_mg_coarse_ solve converged due to CONVERGED_ITS iterations 1
          Linear BackwardEuler-Equation_lumped_mg_coarse_ solve converged due to CONVERGED_ITS iterations 1
    Linear BackwardEuler-Equation_ solve converged due to CONVERGED_RTOL iterations 7
          Linear BackwardEuler-Equation_lumped_mg_coarse_ solve converged due to CONVERGED_ITS iterations 1
          Linear BackwardEuler-Equation_lumped_mg_coarse_ solve converged due to CONVERGED_ITS iterations 1
          Linear BackwardEuler-Equation_lumped_mg_coarse_ solve converged due to CONVERGED_ITS iterations 1
          Linear BackwardEuler-Equation_lumped_mg_coarse_ solve converged due to CONVERGED_ITS iterations 1
          Linear BackwardEuler-Equation_lumped_mg_coarse_ solve converged due to CONVERGED_ITS iterations 1
          Linear BackwardEuler-Equation_lumped_mg_coarse_ solve converged due to CONVERGED_ITS iterations 1
          Linear BackwardEuler-Equation_lumped_mg_coarse_ solve converged due to CONVERGED_ITS iterations 1
          Linear BackwardEuler-Equation_lumped_mg_coarse_ solve converged due to CONVERGED_ITS iterations 1
          Linear BackwardEuler-Equation_lumped_mg_coarse_ solve converged due to CONVERGED_ITS iterations 1
    Linear BackwardEuler-Equation_ solve converged due to CONVERGED_RTOL iterations 9
          Linear BackwardEuler-Equation_lumped_mg_coarse_ solve converged due to CONVERGED_ITS iterations 1
          Linear BackwardEuler-Equation_lumped_mg_coarse_ solve converged due to CONVERGED_ITS iterations 1
          Linear BackwardEuler-Equation_lumped_mg_coarse_ solve converged due to CONVERGED_ITS iterations 1
          Linear BackwardEuler-Equation_lumped_mg_coarse_ solve converged due to CONVERGED_ITS iterations 1
          Linear BackwardEuler-Equation_lumped_mg_coarse_ solve converged due to CONVERGED_ITS iterations 1
          Linear BackwardEuler-Equation_lumped_mg_coarse_ solve converged due to CONVERGED_ITS iterations 1
          Linear BackwardEuler-Equation_lumped_mg_coarse_ solve converged due to CONVERGED_ITS iterations 1
          Linear BackwardEuler-Equation_lumped_mg_coarse_ solve converged due to CONVERGED_ITS iterations 1
          Linear BackwardEuler-Equation_lumped_mg_coarse_ solve converged due to CONVERGED_ITS iterations 1
          Linear BackwardEuler-Equation_lumped_mg_coarse_ solve converged due to CONVERGED_ITS iterations 1
    Linear BackwardEuler-Equation_ solve converged due to CONVERGED_RTOL iterations 10
  Nonlinear BackwardEuler-Equation_ solve converged due to CONVERGED_SNORM_RELATIVE iterations 3
t = 10.37 d | step 35/100000 | dt = 43200.0 s | wall 9.88 s | NL 3 | L 26
          Linear BackwardEuler-Equation_lumped_mg_coarse_ solve converged due to CONVERGED_ITS iterations 1
          Linear BackwardEuler-Equation_lumped_mg_coarse_ solve converged due to CONVERGED_ITS iterations 1
          Linear BackwardEuler-Equation_lumped_mg_coarse_ solve converged due to CONVERGED_ITS iterations 1
          Linear BackwardEuler-Equation_lumped_mg_coarse_ solve converged due to CONVERGED_ITS iterations 1
          Linear BackwardEuler-Equation_lumped_mg_coarse_ solve converged due to CONVERGED_ITS iterations 1
          Linear BackwardEuler-Equation_lumped_mg_coarse_ solve converged due to CONVERGED_ITS iterations 1
          Linear BackwardEuler-Equation_lumped_mg_coarse_ solve converged due to CONVERGED_ITS iterations 1
    Linear BackwardEuler-Equation_ solve converged due to CONVERGED_RTOL iterations 7
          Linear BackwardEuler-Equation_lumped_mg_coarse_ solve converged due to CONVERGED_ITS iterations 1
          Linear BackwardEuler-Equation_lumped_mg_coarse_ solve converged due to CONVERGED_ITS iterations 1
          Linear BackwardEuler-Equation_lumped_mg_coarse_ solve converged due to CONVERGED_ITS iterations 1
          Linear BackwardEuler-Equation_lumped_mg_coarse_ solve converged due to CONVERGED_ITS iterations 1
          Linear BackwardEuler-Equation_lumped_mg_coarse_ solve converged due to CONVERGED_ITS iterations 1
          Linear BackwardEuler-Equation_lumped_mg_coarse_ solve converged due to CONVERGED_ITS iterations 1
          Linear BackwardEuler-Equation_lumped_mg_coarse_ solve converged due to CONVERGED_ITS iterations 1
          Linear BackwardEuler-Equation_lumped_mg_coarse_ solve converged due to CONVERGED_ITS iterations 1
          Linear BackwardEuler-Equation_lumped_mg_coarse_ solve converged due to CONVERGED_ITS iterations 1
    Linear BackwardEuler-Equation_ solve converged due to CONVERGED_RTOL iterations 9
          Linear BackwardEuler-Equation_lumped_mg_coarse_ solve converged due to CONVERGED_ITS iterations 1
          Linear BackwardEuler-Equation_lumped_mg_coarse_ solve converged due to CONVERGED_ITS iterations 1
          Linear BackwardEuler-Equation_lumped_mg_coarse_ solve converged due to CONVERGED_ITS iterations 1
          Linear BackwardEuler-Equation_lumped_mg_coarse_ solve converged due to CONVERGED_ITS iterations 1
          Linear BackwardEuler-Equation_lumped_mg_coarse_ solve converged due to CONVERGED_ITS iterations 1
          Linear BackwardEuler-Equation_lumped_mg_coarse_ solve converged due to CONVERGED_ITS iterations 1
          Linear BackwardEuler-Equation_lumped_mg_coarse_ solve converged due to CONVERGED_ITS iterations 1
          Linear BackwardEuler-Equation_lumped_mg_coarse_ solve converged due to CONVERGED_ITS iterations 1
          Linear BackwardEuler-Equation_lumped_mg_coarse_ solve converged due to CONVERGED_ITS iterations 1
          Linear BackwardEuler-Equation_lumped_mg_coarse_ solve converged due to CONVERGED_ITS iterations 1
    Linear BackwardEuler-Equation_ solve converged due to CONVERGED_RTOL iterations 10
  Nonlinear BackwardEuler-Equation_ solve converged due to CONVERGED_SNORM_RELATIVE iterations 3
t = 10.87 d | step 36/100000 | dt = 43200.0 s | wall 9.79 s | NL 3 | L 26
          Linear BackwardEuler-Equation_lumped_mg_coarse_ solve converged due to CONVERGED_ITS iterations 1
          Linear BackwardEuler-Equation_lumped_mg_coarse_ solve converged due to CONVERGED_ITS iterations 1
          Linear BackwardEuler-Equation_lumped_mg_coarse_ solve converged due to CONVERGED_ITS iterations 1
          Linear BackwardEuler-Equation_lumped_mg_coarse_ solve converged due to CONVERGED_ITS iterations 1
          Linear BackwardEuler-Equation_lumped_mg_coarse_ solve converged due to CONVERGED_ITS iterations 1
          Linear BackwardEuler-Equation_lumped_mg_coarse_ solve converged due to CONVERGED_ITS iterations 1
          Linear BackwardEuler-Equation_lumped_mg_coarse_ solve converged due to CONVERGED_ITS iterations 1
    Linear BackwardEuler-Equation_ solve converged due to CONVERGED_RTOL iterations 7
          Linear BackwardEuler-Equation_lumped_mg_coarse_ solve converged due to CONVERGED_ITS iterations 1
          Linear BackwardEuler-Equation_lumped_mg_coarse_ solve converged due to CONVERGED_ITS iterations 1
          Linear BackwardEuler-Equation_lumped_mg_coarse_ solve converged due to CONVERGED_ITS iterations 1
          Linear BackwardEuler-Equation_lumped_mg_coarse_ solve converged due to CONVERGED_ITS iterations 1
          Linear BackwardEuler-Equation_lumped_mg_coarse_ solve converged due to CONVERGED_ITS iterations 1
          Linear BackwardEuler-Equation_lumped_mg_coarse_ solve converged due to CONVERGED_ITS iterations 1
          Linear BackwardEuler-Equation_lumped_mg_coarse_ solve converged due to CONVERGED_ITS iterations 1
          Linear BackwardEuler-Equation_lumped_mg_coarse_ solve converged due to CONVERGED_ITS iterations 1
          Linear BackwardEuler-Equation_lumped_mg_coarse_ solve converged due to CONVERGED_ITS iterations 1
    Linear BackwardEuler-Equation_ solve converged due to CONVERGED_RTOL iterations 9
          Linear BackwardEuler-Equation_lumped_mg_coarse_ solve converged due to CONVERGED_ITS iterations 1
          Linear BackwardEuler-Equation_lumped_mg_coarse_ solve converged due to CONVERGED_ITS iterations 1
          Linear BackwardEuler-Equation_lumped_mg_coarse_ solve converged due to CONVERGED_ITS iterations 1
          Linear BackwardEuler-Equation_lumped_mg_coarse_ solve converged due to CONVERGED_ITS iterations 1
          Linear BackwardEuler-Equation_lumped_mg_coarse_ solve converged due to CONVERGED_ITS iterations 1
          Linear BackwardEuler-Equation_lumped_mg_coarse_ solve converged due to CONVERGED_ITS iterations 1
          Linear BackwardEuler-Equation_lumped_mg_coarse_ solve converged due to CONVERGED_ITS iterations 1
          Linear BackwardEuler-Equation_lumped_mg_coarse_ solve converged due to CONVERGED_ITS iterations 1
          Linear BackwardEuler-Equation_lumped_mg_coarse_ solve converged due to CONVERGED_ITS iterations 1
          Linear BackwardEuler-Equation_lumped_mg_coarse_ solve converged due to CONVERGED_ITS iterations 1
    Linear BackwardEuler-Equation_ solve converged due to CONVERGED_RTOL iterations 10
  Nonlinear BackwardEuler-Equation_ solve converged due to CONVERGED_SNORM_RELATIVE iterations 3
t = 11.37 d | step 37/100000 | dt = 43200.0 s | wall 9.73 s | NL 3 | L 26
          Linear BackwardEuler-Equation_lumped_mg_coarse_ solve converged due to CONVERGED_ITS iterations 1
          Linear BackwardEuler-Equation_lumped_mg_coarse_ solve converged due to CONVERGED_ITS iterations 1
          Linear BackwardEuler-Equation_lumped_mg_coarse_ solve converged due to CONVERGED_ITS iterations 1
          Linear BackwardEuler-Equation_lumped_mg_coarse_ solve converged due to CONVERGED_ITS iterations 1
          Linear BackwardEuler-Equation_lumped_mg_coarse_ solve converged due to CONVERGED_ITS iterations 1
          Linear BackwardEuler-Equation_lumped_mg_coarse_ solve converged due to CONVERGED_ITS iterations 1
          Linear BackwardEuler-Equation_lumped_mg_coarse_ solve converged due to CONVERGED_ITS iterations 1
    Linear BackwardEuler-Equation_ solve converged due to CONVERGED_RTOL iterations 7
          Linear BackwardEuler-Equation_lumped_mg_coarse_ solve converged due to CONVERGED_ITS iterations 1
          Linear BackwardEuler-Equation_lumped_mg_coarse_ solve converged due to CONVERGED_ITS iterations 1
          Linear BackwardEuler-Equation_lumped_mg_coarse_ solve converged due to CONVERGED_ITS iterations 1
          Linear BackwardEuler-Equation_lumped_mg_coarse_ solve converged due to CONVERGED_ITS iterations 1
          Linear BackwardEuler-Equation_lumped_mg_coarse_ solve converged due to CONVERGED_ITS iterations 1
          Linear BackwardEuler-Equation_lumped_mg_coarse_ solve converged due to CONVERGED_ITS iterations 1
          Linear BackwardEuler-Equation_lumped_mg_coarse_ solve converged due to CONVERGED_ITS iterations 1
          Linear BackwardEuler-Equation_lumped_mg_coarse_ solve converged due to CONVERGED_ITS iterations 1
          Linear BackwardEuler-Equation_lumped_mg_coarse_ solve converged due to CONVERGED_ITS iterations 1
    Linear BackwardEuler-Equation_ solve converged due to CONVERGED_RTOL iterations 9
          Linear BackwardEuler-Equation_lumped_mg_coarse_ solve converged due to CONVERGED_ITS iterations 1
          Linear BackwardEuler-Equation_lumped_mg_coarse_ solve converged due to CONVERGED_ITS iterations 1
          Linear BackwardEuler-Equation_lumped_mg_coarse_ solve converged due to CONVERGED_ITS iterations 1
          Linear BackwardEuler-Equation_lumped_mg_coarse_ solve converged due to CONVERGED_ITS iterations 1
          Linear BackwardEuler-Equation_lumped_mg_coarse_ solve converged due to CONVERGED_ITS iterations 1
          Linear BackwardEuler-Equation_lumped_mg_coarse_ solve converged due to CONVERGED_ITS iterations 1
          Linear BackwardEuler-Equation_lumped_mg_coarse_ solve converged due to CONVERGED_ITS iterations 1
          Linear BackwardEuler-Equation_lumped_mg_coarse_ solve converged due to CONVERGED_ITS iterations 1
          Linear BackwardEuler-Equation_lumped_mg_coarse_ solve converged due to CONVERGED_ITS iterations 1
          Linear BackwardEuler-Equation_lumped_mg_coarse_ solve converged due to CONVERGED_ITS iterations 1
    Linear BackwardEuler-Equation_ solve converged due to CONVERGED_RTOL iterations 10
  Nonlinear BackwardEuler-Equation_ solve converged due to CONVERGED_SNORM_RELATIVE iterations 3
t = 11.87 d | step 38/100000 | dt = 43200.0 s | wall 9.99 s | NL 3 | L 26
          Linear BackwardEuler-Equation_lumped_mg_coarse_ solve converged due to CONVERGED_ITS iterations 1
          Linear BackwardEuler-Equation_lumped_mg_coarse_ solve converged due to CONVERGED_ITS iterations 1
          Linear BackwardEuler-Equation_lumped_mg_coarse_ solve converged due to CONVERGED_ITS iterations 1
          Linear BackwardEuler-Equation_lumped_mg_coarse_ solve converged due to CONVERGED_ITS iterations 1
          Linear BackwardEuler-Equation_lumped_mg_coarse_ solve converged due to CONVERGED_ITS iterations 1
          Linear BackwardEuler-Equation_lumped_mg_coarse_ solve converged due to CONVERGED_ITS iterations 1
          Linear BackwardEuler-Equation_lumped_mg_coarse_ solve converged due to CONVERGED_ITS iterations 1
    Linear BackwardEuler-Equation_ solve converged due to CONVERGED_RTOL iterations 7
          Linear BackwardEuler-Equation_lumped_mg_coarse_ solve converged due to CONVERGED_ITS iterations 1
          Linear BackwardEuler-Equation_lumped_mg_coarse_ solve converged due to CONVERGED_ITS iterations 1
          Linear BackwardEuler-Equation_lumped_mg_coarse_ solve converged due to CONVERGED_ITS iterations 1
          Linear BackwardEuler-Equation_lumped_mg_coarse_ solve converged due to CONVERGED_ITS iterations 1
          Linear BackwardEuler-Equation_lumped_mg_coarse_ solve converged due to CONVERGED_ITS iterations 1
          Linear BackwardEuler-Equation_lumped_mg_coarse_ solve converged due to CONVERGED_ITS iterations 1
          Linear BackwardEuler-Equation_lumped_mg_coarse_ solve converged due to CONVERGED_ITS iterations 1
          Linear BackwardEuler-Equation_lumped_mg_coarse_ solve converged due to CONVERGED_ITS iterations 1
          Linear BackwardEuler-Equation_lumped_mg_coarse_ solve converged due to CONVERGED_ITS iterations 1
    Linear BackwardEuler-Equation_ solve converged due to CONVERGED_RTOL iterations 9
          Linear BackwardEuler-Equation_lumped_mg_coarse_ solve converged due to CONVERGED_ITS iterations 1
          Linear BackwardEuler-Equation_lumped_mg_coarse_ solve converged due to CONVERGED_ITS iterations 1
          Linear BackwardEuler-Equation_lumped_mg_coarse_ solve converged due to CONVERGED_ITS iterations 1
          Linear BackwardEuler-Equation_lumped_mg_coarse_ solve converged due to CONVERGED_ITS iterations 1
          Linear BackwardEuler-Equation_lumped_mg_coarse_ solve converged due to CONVERGED_ITS iterations 1
          Linear BackwardEuler-Equation_lumped_mg_coarse_ solve converged due to CONVERGED_ITS iterations 1
          Linear BackwardEuler-Equation_lumped_mg_coarse_ solve converged due to CONVERGED_ITS iterations 1
          Linear BackwardEuler-Equation_lumped_mg_coarse_ solve converged due to CONVERGED_ITS iterations 1
          Linear BackwardEuler-Equation_lumped_mg_coarse_ solve converged due to CONVERGED_ITS iterations 1
          Linear BackwardEuler-Equation_lumped_mg_coarse_ solve converged due to CONVERGED_ITS iterations 1
    Linear BackwardEuler-Equation_ solve converged due to CONVERGED_RTOL iterations 10
  Nonlinear BackwardEuler-Equation_ solve converged due to CONVERGED_SNORM_RELATIVE iterations 3
t = 12.37 d | step 39/100000 | dt = 43200.0 s | wall 9.77 s | NL 3 | L 26
          Linear BackwardEuler-Equation_lumped_mg_coarse_ solve converged due to CONVERGED_ITS iterations 1
          Linear BackwardEuler-Equation_lumped_mg_coarse_ solve converged due to CONVERGED_ITS iterations 1
          Linear BackwardEuler-Equation_lumped_mg_coarse_ solve converged due to CONVERGED_ITS iterations 1
          Linear BackwardEuler-Equation_lumped_mg_coarse_ solve converged due to CONVERGED_ITS iterations 1
          Linear BackwardEuler-Equation_lumped_mg_coarse_ solve converged due to CONVERGED_ITS iterations 1
          Linear BackwardEuler-Equation_lumped_mg_coarse_ solve converged due to CONVERGED_ITS iterations 1
          Linear BackwardEuler-Equation_lumped_mg_coarse_ solve converged due to CONVERGED_ITS iterations 1
    Linear BackwardEuler-Equation_ solve converged due to CONVERGED_RTOL iterations 7
          Linear BackwardEuler-Equation_lumped_mg_coarse_ solve converged due to CONVERGED_ITS iterations 1
          Linear BackwardEuler-Equation_lumped_mg_coarse_ solve converged due to CONVERGED_ITS iterations 1
          Linear BackwardEuler-Equation_lumped_mg_coarse_ solve converged due to CONVERGED_ITS iterations 1
          Linear BackwardEuler-Equation_lumped_mg_coarse_ solve converged due to CONVERGED_ITS iterations 1
          Linear BackwardEuler-Equation_lumped_mg_coarse_ solve converged due to CONVERGED_ITS iterations 1
          Linear BackwardEuler-Equation_lumped_mg_coarse_ solve converged due to CONVERGED_ITS iterations 1
          Linear BackwardEuler-Equation_lumped_mg_coarse_ solve converged due to CONVERGED_ITS iterations 1
          Linear BackwardEuler-Equation_lumped_mg_coarse_ solve converged due to CONVERGED_ITS iterations 1
          Linear BackwardEuler-Equation_lumped_mg_coarse_ solve converged due to CONVERGED_ITS iterations 1
    Linear BackwardEuler-Equation_ solve converged due to CONVERGED_RTOL iterations 9
          Linear BackwardEuler-Equation_lumped_mg_coarse_ solve converged due to CONVERGED_ITS iterations 1
          Linear BackwardEuler-Equation_lumped_mg_coarse_ solve converged due to CONVERGED_ITS iterations 1
          Linear BackwardEuler-Equation_lumped_mg_coarse_ solve converged due to CONVERGED_ITS iterations 1
          Linear BackwardEuler-Equation_lumped_mg_coarse_ solve converged due to CONVERGED_ITS iterations 1
          Linear BackwardEuler-Equation_lumped_mg_coarse_ solve converged due to CONVERGED_ITS iterations 1
          Linear BackwardEuler-Equation_lumped_mg_coarse_ solve converged due to CONVERGED_ITS iterations 1
          Linear BackwardEuler-Equation_lumped_mg_coarse_ solve converged due to CONVERGED_ITS iterations 1
          Linear BackwardEuler-Equation_lumped_mg_coarse_ solve converged due to CONVERGED_ITS iterations 1
          Linear BackwardEuler-Equation_lumped_mg_coarse_ solve converged due to CONVERGED_ITS iterations 1
          Linear BackwardEuler-Equation_lumped_mg_coarse_ solve converged due to CONVERGED_ITS iterations 1
    Linear BackwardEuler-Equation_ solve converged due to CONVERGED_RTOL iterations 10
  Nonlinear BackwardEuler-Equation_ solve converged due to CONVERGED_SNORM_RELATIVE iterations 3
t = 12.87 d | step 40/100000 | dt = 43200.0 s | wall 9.78 s | NL 3 | L 26
          Linear BackwardEuler-Equation_lumped_mg_coarse_ solve converged due to CONVERGED_ITS iterations 1
          Linear BackwardEuler-Equation_lumped_mg_coarse_ solve converged due to CONVERGED_ITS iterations 1
          Linear BackwardEuler-Equation_lumped_mg_coarse_ solve converged due to CONVERGED_ITS iterations 1
          Linear BackwardEuler-Equation_lumped_mg_coarse_ solve converged due to CONVERGED_ITS iterations 1
          Linear BackwardEuler-Equation_lumped_mg_coarse_ solve converged due to CONVERGED_ITS iterations 1
          Linear BackwardEuler-Equation_lumped_mg_coarse_ solve converged due to CONVERGED_ITS iterations 1
          Linear BackwardEuler-Equation_lumped_mg_coarse_ solve converged due to CONVERGED_ITS iterations 1
    Linear BackwardEuler-Equation_ solve converged due to CONVERGED_RTOL iterations 7
          Linear BackwardEuler-Equation_lumped_mg_coarse_ solve converged due to CONVERGED_ITS iterations 1
          Linear BackwardEuler-Equation_lumped_mg_coarse_ solve converged due to CONVERGED_ITS iterations 1
          Linear BackwardEuler-Equation_lumped_mg_coarse_ solve converged due to CONVERGED_ITS iterations 1
          Linear BackwardEuler-Equation_lumped_mg_coarse_ solve converged due to CONVERGED_ITS iterations 1
          Linear BackwardEuler-Equation_lumped_mg_coarse_ solve converged due to CONVERGED_ITS iterations 1
          Linear BackwardEuler-Equation_lumped_mg_coarse_ solve converged due to CONVERGED_ITS iterations 1
          Linear BackwardEuler-Equation_lumped_mg_coarse_ solve converged due to CONVERGED_ITS iterations 1
          Linear BackwardEuler-Equation_lumped_mg_coarse_ solve converged due to CONVERGED_ITS iterations 1
    Linear BackwardEuler-Equation_ solve converged due to CONVERGED_RTOL iterations 8
          Linear BackwardEuler-Equation_lumped_mg_coarse_ solve converged due to CONVERGED_ITS iterations 1
          Linear BackwardEuler-Equation_lumped_mg_coarse_ solve converged due to CONVERGED_ITS iterations 1
          Linear BackwardEuler-Equation_lumped_mg_coarse_ solve converged due to CONVERGED_ITS iterations 1
          Linear BackwardEuler-Equation_lumped_mg_coarse_ solve converged due to CONVERGED_ITS iterations 1
          Linear BackwardEuler-Equation_lumped_mg_coarse_ solve converged due to CONVERGED_ITS iterations 1
          Linear BackwardEuler-Equation_lumped_mg_coarse_ solve converged due to CONVERGED_ITS iterations 1
          Linear BackwardEuler-Equation_lumped_mg_coarse_ solve converged due to CONVERGED_ITS iterations 1
          Linear BackwardEuler-Equation_lumped_mg_coarse_ solve converged due to CONVERGED_ITS iterations 1
          Linear BackwardEuler-Equation_lumped_mg_coarse_ solve converged due to CONVERGED_ITS iterations 1
          Linear BackwardEuler-Equation_lumped_mg_coarse_ solve converged due to CONVERGED_ITS iterations 1
          Linear BackwardEuler-Equation_lumped_mg_coarse_ solve converged due to CONVERGED_ITS iterations 1
    Linear BackwardEuler-Equation_ solve converged due to CONVERGED_RTOL iterations 11
  Nonlinear BackwardEuler-Equation_ solve converged due to CONVERGED_SNORM_RELATIVE iterations 3
t = 13.37 d | step 41/100000 | dt = 43200.0 s | wall 9.76 s | NL 3 | L 26
          Linear BackwardEuler-Equation_lumped_mg_coarse_ solve converged due to CONVERGED_ITS iterations 1
          Linear BackwardEuler-Equation_lumped_mg_coarse_ solve converged due to CONVERGED_ITS iterations 1
          Linear BackwardEuler-Equation_lumped_mg_coarse_ solve converged due to CONVERGED_ITS iterations 1
          Linear BackwardEuler-Equation_lumped_mg_coarse_ solve converged due to CONVERGED_ITS iterations 1
          Linear BackwardEuler-Equation_lumped_mg_coarse_ solve converged due to CONVERGED_ITS iterations 1
          Linear BackwardEuler-Equation_lumped_mg_coarse_ solve converged due to CONVERGED_ITS iterations 1
          Linear BackwardEuler-Equation_lumped_mg_coarse_ solve converged due to CONVERGED_ITS iterations 1
    Linear BackwardEuler-Equation_ solve converged due to CONVERGED_RTOL iterations 7
          Linear BackwardEuler-Equation_lumped_mg_coarse_ solve converged due to CONVERGED_ITS iterations 1
          Linear BackwardEuler-Equation_lumped_mg_coarse_ solve converged due to CONVERGED_ITS iterations 1
          Linear BackwardEuler-Equation_lumped_mg_coarse_ solve converged due to CONVERGED_ITS iterations 1
          Linear BackwardEuler-Equation_lumped_mg_coarse_ solve converged due to CONVERGED_ITS iterations 1
          Linear BackwardEuler-Equation_lumped_mg_coarse_ solve converged due to CONVERGED_ITS iterations 1
          Linear BackwardEuler-Equation_lumped_mg_coarse_ solve converged due to CONVERGED_ITS iterations 1
          Linear BackwardEuler-Equation_lumped_mg_coarse_ solve converged due to CONVERGED_ITS iterations 1
          Linear BackwardEuler-Equation_lumped_mg_coarse_ solve converged due to CONVERGED_ITS iterations 1
          Linear BackwardEuler-Equation_lumped_mg_coarse_ solve converged due to CONVERGED_ITS iterations 1
    Linear BackwardEuler-Equation_ solve converged due to CONVERGED_RTOL iterations 9
          Linear BackwardEuler-Equation_lumped_mg_coarse_ solve converged due to CONVERGED_ITS iterations 1
          Linear BackwardEuler-Equation_lumped_mg_coarse_ solve converged due to CONVERGED_ITS iterations 1
          Linear BackwardEuler-Equation_lumped_mg_coarse_ solve converged due to CONVERGED_ITS iterations 1
          Linear BackwardEuler-Equation_lumped_mg_coarse_ solve converged due to CONVERGED_ITS iterations 1
          Linear BackwardEuler-Equation_lumped_mg_coarse_ solve converged due to CONVERGED_ITS iterations 1
          Linear BackwardEuler-Equation_lumped_mg_coarse_ solve converged due to CONVERGED_ITS iterations 1
          Linear BackwardEuler-Equation_lumped_mg_coarse_ solve converged due to CONVERGED_ITS iterations 1
          Linear BackwardEuler-Equation_lumped_mg_coarse_ solve converged due to CONVERGED_ITS iterations 1
          Linear BackwardEuler-Equation_lumped_mg_coarse_ solve converged due to CONVERGED_ITS iterations 1
          Linear BackwardEuler-Equation_lumped_mg_coarse_ solve converged due to CONVERGED_ITS iterations 1
    Linear BackwardEuler-Equation_ solve converged due to CONVERGED_RTOL iterations 10
  Nonlinear BackwardEuler-Equation_ solve converged due to CONVERGED_SNORM_RELATIVE iterations 3
t = 13.87 d | step 42/100000 | dt = 43200.0 s | wall 9.85 s | NL 3 | L 26
          Linear BackwardEuler-Equation_lumped_mg_coarse_ solve converged due to CONVERGED_ITS iterations 1
          Linear BackwardEuler-Equation_lumped_mg_coarse_ solve converged due to CONVERGED_ITS iterations 1
          Linear BackwardEuler-Equation_lumped_mg_coarse_ solve converged due to CONVERGED_ITS iterations 1
          Linear BackwardEuler-Equation_lumped_mg_coarse_ solve converged due to CONVERGED_ITS iterations 1
          Linear BackwardEuler-Equation_lumped_mg_coarse_ solve converged due to CONVERGED_ITS iterations 1
          Linear BackwardEuler-Equation_lumped_mg_coarse_ solve converged due to CONVERGED_ITS iterations 1
          Linear BackwardEuler-Equation_lumped_mg_coarse_ solve converged due to CONVERGED_ITS iterations 1
    Linear BackwardEuler-Equation_ solve converged due to CONVERGED_RTOL iterations 7
          Linear BackwardEuler-Equation_lumped_mg_coarse_ solve converged due to CONVERGED_ITS iterations 1
          Linear BackwardEuler-Equation_lumped_mg_coarse_ solve converged due to CONVERGED_ITS iterations 1
          Linear BackwardEuler-Equation_lumped_mg_coarse_ solve converged due to CONVERGED_ITS iterations 1
          Linear BackwardEuler-Equation_lumped_mg_coarse_ solve converged due to CONVERGED_ITS iterations 1
          Linear BackwardEuler-Equation_lumped_mg_coarse_ solve converged due to CONVERGED_ITS iterations 1
          Linear BackwardEuler-Equation_lumped_mg_coarse_ solve converged due to CONVERGED_ITS iterations 1
          Linear BackwardEuler-Equation_lumped_mg_coarse_ solve converged due to CONVERGED_ITS iterations 1
          Linear BackwardEuler-Equation_lumped_mg_coarse_ solve converged due to CONVERGED_ITS iterations 1
          Linear BackwardEuler-Equation_lumped_mg_coarse_ solve converged due to CONVERGED_ITS iterations 1
    Linear BackwardEuler-Equation_ solve converged due to CONVERGED_RTOL iterations 9
          Linear BackwardEuler-Equation_lumped_mg_coarse_ solve converged due to CONVERGED_ITS iterations 1
          Linear BackwardEuler-Equation_lumped_mg_coarse_ solve converged due to CONVERGED_ITS iterations 1
          Linear BackwardEuler-Equation_lumped_mg_coarse_ solve converged due to CONVERGED_ITS iterations 1
          Linear BackwardEuler-Equation_lumped_mg_coarse_ solve converged due to CONVERGED_ITS iterations 1
          Linear BackwardEuler-Equation_lumped_mg_coarse_ solve converged due to CONVERGED_ITS iterations 1
          Linear BackwardEuler-Equation_lumped_mg_coarse_ solve converged due to CONVERGED_ITS iterations 1
          Linear BackwardEuler-Equation_lumped_mg_coarse_ solve converged due to CONVERGED_ITS iterations 1
          Linear BackwardEuler-Equation_lumped_mg_coarse_ solve converged due to CONVERGED_ITS iterations 1
          Linear BackwardEuler-Equation_lumped_mg_coarse_ solve converged due to CONVERGED_ITS iterations 1
          Linear BackwardEuler-Equation_lumped_mg_coarse_ solve converged due to CONVERGED_ITS iterations 1
          Linear BackwardEuler-Equation_lumped_mg_coarse_ solve converged due to CONVERGED_ITS iterations 1
    Linear BackwardEuler-Equation_ solve converged due to CONVERGED_RTOL iterations 11
  Nonlinear BackwardEuler-Equation_ solve converged due to CONVERGED_SNORM_RELATIVE iterations 3
t = 14.37 d | step 43/100000 | dt = 43200.0 s | wall 10.04 s | NL 3 | L 27
          Linear BackwardEuler-Equation_lumped_mg_coarse_ solve converged due to CONVERGED_ITS iterations 1
          Linear BackwardEuler-Equation_lumped_mg_coarse_ solve converged due to CONVERGED_ITS iterations 1
          Linear BackwardEuler-Equation_lumped_mg_coarse_ solve converged due to CONVERGED_ITS iterations 1
          Linear BackwardEuler-Equation_lumped_mg_coarse_ solve converged due to CONVERGED_ITS iterations 1
          Linear BackwardEuler-Equation_lumped_mg_coarse_ solve converged due to CONVERGED_ITS iterations 1
          Linear BackwardEuler-Equation_lumped_mg_coarse_ solve converged due to CONVERGED_ITS iterations 1
          Linear BackwardEuler-Equation_lumped_mg_coarse_ solve converged due to CONVERGED_ITS iterations 1
    Linear BackwardEuler-Equation_ solve converged due to CONVERGED_RTOL iterations 7
          Linear BackwardEuler-Equation_lumped_mg_coarse_ solve converged due to CONVERGED_ITS iterations 1
          Linear BackwardEuler-Equation_lumped_mg_coarse_ solve converged due to CONVERGED_ITS iterations 1
          Linear BackwardEuler-Equation_lumped_mg_coarse_ solve converged due to CONVERGED_ITS iterations 1
          Linear BackwardEuler-Equation_lumped_mg_coarse_ solve converged due to CONVERGED_ITS iterations 1
          Linear BackwardEuler-Equation_lumped_mg_coarse_ solve converged due to CONVERGED_ITS iterations 1
          Linear BackwardEuler-Equation_lumped_mg_coarse_ solve converged due to CONVERGED_ITS iterations 1
          Linear BackwardEuler-Equation_lumped_mg_coarse_ solve converged due to CONVERGED_ITS iterations 1
          Linear BackwardEuler-Equation_lumped_mg_coarse_ solve converged due to CONVERGED_ITS iterations 1
          Linear BackwardEuler-Equation_lumped_mg_coarse_ solve converged due to CONVERGED_ITS iterations 1
          Linear BackwardEuler-Equation_lumped_mg_coarse_ solve converged due to CONVERGED_ITS iterations 1
    Linear BackwardEuler-Equation_ solve converged due to CONVERGED_RTOL iterations 10
          Linear BackwardEuler-Equation_lumped_mg_coarse_ solve converged due to CONVERGED_ITS iterations 1
          Linear BackwardEuler-Equation_lumped_mg_coarse_ solve converged due to CONVERGED_ITS iterations 1
          Linear BackwardEuler-Equation_lumped_mg_coarse_ solve converged due to CONVERGED_ITS iterations 1
          Linear BackwardEuler-Equation_lumped_mg_coarse_ solve converged due to CONVERGED_ITS iterations 1
          Linear BackwardEuler-Equation_lumped_mg_coarse_ solve converged due to CONVERGED_ITS iterations 1
          Linear BackwardEuler-Equation_lumped_mg_coarse_ solve converged due to CONVERGED_ITS iterations 1
          Linear BackwardEuler-Equation_lumped_mg_coarse_ solve converged due to CONVERGED_ITS iterations 1
          Linear BackwardEuler-Equation_lumped_mg_coarse_ solve converged due to CONVERGED_ITS iterations 1
          Linear BackwardEuler-Equation_lumped_mg_coarse_ solve converged due to CONVERGED_ITS iterations 1
          Linear BackwardEuler-Equation_lumped_mg_coarse_ solve converged due to CONVERGED_ITS iterations 1
          Linear BackwardEuler-Equation_lumped_mg_coarse_ solve converged due to CONVERGED_ITS iterations 1
    Linear BackwardEuler-Equation_ solve converged due to CONVERGED_RTOL iterations 11
  Nonlinear BackwardEuler-Equation_ solve converged due to CONVERGED_SNORM_RELATIVE iterations 3
t = 14.87 d | step 44/100000 | dt = 43200.0 s | wall 10.31 s | NL 3 | L 28
          Linear BackwardEuler-Equation_lumped_mg_coarse_ solve converged due to CONVERGED_ITS iterations 1
          Linear BackwardEuler-Equation_lumped_mg_coarse_ solve converged due to CONVERGED_ITS iterations 1
          Linear BackwardEuler-Equation_lumped_mg_coarse_ solve converged due to CONVERGED_ITS iterations 1
          Linear BackwardEuler-Equation_lumped_mg_coarse_ solve converged due to CONVERGED_ITS iterations 1
          Linear BackwardEuler-Equation_lumped_mg_coarse_ solve converged due to CONVERGED_ITS iterations 1
          Linear BackwardEuler-Equation_lumped_mg_coarse_ solve converged due to CONVERGED_ITS iterations 1
          Linear BackwardEuler-Equation_lumped_mg_coarse_ solve converged due to CONVERGED_ITS iterations 1
    Linear BackwardEuler-Equation_ solve converged due to CONVERGED_RTOL iterations 7
          Linear BackwardEuler-Equation_lumped_mg_coarse_ solve converged due to CONVERGED_ITS iterations 1
          Linear BackwardEuler-Equation_lumped_mg_coarse_ solve converged due to CONVERGED_ITS iterations 1
          Linear BackwardEuler-Equation_lumped_mg_coarse_ solve converged due to CONVERGED_ITS iterations 1
          Linear BackwardEuler-Equation_lumped_mg_coarse_ solve converged due to CONVERGED_ITS iterations 1
          Linear BackwardEuler-Equation_lumped_mg_coarse_ solve converged due to CONVERGED_ITS iterations 1
          Linear BackwardEuler-Equation_lumped_mg_coarse_ solve converged due to CONVERGED_ITS iterations 1
          Linear BackwardEuler-Equation_lumped_mg_coarse_ solve converged due to CONVERGED_ITS iterations 1
          Linear BackwardEuler-Equation_lumped_mg_coarse_ solve converged due to CONVERGED_ITS iterations 1
          Linear BackwardEuler-Equation_lumped_mg_coarse_ solve converged due to CONVERGED_ITS iterations 1
    Linear BackwardEuler-Equation_ solve converged due to CONVERGED_RTOL iterations 9
          Linear BackwardEuler-Equation_lumped_mg_coarse_ solve converged due to CONVERGED_ITS iterations 1
          Linear BackwardEuler-Equation_lumped_mg_coarse_ solve converged due to CONVERGED_ITS iterations 1
          Linear BackwardEuler-Equation_lumped_mg_coarse_ solve converged due to CONVERGED_ITS iterations 1
          Linear BackwardEuler-Equation_lumped_mg_coarse_ solve converged due to CONVERGED_ITS iterations 1
          Linear BackwardEuler-Equation_lumped_mg_coarse_ solve converged due to CONVERGED_ITS iterations 1
          Linear BackwardEuler-Equation_lumped_mg_coarse_ solve converged due to CONVERGED_ITS iterations 1
          Linear BackwardEuler-Equation_lumped_mg_coarse_ solve converged due to CONVERGED_ITS iterations 1
          Linear BackwardEuler-Equation_lumped_mg_coarse_ solve converged due to CONVERGED_ITS iterations 1
          Linear BackwardEuler-Equation_lumped_mg_coarse_ solve converged due to CONVERGED_ITS iterations 1
          Linear BackwardEuler-Equation_lumped_mg_coarse_ solve converged due to CONVERGED_ITS iterations 1
          Linear BackwardEuler-Equation_lumped_mg_coarse_ solve converged due to CONVERGED_ITS iterations 1
    Linear BackwardEuler-Equation_ solve converged due to CONVERGED_RTOL iterations 11
  Nonlinear BackwardEuler-Equation_ solve converged due to CONVERGED_SNORM_RELATIVE iterations 3
t = 15.37 d | step 45/100000 | dt = 43200.0 s | wall 10.04 s | NL 3 | L 27
          Linear BackwardEuler-Equation_lumped_mg_coarse_ solve converged due to CONVERGED_ITS iterations 1
          Linear BackwardEuler-Equation_lumped_mg_coarse_ solve converged due to CONVERGED_ITS iterations 1
          Linear BackwardEuler-Equation_lumped_mg_coarse_ solve converged due to CONVERGED_ITS iterations 1
          Linear BackwardEuler-Equation_lumped_mg_coarse_ solve converged due to CONVERGED_ITS iterations 1
          Linear BackwardEuler-Equation_lumped_mg_coarse_ solve converged due to CONVERGED_ITS iterations 1
          Linear BackwardEuler-Equation_lumped_mg_coarse_ solve converged due to CONVERGED_ITS iterations 1
          Linear BackwardEuler-Equation_lumped_mg_coarse_ solve converged due to CONVERGED_ITS iterations 1
    Linear BackwardEuler-Equation_ solve converged due to CONVERGED_RTOL iterations 7
          Linear BackwardEuler-Equation_lumped_mg_coarse_ solve converged due to CONVERGED_ITS iterations 1
          Linear BackwardEuler-Equation_lumped_mg_coarse_ solve converged due to CONVERGED_ITS iterations 1
          Linear BackwardEuler-Equation_lumped_mg_coarse_ solve converged due to CONVERGED_ITS iterations 1
          Linear BackwardEuler-Equation_lumped_mg_coarse_ solve converged due to CONVERGED_ITS iterations 1
          Linear BackwardEuler-Equation_lumped_mg_coarse_ solve converged due to CONVERGED_ITS iterations 1
          Linear BackwardEuler-Equation_lumped_mg_coarse_ solve converged due to CONVERGED_ITS iterations 1
          Linear BackwardEuler-Equation_lumped_mg_coarse_ solve converged due to CONVERGED_ITS iterations 1
          Linear BackwardEuler-Equation_lumped_mg_coarse_ solve converged due to CONVERGED_ITS iterations 1
    Linear BackwardEuler-Equation_ solve converged due to CONVERGED_RTOL iterations 8
          Linear BackwardEuler-Equation_lumped_mg_coarse_ solve converged due to CONVERGED_ITS iterations 1
          Linear BackwardEuler-Equation_lumped_mg_coarse_ solve converged due to CONVERGED_ITS iterations 1
          Linear BackwardEuler-Equation_lumped_mg_coarse_ solve converged due to CONVERGED_ITS iterations 1
          Linear BackwardEuler-Equation_lumped_mg_coarse_ solve converged due to CONVERGED_ITS iterations 1
          Linear BackwardEuler-Equation_lumped_mg_coarse_ solve converged due to CONVERGED_ITS iterations 1
          Linear BackwardEuler-Equation_lumped_mg_coarse_ solve converged due to CONVERGED_ITS iterations 1
          Linear BackwardEuler-Equation_lumped_mg_coarse_ solve converged due to CONVERGED_ITS iterations 1
          Linear BackwardEuler-Equation_lumped_mg_coarse_ solve converged due to CONVERGED_ITS iterations 1
          Linear BackwardEuler-Equation_lumped_mg_coarse_ solve converged due to CONVERGED_ITS iterations 1
          Linear BackwardEuler-Equation_lumped_mg_coarse_ solve converged due to CONVERGED_ITS iterations 1
    Linear BackwardEuler-Equation_ solve converged due to CONVERGED_RTOL iterations 10
  Nonlinear BackwardEuler-Equation_ solve converged due to CONVERGED_SNORM_RELATIVE iterations 3
t = 15.87 d | step 46/100000 | dt = 43200.0 s | wall 9.54 s | NL 3 | L 25
          Linear BackwardEuler-Equation_lumped_mg_coarse_ solve converged due to CONVERGED_ITS iterations 1
          Linear BackwardEuler-Equation_lumped_mg_coarse_ solve converged due to CONVERGED_ITS iterations 1
          Linear BackwardEuler-Equation_lumped_mg_coarse_ solve converged due to CONVERGED_ITS iterations 1
          Linear BackwardEuler-Equation_lumped_mg_coarse_ solve converged due to CONVERGED_ITS iterations 1
          Linear BackwardEuler-Equation_lumped_mg_coarse_ solve converged due to CONVERGED_ITS iterations 1
          Linear BackwardEuler-Equation_lumped_mg_coarse_ solve converged due to CONVERGED_ITS iterations 1
          Linear BackwardEuler-Equation_lumped_mg_coarse_ solve converged due to CONVERGED_ITS iterations 1
    Linear BackwardEuler-Equation_ solve converged due to CONVERGED_RTOL iterations 7
          Linear BackwardEuler-Equation_lumped_mg_coarse_ solve converged due to CONVERGED_ITS iterations 1
          Linear BackwardEuler-Equation_lumped_mg_coarse_ solve converged due to CONVERGED_ITS iterations 1
          Linear BackwardEuler-Equation_lumped_mg_coarse_ solve converged due to CONVERGED_ITS iterations 1
          Linear BackwardEuler-Equation_lumped_mg_coarse_ solve converged due to CONVERGED_ITS iterations 1
          Linear BackwardEuler-Equation_lumped_mg_coarse_ solve converged due to CONVERGED_ITS iterations 1
          Linear BackwardEuler-Equation_lumped_mg_coarse_ solve converged due to CONVERGED_ITS iterations 1
          Linear BackwardEuler-Equation_lumped_mg_coarse_ solve converged due to CONVERGED_ITS iterations 1
          Linear BackwardEuler-Equation_lumped_mg_coarse_ solve converged due to CONVERGED_ITS iterations 1
    Linear BackwardEuler-Equation_ solve converged due to CONVERGED_RTOL iterations 8
          Linear BackwardEuler-Equation_lumped_mg_coarse_ solve converged due to CONVERGED_ITS iterations 1
          Linear BackwardEuler-Equation_lumped_mg_coarse_ solve converged due to CONVERGED_ITS iterations 1
          Linear BackwardEuler-Equation_lumped_mg_coarse_ solve converged due to CONVERGED_ITS iterations 1
          Linear BackwardEuler-Equation_lumped_mg_coarse_ solve converged due to CONVERGED_ITS iterations 1
          Linear BackwardEuler-Equation_lumped_mg_coarse_ solve converged due to CONVERGED_ITS iterations 1
          Linear BackwardEuler-Equation_lumped_mg_coarse_ solve converged due to CONVERGED_ITS iterations 1
          Linear BackwardEuler-Equation_lumped_mg_coarse_ solve converged due to CONVERGED_ITS iterations 1
          Linear BackwardEuler-Equation_lumped_mg_coarse_ solve converged due to CONVERGED_ITS iterations 1
          Linear BackwardEuler-Equation_lumped_mg_coarse_ solve converged due to CONVERGED_ITS iterations 1
          Linear BackwardEuler-Equation_lumped_mg_coarse_ solve converged due to CONVERGED_ITS iterations 1
          Linear BackwardEuler-Equation_lumped_mg_coarse_ solve converged due to CONVERGED_ITS iterations 1
    Linear BackwardEuler-Equation_ solve converged due to CONVERGED_RTOL iterations 11
  Nonlinear BackwardEuler-Equation_ solve converged due to CONVERGED_SNORM_RELATIVE iterations 3
t = 16.37 d | step 47/100000 | dt = 43200.0 s | wall 9.80 s | NL 3 | L 26
          Linear BackwardEuler-Equation_lumped_mg_coarse_ solve converged due to CONVERGED_ITS iterations 1
          Linear BackwardEuler-Equation_lumped_mg_coarse_ solve converged due to CONVERGED_ITS iterations 1
          Linear BackwardEuler-Equation_lumped_mg_coarse_ solve converged due to CONVERGED_ITS iterations 1
          Linear BackwardEuler-Equation_lumped_mg_coarse_ solve converged due to CONVERGED_ITS iterations 1
          Linear BackwardEuler-Equation_lumped_mg_coarse_ solve converged due to CONVERGED_ITS iterations 1
          Linear BackwardEuler-Equation_lumped_mg_coarse_ solve converged due to CONVERGED_ITS iterations 1
          Linear BackwardEuler-Equation_lumped_mg_coarse_ solve converged due to CONVERGED_ITS iterations 1
    Linear BackwardEuler-Equation_ solve converged due to CONVERGED_RTOL iterations 7
          Linear BackwardEuler-Equation_lumped_mg_coarse_ solve converged due to CONVERGED_ITS iterations 1
          Linear BackwardEuler-Equation_lumped_mg_coarse_ solve converged due to CONVERGED_ITS iterations 1
          Linear BackwardEuler-Equation_lumped_mg_coarse_ solve converged due to CONVERGED_ITS iterations 1
          Linear BackwardEuler-Equation_lumped_mg_coarse_ solve converged due to CONVERGED_ITS iterations 1
          Linear BackwardEuler-Equation_lumped_mg_coarse_ solve converged due to CONVERGED_ITS iterations 1
          Linear BackwardEuler-Equation_lumped_mg_coarse_ solve converged due to CONVERGED_ITS iterations 1
          Linear BackwardEuler-Equation_lumped_mg_coarse_ solve converged due to CONVERGED_ITS iterations 1
          Linear BackwardEuler-Equation_lumped_mg_coarse_ solve converged due to CONVERGED_ITS iterations 1
          Linear BackwardEuler-Equation_lumped_mg_coarse_ solve converged due to CONVERGED_ITS iterations 1
    Linear BackwardEuler-Equation_ solve converged due to CONVERGED_RTOL iterations 9
          Linear BackwardEuler-Equation_lumped_mg_coarse_ solve converged due to CONVERGED_ITS iterations 1
          Linear BackwardEuler-Equation_lumped_mg_coarse_ solve converged due to CONVERGED_ITS iterations 1
          Linear BackwardEuler-Equation_lumped_mg_coarse_ solve converged due to CONVERGED_ITS iterations 1
          Linear BackwardEuler-Equation_lumped_mg_coarse_ solve converged due to CONVERGED_ITS iterations 1
          Linear BackwardEuler-Equation_lumped_mg_coarse_ solve converged due to CONVERGED_ITS iterations 1
          Linear BackwardEuler-Equation_lumped_mg_coarse_ solve converged due to CONVERGED_ITS iterations 1
          Linear BackwardEuler-Equation_lumped_mg_coarse_ solve converged due to CONVERGED_ITS iterations 1
          Linear BackwardEuler-Equation_lumped_mg_coarse_ solve converged due to CONVERGED_ITS iterations 1
          Linear BackwardEuler-Equation_lumped_mg_coarse_ solve converged due to CONVERGED_ITS iterations 1
    Linear BackwardEuler-Equation_ solve converged due to CONVERGED_RTOL iterations 9
  Nonlinear BackwardEuler-Equation_ solve converged due to CONVERGED_SNORM_RELATIVE iterations 3
t = 16.87 d | step 48/100000 | dt = 43200.0 s | wall 9.65 s | NL 3 | L 25
          Linear BackwardEuler-Equation_lumped_mg_coarse_ solve converged due to CONVERGED_ITS iterations 1
          Linear BackwardEuler-Equation_lumped_mg_coarse_ solve converged due to CONVERGED_ITS iterations 1
          Linear BackwardEuler-Equation_lumped_mg_coarse_ solve converged due to CONVERGED_ITS iterations 1
          Linear BackwardEuler-Equation_lumped_mg_coarse_ solve converged due to CONVERGED_ITS iterations 1
          Linear BackwardEuler-Equation_lumped_mg_coarse_ solve converged due to CONVERGED_ITS iterations 1
          Linear BackwardEuler-Equation_lumped_mg_coarse_ solve converged due to CONVERGED_ITS iterations 1
          Linear BackwardEuler-Equation_lumped_mg_coarse_ solve converged due to CONVERGED_ITS iterations 1
    Linear BackwardEuler-Equation_ solve converged due to CONVERGED_RTOL iterations 7
          Linear BackwardEuler-Equation_lumped_mg_coarse_ solve converged due to CONVERGED_ITS iterations 1
          Linear BackwardEuler-Equation_lumped_mg_coarse_ solve converged due to CONVERGED_ITS iterations 1
          Linear BackwardEuler-Equation_lumped_mg_coarse_ solve converged due to CONVERGED_ITS iterations 1
          Linear BackwardEuler-Equation_lumped_mg_coarse_ solve converged due to CONVERGED_ITS iterations 1
          Linear BackwardEuler-Equation_lumped_mg_coarse_ solve converged due to CONVERGED_ITS iterations 1
          Linear BackwardEuler-Equation_lumped_mg_coarse_ solve converged due to CONVERGED_ITS iterations 1
          Linear BackwardEuler-Equation_lumped_mg_coarse_ solve converged due to CONVERGED_ITS iterations 1
          Linear BackwardEuler-Equation_lumped_mg_coarse_ solve converged due to CONVERGED_ITS iterations 1
    Linear BackwardEuler-Equation_ solve converged due to CONVERGED_RTOL iterations 8
          Linear BackwardEuler-Equation_lumped_mg_coarse_ solve converged due to CONVERGED_ITS iterations 1
          Linear BackwardEuler-Equation_lumped_mg_coarse_ solve converged due to CONVERGED_ITS iterations 1
          Linear BackwardEuler-Equation_lumped_mg_coarse_ solve converged due to CONVERGED_ITS iterations 1
          Linear BackwardEuler-Equation_lumped_mg_coarse_ solve converged due to CONVERGED_ITS iterations 1
          Linear BackwardEuler-Equation_lumped_mg_coarse_ solve converged due to CONVERGED_ITS iterations 1
          Linear BackwardEuler-Equation_lumped_mg_coarse_ solve converged due to CONVERGED_ITS iterations 1
          Linear BackwardEuler-Equation_lumped_mg_coarse_ solve converged due to CONVERGED_ITS iterations 1
          Linear BackwardEuler-Equation_lumped_mg_coarse_ solve converged due to CONVERGED_ITS iterations 1
          Linear BackwardEuler-Equation_lumped_mg_coarse_ solve converged due to CONVERGED_ITS iterations 1
          Linear BackwardEuler-Equation_lumped_mg_coarse_ solve converged due to CONVERGED_ITS iterations 1
          Linear BackwardEuler-Equation_lumped_mg_coarse_ solve converged due to CONVERGED_ITS iterations 1
    Linear BackwardEuler-Equation_ solve converged due to CONVERGED_RTOL iterations 11
  Nonlinear BackwardEuler-Equation_ solve converged due to CONVERGED_SNORM_RELATIVE iterations 3
t = 17.37 d | step 49/100000 | dt = 43200.0 s | wall 9.82 s | NL 3 | L 26
          Linear BackwardEuler-Equation_lumped_mg_coarse_ solve converged due to CONVERGED_ITS iterations 1
          Linear BackwardEuler-Equation_lumped_mg_coarse_ solve converged due to CONVERGED_ITS iterations 1
          Linear BackwardEuler-Equation_lumped_mg_coarse_ solve converged due to CONVERGED_ITS iterations 1
          Linear BackwardEuler-Equation_lumped_mg_coarse_ solve converged due to CONVERGED_ITS iterations 1
          Linear BackwardEuler-Equation_lumped_mg_coarse_ solve converged due to CONVERGED_ITS iterations 1
          Linear BackwardEuler-Equation_lumped_mg_coarse_ solve converged due to CONVERGED_ITS iterations 1
          Linear BackwardEuler-Equation_lumped_mg_coarse_ solve converged due to CONVERGED_ITS iterations 1
    Linear BackwardEuler-Equation_ solve converged due to CONVERGED_RTOL iterations 7
          Linear BackwardEuler-Equation_lumped_mg_coarse_ solve converged due to CONVERGED_ITS iterations 1
          Linear BackwardEuler-Equation_lumped_mg_coarse_ solve converged due to CONVERGED_ITS iterations 1
          Linear BackwardEuler-Equation_lumped_mg_coarse_ solve converged due to CONVERGED_ITS iterations 1
          Linear BackwardEuler-Equation_lumped_mg_coarse_ solve converged due to CONVERGED_ITS iterations 1
          Linear BackwardEuler-Equation_lumped_mg_coarse_ solve converged due to CONVERGED_ITS iterations 1
          Linear BackwardEuler-Equation_lumped_mg_coarse_ solve converged due to CONVERGED_ITS iterations 1
          Linear BackwardEuler-Equation_lumped_mg_coarse_ solve converged due to CONVERGED_ITS iterations 1
          Linear BackwardEuler-Equation_lumped_mg_coarse_ solve converged due to CONVERGED_ITS iterations 1
          Linear BackwardEuler-Equation_lumped_mg_coarse_ solve converged due to CONVERGED_ITS iterations 1
    Linear BackwardEuler-Equation_ solve converged due to CONVERGED_RTOL iterations 9
          Linear BackwardEuler-Equation_lumped_mg_coarse_ solve converged due to CONVERGED_ITS iterations 1
          Linear BackwardEuler-Equation_lumped_mg_coarse_ solve converged due to CONVERGED_ITS iterations 1
          Linear BackwardEuler-Equation_lumped_mg_coarse_ solve converged due to CONVERGED_ITS iterations 1
          Linear BackwardEuler-Equation_lumped_mg_coarse_ solve converged due to CONVERGED_ITS iterations 1
          Linear BackwardEuler-Equation_lumped_mg_coarse_ solve converged due to CONVERGED_ITS iterations 1
          Linear BackwardEuler-Equation_lumped_mg_coarse_ solve converged due to CONVERGED_ITS iterations 1
          Linear BackwardEuler-Equation_lumped_mg_coarse_ solve converged due to CONVERGED_ITS iterations 1
          Linear BackwardEuler-Equation_lumped_mg_coarse_ solve converged due to CONVERGED_ITS iterations 1
          Linear BackwardEuler-Equation_lumped_mg_coarse_ solve converged due to CONVERGED_ITS iterations 1
          Linear BackwardEuler-Equation_lumped_mg_coarse_ solve converged due to CONVERGED_ITS iterations 1
          Linear BackwardEuler-Equation_lumped_mg_coarse_ solve converged due to CONVERGED_ITS iterations 1
          Linear BackwardEuler-Equation_lumped_mg_coarse_ solve converged due to CONVERGED_ITS iterations 1
    Linear BackwardEuler-Equation_ solve converged due to CONVERGED_RTOL iterations 12
  Nonlinear BackwardEuler-Equation_ solve converged due to CONVERGED_SNORM_RELATIVE iterations 3
t = 17.87 d | step 50/100000 | dt = 43200.0 s | wall 10.36 s | NL 3 | L 28
          Linear BackwardEuler-Equation_lumped_mg_coarse_ solve converged due to CONVERGED_ITS iterations 1
          Linear BackwardEuler-Equation_lumped_mg_coarse_ solve converged due to CONVERGED_ITS iterations 1
          Linear BackwardEuler-Equation_lumped_mg_coarse_ solve converged due to CONVERGED_ITS iterations 1
          Linear BackwardEuler-Equation_lumped_mg_coarse_ solve converged due to CONVERGED_ITS iterations 1
          Linear BackwardEuler-Equation_lumped_mg_coarse_ solve converged due to CONVERGED_ITS iterations 1
          Linear BackwardEuler-Equation_lumped_mg_coarse_ solve converged due to CONVERGED_ITS iterations 1
          Linear BackwardEuler-Equation_lumped_mg_coarse_ solve converged due to CONVERGED_ITS iterations 1
    Linear BackwardEuler-Equation_ solve converged due to CONVERGED_RTOL iterations 7
          Linear BackwardEuler-Equation_lumped_mg_coarse_ solve converged due to CONVERGED_ITS iterations 1
          Linear BackwardEuler-Equation_lumped_mg_coarse_ solve converged due to CONVERGED_ITS iterations 1
          Linear BackwardEuler-Equation_lumped_mg_coarse_ solve converged due to CONVERGED_ITS iterations 1
          Linear BackwardEuler-Equation_lumped_mg_coarse_ solve converged due to CONVERGED_ITS iterations 1
          Linear BackwardEuler-Equation_lumped_mg_coarse_ solve converged due to CONVERGED_ITS iterations 1
          Linear BackwardEuler-Equation_lumped_mg_coarse_ solve converged due to CONVERGED_ITS iterations 1
          Linear BackwardEuler-Equation_lumped_mg_coarse_ solve converged due to CONVERGED_ITS iterations 1
          Linear BackwardEuler-Equation_lumped_mg_coarse_ solve converged due to CONVERGED_ITS iterations 1
    Linear BackwardEuler-Equation_ solve converged due to CONVERGED_RTOL iterations 8
          Linear BackwardEuler-Equation_lumped_mg_coarse_ solve converged due to CONVERGED_ITS iterations 1
          Linear BackwardEuler-Equation_lumped_mg_coarse_ solve converged due to CONVERGED_ITS iterations 1
          Linear BackwardEuler-Equation_lumped_mg_coarse_ solve converged due to CONVERGED_ITS iterations 1
          Linear BackwardEuler-Equation_lumped_mg_coarse_ solve converged due to CONVERGED_ITS iterations 1
          Linear BackwardEuler-Equation_lumped_mg_coarse_ solve converged due to CONVERGED_ITS iterations 1
          Linear BackwardEuler-Equation_lumped_mg_coarse_ solve converged due to CONVERGED_ITS iterations 1
          Linear BackwardEuler-Equation_lumped_mg_coarse_ solve converged due to CONVERGED_ITS iterations 1
          Linear BackwardEuler-Equation_lumped_mg_coarse_ solve converged due to CONVERGED_ITS iterations 1
          Linear BackwardEuler-Equation_lumped_mg_coarse_ solve converged due to CONVERGED_ITS iterations 1
          Linear BackwardEuler-Equation_lumped_mg_coarse_ solve converged due to CONVERGED_ITS iterations 1
    Linear BackwardEuler-Equation_ solve converged due to CONVERGED_RTOL iterations 10
  Nonlinear BackwardEuler-Equation_ solve converged due to CONVERGED_SNORM_RELATIVE iterations 3
t = 18.37 d | step 51/100000 | dt = 43200.0 s | wall 9.63 s | NL 3 | L 25
          Linear BackwardEuler-Equation_lumped_mg_coarse_ solve converged due to CONVERGED_ITS iterations 1
          Linear BackwardEuler-Equation_lumped_mg_coarse_ solve converged due to CONVERGED_ITS iterations 1
          Linear BackwardEuler-Equation_lumped_mg_coarse_ solve converged due to CONVERGED_ITS iterations 1
          Linear BackwardEuler-Equation_lumped_mg_coarse_ solve converged due to CONVERGED_ITS iterations 1
          Linear BackwardEuler-Equation_lumped_mg_coarse_ solve converged due to CONVERGED_ITS iterations 1
          Linear BackwardEuler-Equation_lumped_mg_coarse_ solve converged due to CONVERGED_ITS iterations 1
          Linear BackwardEuler-Equation_lumped_mg_coarse_ solve converged due to CONVERGED_ITS iterations 1
    Linear BackwardEuler-Equation_ solve converged due to CONVERGED_RTOL iterations 7
          Linear BackwardEuler-Equation_lumped_mg_coarse_ solve converged due to CONVERGED_ITS iterations 1
          Linear BackwardEuler-Equation_lumped_mg_coarse_ solve converged due to CONVERGED_ITS iterations 1
          Linear BackwardEuler-Equation_lumped_mg_coarse_ solve converged due to CONVERGED_ITS iterations 1
          Linear BackwardEuler-Equation_lumped_mg_coarse_ solve converged due to CONVERGED_ITS iterations 1
          Linear BackwardEuler-Equation_lumped_mg_coarse_ solve converged due to CONVERGED_ITS iterations 1
          Linear BackwardEuler-Equation_lumped_mg_coarse_ solve converged due to CONVERGED_ITS iterations 1
          Linear BackwardEuler-Equation_lumped_mg_coarse_ solve converged due to CONVERGED_ITS iterations 1
    Linear BackwardEuler-Equation_ solve converged due to CONVERGED_RTOL iterations 7
          Linear BackwardEuler-Equation_lumped_mg_coarse_ solve converged due to CONVERGED_ITS iterations 1
          Linear BackwardEuler-Equation_lumped_mg_coarse_ solve converged due to CONVERGED_ITS iterations 1
          Linear BackwardEuler-Equation_lumped_mg_coarse_ solve converged due to CONVERGED_ITS iterations 1
          Linear BackwardEuler-Equation_lumped_mg_coarse_ solve converged due to CONVERGED_ITS iterations 1
          Linear BackwardEuler-Equation_lumped_mg_coarse_ solve converged due to CONVERGED_ITS iterations 1
          Linear BackwardEuler-Equation_lumped_mg_coarse_ solve converged due to CONVERGED_ITS iterations 1
          Linear BackwardEuler-Equation_lumped_mg_coarse_ solve converged due to CONVERGED_ITS iterations 1
          Linear BackwardEuler-Equation_lumped_mg_coarse_ solve converged due to CONVERGED_ITS iterations 1
          Linear BackwardEuler-Equation_lumped_mg_coarse_ solve converged due to CONVERGED_ITS iterations 1
          Linear BackwardEuler-Equation_lumped_mg_coarse_ solve converged due to CONVERGED_ITS iterations 1
          Linear BackwardEuler-Equation_lumped_mg_coarse_ solve converged due to CONVERGED_ITS iterations 1
          Linear BackwardEuler-Equation_lumped_mg_coarse_ solve converged due to CONVERGED_ITS iterations 1
    Linear BackwardEuler-Equation_ solve converged due to CONVERGED_RTOL iterations 12
  Nonlinear BackwardEuler-Equation_ solve converged due to CONVERGED_SNORM_RELATIVE iterations 3
t = 18.87 d | step 52/100000 | dt = 43200.0 s | wall 9.84 s | NL 3 | L 26
          Linear BackwardEuler-Equation_lumped_mg_coarse_ solve converged due to CONVERGED_ITS iterations 1
          Linear BackwardEuler-Equation_lumped_mg_coarse_ solve converged due to CONVERGED_ITS iterations 1
          Linear BackwardEuler-Equation_lumped_mg_coarse_ solve converged due to CONVERGED_ITS iterations 1
          Linear BackwardEuler-Equation_lumped_mg_coarse_ solve converged due to CONVERGED_ITS iterations 1
          Linear BackwardEuler-Equation_lumped_mg_coarse_ solve converged due to CONVERGED_ITS iterations 1
          Linear BackwardEuler-Equation_lumped_mg_coarse_ solve converged due to CONVERGED_ITS iterations 1
          Linear BackwardEuler-Equation_lumped_mg_coarse_ solve converged due to CONVERGED_ITS iterations 1
    Linear BackwardEuler-Equation_ solve converged due to CONVERGED_RTOL iterations 7
          Linear BackwardEuler-Equation_lumped_mg_coarse_ solve converged due to CONVERGED_ITS iterations 1
          Linear BackwardEuler-Equation_lumped_mg_coarse_ solve converged due to CONVERGED_ITS iterations 1
          Linear BackwardEuler-Equation_lumped_mg_coarse_ solve converged due to CONVERGED_ITS iterations 1
          Linear BackwardEuler-Equation_lumped_mg_coarse_ solve converged due to CONVERGED_ITS iterations 1
          Linear BackwardEuler-Equation_lumped_mg_coarse_ solve converged due to CONVERGED_ITS iterations 1
          Linear BackwardEuler-Equation_lumped_mg_coarse_ solve converged due to CONVERGED_ITS iterations 1
          Linear BackwardEuler-Equation_lumped_mg_coarse_ solve converged due to CONVERGED_ITS iterations 1
          Linear BackwardEuler-Equation_lumped_mg_coarse_ solve converged due to CONVERGED_ITS iterations 1
    Linear BackwardEuler-Equation_ solve converged due to CONVERGED_RTOL iterations 8
          Linear BackwardEuler-Equation_lumped_mg_coarse_ solve converged due to CONVERGED_ITS iterations 1
          Linear BackwardEuler-Equation_lumped_mg_coarse_ solve converged due to CONVERGED_ITS iterations 1
          Linear BackwardEuler-Equation_lumped_mg_coarse_ solve converged due to CONVERGED_ITS iterations 1
          Linear BackwardEuler-Equation_lumped_mg_coarse_ solve converged due to CONVERGED_ITS iterations 1
          Linear BackwardEuler-Equation_lumped_mg_coarse_ solve converged due to CONVERGED_ITS iterations 1
          Linear BackwardEuler-Equation_lumped_mg_coarse_ solve converged due to CONVERGED_ITS iterations 1
          Linear BackwardEuler-Equation_lumped_mg_coarse_ solve converged due to CONVERGED_ITS iterations 1
          Linear BackwardEuler-Equation_lumped_mg_coarse_ solve converged due to CONVERGED_ITS iterations 1
          Linear BackwardEuler-Equation_lumped_mg_coarse_ solve converged due to CONVERGED_ITS iterations 1
          Linear BackwardEuler-Equation_lumped_mg_coarse_ solve converged due to CONVERGED_ITS iterations 1
    Linear BackwardEuler-Equation_ solve converged due to CONVERGED_RTOL iterations 10
  Nonlinear BackwardEuler-Equation_ solve converged due to CONVERGED_SNORM_RELATIVE iterations 3
t = 19.37 d | step 53/100000 | dt = 43200.0 s | wall 9.60 s | NL 3 | L 25
          Linear BackwardEuler-Equation_lumped_mg_coarse_ solve converged due to CONVERGED_ITS iterations 1
          Linear BackwardEuler-Equation_lumped_mg_coarse_ solve converged due to CONVERGED_ITS iterations 1
          Linear BackwardEuler-Equation_lumped_mg_coarse_ solve converged due to CONVERGED_ITS iterations 1
          Linear BackwardEuler-Equation_lumped_mg_coarse_ solve converged due to CONVERGED_ITS iterations 1
          Linear BackwardEuler-Equation_lumped_mg_coarse_ solve converged due to CONVERGED_ITS iterations 1
          Linear BackwardEuler-Equation_lumped_mg_coarse_ solve converged due to CONVERGED_ITS iterations 1
          Linear BackwardEuler-Equation_lumped_mg_coarse_ solve converged due to CONVERGED_ITS iterations 1
    Linear BackwardEuler-Equation_ solve converged due to CONVERGED_RTOL iterations 7
          Linear BackwardEuler-Equation_lumped_mg_coarse_ solve converged due to CONVERGED_ITS iterations 1
          Linear BackwardEuler-Equation_lumped_mg_coarse_ solve converged due to CONVERGED_ITS iterations 1
          Linear BackwardEuler-Equation_lumped_mg_coarse_ solve converged due to CONVERGED_ITS iterations 1
          Linear BackwardEuler-Equation_lumped_mg_coarse_ solve converged due to CONVERGED_ITS iterations 1
          Linear BackwardEuler-Equation_lumped_mg_coarse_ solve converged due to CONVERGED_ITS iterations 1
          Linear BackwardEuler-Equation_lumped_mg_coarse_ solve converged due to CONVERGED_ITS iterations 1
          Linear BackwardEuler-Equation_lumped_mg_coarse_ solve converged due to CONVERGED_ITS iterations 1
          Linear BackwardEuler-Equation_lumped_mg_coarse_ solve converged due to CONVERGED_ITS iterations 1
          Linear BackwardEuler-Equation_lumped_mg_coarse_ solve converged due to CONVERGED_ITS iterations 1
    Linear BackwardEuler-Equation_ solve converged due to CONVERGED_RTOL iterations 9
          Linear BackwardEuler-Equation_lumped_mg_coarse_ solve converged due to CONVERGED_ITS iterations 1
          Linear BackwardEuler-Equation_lumped_mg_coarse_ solve converged due to CONVERGED_ITS iterations 1
          Linear BackwardEuler-Equation_lumped_mg_coarse_ solve converged due to CONVERGED_ITS iterations 1
          Linear BackwardEuler-Equation_lumped_mg_coarse_ solve converged due to CONVERGED_ITS iterations 1
          Linear BackwardEuler-Equation_lumped_mg_coarse_ solve converged due to CONVERGED_ITS iterations 1
          Linear BackwardEuler-Equation_lumped_mg_coarse_ solve converged due to CONVERGED_ITS iterations 1
          Linear BackwardEuler-Equation_lumped_mg_coarse_ solve converged due to CONVERGED_ITS iterations 1
          Linear BackwardEuler-Equation_lumped_mg_coarse_ solve converged due to CONVERGED_ITS iterations 1
          Linear BackwardEuler-Equation_lumped_mg_coarse_ solve converged due to CONVERGED_ITS iterations 1
          Linear BackwardEuler-Equation_lumped_mg_coarse_ solve converged due to CONVERGED_ITS iterations 1
          Linear BackwardEuler-Equation_lumped_mg_coarse_ solve converged due to CONVERGED_ITS iterations 1
    Linear BackwardEuler-Equation_ solve converged due to CONVERGED_RTOL iterations 11
  Nonlinear BackwardEuler-Equation_ solve converged due to CONVERGED_SNORM_RELATIVE iterations 3
t = 19.87 d | step 54/100000 | dt = 43200.0 s | wall 10.00 s | NL 3 | L 27
          Linear BackwardEuler-Equation_lumped_mg_coarse_ solve converged due to CONVERGED_ITS iterations 1
          Linear BackwardEuler-Equation_lumped_mg_coarse_ solve converged due to CONVERGED_ITS iterations 1
          Linear BackwardEuler-Equation_lumped_mg_coarse_ solve converged due to CONVERGED_ITS iterations 1
          Linear BackwardEuler-Equation_lumped_mg_coarse_ solve converged due to CONVERGED_ITS iterations 1
          Linear BackwardEuler-Equation_lumped_mg_coarse_ solve converged due to CONVERGED_ITS iterations 1
          Linear BackwardEuler-Equation_lumped_mg_coarse_ solve converged due to CONVERGED_ITS iterations 1
          Linear BackwardEuler-Equation_lumped_mg_coarse_ solve converged due to CONVERGED_ITS iterations 1
    Linear BackwardEuler-Equation_ solve converged due to CONVERGED_RTOL iterations 7
          Linear BackwardEuler-Equation_lumped_mg_coarse_ solve converged due to CONVERGED_ITS iterations 1
          Linear BackwardEuler-Equation_lumped_mg_coarse_ solve converged due to CONVERGED_ITS iterations 1
          Linear BackwardEuler-Equation_lumped_mg_coarse_ solve converged due to CONVERGED_ITS iterations 1
          Linear BackwardEuler-Equation_lumped_mg_coarse_ solve converged due to CONVERGED_ITS iterations 1
          Linear BackwardEuler-Equation_lumped_mg_coarse_ solve converged due to CONVERGED_ITS iterations 1
          Linear BackwardEuler-Equation_lumped_mg_coarse_ solve converged due to CONVERGED_ITS iterations 1
          Linear BackwardEuler-Equation_lumped_mg_coarse_ solve converged due to CONVERGED_ITS iterations 1
          Linear BackwardEuler-Equation_lumped_mg_coarse_ solve converged due to CONVERGED_ITS iterations 1
          Linear BackwardEuler-Equation_lumped_mg_coarse_ solve converged due to CONVERGED_ITS iterations 1
    Linear BackwardEuler-Equation_ solve converged due to CONVERGED_RTOL iterations 9
          Linear BackwardEuler-Equation_lumped_mg_coarse_ solve converged due to CONVERGED_ITS iterations 1
          Linear BackwardEuler-Equation_lumped_mg_coarse_ solve converged due to CONVERGED_ITS iterations 1
          Linear BackwardEuler-Equation_lumped_mg_coarse_ solve converged due to CONVERGED_ITS iterations 1
          Linear BackwardEuler-Equation_lumped_mg_coarse_ solve converged due to CONVERGED_ITS iterations 1
          Linear BackwardEuler-Equation_lumped_mg_coarse_ solve converged due to CONVERGED_ITS iterations 1
          Linear BackwardEuler-Equation_lumped_mg_coarse_ solve converged due to CONVERGED_ITS iterations 1
          Linear BackwardEuler-Equation_lumped_mg_coarse_ solve converged due to CONVERGED_ITS iterations 1
          Linear BackwardEuler-Equation_lumped_mg_coarse_ solve converged due to CONVERGED_ITS iterations 1
          Linear BackwardEuler-Equation_lumped_mg_coarse_ solve converged due to CONVERGED_ITS iterations 1
          Linear BackwardEuler-Equation_lumped_mg_coarse_ solve converged due to CONVERGED_ITS iterations 1
    Linear BackwardEuler-Equation_ solve converged due to CONVERGED_RTOL iterations 10
  Nonlinear BackwardEuler-Equation_ solve converged due to CONVERGED_SNORM_RELATIVE iterations 3
t = 20.37 d | step 55/100000 | dt = 43200.0 s | wall 9.80 s | NL 3 | L 26
          Linear BackwardEuler-Equation_lumped_mg_coarse_ solve converged due to CONVERGED_ITS iterations 1
          Linear BackwardEuler-Equation_lumped_mg_coarse_ solve converged due to CONVERGED_ITS iterations 1
          Linear BackwardEuler-Equation_lumped_mg_coarse_ solve converged due to CONVERGED_ITS iterations 1
          Linear BackwardEuler-Equation_lumped_mg_coarse_ solve converged due to CONVERGED_ITS iterations 1
          Linear BackwardEuler-Equation_lumped_mg_coarse_ solve converged due to CONVERGED_ITS iterations 1
          Linear BackwardEuler-Equation_lumped_mg_coarse_ solve converged due to CONVERGED_ITS iterations 1
          Linear BackwardEuler-Equation_lumped_mg_coarse_ solve converged due to CONVERGED_ITS iterations 1
    Linear BackwardEuler-Equation_ solve converged due to CONVERGED_RTOL iterations 7
          Linear BackwardEuler-Equation_lumped_mg_coarse_ solve converged due to CONVERGED_ITS iterations 1
          Linear BackwardEuler-Equation_lumped_mg_coarse_ solve converged due to CONVERGED_ITS iterations 1
          Linear BackwardEuler-Equation_lumped_mg_coarse_ solve converged due to CONVERGED_ITS iterations 1
          Linear BackwardEuler-Equation_lumped_mg_coarse_ solve converged due to CONVERGED_ITS iterations 1
          Linear BackwardEuler-Equation_lumped_mg_coarse_ solve converged due to CONVERGED_ITS iterations 1
          Linear BackwardEuler-Equation_lumped_mg_coarse_ solve converged due to CONVERGED_ITS iterations 1
          Linear BackwardEuler-Equation_lumped_mg_coarse_ solve converged due to CONVERGED_ITS iterations 1
          Linear BackwardEuler-Equation_lumped_mg_coarse_ solve converged due to CONVERGED_ITS iterations 1
          Linear BackwardEuler-Equation_lumped_mg_coarse_ solve converged due to CONVERGED_ITS iterations 1
    Linear BackwardEuler-Equation_ solve converged due to CONVERGED_RTOL iterations 9
          Linear BackwardEuler-Equation_lumped_mg_coarse_ solve converged due to CONVERGED_ITS iterations 1
          Linear BackwardEuler-Equation_lumped_mg_coarse_ solve converged due to CONVERGED_ITS iterations 1
          Linear BackwardEuler-Equation_lumped_mg_coarse_ solve converged due to CONVERGED_ITS iterations 1
          Linear BackwardEuler-Equation_lumped_mg_coarse_ solve converged due to CONVERGED_ITS iterations 1
          Linear BackwardEuler-Equation_lumped_mg_coarse_ solve converged due to CONVERGED_ITS iterations 1
          Linear BackwardEuler-Equation_lumped_mg_coarse_ solve converged due to CONVERGED_ITS iterations 1
          Linear BackwardEuler-Equation_lumped_mg_coarse_ solve converged due to CONVERGED_ITS iterations 1
          Linear BackwardEuler-Equation_lumped_mg_coarse_ solve converged due to CONVERGED_ITS iterations 1
          Linear BackwardEuler-Equation_lumped_mg_coarse_ solve converged due to CONVERGED_ITS iterations 1
          Linear BackwardEuler-Equation_lumped_mg_coarse_ solve converged due to CONVERGED_ITS iterations 1
    Linear BackwardEuler-Equation_ solve converged due to CONVERGED_RTOL iterations 10
  Nonlinear BackwardEuler-Equation_ solve converged due to CONVERGED_SNORM_RELATIVE iterations 3
t = 20.87 d | step 56/100000 | dt = 43200.0 s | wall 9.85 s | NL 3 | L 26
          Linear BackwardEuler-Equation_lumped_mg_coarse_ solve converged due to CONVERGED_ITS iterations 1
          Linear BackwardEuler-Equation_lumped_mg_coarse_ solve converged due to CONVERGED_ITS iterations 1
          Linear BackwardEuler-Equation_lumped_mg_coarse_ solve converged due to CONVERGED_ITS iterations 1
          Linear BackwardEuler-Equation_lumped_mg_coarse_ solve converged due to CONVERGED_ITS iterations 1
          Linear BackwardEuler-Equation_lumped_mg_coarse_ solve converged due to CONVERGED_ITS iterations 1
          Linear BackwardEuler-Equation_lumped_mg_coarse_ solve converged due to CONVERGED_ITS iterations 1
          Linear BackwardEuler-Equation_lumped_mg_coarse_ solve converged due to CONVERGED_ITS iterations 1
    Linear BackwardEuler-Equation_ solve converged due to CONVERGED_RTOL iterations 7
          Linear BackwardEuler-Equation_lumped_mg_coarse_ solve converged due to CONVERGED_ITS iterations 1
          Linear BackwardEuler-Equation_lumped_mg_coarse_ solve converged due to CONVERGED_ITS iterations 1
          Linear BackwardEuler-Equation_lumped_mg_coarse_ solve converged due to CONVERGED_ITS iterations 1
          Linear BackwardEuler-Equation_lumped_mg_coarse_ solve converged due to CONVERGED_ITS iterations 1
          Linear BackwardEuler-Equation_lumped_mg_coarse_ solve converged due to CONVERGED_ITS iterations 1
          Linear BackwardEuler-Equation_lumped_mg_coarse_ solve converged due to CONVERGED_ITS iterations 1
          Linear BackwardEuler-Equation_lumped_mg_coarse_ solve converged due to CONVERGED_ITS iterations 1
          Linear BackwardEuler-Equation_lumped_mg_coarse_ solve converged due to CONVERGED_ITS iterations 1
    Linear BackwardEuler-Equation_ solve converged due to CONVERGED_RTOL iterations 8
          Linear BackwardEuler-Equation_lumped_mg_coarse_ solve converged due to CONVERGED_ITS iterations 1
          Linear BackwardEuler-Equation_lumped_mg_coarse_ solve converged due to CONVERGED_ITS iterations 1
          Linear BackwardEuler-Equation_lumped_mg_coarse_ solve converged due to CONVERGED_ITS iterations 1
          Linear BackwardEuler-Equation_lumped_mg_coarse_ solve converged due to CONVERGED_ITS iterations 1
          Linear BackwardEuler-Equation_lumped_mg_coarse_ solve converged due to CONVERGED_ITS iterations 1
          Linear BackwardEuler-Equation_lumped_mg_coarse_ solve converged due to CONVERGED_ITS iterations 1
          Linear BackwardEuler-Equation_lumped_mg_coarse_ solve converged due to CONVERGED_ITS iterations 1
          Linear BackwardEuler-Equation_lumped_mg_coarse_ solve converged due to CONVERGED_ITS iterations 1
          Linear BackwardEuler-Equation_lumped_mg_coarse_ solve converged due to CONVERGED_ITS iterations 1
          Linear BackwardEuler-Equation_lumped_mg_coarse_ solve converged due to CONVERGED_ITS iterations 1
          Linear BackwardEuler-Equation_lumped_mg_coarse_ solve converged due to CONVERGED_ITS iterations 1
    Linear BackwardEuler-Equation_ solve converged due to CONVERGED_RTOL iterations 11
  Nonlinear BackwardEuler-Equation_ solve converged due to CONVERGED_SNORM_RELATIVE iterations 3
t = 21.37 d | step 57/100000 | dt = 43200.0 s | wall 9.88 s | NL 3 | L 26
          Linear BackwardEuler-Equation_lumped_mg_coarse_ solve converged due to CONVERGED_ITS iterations 1
          Linear BackwardEuler-Equation_lumped_mg_coarse_ solve converged due to CONVERGED_ITS iterations 1
          Linear BackwardEuler-Equation_lumped_mg_coarse_ solve converged due to CONVERGED_ITS iterations 1
          Linear BackwardEuler-Equation_lumped_mg_coarse_ solve converged due to CONVERGED_ITS iterations 1
          Linear BackwardEuler-Equation_lumped_mg_coarse_ solve converged due to CONVERGED_ITS iterations 1
          Linear BackwardEuler-Equation_lumped_mg_coarse_ solve converged due to CONVERGED_ITS iterations 1
          Linear BackwardEuler-Equation_lumped_mg_coarse_ solve converged due to CONVERGED_ITS iterations 1
    Linear BackwardEuler-Equation_ solve converged due to CONVERGED_RTOL iterations 7
          Linear BackwardEuler-Equation_lumped_mg_coarse_ solve converged due to CONVERGED_ITS iterations 1
          Linear BackwardEuler-Equation_lumped_mg_coarse_ solve converged due to CONVERGED_ITS iterations 1
          Linear BackwardEuler-Equation_lumped_mg_coarse_ solve converged due to CONVERGED_ITS iterations 1
          Linear BackwardEuler-Equation_lumped_mg_coarse_ solve converged due to CONVERGED_ITS iterations 1
          Linear BackwardEuler-Equation_lumped_mg_coarse_ solve converged due to CONVERGED_ITS iterations 1
          Linear BackwardEuler-Equation_lumped_mg_coarse_ solve converged due to CONVERGED_ITS iterations 1
          Linear BackwardEuler-Equation_lumped_mg_coarse_ solve converged due to CONVERGED_ITS iterations 1
          Linear BackwardEuler-Equation_lumped_mg_coarse_ solve converged due to CONVERGED_ITS iterations 1
          Linear BackwardEuler-Equation_lumped_mg_coarse_ solve converged due to CONVERGED_ITS iterations 1
    Linear BackwardEuler-Equation_ solve converged due to CONVERGED_RTOL iterations 9
          Linear BackwardEuler-Equation_lumped_mg_coarse_ solve converged due to CONVERGED_ITS iterations 1
          Linear BackwardEuler-Equation_lumped_mg_coarse_ solve converged due to CONVERGED_ITS iterations 1
          Linear BackwardEuler-Equation_lumped_mg_coarse_ solve converged due to CONVERGED_ITS iterations 1
          Linear BackwardEuler-Equation_lumped_mg_coarse_ solve converged due to CONVERGED_ITS iterations 1
          Linear BackwardEuler-Equation_lumped_mg_coarse_ solve converged due to CONVERGED_ITS iterations 1
          Linear BackwardEuler-Equation_lumped_mg_coarse_ solve converged due to CONVERGED_ITS iterations 1
          Linear BackwardEuler-Equation_lumped_mg_coarse_ solve converged due to CONVERGED_ITS iterations 1
          Linear BackwardEuler-Equation_lumped_mg_coarse_ solve converged due to CONVERGED_ITS iterations 1
          Linear BackwardEuler-Equation_lumped_mg_coarse_ solve converged due to CONVERGED_ITS iterations 1
          Linear BackwardEuler-Equation_lumped_mg_coarse_ solve converged due to CONVERGED_ITS iterations 1
    Linear BackwardEuler-Equation_ solve converged due to CONVERGED_RTOL iterations 10
  Nonlinear BackwardEuler-Equation_ solve converged due to CONVERGED_SNORM_RELATIVE iterations 3
t = 21.87 d | step 58/100000 | dt = 43200.0 s | wall 9.81 s | NL 3 | L 26
          Linear BackwardEuler-Equation_lumped_mg_coarse_ solve converged due to CONVERGED_ITS iterations 1
          Linear BackwardEuler-Equation_lumped_mg_coarse_ solve converged due to CONVERGED_ITS iterations 1
          Linear BackwardEuler-Equation_lumped_mg_coarse_ solve converged due to CONVERGED_ITS iterations 1
          Linear BackwardEuler-Equation_lumped_mg_coarse_ solve converged due to CONVERGED_ITS iterations 1
          Linear BackwardEuler-Equation_lumped_mg_coarse_ solve converged due to CONVERGED_ITS iterations 1
          Linear BackwardEuler-Equation_lumped_mg_coarse_ solve converged due to CONVERGED_ITS iterations 1
          Linear BackwardEuler-Equation_lumped_mg_coarse_ solve converged due to CONVERGED_ITS iterations 1
    Linear BackwardEuler-Equation_ solve converged due to CONVERGED_RTOL iterations 7
          Linear BackwardEuler-Equation_lumped_mg_coarse_ solve converged due to CONVERGED_ITS iterations 1
          Linear BackwardEuler-Equation_lumped_mg_coarse_ solve converged due to CONVERGED_ITS iterations 1
          Linear BackwardEuler-Equation_lumped_mg_coarse_ solve converged due to CONVERGED_ITS iterations 1
          Linear BackwardEuler-Equation_lumped_mg_coarse_ solve converged due to CONVERGED_ITS iterations 1
          Linear BackwardEuler-Equation_lumped_mg_coarse_ solve converged due to CONVERGED_ITS iterations 1
          Linear BackwardEuler-Equation_lumped_mg_coarse_ solve converged due to CONVERGED_ITS iterations 1
          Linear BackwardEuler-Equation_lumped_mg_coarse_ solve converged due to CONVERGED_ITS iterations 1
          Linear BackwardEuler-Equation_lumped_mg_coarse_ solve converged due to CONVERGED_ITS iterations 1
          Linear BackwardEuler-Equation_lumped_mg_coarse_ solve converged due to CONVERGED_ITS iterations 1
    Linear BackwardEuler-Equation_ solve converged due to CONVERGED_RTOL iterations 9
          Linear BackwardEuler-Equation_lumped_mg_coarse_ solve converged due to CONVERGED_ITS iterations 1
          Linear BackwardEuler-Equation_lumped_mg_coarse_ solve converged due to CONVERGED_ITS iterations 1
          Linear BackwardEuler-Equation_lumped_mg_coarse_ solve converged due to CONVERGED_ITS iterations 1
          Linear BackwardEuler-Equation_lumped_mg_coarse_ solve converged due to CONVERGED_ITS iterations 1
          Linear BackwardEuler-Equation_lumped_mg_coarse_ solve converged due to CONVERGED_ITS iterations 1
          Linear BackwardEuler-Equation_lumped_mg_coarse_ solve converged due to CONVERGED_ITS iterations 1
          Linear BackwardEuler-Equation_lumped_mg_coarse_ solve converged due to CONVERGED_ITS iterations 1
          Linear BackwardEuler-Equation_lumped_mg_coarse_ solve converged due to CONVERGED_ITS iterations 1
          Linear BackwardEuler-Equation_lumped_mg_coarse_ solve converged due to CONVERGED_ITS iterations 1
          Linear BackwardEuler-Equation_lumped_mg_coarse_ solve converged due to CONVERGED_ITS iterations 1
    Linear BackwardEuler-Equation_ solve converged due to CONVERGED_RTOL iterations 10
  Nonlinear BackwardEuler-Equation_ solve converged due to CONVERGED_SNORM_RELATIVE iterations 3
t = 22.37 d | step 59/100000 | dt = 43200.0 s | wall 9.90 s | NL 3 | L 26
          Linear BackwardEuler-Equation_lumped_mg_coarse_ solve converged due to CONVERGED_ITS iterations 1
          Linear BackwardEuler-Equation_lumped_mg_coarse_ solve converged due to CONVERGED_ITS iterations 1
          Linear BackwardEuler-Equation_lumped_mg_coarse_ solve converged due to CONVERGED_ITS iterations 1
          Linear BackwardEuler-Equation_lumped_mg_coarse_ solve converged due to CONVERGED_ITS iterations 1
          Linear BackwardEuler-Equation_lumped_mg_coarse_ solve converged due to CONVERGED_ITS iterations 1
          Linear BackwardEuler-Equation_lumped_mg_coarse_ solve converged due to CONVERGED_ITS iterations 1
          Linear BackwardEuler-Equation_lumped_mg_coarse_ solve converged due to CONVERGED_ITS iterations 1
    Linear BackwardEuler-Equation_ solve converged due to CONVERGED_RTOL iterations 7
          Linear BackwardEuler-Equation_lumped_mg_coarse_ solve converged due to CONVERGED_ITS iterations 1
          Linear BackwardEuler-Equation_lumped_mg_coarse_ solve converged due to CONVERGED_ITS iterations 1
          Linear BackwardEuler-Equation_lumped_mg_coarse_ solve converged due to CONVERGED_ITS iterations 1
          Linear BackwardEuler-Equation_lumped_mg_coarse_ solve converged due to CONVERGED_ITS iterations 1
          Linear BackwardEuler-Equation_lumped_mg_coarse_ solve converged due to CONVERGED_ITS iterations 1
          Linear BackwardEuler-Equation_lumped_mg_coarse_ solve converged due to CONVERGED_ITS iterations 1
          Linear BackwardEuler-Equation_lumped_mg_coarse_ solve converged due to CONVERGED_ITS iterations 1
          Linear BackwardEuler-Equation_lumped_mg_coarse_ solve converged due to CONVERGED_ITS iterations 1
    Linear BackwardEuler-Equation_ solve converged due to CONVERGED_RTOL iterations 8
          Linear BackwardEuler-Equation_lumped_mg_coarse_ solve converged due to CONVERGED_ITS iterations 1
          Linear BackwardEuler-Equation_lumped_mg_coarse_ solve converged due to CONVERGED_ITS iterations 1
          Linear BackwardEuler-Equation_lumped_mg_coarse_ solve converged due to CONVERGED_ITS iterations 1
          Linear BackwardEuler-Equation_lumped_mg_coarse_ solve converged due to CONVERGED_ITS iterations 1
          Linear BackwardEuler-Equation_lumped_mg_coarse_ solve converged due to CONVERGED_ITS iterations 1
          Linear BackwardEuler-Equation_lumped_mg_coarse_ solve converged due to CONVERGED_ITS iterations 1
          Linear BackwardEuler-Equation_lumped_mg_coarse_ solve converged due to CONVERGED_ITS iterations 1
          Linear BackwardEuler-Equation_lumped_mg_coarse_ solve converged due to CONVERGED_ITS iterations 1
          Linear BackwardEuler-Equation_lumped_mg_coarse_ solve converged due to CONVERGED_ITS iterations 1
          Linear BackwardEuler-Equation_lumped_mg_coarse_ solve converged due to CONVERGED_ITS iterations 1
          Linear BackwardEuler-Equation_lumped_mg_coarse_ solve converged due to CONVERGED_ITS iterations 1
    Linear BackwardEuler-Equation_ solve converged due to CONVERGED_RTOL iterations 11
  Nonlinear BackwardEuler-Equation_ solve converged due to CONVERGED_SNORM_RELATIVE iterations 3
t = 22.87 d | step 60/100000 | dt = 43200.0 s | wall 9.89 s | NL 3 | L 26
          Linear BackwardEuler-Equation_lumped_mg_coarse_ solve converged due to CONVERGED_ITS iterations 1
          Linear BackwardEuler-Equation_lumped_mg_coarse_ solve converged due to CONVERGED_ITS iterations 1
          Linear BackwardEuler-Equation_lumped_mg_coarse_ solve converged due to CONVERGED_ITS iterations 1
          Linear BackwardEuler-Equation_lumped_mg_coarse_ solve converged due to CONVERGED_ITS iterations 1
          Linear BackwardEuler-Equation_lumped_mg_coarse_ solve converged due to CONVERGED_ITS iterations 1
          Linear BackwardEuler-Equation_lumped_mg_coarse_ solve converged due to CONVERGED_ITS iterations 1
          Linear BackwardEuler-Equation_lumped_mg_coarse_ solve converged due to CONVERGED_ITS iterations 1
    Linear BackwardEuler-Equation_ solve converged due to CONVERGED_RTOL iterations 7
          Linear BackwardEuler-Equation_lumped_mg_coarse_ solve converged due to CONVERGED_ITS iterations 1
          Linear BackwardEuler-Equation_lumped_mg_coarse_ solve converged due to CONVERGED_ITS iterations 1
          Linear BackwardEuler-Equation_lumped_mg_coarse_ solve converged due to CONVERGED_ITS iterations 1
          Linear BackwardEuler-Equation_lumped_mg_coarse_ solve converged due to CONVERGED_ITS iterations 1
          Linear BackwardEuler-Equation_lumped_mg_coarse_ solve converged due to CONVERGED_ITS iterations 1
          Linear BackwardEuler-Equation_lumped_mg_coarse_ solve converged due to CONVERGED_ITS iterations 1
          Linear BackwardEuler-Equation_lumped_mg_coarse_ solve converged due to CONVERGED_ITS iterations 1
          Linear BackwardEuler-Equation_lumped_mg_coarse_ solve converged due to CONVERGED_ITS iterations 1
          Linear BackwardEuler-Equation_lumped_mg_coarse_ solve converged due to CONVERGED_ITS iterations 1
    Linear BackwardEuler-Equation_ solve converged due to CONVERGED_RTOL iterations 9
          Linear BackwardEuler-Equation_lumped_mg_coarse_ solve converged due to CONVERGED_ITS iterations 1
          Linear BackwardEuler-Equation_lumped_mg_coarse_ solve converged due to CONVERGED_ITS iterations 1
          Linear BackwardEuler-Equation_lumped_mg_coarse_ solve converged due to CONVERGED_ITS iterations 1
          Linear BackwardEuler-Equation_lumped_mg_coarse_ solve converged due to CONVERGED_ITS iterations 1
          Linear BackwardEuler-Equation_lumped_mg_coarse_ solve converged due to CONVERGED_ITS iterations 1
          Linear BackwardEuler-Equation_lumped_mg_coarse_ solve converged due to CONVERGED_ITS iterations 1
          Linear BackwardEuler-Equation_lumped_mg_coarse_ solve converged due to CONVERGED_ITS iterations 1
          Linear BackwardEuler-Equation_lumped_mg_coarse_ solve converged due to CONVERGED_ITS iterations 1
          Linear BackwardEuler-Equation_lumped_mg_coarse_ solve converged due to CONVERGED_ITS iterations 1
          Linear BackwardEuler-Equation_lumped_mg_coarse_ solve converged due to CONVERGED_ITS iterations 1
          Linear BackwardEuler-Equation_lumped_mg_coarse_ solve converged due to CONVERGED_ITS iterations 1
    Linear BackwardEuler-Equation_ solve converged due to CONVERGED_RTOL iterations 11
  Nonlinear BackwardEuler-Equation_ solve converged due to CONVERGED_SNORM_RELATIVE iterations 3
t = 23.37 d | step 61/100000 | dt = 43200.0 s | wall 9.98 s | NL 3 | L 27
          Linear BackwardEuler-Equation_lumped_mg_coarse_ solve converged due to CONVERGED_ITS iterations 1
          Linear BackwardEuler-Equation_lumped_mg_coarse_ solve converged due to CONVERGED_ITS iterations 1
          Linear BackwardEuler-Equation_lumped_mg_coarse_ solve converged due to CONVERGED_ITS iterations 1
          Linear BackwardEuler-Equation_lumped_mg_coarse_ solve converged due to CONVERGED_ITS iterations 1
          Linear BackwardEuler-Equation_lumped_mg_coarse_ solve converged due to CONVERGED_ITS iterations 1
          Linear BackwardEuler-Equation_lumped_mg_coarse_ solve converged due to CONVERGED_ITS iterations 1
          Linear BackwardEuler-Equation_lumped_mg_coarse_ solve converged due to CONVERGED_ITS iterations 1
    Linear BackwardEuler-Equation_ solve converged due to CONVERGED_RTOL iterations 7
          Linear BackwardEuler-Equation_lumped_mg_coarse_ solve converged due to CONVERGED_ITS iterations 1
          Linear BackwardEuler-Equation_lumped_mg_coarse_ solve converged due to CONVERGED_ITS iterations 1
          Linear BackwardEuler-Equation_lumped_mg_coarse_ solve converged due to CONVERGED_ITS iterations 1
          Linear BackwardEuler-Equation_lumped_mg_coarse_ solve converged due to CONVERGED_ITS iterations 1
          Linear BackwardEuler-Equation_lumped_mg_coarse_ solve converged due to CONVERGED_ITS iterations 1
          Linear BackwardEuler-Equation_lumped_mg_coarse_ solve converged due to CONVERGED_ITS iterations 1
          Linear BackwardEuler-Equation_lumped_mg_coarse_ solve converged due to CONVERGED_ITS iterations 1
          Linear BackwardEuler-Equation_lumped_mg_coarse_ solve converged due to CONVERGED_ITS iterations 1
    Linear BackwardEuler-Equation_ solve converged due to CONVERGED_RTOL iterations 8
          Linear BackwardEuler-Equation_lumped_mg_coarse_ solve converged due to CONVERGED_ITS iterations 1
          Linear BackwardEuler-Equation_lumped_mg_coarse_ solve converged due to CONVERGED_ITS iterations 1
          Linear BackwardEuler-Equation_lumped_mg_coarse_ solve converged due to CONVERGED_ITS iterations 1
          Linear BackwardEuler-Equation_lumped_mg_coarse_ solve converged due to CONVERGED_ITS iterations 1
          Linear BackwardEuler-Equation_lumped_mg_coarse_ solve converged due to CONVERGED_ITS iterations 1
          Linear BackwardEuler-Equation_lumped_mg_coarse_ solve converged due to CONVERGED_ITS iterations 1
          Linear BackwardEuler-Equation_lumped_mg_coarse_ solve converged due to CONVERGED_ITS iterations 1
          Linear BackwardEuler-Equation_lumped_mg_coarse_ solve converged due to CONVERGED_ITS iterations 1
          Linear BackwardEuler-Equation_lumped_mg_coarse_ solve converged due to CONVERGED_ITS iterations 1
          Linear BackwardEuler-Equation_lumped_mg_coarse_ solve converged due to CONVERGED_ITS iterations 1
          Linear BackwardEuler-Equation_lumped_mg_coarse_ solve converged due to CONVERGED_ITS iterations 1
    Linear BackwardEuler-Equation_ solve converged due to CONVERGED_RTOL iterations 11
  Nonlinear BackwardEuler-Equation_ solve converged due to CONVERGED_SNORM_RELATIVE iterations 3
t = 23.87 d | step 62/100000 | dt = 43200.0 s | wall 9.80 s | NL 3 | L 26
          Linear BackwardEuler-Equation_lumped_mg_coarse_ solve converged due to CONVERGED_ITS iterations 1
          Linear BackwardEuler-Equation_lumped_mg_coarse_ solve converged due to CONVERGED_ITS iterations 1
          Linear BackwardEuler-Equation_lumped_mg_coarse_ solve converged due to CONVERGED_ITS iterations 1
          Linear BackwardEuler-Equation_lumped_mg_coarse_ solve converged due to CONVERGED_ITS iterations 1
          Linear BackwardEuler-Equation_lumped_mg_coarse_ solve converged due to CONVERGED_ITS iterations 1
          Linear BackwardEuler-Equation_lumped_mg_coarse_ solve converged due to CONVERGED_ITS iterations 1
          Linear BackwardEuler-Equation_lumped_mg_coarse_ solve converged due to CONVERGED_ITS iterations 1
    Linear BackwardEuler-Equation_ solve converged due to CONVERGED_RTOL iterations 7
          Linear BackwardEuler-Equation_lumped_mg_coarse_ solve converged due to CONVERGED_ITS iterations 1
          Linear BackwardEuler-Equation_lumped_mg_coarse_ solve converged due to CONVERGED_ITS iterations 1
          Linear BackwardEuler-Equation_lumped_mg_coarse_ solve converged due to CONVERGED_ITS iterations 1
          Linear BackwardEuler-Equation_lumped_mg_coarse_ solve converged due to CONVERGED_ITS iterations 1
          Linear BackwardEuler-Equation_lumped_mg_coarse_ solve converged due to CONVERGED_ITS iterations 1
          Linear BackwardEuler-Equation_lumped_mg_coarse_ solve converged due to CONVERGED_ITS iterations 1
          Linear BackwardEuler-Equation_lumped_mg_coarse_ solve converged due to CONVERGED_ITS iterations 1
          Linear BackwardEuler-Equation_lumped_mg_coarse_ solve converged due to CONVERGED_ITS iterations 1
          Linear BackwardEuler-Equation_lumped_mg_coarse_ solve converged due to CONVERGED_ITS iterations 1
    Linear BackwardEuler-Equation_ solve converged due to CONVERGED_RTOL iterations 9
          Linear BackwardEuler-Equation_lumped_mg_coarse_ solve converged due to CONVERGED_ITS iterations 1
          Linear BackwardEuler-Equation_lumped_mg_coarse_ solve converged due to CONVERGED_ITS iterations 1
          Linear BackwardEuler-Equation_lumped_mg_coarse_ solve converged due to CONVERGED_ITS iterations 1
          Linear BackwardEuler-Equation_lumped_mg_coarse_ solve converged due to CONVERGED_ITS iterations 1
          Linear BackwardEuler-Equation_lumped_mg_coarse_ solve converged due to CONVERGED_ITS iterations 1
          Linear BackwardEuler-Equation_lumped_mg_coarse_ solve converged due to CONVERGED_ITS iterations 1
          Linear BackwardEuler-Equation_lumped_mg_coarse_ solve converged due to CONVERGED_ITS iterations 1
          Linear BackwardEuler-Equation_lumped_mg_coarse_ solve converged due to CONVERGED_ITS iterations 1
          Linear BackwardEuler-Equation_lumped_mg_coarse_ solve converged due to CONVERGED_ITS iterations 1
          Linear BackwardEuler-Equation_lumped_mg_coarse_ solve converged due to CONVERGED_ITS iterations 1
          Linear BackwardEuler-Equation_lumped_mg_coarse_ solve converged due to CONVERGED_ITS iterations 1
    Linear BackwardEuler-Equation_ solve converged due to CONVERGED_RTOL iterations 11
  Nonlinear BackwardEuler-Equation_ solve converged due to CONVERGED_SNORM_RELATIVE iterations 3
t = 24.37 d | step 63/100000 | dt = 43200.0 s | wall 9.98 s | NL 3 | L 27
          Linear BackwardEuler-Equation_lumped_mg_coarse_ solve converged due to CONVERGED_ITS iterations 1
          Linear BackwardEuler-Equation_lumped_mg_coarse_ solve converged due to CONVERGED_ITS iterations 1
          Linear BackwardEuler-Equation_lumped_mg_coarse_ solve converged due to CONVERGED_ITS iterations 1
          Linear BackwardEuler-Equation_lumped_mg_coarse_ solve converged due to CONVERGED_ITS iterations 1
          Linear BackwardEuler-Equation_lumped_mg_coarse_ solve converged due to CONVERGED_ITS iterations 1
          Linear BackwardEuler-Equation_lumped_mg_coarse_ solve converged due to CONVERGED_ITS iterations 1
          Linear BackwardEuler-Equation_lumped_mg_coarse_ solve converged due to CONVERGED_ITS iterations 1
    Linear BackwardEuler-Equation_ solve converged due to CONVERGED_RTOL iterations 7
          Linear BackwardEuler-Equation_lumped_mg_coarse_ solve converged due to CONVERGED_ITS iterations 1
          Linear BackwardEuler-Equation_lumped_mg_coarse_ solve converged due to CONVERGED_ITS iterations 1
          Linear BackwardEuler-Equation_lumped_mg_coarse_ solve converged due to CONVERGED_ITS iterations 1
          Linear BackwardEuler-Equation_lumped_mg_coarse_ solve converged due to CONVERGED_ITS iterations 1
          Linear BackwardEuler-Equation_lumped_mg_coarse_ solve converged due to CONVERGED_ITS iterations 1
          Linear BackwardEuler-Equation_lumped_mg_coarse_ solve converged due to CONVERGED_ITS iterations 1
          Linear BackwardEuler-Equation_lumped_mg_coarse_ solve converged due to CONVERGED_ITS iterations 1
          Linear BackwardEuler-Equation_lumped_mg_coarse_ solve converged due to CONVERGED_ITS iterations 1
    Linear BackwardEuler-Equation_ solve converged due to CONVERGED_RTOL iterations 8
          Linear BackwardEuler-Equation_lumped_mg_coarse_ solve converged due to CONVERGED_ITS iterations 1
          Linear BackwardEuler-Equation_lumped_mg_coarse_ solve converged due to CONVERGED_ITS iterations 1
          Linear BackwardEuler-Equation_lumped_mg_coarse_ solve converged due to CONVERGED_ITS iterations 1
          Linear BackwardEuler-Equation_lumped_mg_coarse_ solve converged due to CONVERGED_ITS iterations 1
          Linear BackwardEuler-Equation_lumped_mg_coarse_ solve converged due to CONVERGED_ITS iterations 1
          Linear BackwardEuler-Equation_lumped_mg_coarse_ solve converged due to CONVERGED_ITS iterations 1
          Linear BackwardEuler-Equation_lumped_mg_coarse_ solve converged due to CONVERGED_ITS iterations 1
          Linear BackwardEuler-Equation_lumped_mg_coarse_ solve converged due to CONVERGED_ITS iterations 1
          Linear BackwardEuler-Equation_lumped_mg_coarse_ solve converged due to CONVERGED_ITS iterations 1
          Linear BackwardEuler-Equation_lumped_mg_coarse_ solve converged due to CONVERGED_ITS iterations 1
          Linear BackwardEuler-Equation_lumped_mg_coarse_ solve converged due to CONVERGED_ITS iterations 1
    Linear BackwardEuler-Equation_ solve converged due to CONVERGED_RTOL iterations 11
  Nonlinear BackwardEuler-Equation_ solve converged due to CONVERGED_SNORM_RELATIVE iterations 3
t = 24.87 d | step 64/100000 | dt = 43200.0 s | wall 9.81 s | NL 3 | L 26
          Linear BackwardEuler-Equation_lumped_mg_coarse_ solve converged due to CONVERGED_ITS iterations 1
          Linear BackwardEuler-Equation_lumped_mg_coarse_ solve converged due to CONVERGED_ITS iterations 1
          Linear BackwardEuler-Equation_lumped_mg_coarse_ solve converged due to CONVERGED_ITS iterations 1
          Linear BackwardEuler-Equation_lumped_mg_coarse_ solve converged due to CONVERGED_ITS iterations 1
          Linear BackwardEuler-Equation_lumped_mg_coarse_ solve converged due to CONVERGED_ITS iterations 1
          Linear BackwardEuler-Equation_lumped_mg_coarse_ solve converged due to CONVERGED_ITS iterations 1
          Linear BackwardEuler-Equation_lumped_mg_coarse_ solve converged due to CONVERGED_ITS iterations 1
    Linear BackwardEuler-Equation_ solve converged due to CONVERGED_RTOL iterations 7
          Linear BackwardEuler-Equation_lumped_mg_coarse_ solve converged due to CONVERGED_ITS iterations 1
          Linear BackwardEuler-Equation_lumped_mg_coarse_ solve converged due to CONVERGED_ITS iterations 1
          Linear BackwardEuler-Equation_lumped_mg_coarse_ solve converged due to CONVERGED_ITS iterations 1
          Linear BackwardEuler-Equation_lumped_mg_coarse_ solve converged due to CONVERGED_ITS iterations 1
          Linear BackwardEuler-Equation_lumped_mg_coarse_ solve converged due to CONVERGED_ITS iterations 1
          Linear BackwardEuler-Equation_lumped_mg_coarse_ solve converged due to CONVERGED_ITS iterations 1
          Linear BackwardEuler-Equation_lumped_mg_coarse_ solve converged due to CONVERGED_ITS iterations 1
          Linear BackwardEuler-Equation_lumped_mg_coarse_ solve converged due to CONVERGED_ITS iterations 1
          Linear BackwardEuler-Equation_lumped_mg_coarse_ solve converged due to CONVERGED_ITS iterations 1
    Linear BackwardEuler-Equation_ solve converged due to CONVERGED_RTOL iterations 9
          Linear BackwardEuler-Equation_lumped_mg_coarse_ solve converged due to CONVERGED_ITS iterations 1
          Linear BackwardEuler-Equation_lumped_mg_coarse_ solve converged due to CONVERGED_ITS iterations 1
          Linear BackwardEuler-Equation_lumped_mg_coarse_ solve converged due to CONVERGED_ITS iterations 1
          Linear BackwardEuler-Equation_lumped_mg_coarse_ solve converged due to CONVERGED_ITS iterations 1
          Linear BackwardEuler-Equation_lumped_mg_coarse_ solve converged due to CONVERGED_ITS iterations 1
          Linear BackwardEuler-Equation_lumped_mg_coarse_ solve converged due to CONVERGED_ITS iterations 1
          Linear BackwardEuler-Equation_lumped_mg_coarse_ solve converged due to CONVERGED_ITS iterations 1
          Linear BackwardEuler-Equation_lumped_mg_coarse_ solve converged due to CONVERGED_ITS iterations 1
          Linear BackwardEuler-Equation_lumped_mg_coarse_ solve converged due to CONVERGED_ITS iterations 1
          Linear BackwardEuler-Equation_lumped_mg_coarse_ solve converged due to CONVERGED_ITS iterations 1
    Linear BackwardEuler-Equation_ solve converged due to CONVERGED_RTOL iterations 10
  Nonlinear BackwardEuler-Equation_ solve converged due to CONVERGED_SNORM_RELATIVE iterations 3
t = 25.37 d | step 65/100000 | dt = 43200.0 s | wall 9.79 s | NL 3 | L 26
          Linear BackwardEuler-Equation_lumped_mg_coarse_ solve converged due to CONVERGED_ITS iterations 1
          Linear BackwardEuler-Equation_lumped_mg_coarse_ solve converged due to CONVERGED_ITS iterations 1
          Linear BackwardEuler-Equation_lumped_mg_coarse_ solve converged due to CONVERGED_ITS iterations 1
          Linear BackwardEuler-Equation_lumped_mg_coarse_ solve converged due to CONVERGED_ITS iterations 1
          Linear BackwardEuler-Equation_lumped_mg_coarse_ solve converged due to CONVERGED_ITS iterations 1
          Linear BackwardEuler-Equation_lumped_mg_coarse_ solve converged due to CONVERGED_ITS iterations 1
          Linear BackwardEuler-Equation_lumped_mg_coarse_ solve converged due to CONVERGED_ITS iterations 1
    Linear BackwardEuler-Equation_ solve converged due to CONVERGED_RTOL iterations 7
          Linear BackwardEuler-Equation_lumped_mg_coarse_ solve converged due to CONVERGED_ITS iterations 1
          Linear BackwardEuler-Equation_lumped_mg_coarse_ solve converged due to CONVERGED_ITS iterations 1
          Linear BackwardEuler-Equation_lumped_mg_coarse_ solve converged due to CONVERGED_ITS iterations 1
          Linear BackwardEuler-Equation_lumped_mg_coarse_ solve converged due to CONVERGED_ITS iterations 1
          Linear BackwardEuler-Equation_lumped_mg_coarse_ solve converged due to CONVERGED_ITS iterations 1
          Linear BackwardEuler-Equation_lumped_mg_coarse_ solve converged due to CONVERGED_ITS iterations 1
          Linear BackwardEuler-Equation_lumped_mg_coarse_ solve converged due to CONVERGED_ITS iterations 1
          Linear BackwardEuler-Equation_lumped_mg_coarse_ solve converged due to CONVERGED_ITS iterations 1
          Linear BackwardEuler-Equation_lumped_mg_coarse_ solve converged due to CONVERGED_ITS iterations 1
    Linear BackwardEuler-Equation_ solve converged due to CONVERGED_RTOL iterations 9
          Linear BackwardEuler-Equation_lumped_mg_coarse_ solve converged due to CONVERGED_ITS iterations 1
          Linear BackwardEuler-Equation_lumped_mg_coarse_ solve converged due to CONVERGED_ITS iterations 1
          Linear BackwardEuler-Equation_lumped_mg_coarse_ solve converged due to CONVERGED_ITS iterations 1
          Linear BackwardEuler-Equation_lumped_mg_coarse_ solve converged due to CONVERGED_ITS iterations 1
          Linear BackwardEuler-Equation_lumped_mg_coarse_ solve converged due to CONVERGED_ITS iterations 1
          Linear BackwardEuler-Equation_lumped_mg_coarse_ solve converged due to CONVERGED_ITS iterations 1
          Linear BackwardEuler-Equation_lumped_mg_coarse_ solve converged due to CONVERGED_ITS iterations 1
          Linear BackwardEuler-Equation_lumped_mg_coarse_ solve converged due to CONVERGED_ITS iterations 1
          Linear BackwardEuler-Equation_lumped_mg_coarse_ solve converged due to CONVERGED_ITS iterations 1
          Linear BackwardEuler-Equation_lumped_mg_coarse_ solve converged due to CONVERGED_ITS iterations 1
    Linear BackwardEuler-Equation_ solve converged due to CONVERGED_RTOL iterations 10
  Nonlinear BackwardEuler-Equation_ solve converged due to CONVERGED_SNORM_RELATIVE iterations 3
t = 25.87 d | step 66/100000 | dt = 43200.0 s | wall 9.87 s | NL 3 | L 26
          Linear BackwardEuler-Equation_lumped_mg_coarse_ solve converged due to CONVERGED_ITS iterations 1
          Linear BackwardEuler-Equation_lumped_mg_coarse_ solve converged due to CONVERGED_ITS iterations 1
          Linear BackwardEuler-Equation_lumped_mg_coarse_ solve converged due to CONVERGED_ITS iterations 1
          Linear BackwardEuler-Equation_lumped_mg_coarse_ solve converged due to CONVERGED_ITS iterations 1
          Linear BackwardEuler-Equation_lumped_mg_coarse_ solve converged due to CONVERGED_ITS iterations 1
          Linear BackwardEuler-Equation_lumped_mg_coarse_ solve converged due to CONVERGED_ITS iterations 1
          Linear BackwardEuler-Equation_lumped_mg_coarse_ solve converged due to CONVERGED_ITS iterations 1
    Linear BackwardEuler-Equation_ solve converged due to CONVERGED_RTOL iterations 7
          Linear BackwardEuler-Equation_lumped_mg_coarse_ solve converged due to CONVERGED_ITS iterations 1
          Linear BackwardEuler-Equation_lumped_mg_coarse_ solve converged due to CONVERGED_ITS iterations 1
          Linear BackwardEuler-Equation_lumped_mg_coarse_ solve converged due to CONVERGED_ITS iterations 1
          Linear BackwardEuler-Equation_lumped_mg_coarse_ solve converged due to CONVERGED_ITS iterations 1
          Linear BackwardEuler-Equation_lumped_mg_coarse_ solve converged due to CONVERGED_ITS iterations 1
          Linear BackwardEuler-Equation_lumped_mg_coarse_ solve converged due to CONVERGED_ITS iterations 1
          Linear BackwardEuler-Equation_lumped_mg_coarse_ solve converged due to CONVERGED_ITS iterations 1
          Linear BackwardEuler-Equation_lumped_mg_coarse_ solve converged due to CONVERGED_ITS iterations 1
    Linear BackwardEuler-Equation_ solve converged due to CONVERGED_RTOL iterations 8
          Linear BackwardEuler-Equation_lumped_mg_coarse_ solve converged due to CONVERGED_ITS iterations 1
          Linear BackwardEuler-Equation_lumped_mg_coarse_ solve converged due to CONVERGED_ITS iterations 1
          Linear BackwardEuler-Equation_lumped_mg_coarse_ solve converged due to CONVERGED_ITS iterations 1
          Linear BackwardEuler-Equation_lumped_mg_coarse_ solve converged due to CONVERGED_ITS iterations 1
          Linear BackwardEuler-Equation_lumped_mg_coarse_ solve converged due to CONVERGED_ITS iterations 1
          Linear BackwardEuler-Equation_lumped_mg_coarse_ solve converged due to CONVERGED_ITS iterations 1
          Linear BackwardEuler-Equation_lumped_mg_coarse_ solve converged due to CONVERGED_ITS iterations 1
          Linear BackwardEuler-Equation_lumped_mg_coarse_ solve converged due to CONVERGED_ITS iterations 1
          Linear BackwardEuler-Equation_lumped_mg_coarse_ solve converged due to CONVERGED_ITS iterations 1
          Linear BackwardEuler-Equation_lumped_mg_coarse_ solve converged due to CONVERGED_ITS iterations 1
          Linear BackwardEuler-Equation_lumped_mg_coarse_ solve converged due to CONVERGED_ITS iterations 1
    Linear BackwardEuler-Equation_ solve converged due to CONVERGED_RTOL iterations 11
  Nonlinear BackwardEuler-Equation_ solve converged due to CONVERGED_SNORM_RELATIVE iterations 3
t = 26.37 d | step 67/100000 | dt = 43200.0 s | wall 10.02 s | NL 3 | L 26
          Linear BackwardEuler-Equation_lumped_mg_coarse_ solve converged due to CONVERGED_ITS iterations 1
          Linear BackwardEuler-Equation_lumped_mg_coarse_ solve converged due to CONVERGED_ITS iterations 1
          Linear BackwardEuler-Equation_lumped_mg_coarse_ solve converged due to CONVERGED_ITS iterations 1
          Linear BackwardEuler-Equation_lumped_mg_coarse_ solve converged due to CONVERGED_ITS iterations 1
          Linear BackwardEuler-Equation_lumped_mg_coarse_ solve converged due to CONVERGED_ITS iterations 1
          Linear BackwardEuler-Equation_lumped_mg_coarse_ solve converged due to CONVERGED_ITS iterations 1
          Linear BackwardEuler-Equation_lumped_mg_coarse_ solve converged due to CONVERGED_ITS iterations 1
    Linear BackwardEuler-Equation_ solve converged due to CONVERGED_RTOL iterations 7
          Linear BackwardEuler-Equation_lumped_mg_coarse_ solve converged due to CONVERGED_ITS iterations 1
          Linear BackwardEuler-Equation_lumped_mg_coarse_ solve converged due to CONVERGED_ITS iterations 1
          Linear BackwardEuler-Equation_lumped_mg_coarse_ solve converged due to CONVERGED_ITS iterations 1
          Linear BackwardEuler-Equation_lumped_mg_coarse_ solve converged due to CONVERGED_ITS iterations 1
          Linear BackwardEuler-Equation_lumped_mg_coarse_ solve converged due to CONVERGED_ITS iterations 1
          Linear BackwardEuler-Equation_lumped_mg_coarse_ solve converged due to CONVERGED_ITS iterations 1
          Linear BackwardEuler-Equation_lumped_mg_coarse_ solve converged due to CONVERGED_ITS iterations 1
          Linear BackwardEuler-Equation_lumped_mg_coarse_ solve converged due to CONVERGED_ITS iterations 1
          Linear BackwardEuler-Equation_lumped_mg_coarse_ solve converged due to CONVERGED_ITS iterations 1
    Linear BackwardEuler-Equation_ solve converged due to CONVERGED_RTOL iterations 9
          Linear BackwardEuler-Equation_lumped_mg_coarse_ solve converged due to CONVERGED_ITS iterations 1
          Linear BackwardEuler-Equation_lumped_mg_coarse_ solve converged due to CONVERGED_ITS iterations 1
          Linear BackwardEuler-Equation_lumped_mg_coarse_ solve converged due to CONVERGED_ITS iterations 1
          Linear BackwardEuler-Equation_lumped_mg_coarse_ solve converged due to CONVERGED_ITS iterations 1
          Linear BackwardEuler-Equation_lumped_mg_coarse_ solve converged due to CONVERGED_ITS iterations 1
          Linear BackwardEuler-Equation_lumped_mg_coarse_ solve converged due to CONVERGED_ITS iterations 1
          Linear BackwardEuler-Equation_lumped_mg_coarse_ solve converged due to CONVERGED_ITS iterations 1
          Linear BackwardEuler-Equation_lumped_mg_coarse_ solve converged due to CONVERGED_ITS iterations 1
          Linear BackwardEuler-Equation_lumped_mg_coarse_ solve converged due to CONVERGED_ITS iterations 1
          Linear BackwardEuler-Equation_lumped_mg_coarse_ solve converged due to CONVERGED_ITS iterations 1
    Linear BackwardEuler-Equation_ solve converged due to CONVERGED_RTOL iterations 10
  Nonlinear BackwardEuler-Equation_ solve converged due to CONVERGED_SNORM_RELATIVE iterations 3
t = 26.87 d | step 68/100000 | dt = 43200.0 s | wall 9.73 s | NL 3 | L 26
          Linear BackwardEuler-Equation_lumped_mg_coarse_ solve converged due to CONVERGED_ITS iterations 1
          Linear BackwardEuler-Equation_lumped_mg_coarse_ solve converged due to CONVERGED_ITS iterations 1
          Linear BackwardEuler-Equation_lumped_mg_coarse_ solve converged due to CONVERGED_ITS iterations 1
          Linear BackwardEuler-Equation_lumped_mg_coarse_ solve converged due to CONVERGED_ITS iterations 1
          Linear BackwardEuler-Equation_lumped_mg_coarse_ solve converged due to CONVERGED_ITS iterations 1
          Linear BackwardEuler-Equation_lumped_mg_coarse_ solve converged due to CONVERGED_ITS iterations 1
          Linear BackwardEuler-Equation_lumped_mg_coarse_ solve converged due to CONVERGED_ITS iterations 1
    Linear BackwardEuler-Equation_ solve converged due to CONVERGED_RTOL iterations 7
          Linear BackwardEuler-Equation_lumped_mg_coarse_ solve converged due to CONVERGED_ITS iterations 1
          Linear BackwardEuler-Equation_lumped_mg_coarse_ solve converged due to CONVERGED_ITS iterations 1
          Linear BackwardEuler-Equation_lumped_mg_coarse_ solve converged due to CONVERGED_ITS iterations 1
          Linear BackwardEuler-Equation_lumped_mg_coarse_ solve converged due to CONVERGED_ITS iterations 1
          Linear BackwardEuler-Equation_lumped_mg_coarse_ solve converged due to CONVERGED_ITS iterations 1
          Linear BackwardEuler-Equation_lumped_mg_coarse_ solve converged due to CONVERGED_ITS iterations 1
          Linear BackwardEuler-Equation_lumped_mg_coarse_ solve converged due to CONVERGED_ITS iterations 1
    Linear BackwardEuler-Equation_ solve converged due to CONVERGED_RTOL iterations 7
          Linear BackwardEuler-Equation_lumped_mg_coarse_ solve converged due to CONVERGED_ITS iterations 1
          Linear BackwardEuler-Equation_lumped_mg_coarse_ solve converged due to CONVERGED_ITS iterations 1
          Linear BackwardEuler-Equation_lumped_mg_coarse_ solve converged due to CONVERGED_ITS iterations 1
          Linear BackwardEuler-Equation_lumped_mg_coarse_ solve converged due to CONVERGED_ITS iterations 1
          Linear BackwardEuler-Equation_lumped_mg_coarse_ solve converged due to CONVERGED_ITS iterations 1
          Linear BackwardEuler-Equation_lumped_mg_coarse_ solve converged due to CONVERGED_ITS iterations 1
          Linear BackwardEuler-Equation_lumped_mg_coarse_ solve converged due to CONVERGED_ITS iterations 1
          Linear BackwardEuler-Equation_lumped_mg_coarse_ solve converged due to CONVERGED_ITS iterations 1
          Linear BackwardEuler-Equation_lumped_mg_coarse_ solve converged due to CONVERGED_ITS iterations 1
          Linear BackwardEuler-Equation_lumped_mg_coarse_ solve converged due to CONVERGED_ITS iterations 1
          Linear BackwardEuler-Equation_lumped_mg_coarse_ solve converged due to CONVERGED_ITS iterations 1
          Linear BackwardEuler-Equation_lumped_mg_coarse_ solve converged due to CONVERGED_ITS iterations 1
    Linear BackwardEuler-Equation_ solve converged due to CONVERGED_RTOL iterations 12
  Nonlinear BackwardEuler-Equation_ solve converged due to CONVERGED_SNORM_RELATIVE iterations 3
t = 27.37 d | step 69/100000 | dt = 43200.0 s | wall 9.78 s | NL 3 | L 26
          Linear BackwardEuler-Equation_lumped_mg_coarse_ solve converged due to CONVERGED_ITS iterations 1
          Linear BackwardEuler-Equation_lumped_mg_coarse_ solve converged due to CONVERGED_ITS iterations 1
          Linear BackwardEuler-Equation_lumped_mg_coarse_ solve converged due to CONVERGED_ITS iterations 1
          Linear BackwardEuler-Equation_lumped_mg_coarse_ solve converged due to CONVERGED_ITS iterations 1
          Linear BackwardEuler-Equation_lumped_mg_coarse_ solve converged due to CONVERGED_ITS iterations 1
          Linear BackwardEuler-Equation_lumped_mg_coarse_ solve converged due to CONVERGED_ITS iterations 1
          Linear BackwardEuler-Equation_lumped_mg_coarse_ solve converged due to CONVERGED_ITS iterations 1
    Linear BackwardEuler-Equation_ solve converged due to CONVERGED_RTOL iterations 7
          Linear BackwardEuler-Equation_lumped_mg_coarse_ solve converged due to CONVERGED_ITS iterations 1
          Linear BackwardEuler-Equation_lumped_mg_coarse_ solve converged due to CONVERGED_ITS iterations 1
          Linear BackwardEuler-Equation_lumped_mg_coarse_ solve converged due to CONVERGED_ITS iterations 1
          Linear BackwardEuler-Equation_lumped_mg_coarse_ solve converged due to CONVERGED_ITS iterations 1
          Linear BackwardEuler-Equation_lumped_mg_coarse_ solve converged due to CONVERGED_ITS iterations 1
          Linear BackwardEuler-Equation_lumped_mg_coarse_ solve converged due to CONVERGED_ITS iterations 1
          Linear BackwardEuler-Equation_lumped_mg_coarse_ solve converged due to CONVERGED_ITS iterations 1
          Linear BackwardEuler-Equation_lumped_mg_coarse_ solve converged due to CONVERGED_ITS iterations 1
    Linear BackwardEuler-Equation_ solve converged due to CONVERGED_RTOL iterations 8
          Linear BackwardEuler-Equation_lumped_mg_coarse_ solve converged due to CONVERGED_ITS iterations 1
          Linear BackwardEuler-Equation_lumped_mg_coarse_ solve converged due to CONVERGED_ITS iterations 1
          Linear BackwardEuler-Equation_lumped_mg_coarse_ solve converged due to CONVERGED_ITS iterations 1
          Linear BackwardEuler-Equation_lumped_mg_coarse_ solve converged due to CONVERGED_ITS iterations 1
          Linear BackwardEuler-Equation_lumped_mg_coarse_ solve converged due to CONVERGED_ITS iterations 1
          Linear BackwardEuler-Equation_lumped_mg_coarse_ solve converged due to CONVERGED_ITS iterations 1
          Linear BackwardEuler-Equation_lumped_mg_coarse_ solve converged due to CONVERGED_ITS iterations 1
          Linear BackwardEuler-Equation_lumped_mg_coarse_ solve converged due to CONVERGED_ITS iterations 1
          Linear BackwardEuler-Equation_lumped_mg_coarse_ solve converged due to CONVERGED_ITS iterations 1
          Linear BackwardEuler-Equation_lumped_mg_coarse_ solve converged due to CONVERGED_ITS iterations 1
          Linear BackwardEuler-Equation_lumped_mg_coarse_ solve converged due to CONVERGED_ITS iterations 1
          Linear BackwardEuler-Equation_lumped_mg_coarse_ solve converged due to CONVERGED_ITS iterations 1
    Linear BackwardEuler-Equation_ solve converged due to CONVERGED_RTOL iterations 12
  Nonlinear BackwardEuler-Equation_ solve converged due to CONVERGED_SNORM_RELATIVE iterations 3
t = 27.87 d | step 70/100000 | dt = 43200.0 s | wall 10.07 s | NL 3 | L 27
          Linear BackwardEuler-Equation_lumped_mg_coarse_ solve converged due to CONVERGED_ITS iterations 1
          Linear BackwardEuler-Equation_lumped_mg_coarse_ solve converged due to CONVERGED_ITS iterations 1
          Linear BackwardEuler-Equation_lumped_mg_coarse_ solve converged due to CONVERGED_ITS iterations 1
          Linear BackwardEuler-Equation_lumped_mg_coarse_ solve converged due to CONVERGED_ITS iterations 1
          Linear BackwardEuler-Equation_lumped_mg_coarse_ solve converged due to CONVERGED_ITS iterations 1
          Linear BackwardEuler-Equation_lumped_mg_coarse_ solve converged due to CONVERGED_ITS iterations 1
          Linear BackwardEuler-Equation_lumped_mg_coarse_ solve converged due to CONVERGED_ITS iterations 1
    Linear BackwardEuler-Equation_ solve converged due to CONVERGED_RTOL iterations 7
          Linear BackwardEuler-Equation_lumped_mg_coarse_ solve converged due to CONVERGED_ITS iterations 1
          Linear BackwardEuler-Equation_lumped_mg_coarse_ solve converged due to CONVERGED_ITS iterations 1
          Linear BackwardEuler-Equation_lumped_mg_coarse_ solve converged due to CONVERGED_ITS iterations 1
          Linear BackwardEuler-Equation_lumped_mg_coarse_ solve converged due to CONVERGED_ITS iterations 1
          Linear BackwardEuler-Equation_lumped_mg_coarse_ solve converged due to CONVERGED_ITS iterations 1
          Linear BackwardEuler-Equation_lumped_mg_coarse_ solve converged due to CONVERGED_ITS iterations 1
          Linear BackwardEuler-Equation_lumped_mg_coarse_ solve converged due to CONVERGED_ITS iterations 1
          Linear BackwardEuler-Equation_lumped_mg_coarse_ solve converged due to CONVERGED_ITS iterations 1
    Linear BackwardEuler-Equation_ solve converged due to CONVERGED_RTOL iterations 8
          Linear BackwardEuler-Equation_lumped_mg_coarse_ solve converged due to CONVERGED_ITS iterations 1
          Linear BackwardEuler-Equation_lumped_mg_coarse_ solve converged due to CONVERGED_ITS iterations 1
          Linear BackwardEuler-Equation_lumped_mg_coarse_ solve converged due to CONVERGED_ITS iterations 1
          Linear BackwardEuler-Equation_lumped_mg_coarse_ solve converged due to CONVERGED_ITS iterations 1
          Linear BackwardEuler-Equation_lumped_mg_coarse_ solve converged due to CONVERGED_ITS iterations 1
          Linear BackwardEuler-Equation_lumped_mg_coarse_ solve converged due to CONVERGED_ITS iterations 1
          Linear BackwardEuler-Equation_lumped_mg_coarse_ solve converged due to CONVERGED_ITS iterations 1
          Linear BackwardEuler-Equation_lumped_mg_coarse_ solve converged due to CONVERGED_ITS iterations 1
          Linear BackwardEuler-Equation_lumped_mg_coarse_ solve converged due to CONVERGED_ITS iterations 1
          Linear BackwardEuler-Equation_lumped_mg_coarse_ solve converged due to CONVERGED_ITS iterations 1
          Linear BackwardEuler-Equation_lumped_mg_coarse_ solve converged due to CONVERGED_ITS iterations 1
          Linear BackwardEuler-Equation_lumped_mg_coarse_ solve converged due to CONVERGED_ITS iterations 1
    Linear BackwardEuler-Equation_ solve converged due to CONVERGED_RTOL iterations 12
  Nonlinear BackwardEuler-Equation_ solve converged due to CONVERGED_SNORM_RELATIVE iterations 3
t = 28.37 d | step 71/100000 | dt = 43200.0 s | wall 10.05 s | NL 3 | L 27
          Linear BackwardEuler-Equation_lumped_mg_coarse_ solve converged due to CONVERGED_ITS iterations 1
          Linear BackwardEuler-Equation_lumped_mg_coarse_ solve converged due to CONVERGED_ITS iterations 1
          Linear BackwardEuler-Equation_lumped_mg_coarse_ solve converged due to CONVERGED_ITS iterations 1
          Linear BackwardEuler-Equation_lumped_mg_coarse_ solve converged due to CONVERGED_ITS iterations 1
          Linear BackwardEuler-Equation_lumped_mg_coarse_ solve converged due to CONVERGED_ITS iterations 1
          Linear BackwardEuler-Equation_lumped_mg_coarse_ solve converged due to CONVERGED_ITS iterations 1
          Linear BackwardEuler-Equation_lumped_mg_coarse_ solve converged due to CONVERGED_ITS iterations 1
    Linear BackwardEuler-Equation_ solve converged due to CONVERGED_RTOL iterations 7
          Linear BackwardEuler-Equation_lumped_mg_coarse_ solve converged due to CONVERGED_ITS iterations 1
          Linear BackwardEuler-Equation_lumped_mg_coarse_ solve converged due to CONVERGED_ITS iterations 1
          Linear BackwardEuler-Equation_lumped_mg_coarse_ solve converged due to CONVERGED_ITS iterations 1
          Linear BackwardEuler-Equation_lumped_mg_coarse_ solve converged due to CONVERGED_ITS iterations 1
          Linear BackwardEuler-Equation_lumped_mg_coarse_ solve converged due to CONVERGED_ITS iterations 1
          Linear BackwardEuler-Equation_lumped_mg_coarse_ solve converged due to CONVERGED_ITS iterations 1
          Linear BackwardEuler-Equation_lumped_mg_coarse_ solve converged due to CONVERGED_ITS iterations 1
          Linear BackwardEuler-Equation_lumped_mg_coarse_ solve converged due to CONVERGED_ITS iterations 1
    Linear BackwardEuler-Equation_ solve converged due to CONVERGED_RTOL iterations 8
          Linear BackwardEuler-Equation_lumped_mg_coarse_ solve converged due to CONVERGED_ITS iterations 1
          Linear BackwardEuler-Equation_lumped_mg_coarse_ solve converged due to CONVERGED_ITS iterations 1
          Linear BackwardEuler-Equation_lumped_mg_coarse_ solve converged due to CONVERGED_ITS iterations 1
          Linear BackwardEuler-Equation_lumped_mg_coarse_ solve converged due to CONVERGED_ITS iterations 1
          Linear BackwardEuler-Equation_lumped_mg_coarse_ solve converged due to CONVERGED_ITS iterations 1
          Linear BackwardEuler-Equation_lumped_mg_coarse_ solve converged due to CONVERGED_ITS iterations 1
          Linear BackwardEuler-Equation_lumped_mg_coarse_ solve converged due to CONVERGED_ITS iterations 1
          Linear BackwardEuler-Equation_lumped_mg_coarse_ solve converged due to CONVERGED_ITS iterations 1
          Linear BackwardEuler-Equation_lumped_mg_coarse_ solve converged due to CONVERGED_ITS iterations 1
          Linear BackwardEuler-Equation_lumped_mg_coarse_ solve converged due to CONVERGED_ITS iterations 1
          Linear BackwardEuler-Equation_lumped_mg_coarse_ solve converged due to CONVERGED_ITS iterations 1
          Linear BackwardEuler-Equation_lumped_mg_coarse_ solve converged due to CONVERGED_ITS iterations 1
    Linear BackwardEuler-Equation_ solve converged due to CONVERGED_RTOL iterations 12
  Nonlinear BackwardEuler-Equation_ solve converged due to CONVERGED_SNORM_RELATIVE iterations 3
t = 28.87 d | step 72/100000 | dt = 43200.0 s | wall 10.16 s | NL 3 | L 27
          Linear BackwardEuler-Equation_lumped_mg_coarse_ solve converged due to CONVERGED_ITS iterations 1
          Linear BackwardEuler-Equation_lumped_mg_coarse_ solve converged due to CONVERGED_ITS iterations 1
          Linear BackwardEuler-Equation_lumped_mg_coarse_ solve converged due to CONVERGED_ITS iterations 1
          Linear BackwardEuler-Equation_lumped_mg_coarse_ solve converged due to CONVERGED_ITS iterations 1
          Linear BackwardEuler-Equation_lumped_mg_coarse_ solve converged due to CONVERGED_ITS iterations 1
          Linear BackwardEuler-Equation_lumped_mg_coarse_ solve converged due to CONVERGED_ITS iterations 1
          Linear BackwardEuler-Equation_lumped_mg_coarse_ solve converged due to CONVERGED_ITS iterations 1
    Linear BackwardEuler-Equation_ solve converged due to CONVERGED_RTOL iterations 7
          Linear BackwardEuler-Equation_lumped_mg_coarse_ solve converged due to CONVERGED_ITS iterations 1
          Linear BackwardEuler-Equation_lumped_mg_coarse_ solve converged due to CONVERGED_ITS iterations 1
          Linear BackwardEuler-Equation_lumped_mg_coarse_ solve converged due to CONVERGED_ITS iterations 1
          Linear BackwardEuler-Equation_lumped_mg_coarse_ solve converged due to CONVERGED_ITS iterations 1
          Linear BackwardEuler-Equation_lumped_mg_coarse_ solve converged due to CONVERGED_ITS iterations 1
          Linear BackwardEuler-Equation_lumped_mg_coarse_ solve converged due to CONVERGED_ITS iterations 1
          Linear BackwardEuler-Equation_lumped_mg_coarse_ solve converged due to CONVERGED_ITS iterations 1
          Linear BackwardEuler-Equation_lumped_mg_coarse_ solve converged due to CONVERGED_ITS iterations 1
    Linear BackwardEuler-Equation_ solve converged due to CONVERGED_RTOL iterations 8
          Linear BackwardEuler-Equation_lumped_mg_coarse_ solve converged due to CONVERGED_ITS iterations 1
          Linear BackwardEuler-Equation_lumped_mg_coarse_ solve converged due to CONVERGED_ITS iterations 1
          Linear BackwardEuler-Equation_lumped_mg_coarse_ solve converged due to CONVERGED_ITS iterations 1
          Linear BackwardEuler-Equation_lumped_mg_coarse_ solve converged due to CONVERGED_ITS iterations 1
          Linear BackwardEuler-Equation_lumped_mg_coarse_ solve converged due to CONVERGED_ITS iterations 1
          Linear BackwardEuler-Equation_lumped_mg_coarse_ solve converged due to CONVERGED_ITS iterations 1
          Linear BackwardEuler-Equation_lumped_mg_coarse_ solve converged due to CONVERGED_ITS iterations 1
          Linear BackwardEuler-Equation_lumped_mg_coarse_ solve converged due to CONVERGED_ITS iterations 1
          Linear BackwardEuler-Equation_lumped_mg_coarse_ solve converged due to CONVERGED_ITS iterations 1
          Linear BackwardEuler-Equation_lumped_mg_coarse_ solve converged due to CONVERGED_ITS iterations 1
          Linear BackwardEuler-Equation_lumped_mg_coarse_ solve converged due to CONVERGED_ITS iterations 1
    Linear BackwardEuler-Equation_ solve converged due to CONVERGED_RTOL iterations 11
  Nonlinear BackwardEuler-Equation_ solve converged due to CONVERGED_SNORM_RELATIVE iterations 3
t = 29.37 d | step 73/100000 | dt = 43200.0 s | wall 9.94 s | NL 3 | L 26
          Linear BackwardEuler-Equation_lumped_mg_coarse_ solve converged due to CONVERGED_ITS iterations 1
          Linear BackwardEuler-Equation_lumped_mg_coarse_ solve converged due to CONVERGED_ITS iterations 1
          Linear BackwardEuler-Equation_lumped_mg_coarse_ solve converged due to CONVERGED_ITS iterations 1
          Linear BackwardEuler-Equation_lumped_mg_coarse_ solve converged due to CONVERGED_ITS iterations 1
          Linear BackwardEuler-Equation_lumped_mg_coarse_ solve converged due to CONVERGED_ITS iterations 1
          Linear BackwardEuler-Equation_lumped_mg_coarse_ solve converged due to CONVERGED_ITS iterations 1
          Linear BackwardEuler-Equation_lumped_mg_coarse_ solve converged due to CONVERGED_ITS iterations 1
    Linear BackwardEuler-Equation_ solve converged due to CONVERGED_RTOL iterations 7
          Linear BackwardEuler-Equation_lumped_mg_coarse_ solve converged due to CONVERGED_ITS iterations 1
          Linear BackwardEuler-Equation_lumped_mg_coarse_ solve converged due to CONVERGED_ITS iterations 1
          Linear BackwardEuler-Equation_lumped_mg_coarse_ solve converged due to CONVERGED_ITS iterations 1
          Linear BackwardEuler-Equation_lumped_mg_coarse_ solve converged due to CONVERGED_ITS iterations 1
          Linear BackwardEuler-Equation_lumped_mg_coarse_ solve converged due to CONVERGED_ITS iterations 1
          Linear BackwardEuler-Equation_lumped_mg_coarse_ solve converged due to CONVERGED_ITS iterations 1
          Linear BackwardEuler-Equation_lumped_mg_coarse_ solve converged due to CONVERGED_ITS iterations 1
          Linear BackwardEuler-Equation_lumped_mg_coarse_ solve converged due to CONVERGED_ITS iterations 1
          Linear BackwardEuler-Equation_lumped_mg_coarse_ solve converged due to CONVERGED_ITS iterations 1
    Linear BackwardEuler-Equation_ solve converged due to CONVERGED_RTOL iterations 9
          Linear BackwardEuler-Equation_lumped_mg_coarse_ solve converged due to CONVERGED_ITS iterations 1
          Linear BackwardEuler-Equation_lumped_mg_coarse_ solve converged due to CONVERGED_ITS iterations 1
          Linear BackwardEuler-Equation_lumped_mg_coarse_ solve converged due to CONVERGED_ITS iterations 1
          Linear BackwardEuler-Equation_lumped_mg_coarse_ solve converged due to CONVERGED_ITS iterations 1
          Linear BackwardEuler-Equation_lumped_mg_coarse_ solve converged due to CONVERGED_ITS iterations 1
          Linear BackwardEuler-Equation_lumped_mg_coarse_ solve converged due to CONVERGED_ITS iterations 1
          Linear BackwardEuler-Equation_lumped_mg_coarse_ solve converged due to CONVERGED_ITS iterations 1
          Linear BackwardEuler-Equation_lumped_mg_coarse_ solve converged due to CONVERGED_ITS iterations 1
          Linear BackwardEuler-Equation_lumped_mg_coarse_ solve converged due to CONVERGED_ITS iterations 1
          Linear BackwardEuler-Equation_lumped_mg_coarse_ solve converged due to CONVERGED_ITS iterations 1
          Linear BackwardEuler-Equation_lumped_mg_coarse_ solve converged due to CONVERGED_ITS iterations 1
    Linear BackwardEuler-Equation_ solve converged due to CONVERGED_RTOL iterations 11
  Nonlinear BackwardEuler-Equation_ solve converged due to CONVERGED_SNORM_RELATIVE iterations 3
t = 29.87 d | step 74/100000 | dt = 43200.0 s | wall 10.01 s | NL 3 | L 27
          Linear BackwardEuler-Equation_lumped_mg_coarse_ solve converged due to CONVERGED_ITS iterations 1
          Linear BackwardEuler-Equation_lumped_mg_coarse_ solve converged due to CONVERGED_ITS iterations 1
          Linear BackwardEuler-Equation_lumped_mg_coarse_ solve converged due to CONVERGED_ITS iterations 1
          Linear BackwardEuler-Equation_lumped_mg_coarse_ solve converged due to CONVERGED_ITS iterations 1
          Linear BackwardEuler-Equation_lumped_mg_coarse_ solve converged due to CONVERGED_ITS iterations 1
          Linear BackwardEuler-Equation_lumped_mg_coarse_ solve converged due to CONVERGED_ITS iterations 1
          Linear BackwardEuler-Equation_lumped_mg_coarse_ solve converged due to CONVERGED_ITS iterations 1
    Linear BackwardEuler-Equation_ solve converged due to CONVERGED_RTOL iterations 7
          Linear BackwardEuler-Equation_lumped_mg_coarse_ solve converged due to CONVERGED_ITS iterations 1
          Linear BackwardEuler-Equation_lumped_mg_coarse_ solve converged due to CONVERGED_ITS iterations 1
          Linear BackwardEuler-Equation_lumped_mg_coarse_ solve converged due to CONVERGED_ITS iterations 1
          Linear BackwardEuler-Equation_lumped_mg_coarse_ solve converged due to CONVERGED_ITS iterations 1
          Linear BackwardEuler-Equation_lumped_mg_coarse_ solve converged due to CONVERGED_ITS iterations 1
          Linear BackwardEuler-Equation_lumped_mg_coarse_ solve converged due to CONVERGED_ITS iterations 1
          Linear BackwardEuler-Equation_lumped_mg_coarse_ solve converged due to CONVERGED_ITS iterations 1
          Linear BackwardEuler-Equation_lumped_mg_coarse_ solve converged due to CONVERGED_ITS iterations 1
          Linear BackwardEuler-Equation_lumped_mg_coarse_ solve converged due to CONVERGED_ITS iterations 1
    Linear BackwardEuler-Equation_ solve converged due to CONVERGED_RTOL iterations 9
          Linear BackwardEuler-Equation_lumped_mg_coarse_ solve converged due to CONVERGED_ITS iterations 1
          Linear BackwardEuler-Equation_lumped_mg_coarse_ solve converged due to CONVERGED_ITS iterations 1
          Linear BackwardEuler-Equation_lumped_mg_coarse_ solve converged due to CONVERGED_ITS iterations 1
          Linear BackwardEuler-Equation_lumped_mg_coarse_ solve converged due to CONVERGED_ITS iterations 1
          Linear BackwardEuler-Equation_lumped_mg_coarse_ solve converged due to CONVERGED_ITS iterations 1
          Linear BackwardEuler-Equation_lumped_mg_coarse_ solve converged due to CONVERGED_ITS iterations 1
          Linear BackwardEuler-Equation_lumped_mg_coarse_ solve converged due to CONVERGED_ITS iterations 1
          Linear BackwardEuler-Equation_lumped_mg_coarse_ solve converged due to CONVERGED_ITS iterations 1
          Linear BackwardEuler-Equation_lumped_mg_coarse_ solve converged due to CONVERGED_ITS iterations 1
          Linear BackwardEuler-Equation_lumped_mg_coarse_ solve converged due to CONVERGED_ITS iterations 1
    Linear BackwardEuler-Equation_ solve converged due to CONVERGED_RTOL iterations 10
  Nonlinear BackwardEuler-Equation_ solve converged due to CONVERGED_SNORM_RELATIVE iterations 3
t = 30.37 d | step 75/100000 | dt = 43200.0 s | wall 9.82 s | NL 3 | L 26
Done | total NL 225 | total L 1942 | mean wall/step 10.42 s | peak RSS 1583 MB | steps 75 | failed 0 | sim_time 30.37 d
=== Job completed: Sat Aug 29 13:35:55 AEST 2026 ===

======================================================================================
                  Resource Usage on 2026-08-29 13:36:00:
   Job Id:             177736784.gadi-pbs
   Project:            xd2
   Exit Status:        0
   Service Units:      100.30
   NCPUs Requested:    208                 CPU Time Used: 49:01:40        
   Memory Requested:   1000.0GB              Memory Used: 263.73GB        
   Walltime Requested: 06:00:00            Walltime Used: 00:14:28        
   JobFS Requested:    400.0GB                JobFS Used: 44.52MB         
======================================================================================
