=== Job info ===
Case: cockett
Solver: vlumping_4sweep
Scale: large
Nodes: 8
CPUs: 832
Date: Wed Apr 15 16:05:57 AEST 2026
================
Could not save font_manager cache Lock error: Matplotlib failed to acquire the following lock file:
    /jobfs/165722960.gadi-pbs/matplotlib/fontlist-v390.json.matplotlib-lock
This maybe due to another process holding this lock file.  If you are sure no
other Matplotlib process is running, remove this file and try again.
Could not save font_manager cache Lock error: Matplotlib failed to acquire the following lock file:
    /jobfs/165722960.gadi-pbs/matplotlib/fontlist-v390.json.matplotlib-lock
This maybe due to another process holding this lock file.  If you are sure no
other Matplotlib process is running, remove this file and try again.
Could not save font_manager cache Lock error: Matplotlib failed to acquire the following lock file:
    /jobfs/165722960.gadi-pbs/matplotlib/fontlist-v390.json.matplotlib-lock
This maybe due to another process holding this lock file.  If you are sure no
other Matplotlib process is running, remove this file and try again.
Could not save font_manager cache Lock error: Matplotlib failed to acquire the following lock file:
    /jobfs/165722960.gadi-pbs/matplotlib/fontlist-v390.json.matplotlib-lock
This maybe due to another process holding this lock file.  If you are sure no
other Matplotlib process is running, remove this file and try again.
Could not save font_manager cache Lock error: Matplotlib failed to acquire the following lock file:
    /jobfs/165722960.gadi-pbs/matplotlib/fontlist-v390.json.matplotlib-lock
This maybe due to another process holding this lock file.  If you are sure no
other Matplotlib process is running, remove this file and try again.
Could not save font_manager cache Lock error: Matplotlib failed to acquire the following lock file:
    /jobfs/165722960.gadi-pbs/matplotlib/fontlist-v390.json.matplotlib-lock
This maybe due to another process holding this lock file.  If you are sure no
other Matplotlib process is running, remove this file and try again.
Could not save font_manager cache Lock error: Matplotlib failed to acquire the following lock file:
    /jobfs/165722960.gadi-pbs/matplotlib/fontlist-v390.json.matplotlib-lock
This maybe due to another process holding this lock file.  If you are sure no
other Matplotlib process is running, remove this file and try again.
Could not save font_manager cache Lock error: Matplotlib failed to acquire the following lock file:
    /jobfs/165722960.gadi-pbs/matplotlib/fontlist-v390.json.matplotlib-lock
This maybe due to another process holding this lock file.  If you are sure no
other Matplotlib process is running, remove this file and try again.
Could not save font_manager cache Lock error: Matplotlib failed to acquire the following lock file:
    /jobfs/165722960.gadi-pbs/matplotlib/fontlist-v390.json.matplotlib-lock
This maybe due to another process holding this lock file.  If you are sure no
other Matplotlib process is running, remove this file and try again.
Could not save font_manager cache Lock error: Matplotlib failed to acquire the following lock file:
    /jobfs/165722960.gadi-pbs/matplotlib/fontlist-v390.json.matplotlib-lock
This maybe due to another process holding this lock file.  If you are sure no
other Matplotlib process is running, remove this file and try again.
Could not save font_manager cache Lock error: Matplotlib failed to acquire the following lock file:
    /jobfs/165722960.gadi-pbs/matplotlib/fontlist-v390.json.matplotlib-lock
This maybe due to another process holding this lock file.  If you are sure no
other Matplotlib process is running, remove this file and try again.
Could not save font_manager cache Lock error: Matplotlib failed to acquire the following lock file:
    /jobfs/165722960.gadi-pbs/matplotlib/fontlist-v390.json.matplotlib-lock
This maybe due to another process holding this lock file.  If you are sure no
other Matplotlib process is running, remove this file and try again.
Could not save font_manager cache Lock error: Matplotlib failed to acquire the following lock file:
    /jobfs/165722960.gadi-pbs/matplotlib/fontlist-v390.json.matplotlib-lock
This maybe due to another process holding this lock file.  If you are sure no
other Matplotlib process is running, remove this file and try again.
Could not save font_manager cache Lock error: Matplotlib failed to acquire the following lock file:
    /jobfs/165722960.gadi-pbs/matplotlib/fontlist-v390.json.matplotlib-lock
This maybe due to another process holding this lock file.  If you are sure no
other Matplotlib process is running, remove this file and try again.
Could not save font_manager cache Lock error: Matplotlib failed to acquire the following lock file:
    /jobfs/165722960.gadi-pbs/matplotlib/fontlist-v390.json.matplotlib-lock
This maybe due to another process holding this lock file.  If you are sure no
other Matplotlib process is running, remove this file and try again.
Could not save font_manager cache Lock error: Matplotlib failed to acquire the following lock file:
    /jobfs/165722960.gadi-pbs/matplotlib/fontlist-v390.json.matplotlib-lock
This maybe due to another process holding this lock file.  If you are sure no
other Matplotlib process is running, remove this file and try again.
Could not save font_manager cache Lock error: Matplotlib failed to acquire the following lock file:
    /jobfs/165722960.gadi-pbs/matplotlib/fontlist-v390.json.matplotlib-lock
This maybe due to another process holding this lock file.  If you are sure no
other Matplotlib process is running, remove this file and try again.
Could not save font_manager cache Lock error: Matplotlib failed to acquire the following lock file:
    /jobfs/165722960.gadi-pbs/matplotlib/fontlist-v390.json.matplotlib-lock
This maybe due to another process holding this lock file.  If you are sure no
other Matplotlib process is running, remove this file and try again.
Could not save font_manager cache Lock error: Matplotlib failed to acquire the following lock file:
    /jobfs/165722960.gadi-pbs/matplotlib/fontlist-v390.json.matplotlib-lock
This maybe due to another process holding this lock file.  If you are sure no
other Matplotlib process is running, remove this file and try again.
Could not save font_manager cache Lock error: Matplotlib failed to acquire the following lock file:
    /jobfs/165722960.gadi-pbs/matplotlib/fontlist-v390.json.matplotlib-lock
This maybe due to another process holding this lock file.  If you are sure no
other Matplotlib process is running, remove this file and try again.
Could not save font_manager cache Lock error: Matplotlib failed to acquire the following lock file:
    /jobfs/165722960.gadi-pbs/matplotlib/fontlist-v390.json.matplotlib-lock
This maybe due to another process holding this lock file.  If you are sure no
other Matplotlib process is running, remove this file and try again.
Could not save font_manager cache Lock error: Matplotlib failed to acquire the following lock file:
    /jobfs/165722960.gadi-pbs/matplotlib/fontlist-v390.json.matplotlib-lock
This maybe due to another process holding this lock file.  If you are sure no
other Matplotlib process is running, remove this file and try again.
Could not save font_manager cache Lock error: Matplotlib failed to acquire the following lock file:
    /jobfs/165722960.gadi-pbs/matplotlib/fontlist-v390.json.matplotlib-lock
This maybe due to another process holding this lock file.  If you are sure no
other Matplotlib process is running, remove this file and try again.
Could not save font_manager cache Lock error: Matplotlib failed to acquire the following lock file:
    /jobfs/165722960.gadi-pbs/matplotlib/fontlist-v390.json.matplotlib-lock
This maybe due to another process holding this lock file.  If you are sure no
other Matplotlib process is running, remove this file and try again.
Could not save font_manager cache Lock error: Matplotlib failed to acquire the following lock file:
    /jobfs/165722960.gadi-pbs/matplotlib/fontlist-v390.json.matplotlib-lock
This maybe due to another process holding this lock file.  If you are sure no
other Matplotlib process is running, remove this file and try again.
Could not save font_manager cache Lock error: Matplotlib failed to acquire the following lock file:
    /jobfs/165722960.gadi-pbs/matplotlib/fontlist-v390.json.matplotlib-lock
This maybe due to another process holding this lock file.  If you are sure no
other Matplotlib process is running, remove this file and try again.
Could not save font_manager cache Lock error: Matplotlib failed to acquire the following lock file:
    /jobfs/165722960.gadi-pbs/matplotlib/fontlist-v390.json.matplotlib-lock
This maybe due to another process holding this lock file.  If you are sure no
other Matplotlib process is running, remove this file and try again.
Could not save font_manager cache Lock error: Matplotlib failed to acquire the following lock file:
    /jobfs/165722960.gadi-pbs/matplotlib/fontlist-v390.json.matplotlib-lock
This maybe due to another process holding this lock file.  If you are sure no
other Matplotlib process is running, remove this file and try again.
Could not save font_manager cache Lock error: Matplotlib failed to acquire the following lock file:
    /jobfs/165722960.gadi-pbs/matplotlib/fontlist-v390.json.matplotlib-lock
This maybe due to another process holding this lock file.  If you are sure no
other Matplotlib process is running, remove this file and try again.
Could not save font_manager cache Lock error: Matplotlib failed to acquire the following lock file:
    /jobfs/165722960.gadi-pbs/matplotlib/fontlist-v390.json.matplotlib-lock
This maybe due to another process holding this lock file.  If you are sure no
other Matplotlib process is running, remove this file and try again.
Could not save font_manager cache Lock error: Matplotlib failed to acquire the following lock file:
    /jobfs/165722960.gadi-pbs/matplotlib/fontlist-v390.json.matplotlib-lock
This maybe due to another process holding this lock file.  If you are sure no
other Matplotlib process is running, remove this file and try again.
Could not save font_manager cache Lock error: Matplotlib failed to acquire the following lock file:
    /jobfs/165722960.gadi-pbs/matplotlib/fontlist-v390.json.matplotlib-lock
This maybe due to another process holding this lock file.  If you are sure no
other Matplotlib process is running, remove this file and try again.
Could not save font_manager cache Lock error: Matplotlib failed to acquire the following lock file:
    /jobfs/165722960.gadi-pbs/matplotlib/fontlist-v390.json.matplotlib-lock
This maybe due to another process holding this lock file.  If you are sure no
other Matplotlib process is running, remove this file and try again.
Could not save font_manager cache Lock error: Matplotlib failed to acquire the following lock file:
    /jobfs/165722960.gadi-pbs/matplotlib/fontlist-v390.json.matplotlib-lock
This maybe due to another process holding this lock file.  If you are sure no
other Matplotlib process is running, remove this file and try again.
Could not save font_manager cache Lock error: Matplotlib failed to acquire the following lock file:
    /jobfs/165722960.gadi-pbs/matplotlib/fontlist-v390.json.matplotlib-lock
This maybe due to another process holding this lock file.  If you are sure no
other Matplotlib process is running, remove this file and try again.
Could not save font_manager cache Lock error: Matplotlib failed to acquire the following lock file:
    /jobfs/165722960.gadi-pbs/matplotlib/fontlist-v390.json.matplotlib-lock
This maybe due to another process holding this lock file.  If you are sure no
other Matplotlib process is running, remove this file and try again.
Could not save font_manager cache Lock error: Matplotlib failed to acquire the following lock file:
    /jobfs/165722960.gadi-pbs/matplotlib/fontlist-v390.json.matplotlib-lock
This maybe due to another process holding this lock file.  If you are sure no
other Matplotlib process is running, remove this file and try again.
Could not save font_manager cache Lock error: Matplotlib failed to acquire the following lock file:
    /jobfs/165722960.gadi-pbs/matplotlib/fontlist-v390.json.matplotlib-lock
This maybe due to another process holding this lock file.  If you are sure no
other Matplotlib process is running, remove this file and try again.
Could not save font_manager cache Lock error: Matplotlib failed to acquire the following lock file:
    /jobfs/165722960.gadi-pbs/matplotlib/fontlist-v390.json.matplotlib-lock
This maybe due to another process holding this lock file.  If you are sure no
other Matplotlib process is running, remove this file and try again.
Could not save font_manager cache Lock error: Matplotlib failed to acquire the following lock file:
    /jobfs/165722960.gadi-pbs/matplotlib/fontlist-v390.json.matplotlib-lock
This maybe due to another process holding this lock file.  If you are sure no
other Matplotlib process is running, remove this file and try again.
Could not save font_manager cache Lock error: Matplotlib failed to acquire the following lock file:
    /jobfs/165722960.gadi-pbs/matplotlib/fontlist-v390.json.matplotlib-lock
This maybe due to another process holding this lock file.  If you are sure no
other Matplotlib process is running, remove this file and try again.
Could not save font_manager cache Lock error: Matplotlib failed to acquire the following lock file:
    /jobfs/165722960.gadi-pbs/matplotlib/fontlist-v390.json.matplotlib-lock
This maybe due to another process holding this lock file.  If you are sure no
other Matplotlib process is running, remove this file and try again.
Could not save font_manager cache Lock error: Matplotlib failed to acquire the following lock file:
    /jobfs/165722960.gadi-pbs/matplotlib/fontlist-v390.json.matplotlib-lock
This maybe due to another process holding this lock file.  If you are sure no
other Matplotlib process is running, remove this file and try again.
Could not save font_manager cache Lock error: Matplotlib failed to acquire the following lock file:
    /jobfs/165722960.gadi-pbs/matplotlib/fontlist-v390.json.matplotlib-lock
This maybe due to another process holding this lock file.  If you are sure no
other Matplotlib process is running, remove this file and try again.
Could not save font_manager cache Lock error: Matplotlib failed to acquire the following lock file:
    /jobfs/165722960.gadi-pbs/matplotlib/fontlist-v390.json.matplotlib-lock
This maybe due to another process holding this lock file.  If you are sure no
other Matplotlib process is running, remove this file and try again.
Could not save font_manager cache Lock error: Matplotlib failed to acquire the following lock file:
    /jobfs/165722960.gadi-pbs/matplotlib/fontlist-v390.json.matplotlib-lock
This maybe due to another process holding this lock file.  If you are sure no
other Matplotlib process is running, remove this file and try again.
Could not save font_manager cache Lock error: Matplotlib failed to acquire the following lock file:
    /jobfs/165722960.gadi-pbs/matplotlib/fontlist-v390.json.matplotlib-lock
This maybe due to another process holding this lock file.  If you are sure no
other Matplotlib process is running, remove this file and try again.
Could not save font_manager cache Lock error: Matplotlib failed to acquire the following lock file:
    /jobfs/165722960.gadi-pbs/matplotlib/fontlist-v390.json.matplotlib-lock
This maybe due to another process holding this lock file.  If you are sure no
other Matplotlib process is running, remove this file and try again.
Could not save font_manager cache Lock error: Matplotlib failed to acquire the following lock file:
    /jobfs/165722960.gadi-pbs/matplotlib/fontlist-v390.json.matplotlib-lock
This maybe due to another process holding this lock file.  If you are sure no
other Matplotlib process is running, remove this file and try again.
Could not save font_manager cache Lock error: Matplotlib failed to acquire the following lock file:
    /jobfs/165722960.gadi-pbs/matplotlib/fontlist-v390.json.matplotlib-lock
This maybe due to another process holding this lock file.  If you are sure no
other Matplotlib process is running, remove this file and try again.
Could not save font_manager cache Lock error: Matplotlib failed to acquire the following lock file:
    /jobfs/165722960.gadi-pbs/matplotlib/fontlist-v390.json.matplotlib-lock
This maybe due to another process holding this lock file.  If you are sure no
other Matplotlib process is running, remove this file and try again.
Could not save font_manager cache Lock error: Matplotlib failed to acquire the following lock file:
    /jobfs/165722960.gadi-pbs/matplotlib/fontlist-v390.json.matplotlib-lock
This maybe due to another process holding this lock file.  If you are sure no
other Matplotlib process is running, remove this file and try again.
Could not save font_manager cache Lock error: Matplotlib failed to acquire the following lock file:
    /jobfs/165722960.gadi-pbs/matplotlib/fontlist-v390.json.matplotlib-lock
This maybe due to another process holding this lock file.  If you are sure no
other Matplotlib process is running, remove this file and try again.
Could not save font_manager cache Lock error: Matplotlib failed to acquire the following lock file:
    /jobfs/165722960.gadi-pbs/matplotlib/fontlist-v390.json.matplotlib-lock
This maybe due to another process holding this lock file.  If you are sure no
other Matplotlib process is running, remove this file and try again.
Could not save font_manager cache Lock error: Matplotlib failed to acquire the following lock file:
    /jobfs/165722960.gadi-pbs/matplotlib/fontlist-v390.json.matplotlib-lock
This maybe due to another process holding this lock file.  If you are sure no
other Matplotlib process is running, remove this file and try again.
Could not save font_manager cache Lock error: Matplotlib failed to acquire the following lock file:
    /jobfs/165722960.gadi-pbs/matplotlib/fontlist-v390.json.matplotlib-lock
This maybe due to another process holding this lock file.  If you are sure no
other Matplotlib process is running, remove this file and try again.
Could not save font_manager cache Lock error: Matplotlib failed to acquire the following lock file:
    /jobfs/165722960.gadi-pbs/matplotlib/fontlist-v390.json.matplotlib-lock
This maybe due to another process holding this lock file.  If you are sure no
other Matplotlib process is running, remove this file and try again.
Could not save font_manager cache Lock error: Matplotlib failed to acquire the following lock file:
    /jobfs/165722960.gadi-pbs/matplotlib/fontlist-v390.json.matplotlib-lock
This maybe due to another process holding this lock file.  If you are sure no
other Matplotlib process is running, remove this file and try again.
Could not save font_manager cache Lock error: Matplotlib failed to acquire the following lock file:
    /jobfs/165722960.gadi-pbs/matplotlib/fontlist-v390.json.matplotlib-lock
This maybe due to another process holding this lock file.  If you are sure no
other Matplotlib process is running, remove this file and try again.
Could not save font_manager cache Lock error: Matplotlib failed to acquire the following lock file:
    /jobfs/165722960.gadi-pbs/matplotlib/fontlist-v390.json.matplotlib-lock
This maybe due to another process holding this lock file.  If you are sure no
other Matplotlib process is running, remove this file and try again.
Could not save font_manager cache Lock error: Matplotlib failed to acquire the following lock file:
    /jobfs/165722960.gadi-pbs/matplotlib/fontlist-v390.json.matplotlib-lock
This maybe due to another process holding this lock file.  If you are sure no
other Matplotlib process is running, remove this file and try again.
Could not save font_manager cache Lock error: Matplotlib failed to acquire the following lock file:
    /jobfs/165722960.gadi-pbs/matplotlib/fontlist-v390.json.matplotlib-lock
This maybe due to another process holding this lock file.  If you are sure no
other Matplotlib process is running, remove this file and try again.
Could not save font_manager cache Lock error: Matplotlib failed to acquire the following lock file:
    /jobfs/165722960.gadi-pbs/matplotlib/fontlist-v390.json.matplotlib-lock
This maybe due to another process holding this lock file.  If you are sure no
other Matplotlib process is running, remove this file and try again.
Could not save font_manager cache Lock error: Matplotlib failed to acquire the following lock file:
    /jobfs/165722960.gadi-pbs/matplotlib/fontlist-v390.json.matplotlib-lock
This maybe due to another process holding this lock file.  If you are sure no
other Matplotlib process is running, remove this file and try again.
Could not save font_manager cache Lock error: Matplotlib failed to acquire the following lock file:
    /jobfs/165722960.gadi-pbs/matplotlib/fontlist-v390.json.matplotlib-lock
This maybe due to another process holding this lock file.  If you are sure no
other Matplotlib process is running, remove this file and try again.
Could not save font_manager cache Lock error: Matplotlib failed to acquire the following lock file:
    /jobfs/165722960.gadi-pbs/matplotlib/fontlist-v390.json.matplotlib-lock
This maybe due to another process holding this lock file.  If you are sure no
other Matplotlib process is running, remove this file and try again.
Could not save font_manager cache Lock error: Matplotlib failed to acquire the following lock file:
    /jobfs/165722960.gadi-pbs/matplotlib/fontlist-v390.json.matplotlib-lock
This maybe due to another process holding this lock file.  If you are sure no
other Matplotlib process is running, remove this file and try again.
Could not save font_manager cache Lock error: Matplotlib failed to acquire the following lock file:
    /jobfs/165722960.gadi-pbs/matplotlib/fontlist-v390.json.matplotlib-lock
This maybe due to another process holding this lock file.  If you are sure no
other Matplotlib process is running, remove this file and try again.
Could not save font_manager cache Lock error: Matplotlib failed to acquire the following lock file:
    /jobfs/165722960.gadi-pbs/matplotlib/fontlist-v390.json.matplotlib-lock
This maybe due to another process holding this lock file.  If you are sure no
other Matplotlib process is running, remove this file and try again.
Could not save font_manager cache Lock error: Matplotlib failed to acquire the following lock file:
    /jobfs/165722960.gadi-pbs/matplotlib/fontlist-v390.json.matplotlib-lock
This maybe due to another process holding this lock file.  If you are sure no
other Matplotlib process is running, remove this file and try again.
Could not save font_manager cache Lock error: Matplotlib failed to acquire the following lock file:
    /jobfs/165722960.gadi-pbs/matplotlib/fontlist-v390.json.matplotlib-lock
This maybe due to another process holding this lock file.  If you are sure no
other Matplotlib process is running, remove this file and try again.
Could not save font_manager cache Lock error: Matplotlib failed to acquire the following lock file:
    /jobfs/165722960.gadi-pbs/matplotlib/fontlist-v390.json.matplotlib-lock
This maybe due to another process holding this lock file.  If you are sure no
other Matplotlib process is running, remove this file and try again.
Could not save font_manager cache Lock error: Matplotlib failed to acquire the following lock file:
    /jobfs/165722960.gadi-pbs/matplotlib/fontlist-v390.json.matplotlib-lock
This maybe due to another process holding this lock file.  If you are sure no
other Matplotlib process is running, remove this file and try again.
Could not save font_manager cache Lock error: Matplotlib failed to acquire the following lock file:
    /jobfs/165722960.gadi-pbs/matplotlib/fontlist-v390.json.matplotlib-lock
This maybe due to another process holding this lock file.  If you are sure no
other Matplotlib process is running, remove this file and try again.
Could not save font_manager cache Lock error: Matplotlib failed to acquire the following lock file:
    /jobfs/165722960.gadi-pbs/matplotlib/fontlist-v390.json.matplotlib-lock
This maybe due to another process holding this lock file.  If you are sure no
other Matplotlib process is running, remove this file and try again.
Could not save font_manager cache Lock error: Matplotlib failed to acquire the following lock file:
    /jobfs/165722960.gadi-pbs/matplotlib/fontlist-v390.json.matplotlib-lock
This maybe due to another process holding this lock file.  If you are sure no
other Matplotlib process is running, remove this file and try again.
Could not save font_manager cache Lock error: Matplotlib failed to acquire the following lock file:
    /jobfs/165722960.gadi-pbs/matplotlib/fontlist-v390.json.matplotlib-lock
This maybe due to another process holding this lock file.  If you are sure no
other Matplotlib process is running, remove this file and try again.
Could not save font_manager cache Lock error: Matplotlib failed to acquire the following lock file:
    /jobfs/165722960.gadi-pbs/matplotlib/fontlist-v390.json.matplotlib-lock
This maybe due to another process holding this lock file.  If you are sure no
other Matplotlib process is running, remove this file and try again.
Could not save font_manager cache Lock error: Matplotlib failed to acquire the following lock file:
    /jobfs/165722960.gadi-pbs/matplotlib/fontlist-v390.json.matplotlib-lock
This maybe due to another process holding this lock file.  If you are sure no
other Matplotlib process is running, remove this file and try again.
Could not save font_manager cache Lock error: Matplotlib failed to acquire the following lock file:
    /jobfs/165722960.gadi-pbs/matplotlib/fontlist-v390.json.matplotlib-lock
This maybe due to another process holding this lock file.  If you are sure no
other Matplotlib process is running, remove this file and try again.
Could not save font_manager cache Lock error: Matplotlib failed to acquire the following lock file:
    /jobfs/165722960.gadi-pbs/matplotlib/fontlist-v390.json.matplotlib-lock
This maybe due to another process holding this lock file.  If you are sure no
other Matplotlib process is running, remove this file and try again.
Could not save font_manager cache Lock error: Matplotlib failed to acquire the following lock file:
    /jobfs/165722960.gadi-pbs/matplotlib/fontlist-v390.json.matplotlib-lock
This maybe due to another process holding this lock file.  If you are sure no
other Matplotlib process is running, remove this file and try again.
Could not save font_manager cache Lock error: Matplotlib failed to acquire the following lock file:
    /jobfs/165722960.gadi-pbs/matplotlib/fontlist-v390.json.matplotlib-lock
This maybe due to another process holding this lock file.  If you are sure no
other Matplotlib process is running, remove this file and try again.
Could not save font_manager cache Lock error: Matplotlib failed to acquire the following lock file:
    /jobfs/165722960.gadi-pbs/matplotlib/fontlist-v390.json.matplotlib-lock
This maybe due to another process holding this lock file.  If you are sure no
other Matplotlib process is running, remove this file and try again.
Could not save font_manager cache Lock error: Matplotlib failed to acquire the following lock file:
    /jobfs/165722960.gadi-pbs/matplotlib/fontlist-v390.json.matplotlib-lock
This maybe due to another process holding this lock file.  If you are sure no
other Matplotlib process is running, remove this file and try again.
Could not save font_manager cache Lock error: Matplotlib failed to acquire the following lock file:
    /jobfs/165722960.gadi-pbs/matplotlib/fontlist-v390.json.matplotlib-lock
This maybe due to another process holding this lock file.  If you are sure no
other Matplotlib process is running, remove this file and try again.
Could not save font_manager cache Lock error: Matplotlib failed to acquire the following lock file:
    /jobfs/165722960.gadi-pbs/matplotlib/fontlist-v390.json.matplotlib-lock
This maybe due to another process holding this lock file.  If you are sure no
other Matplotlib process is running, remove this file and try again.
Could not save font_manager cache Lock error: Matplotlib failed to acquire the following lock file:
    /jobfs/165722960.gadi-pbs/matplotlib/fontlist-v390.json.matplotlib-lock
This maybe due to another process holding this lock file.  If you are sure no
other Matplotlib process is running, remove this file and try again.
Could not save font_manager cache Lock error: Matplotlib failed to acquire the following lock file:
    /jobfs/165722960.gadi-pbs/matplotlib/fontlist-v390.json.matplotlib-lock
This maybe due to another process holding this lock file.  If you are sure no
other Matplotlib process is running, remove this file and try again.
Number of degrees of freedom: 143769600
Mesh: 240x240x312, DQ1
Time stepper: BackwardEuler, dt = 300.0 s, steps = 30
Solver: vlumping_4sweep
Solver parameters: {'ksp_type': 'fgmres', 'ksp_rtol': 1e-06, 'ksp_max_it': 200, 'ksp_gmres_restart': 30, 'pc_type': 'python', 'pc_python_type': 'solvers.vlumping.VerticallyLumpedPC', 'lumped_mg_levels_ksp_type': 'chebyshev', 'lumped_mg_levels_ksp_max_it': 4, 'lumped_mg_levels_ksp_convergence_test': 'skip', 'lumped_mg_levels_pc_type': 'bjacobi', 'lumped_mg_levels_sub_pc_type': 'ilu', 'lumped_mg_levels_sub_pc_factor_levels': 0, 'lumped_mg_coarse_ksp_type': 'preonly', 'lumped_mg_coarse_pc_type': 'lu', 'lumped_mg_coarse_pc_factor_mat_solver_type': 'mumps', 'snes_type': 'newtonls', 'snes_linesearch_type': 'bt', 'snes_rtol': 1e-08, 'snes_atol': 1e-08, 'snes_max_it': 50}
  0 SNES Function norm 2.571091429520e-06
          Linear BackwardEuler-Equation_lumped_mg_coarse_ solve converged due to CONVERGED_ITS iterations 1
          Linear BackwardEuler-Equation_lumped_mg_coarse_ solve converged due to CONVERGED_ITS iterations 1
          Linear BackwardEuler-Equation_lumped_mg_coarse_ solve converged due to CONVERGED_ITS iterations 1
          Linear BackwardEuler-Equation_lumped_mg_coarse_ solve converged due to CONVERGED_ITS iterations 1
          Linear BackwardEuler-Equation_lumped_mg_coarse_ solve converged due to CONVERGED_ITS iterations 1
          Linear BackwardEuler-Equation_lumped_mg_coarse_ solve converged due to CONVERGED_ITS iterations 1
          Linear BackwardEuler-Equation_lumped_mg_coarse_ solve converged due to CONVERGED_ITS iterations 1
          Linear BackwardEuler-Equation_lumped_mg_coarse_ solve converged due to CONVERGED_ITS iterations 1
          Linear BackwardEuler-Equation_lumped_mg_coarse_ solve converged due to CONVERGED_ITS iterations 1
          Linear BackwardEuler-Equation_lumped_mg_coarse_ solve converged due to CONVERGED_ITS iterations 1
          Linear BackwardEuler-Equation_lumped_mg_coarse_ solve converged due to CONVERGED_ITS iterations 1
          Linear BackwardEuler-Equation_lumped_mg_coarse_ solve converged due to CONVERGED_ITS iterations 1
          Linear BackwardEuler-Equation_lumped_mg_coarse_ solve converged due to CONVERGED_ITS iterations 1
          Linear BackwardEuler-Equation_lumped_mg_coarse_ solve converged due to CONVERGED_ITS iterations 1
          Linear BackwardEuler-Equation_lumped_mg_coarse_ solve converged due to CONVERGED_ITS iterations 1
          Linear BackwardEuler-Equation_lumped_mg_coarse_ solve converged due to CONVERGED_ITS iterations 1
          Linear BackwardEuler-Equation_lumped_mg_coarse_ solve converged due to CONVERGED_ITS iterations 1
          Linear BackwardEuler-Equation_lumped_mg_coarse_ solve converged due to CONVERGED_ITS iterations 1
          Linear BackwardEuler-Equation_lumped_mg_coarse_ solve converged due to CONVERGED_ITS iterations 1
          Linear BackwardEuler-Equation_lumped_mg_coarse_ solve converged due to CONVERGED_ITS iterations 1
          Linear BackwardEuler-Equation_lumped_mg_coarse_ solve converged due to CONVERGED_ITS iterations 1
          Linear BackwardEuler-Equation_lumped_mg_coarse_ solve converged due to CONVERGED_ITS iterations 1
          Linear BackwardEuler-Equation_lumped_mg_coarse_ solve converged due to CONVERGED_ITS iterations 1
          Linear BackwardEuler-Equation_lumped_mg_coarse_ solve converged due to CONVERGED_ITS iterations 1
          Linear BackwardEuler-Equation_lumped_mg_coarse_ solve converged due to CONVERGED_ITS iterations 1
    Linear BackwardEuler-Equation_ solve converged due to CONVERGED_RTOL iterations 25
Mat Object: (BackwardEuler-Equation_) 832 MPI processes
  type: mpiaij
  rows=143769600, cols=143769600
  total: nonzeros=8024555520, allocated nonzeros=8024555520
  total number of mallocs used during MatSetValues calls=0
    has attached near null space
    using I-node (on process 0) routines: found 43680 nodes, limit used is 5
  1 SNES Function norm 1.460603960483e-07
          Linear BackwardEuler-Equation_lumped_mg_coarse_ solve converged due to CONVERGED_ITS iterations 1
          Linear BackwardEuler-Equation_lumped_mg_coarse_ solve converged due to CONVERGED_ITS iterations 1
          Linear BackwardEuler-Equation_lumped_mg_coarse_ solve converged due to CONVERGED_ITS iterations 1
          Linear BackwardEuler-Equation_lumped_mg_coarse_ solve converged due to CONVERGED_ITS iterations 1
          Linear BackwardEuler-Equation_lumped_mg_coarse_ solve converged due to CONVERGED_ITS iterations 1
          Linear BackwardEuler-Equation_lumped_mg_coarse_ solve converged due to CONVERGED_ITS iterations 1
          Linear BackwardEuler-Equation_lumped_mg_coarse_ solve converged due to CONVERGED_ITS iterations 1
          Linear BackwardEuler-Equation_lumped_mg_coarse_ solve converged due to CONVERGED_ITS iterations 1
          Linear BackwardEuler-Equation_lumped_mg_coarse_ solve converged due to CONVERGED_ITS iterations 1
          Linear BackwardEuler-Equation_lumped_mg_coarse_ solve converged due to CONVERGED_ITS iterations 1
          Linear BackwardEuler-Equation_lumped_mg_coarse_ solve converged due to CONVERGED_ITS iterations 1
          Linear BackwardEuler-Equation_lumped_mg_coarse_ solve converged due to CONVERGED_ITS iterations 1
          Linear BackwardEuler-Equation_lumped_mg_coarse_ solve converged due to CONVERGED_ITS iterations 1
          Linear BackwardEuler-Equation_lumped_mg_coarse_ solve converged due to CONVERGED_ITS iterations 1
          Linear BackwardEuler-Equation_lumped_mg_coarse_ solve converged due to CONVERGED_ITS iterations 1
          Linear BackwardEuler-Equation_lumped_mg_coarse_ solve converged due to CONVERGED_ITS iterations 1
          Linear BackwardEuler-Equation_lumped_mg_coarse_ solve converged due to CONVERGED_ITS iterations 1
          Linear BackwardEuler-Equation_lumped_mg_coarse_ solve converged due to CONVERGED_ITS iterations 1
          Linear BackwardEuler-Equation_lumped_mg_coarse_ solve converged due to CONVERGED_ITS iterations 1
          Linear BackwardEuler-Equation_lumped_mg_coarse_ solve converged due to CONVERGED_ITS iterations 1
          Linear BackwardEuler-Equation_lumped_mg_coarse_ solve converged due to CONVERGED_ITS iterations 1
          Linear BackwardEuler-Equation_lumped_mg_coarse_ solve converged due to CONVERGED_ITS iterations 1
          Linear BackwardEuler-Equation_lumped_mg_coarse_ solve converged due to CONVERGED_ITS iterations 1
          Linear BackwardEuler-Equation_lumped_mg_coarse_ solve converged due to CONVERGED_ITS iterations 1
          Linear BackwardEuler-Equation_lumped_mg_coarse_ solve converged due to CONVERGED_ITS iterations 1
          Linear BackwardEuler-Equation_lumped_mg_coarse_ solve converged due to CONVERGED_ITS iterations 1
    Linear BackwardEuler-Equation_ solve converged due to CONVERGED_RTOL iterations 26
Mat Object: (BackwardEuler-Equation_) 832 MPI processes
  type: mpiaij
  rows=143769600, cols=143769600
  total: nonzeros=8024555520, allocated nonzeros=8024555520
  total number of mallocs used during MatSetValues calls=0
    has attached near null space
    using I-node (on process 0) routines: found 43680 nodes, limit used is 5
  2 SNES Function norm 2.781934038093e-09
  Nonlinear BackwardEuler-Equation_ solve converged due to CONVERGED_FNORM_ABS iterations 2
SNES Object: (BackwardEuler-Equation_) 832 MPI processes
  type: newtonls
  maximum iterations=50, maximum function evaluations=10000
  tolerances: relative=1e-08, absolute=1e-08, solution=1e-08
  total number of linear solver iterations=51
  total number of function evaluations=3
  norm schedule ALWAYS
  SNESLineSearch Object: (BackwardEuler-Equation_) 832 MPI processes
    type: bt
      interpolation: cubic
      alpha=1.000000e-04
    maxlambda=1.000000e+00, minlambda=1.000000e-12
    tolerances: relative=1.000000e-08, absolute=1.000000e-15, lambda=1.000000e-08
    maximum iterations=40
  KSP Object: (BackwardEuler-Equation_) 832 MPI processes
    type: fgmres
      restart=30, using classical (unmodified) Gram-Schmidt orthogonalization with no iterative refinement
      happy breakdown tolerance=1e-30
    maximum iterations=200, initial guess is zero
    tolerances: relative=1e-06, absolute=1e-50, divergence=10000.
    right preconditioning
    using UNPRECONDITIONED norm type for convergence test
  PC Object: (BackwardEuler-Equation_) 832 MPI processes
    type: python
      Python: solvers.vlumping.VerticallyLumpedPC
    Firedrake custom preconditioner VerticallyLumpedPC
      Vertically lumped MG: collapses vertical dimension on coarse level (cf. Kramer et al. 2010)
      PC Object: (BackwardEuler-Equation_lumped_) 832 MPI processes
        type: mg
          type is MULTIPLICATIVE, levels=2 cycles=v
            Cycles per PCApply=1
            Using Galerkin computed coarse grid matrices
        Coarse grid solver -- level 0 -------------------------------
          KSP Object: (BackwardEuler-Equation_lumped_mg_coarse_) 832 MPI processes
            type: preonly
            maximum iterations=10000, initial guess is zero
            tolerances: relative=1e-05, absolute=1e-50, divergence=10000.
            left preconditioning
            not checking for convergence
          PC Object: (BackwardEuler-Equation_lumped_mg_coarse_) 832 MPI processes
            type: lu
              out-of-place factorization
              tolerance for zero pivot 2.22045e-14
              matrix ordering: external
              factor fill ratio given 0., needed 0.
                Factored matrix:
                  Mat Object: (BackwardEuler-Equation_lumped_mg_coarse_) 832 MPI processes
                    type: mumps
                    rows=230400, cols=230400
                    package used to perform factorization: mumps
                    total: nonzeros=53758496, allocated nonzeros=53758496
                      MUMPS run parameters:
                        Use -BackwardEuler-Equation_lumped_mg_coarse_ksp_view ::ascii_info_detail to display information for all processes
                        RINFOG(1) (global estimated flops for the elimination after analysis): 2.22887e+10
                        RINFOG(2) (global estimated flops for the assembly after factorization): 8.66561e+07
                        RINFOG(3) (global estimated flops for the elimination after factorization): 2.22887e+10
                        (RINFOG(12) RINFOG(13))*2^INFOG(34) (determinant): (0.,0.)*(2^0)
                        INFOG(3) (estimated real workspace for factors on all processors after analysis): 132305132
                        INFOG(4) (estimated integer workspace for factors on all processors after analysis): 3276560
                        INFOG(5) (estimated maximum front size in the complete tree): 1604
                        INFOG(6) (number of nodes in the complete tree): 12693
                        INFOG(7) (ordering option effectively used after analysis): 5
                        INFOG(8) (structural symmetry in percent of the permuted matrix after analysis): -1
                        INFOG(9) (total real/complex workspace to store the matrix factors after factorization): 53758496
                        INFOG(10) (total integer space store the matrix factors after factorization): 2959272
                        INFOG(11) (order of largest frontal matrix after factorization): 1604
                        INFOG(12) (number of off-diagonal pivots): 0
                        INFOG(13) (number of delayed pivots after factorization): 0
                        INFOG(14) (number of memory compress after factorization): 0
                        INFOG(15) (number of steps of iterative refinement after solution): 0
                        INFOG(16) (estimated size (in MB) of all MUMPS internal data for factorization after analysis: value on the most memory consuming processor): 292
                        INFOG(17) (estimated size of all MUMPS internal data for factorization after analysis: sum over all processors): 230028
                        INFOG(18) (size of all MUMPS internal data allocated during factorization: value on the most memory consuming processor): 292
                        INFOG(19) (size of all MUMPS internal data allocated during factorization: sum over all processors): 229983
                        INFOG(20) (estimated number of entries in the factors): 53758496
                        INFOG(21) (size in MB of memory effectively used during factorization - value on the most memory consuming processor): 286
                        INFOG(22) (size in MB of memory effectively used during factorization - sum over all processors): 225247
                        INFOG(23) (after analysis: value of ICNTL(6) effectively used): 0
                        INFOG(24) (after analysis: value of ICNTL(12) effectively used): 1
                        INFOG(25) (after factorization: number of pivots modified by static pivoting): 0
                        INFOG(28) (after factorization: number of null pivots encountered): 0
                        INFOG(29) (after factorization: effective number of entries in the factors (sum over all processors)): 53758496
                        INFOG(30, 31) (after solution: size in Mbytes of memory used during solution phase): 52, 28284
                        INFOG(32) (after analysis: type of analysis done): 1
                        INFOG(33) (value used for ICNTL(8)): 7
                        INFOG(34) (exponent of the determinant if determinant is requested): 0
                        INFOG(35) (after factorization: number of entries taking into account BLR factor compression - sum over all processors): 53758496
                        INFOG(36) (after analysis: estimated size of all MUMPS internal data for running BLR in-core - value on the most memory consuming processor): 0
                        INFOG(37) (after analysis: estimated size of all MUMPS internal data for running BLR in-core - sum over all processors): 0
                        INFOG(38) (after analysis: estimated size of all MUMPS internal data for running BLR out-of-core - value on the most memory consuming processor): 0
                        INFOG(39) (after analysis: estimated size of all MUMPS internal data for running BLR out-of-core - sum over all processors): 0
            linear system matrix, which is also used to construct the preconditioner:
            Mat Object: 832 MPI processes
              type: mpiaij
              rows=230400, cols=230400
              total: nonzeros=4592640, allocated nonzeros=4592640
              total number of mallocs used during MatSetValues calls=0
                using nonscalable MatPtAP() implementation
                using I-node (on process 0) routines: found 70 nodes, limit used is 5
        Down solver (pre-smoother) on level 1 -------------------------------
          KSP Object: (BackwardEuler-Equation_lumped_mg_levels_1_) 832 MPI processes
            type: chebyshev
              Chebyshev polynomial of first kind
              eigenvalue targets used: min 0.192084, max 2.11293
              eigenvalues estimated via gmres: min 0.0556606, max 1.92084
              eigenvalues estimated using gmres with transform: [0. 0.1; 0. 1.1]
              KSP Object: (BackwardEuler-Equation_lumped_mg_levels_1_esteig_) 832 MPI processes
                type: gmres
                  restart=30, using classical (unmodified) Gram-Schmidt orthogonalization with no iterative refinement
                  happy breakdown tolerance=1e-30
                maximum iterations=10, initial guess is zero
                tolerances: relative=1e-12, absolute=1e-50, divergence=10000.
                left preconditioning
                using PRECONDITIONED norm type for convergence test
              estimating eigenvalues using a noisy random number generated right-hand side
            maximum iterations=4, nonzero initial guess
            tolerances: relative=1e-05, absolute=1e-50, divergence=10000.
            left preconditioning
            not checking for convergence
          PC Object: (BackwardEuler-Equation_lumped_mg_levels_1_) 832 MPI processes
            type: bjacobi
              number of blocks = 832
              Local solver information for first block is in the following KSP and PC objects on rank 0:
              Use -BackwardEuler-Equation_lumped_mg_levels_1_ksp_view ::ascii_info_detail to display information for all blocks
              KSP Object: (BackwardEuler-Equation_lumped_mg_levels_1_sub_) 1 MPI process
                type: preonly
                maximum iterations=10000, initial guess is zero
                tolerances: relative=1e-05, absolute=1e-50, divergence=10000.
                left preconditioning
                not checking for convergence
              PC Object: (BackwardEuler-Equation_lumped_mg_levels_1_sub_) 1 MPI process
                type: ilu
                  out-of-place factorization
                  0 levels of fill
                  tolerance for zero pivot 2.22045e-14
                  matrix ordering: natural
                  factor fill ratio given 1., needed 1.
                    Factored matrix:
                      Mat Object: (BackwardEuler-Equation_lumped_mg_levels_1_sub_) 1 MPI process
                        type: seqaij
                        rows=174720, cols=174720
                        package used to perform factorization: petsc
                        total: nonzeros=9096448, allocated nonzeros=9096448
                          using I-node routines: found 43680 nodes, limit used is 5
                linear system matrix, which is also used to construct the preconditioner:
                Mat Object: (BackwardEuler-Equation_lumped_mg_levels_1_sub_) 1 MPI process
                  type: seqaij
                  rows=174720, cols=174720
                  total: nonzeros=9096448, allocated nonzeros=9096448
                  total number of mallocs used during MatSetValues calls=0
                    using I-node routines: found 43680 nodes, limit used is 5
            linear system matrix, which is also used to construct the preconditioner:
            Mat Object: (BackwardEuler-Equation_) 832 MPI processes
              type: mpiaij
              rows=143769600, cols=143769600
              total: nonzeros=8024555520, allocated nonzeros=8024555520
              total number of mallocs used during MatSetValues calls=0
                has attached near null space
                using I-node (on process 0) routines: found 43680 nodes, limit used is 5
        Up solver (post-smoother) same as down solver (pre-smoother)
        linear system matrix, which is also used to construct the preconditioner:
        Mat Object: (BackwardEuler-Equation_) 832 MPI processes
          type: mpiaij
          rows=143769600, cols=143769600
          total: nonzeros=8024555520, allocated nonzeros=8024555520
          total number of mallocs used during MatSetValues calls=0
            has attached near null space
            using I-node (on process 0) routines: found 43680 nodes, limit used is 5
      linear system matrix, which is also used to construct the preconditioner:
      Mat Object: (BackwardEuler-Equation_) 832 MPI processes
        type: mpiaij
        rows=143769600, cols=143769600
        total: nonzeros=8024555520, allocated nonzeros=8024555520
        total number of mallocs used during MatSetValues calls=0
          has attached near null space
          using I-node (on process 0) routines: found 43680 nodes, limit used is 5
t = 300.00 s | step 1/30 | wall 70.29 s | NL 2 | L 51
    0 SNES Function norm 7.014768271934e-07
            Linear BackwardEuler-Equation_lumped_mg_coarse_ solve converged due to CONVERGED_ITS iterations 1
            Linear BackwardEuler-Equation_lumped_mg_coarse_ solve converged due to CONVERGED_ITS iterations 1
            Linear BackwardEuler-Equation_lumped_mg_coarse_ solve converged due to CONVERGED_ITS iterations 1
            Linear BackwardEuler-Equation_lumped_mg_coarse_ solve converged due to CONVERGED_ITS iterations 1
            Linear BackwardEuler-Equation_lumped_mg_coarse_ solve converged due to CONVERGED_ITS iterations 1
            Linear BackwardEuler-Equation_lumped_mg_coarse_ solve converged due to CONVERGED_ITS iterations 1
            Linear BackwardEuler-Equation_lumped_mg_coarse_ solve converged due to CONVERGED_ITS iterations 1
            Linear BackwardEuler-Equation_lumped_mg_coarse_ solve converged due to CONVERGED_ITS iterations 1
            Linear BackwardEuler-Equation_lumped_mg_coarse_ solve converged due to CONVERGED_ITS iterations 1
            Linear BackwardEuler-Equation_lumped_mg_coarse_ solve converged due to CONVERGED_ITS iterations 1
            Linear BackwardEuler-Equation_lumped_mg_coarse_ solve converged due to CONVERGED_ITS iterations 1
            Linear BackwardEuler-Equation_lumped_mg_coarse_ solve converged due to CONVERGED_ITS iterations 1
            Linear BackwardEuler-Equation_lumped_mg_coarse_ solve converged due to CONVERGED_ITS iterations 1
            Linear BackwardEuler-Equation_lumped_mg_coarse_ solve converged due to CONVERGED_ITS iterations 1
            Linear BackwardEuler-Equation_lumped_mg_coarse_ solve converged due to CONVERGED_ITS iterations 1
            Linear BackwardEuler-Equation_lumped_mg_coarse_ solve converged due to CONVERGED_ITS iterations 1
            Linear BackwardEuler-Equation_lumped_mg_coarse_ solve converged due to CONVERGED_ITS iterations 1
            Linear BackwardEuler-Equation_lumped_mg_coarse_ solve converged due to CONVERGED_ITS iterations 1
            Linear BackwardEuler-Equation_lumped_mg_coarse_ solve converged due to CONVERGED_ITS iterations 1
            Linear BackwardEuler-Equation_lumped_mg_coarse_ solve converged due to CONVERGED_ITS iterations 1
            Linear BackwardEuler-Equation_lumped_mg_coarse_ solve converged due to CONVERGED_ITS iterations 1
            Linear BackwardEuler-Equation_lumped_mg_coarse_ solve converged due to CONVERGED_ITS iterations 1
            Linear BackwardEuler-Equation_lumped_mg_coarse_ solve converged due to CONVERGED_ITS iterations 1
            Linear BackwardEuler-Equation_lumped_mg_coarse_ solve converged due to CONVERGED_ITS iterations 1
            Linear BackwardEuler-Equation_lumped_mg_coarse_ solve converged due to CONVERGED_ITS iterations 1
            Linear BackwardEuler-Equation_lumped_mg_coarse_ solve converged due to CONVERGED_ITS iterations 1
            Linear BackwardEuler-Equation_lumped_mg_coarse_ solve converged due to CONVERGED_ITS iterations 1
      Linear BackwardEuler-Equation_ solve converged due to CONVERGED_RTOL iterations 27
  Mat Object: (BackwardEuler-Equation_) 832 MPI processes
    type: mpiaij
    rows=143769600, cols=143769600
    total: nonzeros=8024555520, allocated nonzeros=8024555520
    total number of mallocs used during MatSetValues calls=0
      has attached near null space
      using I-node (on process 0) routines: found 43680 nodes, limit used is 5
    1 SNES Function norm 2.670852105931e-08
            Linear BackwardEuler-Equation_lumped_mg_coarse_ solve converged due to CONVERGED_ITS iterations 1
            Linear BackwardEuler-Equation_lumped_mg_coarse_ solve converged due to CONVERGED_ITS iterations 1
            Linear BackwardEuler-Equation_lumped_mg_coarse_ solve converged due to CONVERGED_ITS iterations 1
            Linear BackwardEuler-Equation_lumped_mg_coarse_ solve converged due to CONVERGED_ITS iterations 1
            Linear BackwardEuler-Equation_lumped_mg_coarse_ solve converged due to CONVERGED_ITS iterations 1
            Linear BackwardEuler-Equation_lumped_mg_coarse_ solve converged due to CONVERGED_ITS iterations 1
            Linear BackwardEuler-Equation_lumped_mg_coarse_ solve converged due to CONVERGED_ITS iterations 1
            Linear BackwardEuler-Equation_lumped_mg_coarse_ solve converged due to CONVERGED_ITS iterations 1
            Linear BackwardEuler-Equation_lumped_mg_coarse_ solve converged due to CONVERGED_ITS iterations 1
            Linear BackwardEuler-Equation_lumped_mg_coarse_ solve converged due to CONVERGED_ITS iterations 1
            Linear BackwardEuler-Equation_lumped_mg_coarse_ solve converged due to CONVERGED_ITS iterations 1
            Linear BackwardEuler-Equation_lumped_mg_coarse_ solve converged due to CONVERGED_ITS iterations 1
            Linear BackwardEuler-Equation_lumped_mg_coarse_ solve converged due to CONVERGED_ITS iterations 1
            Linear BackwardEuler-Equation_lumped_mg_coarse_ solve converged due to CONVERGED_ITS iterations 1
            Linear BackwardEuler-Equation_lumped_mg_coarse_ solve converged due to CONVERGED_ITS iterations 1
            Linear BackwardEuler-Equation_lumped_mg_coarse_ solve converged due to CONVERGED_ITS iterations 1
            Linear BackwardEuler-Equation_lumped_mg_coarse_ solve converged due to CONVERGED_ITS iterations 1
            Linear BackwardEuler-Equation_lumped_mg_coarse_ solve converged due to CONVERGED_ITS iterations 1
            Linear BackwardEuler-Equation_lumped_mg_coarse_ solve converged due to CONVERGED_ITS iterations 1
            Linear BackwardEuler-Equation_lumped_mg_coarse_ solve converged due to CONVERGED_ITS iterations 1
            Linear BackwardEuler-Equation_lumped_mg_coarse_ solve converged due to CONVERGED_ITS iterations 1
            Linear BackwardEuler-Equation_lumped_mg_coarse_ solve converged due to CONVERGED_ITS iterations 1
            Linear BackwardEuler-Equation_lumped_mg_coarse_ solve converged due to CONVERGED_ITS iterations 1
            Linear BackwardEuler-Equation_lumped_mg_coarse_ solve converged due to CONVERGED_ITS iterations 1
            Linear BackwardEuler-Equation_lumped_mg_coarse_ solve converged due to CONVERGED_ITS iterations 1
            Linear BackwardEuler-Equation_lumped_mg_coarse_ solve converged due to CONVERGED_ITS iterations 1
            Linear BackwardEuler-Equation_lumped_mg_coarse_ solve converged due to CONVERGED_ITS iterations 1
            Linear BackwardEuler-Equation_lumped_mg_coarse_ solve converged due to CONVERGED_ITS iterations 1
      Linear BackwardEuler-Equation_ solve converged due to CONVERGED_RTOL iterations 28
  Mat Object: (BackwardEuler-Equation_) 832 MPI processes
    type: mpiaij
    rows=143769600, cols=143769600
    total: nonzeros=8024555520, allocated nonzeros=8024555520
    total number of mallocs used during MatSetValues calls=0
      has attached near null space
      using I-node (on process 0) routines: found 43680 nodes, limit used is 5
    2 SNES Function norm 7.143085759001e-11
    Nonlinear BackwardEuler-Equation_ solve converged due to CONVERGED_FNORM_ABS iterations 2
  SNES Object: (BackwardEuler-Equation_) 832 MPI processes
    type: newtonls
    maximum iterations=50, maximum function evaluations=10000
    tolerances: relative=1e-08, absolute=1e-08, solution=1e-08
    total number of linear solver iterations=55
    total number of function evaluations=3
    norm schedule ALWAYS
    SNESLineSearch Object: (BackwardEuler-Equation_) 832 MPI processes
      type: bt
        interpolation: cubic
        alpha=1.000000e-04
      maxlambda=1.000000e+00, minlambda=1.000000e-12
      tolerances: relative=1.000000e-08, absolute=1.000000e-15, lambda=1.000000e-08
      maximum iterations=40
    KSP Object: (BackwardEuler-Equation_) 832 MPI processes
      type: fgmres
        restart=30, using classical (unmodified) Gram-Schmidt orthogonalization with no iterative refinement
        happy breakdown tolerance=1e-30
      maximum iterations=200, initial guess is zero
      tolerances: relative=1e-06, absolute=1e-50, divergence=10000.
      right preconditioning
      using UNPRECONDITIONED norm type for convergence test
    PC Object: (BackwardEuler-Equation_) 832 MPI processes
      type: python
        Python: solvers.vlumping.VerticallyLumpedPC
      Firedrake custom preconditioner VerticallyLumpedPC
        Vertically lumped MG: collapses vertical dimension on coarse level (cf. Kramer et al. 2010)
        PC Object: (BackwardEuler-Equation_lumped_) 832 MPI processes
          type: mg
            type is MULTIPLICATIVE, levels=2 cycles=v
              Cycles per PCApply=1
              Using Galerkin computed coarse grid matrices
          Coarse grid solver -- level 0 -------------------------------
            KSP Object: (BackwardEuler-Equation_lumped_mg_coarse_) 832 MPI processes
              type: preonly
              maximum iterations=10000, initial guess is zero
              tolerances: relative=1e-05, absolute=1e-50, divergence=10000.
              left preconditioning
              not checking for convergence
            PC Object: (BackwardEuler-Equation_lumped_mg_coarse_) 832 MPI processes
              type: lu
                out-of-place factorization
                tolerance for zero pivot 2.22045e-14
                matrix ordering: external
                factor fill ratio given 0., needed 0.
                  Factored matrix:
                    Mat Object: (BackwardEuler-Equation_lumped_mg_coarse_) 832 MPI processes
                      type: mumps
                      rows=230400, cols=230400
                      package used to perform factorization: mumps
                      total: nonzeros=53758496, allocated nonzeros=53758496
                        MUMPS run parameters:
                          Use -BackwardEuler-Equation_lumped_mg_coarse_ksp_view ::ascii_info_detail to display information for all processes
                          RINFOG(1) (global estimated flops for the elimination after analysis): 2.22887e+10
                          RINFOG(2) (global estimated flops for the assembly after factorization): 8.66561e+07
                          RINFOG(3) (global estimated flops for the elimination after factorization): 2.22887e+10
                          (RINFOG(12) RINFOG(13))*2^INFOG(34) (determinant): (0.,0.)*(2^0)
                          INFOG(3) (estimated real workspace for factors on all processors after analysis): 132305132
                          INFOG(4) (estimated integer workspace for factors on all processors after analysis): 3276560
                          INFOG(5) (estimated maximum front size in the complete tree): 1604
                          INFOG(6) (number of nodes in the complete tree): 12693
                          INFOG(7) (ordering option effectively used after analysis): 5
                          INFOG(8) (structural symmetry in percent of the permuted matrix after analysis): -1
                          INFOG(9) (total real/complex workspace to store the matrix factors after factorization): 53758496
                          INFOG(10) (total integer space store the matrix factors after factorization): 2959272
                          INFOG(11) (order of largest frontal matrix after factorization): 1604
                          INFOG(12) (number of off-diagonal pivots): 0
                          INFOG(13) (number of delayed pivots after factorization): 0
                          INFOG(14) (number of memory compress after factorization): 0
                          INFOG(15) (number of steps of iterative refinement after solution): 0
                          INFOG(16) (estimated size (in MB) of all MUMPS internal data for factorization after analysis: value on the most memory consuming processor): 292
                          INFOG(17) (estimated size of all MUMPS internal data for factorization after analysis: sum over all processors): 230028
                          INFOG(18) (size of all MUMPS internal data allocated during factorization: value on the most memory consuming processor): 292
                          INFOG(19) (size of all MUMPS internal data allocated during factorization: sum over all processors): 229983
                          INFOG(20) (estimated number of entries in the factors): 53758496
                          INFOG(21) (size in MB of memory effectively used during factorization - value on the most memory consuming processor): 286
                          INFOG(22) (size in MB of memory effectively used during factorization - sum over all processors): 225246
                          INFOG(23) (after analysis: value of ICNTL(6) effectively used): 0
                          INFOG(24) (after analysis: value of ICNTL(12) effectively used): 1
                          INFOG(25) (after factorization: number of pivots modified by static pivoting): 0
                          INFOG(28) (after factorization: number of null pivots encountered): 0
                          INFOG(29) (after factorization: effective number of entries in the factors (sum over all processors)): 53758496
                          INFOG(30, 31) (after solution: size in Mbytes of memory used during solution phase): 52, 28284
                          INFOG(32) (after analysis: type of analysis done): 1
                          INFOG(33) (value used for ICNTL(8)): 7
                          INFOG(34) (exponent of the determinant if determinant is requested): 0
                          INFOG(35) (after factorization: number of entries taking into account BLR factor compression - sum over all processors): 53758496
                          INFOG(36) (after analysis: estimated size of all MUMPS internal data for running BLR in-core - value on the most memory consuming processor): 0
                          INFOG(37) (after analysis: estimated size of all MUMPS internal data for running BLR in-core - sum over all processors): 0
                          INFOG(38) (after analysis: estimated size of all MUMPS internal data for running BLR out-of-core - value on the most memory consuming processor): 0
                          INFOG(39) (after analysis: estimated size of all MUMPS internal data for running BLR out-of-core - sum over all processors): 0
              linear system matrix, which is also used to construct the preconditioner:
              Mat Object: 832 MPI processes
                type: mpiaij
                rows=230400, cols=230400
                total: nonzeros=4592640, allocated nonzeros=4592640
                total number of mallocs used during MatSetValues calls=0
                  using nonscalable MatPtAP() implementation
                  using I-node (on process 0) routines: found 70 nodes, limit used is 5
          Down solver (pre-smoother) on level 1 -------------------------------
            KSP Object: (BackwardEuler-Equation_lumped_mg_levels_1_) 832 MPI processes
              type: chebyshev
                Chebyshev polynomial of first kind
                eigenvalue targets used: min 0.192084, max 2.11293
                eigenvalues estimated via gmres: min 0.0556639, max 1.92084
                eigenvalues estimated using gmres with transform: [0. 0.1; 0. 1.1]
                KSP Object: (BackwardEuler-Equation_lumped_mg_levels_1_esteig_) 832 MPI processes
                  type: gmres
                    restart=30, using classical (unmodified) Gram-Schmidt orthogonalization with no iterative refinement
                    happy breakdown tolerance=1e-30
                  maximum iterations=10, initial guess is zero
                  tolerances: relative=1e-12, absolute=1e-50, divergence=10000.
                  left preconditioning
                  using PRECONDITIONED norm type for convergence test
                estimating eigenvalues using a noisy random number generated right-hand side
              maximum iterations=4, nonzero initial guess
              tolerances: relative=1e-05, absolute=1e-50, divergence=10000.
              left preconditioning
              not checking for convergence
            PC Object: (BackwardEuler-Equation_lumped_mg_levels_1_) 832 MPI processes
              type: bjacobi
                number of blocks = 832
                Local solver information for first block is in the following KSP and PC objects on rank 0:
                Use -BackwardEuler-Equation_lumped_mg_levels_1_ksp_view ::ascii_info_detail to display information for all blocks
                KSP Object: (BackwardEuler-Equation_lumped_mg_levels_1_sub_) 1 MPI process
                  type: preonly
                  maximum iterations=10000, initial guess is zero
                  tolerances: relative=1e-05, absolute=1e-50, divergence=10000.
                  left preconditioning
                  not checking for convergence
                PC Object: (BackwardEuler-Equation_lumped_mg_levels_1_sub_) 1 MPI process
                  type: ilu
                    out-of-place factorization
                    0 levels of fill
                    tolerance for zero pivot 2.22045e-14
                    matrix ordering: natural
                    factor fill ratio given 1., needed 1.
                      Factored matrix:
                        Mat Object: (BackwardEuler-Equation_lumped_mg_levels_1_sub_) 1 MPI process
                          type: seqaij
                          rows=174720, cols=174720
                          package used to perform factorization: petsc
                          total: nonzeros=9096448, allocated nonzeros=9096448
                            using I-node routines: found 43680 nodes, limit used is 5
                  linear system matrix, which is also used to construct the preconditioner:
                  Mat Object: (BackwardEuler-Equation_lumped_mg_levels_1_sub_) 1 MPI process
                    type: seqaij
                    rows=174720, cols=174720
                    total: nonzeros=9096448, allocated nonzeros=9096448
                    total number of mallocs used during MatSetValues calls=0
                      using I-node routines: found 43680 nodes, limit used is 5
              linear system matrix, which is also used to construct the preconditioner:
              Mat Object: (BackwardEuler-Equation_) 832 MPI processes
                type: mpiaij
                rows=143769600, cols=143769600
                total: nonzeros=8024555520, allocated nonzeros=8024555520
                total number of mallocs used during MatSetValues calls=0
                  has attached near null space
                  using I-node (on process 0) routines: found 43680 nodes, limit used is 5
          Up solver (post-smoother) same as down solver (pre-smoother)
          linear system matrix, which is also used to construct the preconditioner:
          Mat Object: (BackwardEuler-Equation_) 832 MPI processes
            type: mpiaij
            rows=143769600, cols=143769600
            total: nonzeros=8024555520, allocated nonzeros=8024555520
            total number of mallocs used during MatSetValues calls=0
              has attached near null space
              using I-node (on process 0) routines: found 43680 nodes, limit used is 5
        linear system matrix, which is also used to construct the preconditioner:
        Mat Object: (BackwardEuler-Equation_) 832 MPI processes
          type: mpiaij
          rows=143769600, cols=143769600
          total: nonzeros=8024555520, allocated nonzeros=8024555520
          total number of mallocs used during MatSetValues calls=0
            has attached near null space
            using I-node (on process 0) routines: found 43680 nodes, limit used is 5
t = 600.00 s | step 2/30 | wall 33.22 s | NL 2 | L 55
      0 SNES Function norm 5.996464235653e-07
              Linear BackwardEuler-Equation_lumped_mg_coarse_ solve converged due to CONVERGED_ITS iterations 1
              Linear BackwardEuler-Equation_lumped_mg_coarse_ solve converged due to CONVERGED_ITS iterations 1
              Linear BackwardEuler-Equation_lumped_mg_coarse_ solve converged due to CONVERGED_ITS iterations 1
              Linear BackwardEuler-Equation_lumped_mg_coarse_ solve converged due to CONVERGED_ITS iterations 1
              Linear BackwardEuler-Equation_lumped_mg_coarse_ solve converged due to CONVERGED_ITS iterations 1
              Linear BackwardEuler-Equation_lumped_mg_coarse_ solve converged due to CONVERGED_ITS iterations 1
              Linear BackwardEuler-Equation_lumped_mg_coarse_ solve converged due to CONVERGED_ITS iterations 1
              Linear BackwardEuler-Equation_lumped_mg_coarse_ solve converged due to CONVERGED_ITS iterations 1
              Linear BackwardEuler-Equation_lumped_mg_coarse_ solve converged due to CONVERGED_ITS iterations 1
              Linear BackwardEuler-Equation_lumped_mg_coarse_ solve converged due to CONVERGED_ITS iterations 1
              Linear BackwardEuler-Equation_lumped_mg_coarse_ solve converged due to CONVERGED_ITS iterations 1
              Linear BackwardEuler-Equation_lumped_mg_coarse_ solve converged due to CONVERGED_ITS iterations 1
              Linear BackwardEuler-Equation_lumped_mg_coarse_ solve converged due to CONVERGED_ITS iterations 1
              Linear BackwardEuler-Equation_lumped_mg_coarse_ solve converged due to CONVERGED_ITS iterations 1
              Linear BackwardEuler-Equation_lumped_mg_coarse_ solve converged due to CONVERGED_ITS iterations 1
              Linear BackwardEuler-Equation_lumped_mg_coarse_ solve converged due to CONVERGED_ITS iterations 1
              Linear BackwardEuler-Equation_lumped_mg_coarse_ solve converged due to CONVERGED_ITS iterations 1
              Linear BackwardEuler-Equation_lumped_mg_coarse_ solve converged due to CONVERGED_ITS iterations 1
              Linear BackwardEuler-Equation_lumped_mg_coarse_ solve converged due to CONVERGED_ITS iterations 1
              Linear BackwardEuler-Equation_lumped_mg_coarse_ solve converged due to CONVERGED_ITS iterations 1
              Linear BackwardEuler-Equation_lumped_mg_coarse_ solve converged due to CONVERGED_ITS iterations 1
              Linear BackwardEuler-Equation_lumped_mg_coarse_ solve converged due to CONVERGED_ITS iterations 1
              Linear BackwardEuler-Equation_lumped_mg_coarse_ solve converged due to CONVERGED_ITS iterations 1
              Linear BackwardEuler-Equation_lumped_mg_coarse_ solve converged due to CONVERGED_ITS iterations 1
              Linear BackwardEuler-Equation_lumped_mg_coarse_ solve converged due to CONVERGED_ITS iterations 1
              Linear BackwardEuler-Equation_lumped_mg_coarse_ solve converged due to CONVERGED_ITS iterations 1
              Linear BackwardEuler-Equation_lumped_mg_coarse_ solve converged due to CONVERGED_ITS iterations 1
        Linear BackwardEuler-Equation_ solve converged due to CONVERGED_RTOL iterations 27
    Mat Object: (BackwardEuler-Equation_) 832 MPI processes
      type: mpiaij
      rows=143769600, cols=143769600
      total: nonzeros=8024555520, allocated nonzeros=8024555520
      total number of mallocs used during MatSetValues calls=0
        has attached near null space
        using I-node (on process 0) routines: found 43680 nodes, limit used is 5
      1 SNES Function norm 1.691502667970e-08
              Linear BackwardEuler-Equation_lumped_mg_coarse_ solve converged due to CONVERGED_ITS iterations 1
              Linear BackwardEuler-Equation_lumped_mg_coarse_ solve converged due to CONVERGED_ITS iterations 1
              Linear BackwardEuler-Equation_lumped_mg_coarse_ solve converged due to CONVERGED_ITS iterations 1
              Linear BackwardEuler-Equation_lumped_mg_coarse_ solve converged due to CONVERGED_ITS iterations 1
              Linear BackwardEuler-Equation_lumped_mg_coarse_ solve converged due to CONVERGED_ITS iterations 1
              Linear BackwardEuler-Equation_lumped_mg_coarse_ solve converged due to CONVERGED_ITS iterations 1
              Linear BackwardEuler-Equation_lumped_mg_coarse_ solve converged due to CONVERGED_ITS iterations 1
              Linear BackwardEuler-Equation_lumped_mg_coarse_ solve converged due to CONVERGED_ITS iterations 1
              Linear BackwardEuler-Equation_lumped_mg_coarse_ solve converged due to CONVERGED_ITS iterations 1
              Linear BackwardEuler-Equation_lumped_mg_coarse_ solve converged due to CONVERGED_ITS iterations 1
              Linear BackwardEuler-Equation_lumped_mg_coarse_ solve converged due to CONVERGED_ITS iterations 1
              Linear BackwardEuler-Equation_lumped_mg_coarse_ solve converged due to CONVERGED_ITS iterations 1
              Linear BackwardEuler-Equation_lumped_mg_coarse_ solve converged due to CONVERGED_ITS iterations 1
              Linear BackwardEuler-Equation_lumped_mg_coarse_ solve converged due to CONVERGED_ITS iterations 1
              Linear BackwardEuler-Equation_lumped_mg_coarse_ solve converged due to CONVERGED_ITS iterations 1
              Linear BackwardEuler-Equation_lumped_mg_coarse_ solve converged due to CONVERGED_ITS iterations 1
              Linear BackwardEuler-Equation_lumped_mg_coarse_ solve converged due to CONVERGED_ITS iterations 1
              Linear BackwardEuler-Equation_lumped_mg_coarse_ solve converged due to CONVERGED_ITS iterations 1
              Linear BackwardEuler-Equation_lumped_mg_coarse_ solve converged due to CONVERGED_ITS iterations 1
              Linear BackwardEuler-Equation_lumped_mg_coarse_ solve converged due to CONVERGED_ITS iterations 1
              Linear BackwardEuler-Equation_lumped_mg_coarse_ solve converged due to CONVERGED_ITS iterations 1
              Linear BackwardEuler-Equation_lumped_mg_coarse_ solve converged due to CONVERGED_ITS iterations 1
              Linear BackwardEuler-Equation_lumped_mg_coarse_ solve converged due to CONVERGED_ITS iterations 1
              Linear BackwardEuler-Equation_lumped_mg_coarse_ solve converged due to CONVERGED_ITS iterations 1
              Linear BackwardEuler-Equation_lumped_mg_coarse_ solve converged due to CONVERGED_ITS iterations 1
              Linear BackwardEuler-Equation_lumped_mg_coarse_ solve converged due to CONVERGED_ITS iterations 1
              Linear BackwardEuler-Equation_lumped_mg_coarse_ solve converged due to CONVERGED_ITS iterations 1
              Linear BackwardEuler-Equation_lumped_mg_coarse_ solve converged due to CONVERGED_ITS iterations 1
        Linear BackwardEuler-Equation_ solve converged due to CONVERGED_RTOL iterations 28
    Mat Object: (BackwardEuler-Equation_) 832 MPI processes
      type: mpiaij
      rows=143769600, cols=143769600
      total: nonzeros=8024555520, allocated nonzeros=8024555520
      total number of mallocs used during MatSetValues calls=0
        has attached near null space
        using I-node (on process 0) routines: found 43680 nodes, limit used is 5
      2 SNES Function norm 2.560498263315e-11
      Nonlinear BackwardEuler-Equation_ solve converged due to CONVERGED_FNORM_ABS iterations 2
    SNES Object: (BackwardEuler-Equation_) 832 MPI processes
      type: newtonls
      maximum iterations=50, maximum function evaluations=10000
      tolerances: relative=1e-08, absolute=1e-08, solution=1e-08
      total number of linear solver iterations=55
      total number of function evaluations=3
      norm schedule ALWAYS
      SNESLineSearch Object: (BackwardEuler-Equation_) 832 MPI processes
        type: bt
          interpolation: cubic
          alpha=1.000000e-04
        maxlambda=1.000000e+00, minlambda=1.000000e-12
        tolerances: relative=1.000000e-08, absolute=1.000000e-15, lambda=1.000000e-08
        maximum iterations=40
      KSP Object: (BackwardEuler-Equation_) 832 MPI processes
        type: fgmres
          restart=30, using classical (unmodified) Gram-Schmidt orthogonalization with no iterative refinement
          happy breakdown tolerance=1e-30
        maximum iterations=200, initial guess is zero
        tolerances: relative=1e-06, absolute=1e-50, divergence=10000.
        right preconditioning
        using UNPRECONDITIONED norm type for convergence test
      PC Object: (BackwardEuler-Equation_) 832 MPI processes
        type: python
          Python: solvers.vlumping.VerticallyLumpedPC
        Firedrake custom preconditioner VerticallyLumpedPC
          Vertically lumped MG: collapses vertical dimension on coarse level (cf. Kramer et al. 2010)
          PC Object: (BackwardEuler-Equation_lumped_) 832 MPI processes
            type: mg
              type is MULTIPLICATIVE, levels=2 cycles=v
                Cycles per PCApply=1
                Using Galerkin computed coarse grid matrices
            Coarse grid solver -- level 0 -------------------------------
              KSP Object: (BackwardEuler-Equation_lumped_mg_coarse_) 832 MPI processes
                type: preonly
                maximum iterations=10000, initial guess is zero
                tolerances: relative=1e-05, absolute=1e-50, divergence=10000.
                left preconditioning
                not checking for convergence
              PC Object: (BackwardEuler-Equation_lumped_mg_coarse_) 832 MPI processes
                type: lu
                  out-of-place factorization
                  tolerance for zero pivot 2.22045e-14
                  matrix ordering: external
                  factor fill ratio given 0., needed 0.
                    Factored matrix:
                      Mat Object: (BackwardEuler-Equation_lumped_mg_coarse_) 832 MPI processes
                        type: mumps
                        rows=230400, cols=230400
                        package used to perform factorization: mumps
                        total: nonzeros=53758496, allocated nonzeros=53758496
                          MUMPS run parameters:
                            Use -BackwardEuler-Equation_lumped_mg_coarse_ksp_view ::ascii_info_detail to display information for all processes
                            RINFOG(1) (global estimated flops for the elimination after analysis): 2.22887e+10
                            RINFOG(2) (global estimated flops for the assembly after factorization): 8.66561e+07
                            RINFOG(3) (global estimated flops for the elimination after factorization): 2.22887e+10
                            (RINFOG(12) RINFOG(13))*2^INFOG(34) (determinant): (0.,0.)*(2^0)
                            INFOG(3) (estimated real workspace for factors on all processors after analysis): 132305132
                            INFOG(4) (estimated integer workspace for factors on all processors after analysis): 3276560
                            INFOG(5) (estimated maximum front size in the complete tree): 1604
                            INFOG(6) (number of nodes in the complete tree): 12693
                            INFOG(7) (ordering option effectively used after analysis): 5
                            INFOG(8) (structural symmetry in percent of the permuted matrix after analysis): -1
                            INFOG(9) (total real/complex workspace to store the matrix factors after factorization): 53758496
                            INFOG(10) (total integer space store the matrix factors after factorization): 2959272
                            INFOG(11) (order of largest frontal matrix after factorization): 1604
                            INFOG(12) (number of off-diagonal pivots): 0
                            INFOG(13) (number of delayed pivots after factorization): 0
                            INFOG(14) (number of memory compress after factorization): 0
                            INFOG(15) (number of steps of iterative refinement after solution): 0
                            INFOG(16) (estimated size (in MB) of all MUMPS internal data for factorization after analysis: value on the most memory consuming processor): 292
                            INFOG(17) (estimated size of all MUMPS internal data for factorization after analysis: sum over all processors): 230028
                            INFOG(18) (size of all MUMPS internal data allocated during factorization: value on the most memory consuming processor): 292
                            INFOG(19) (size of all MUMPS internal data allocated during factorization: sum over all processors): 229983
                            INFOG(20) (estimated number of entries in the factors): 53758496
                            INFOG(21) (size in MB of memory effectively used during factorization - value on the most memory consuming processor): 286
                            INFOG(22) (size in MB of memory effectively used during factorization - sum over all processors): 225248
                            INFOG(23) (after analysis: value of ICNTL(6) effectively used): 0
                            INFOG(24) (after analysis: value of ICNTL(12) effectively used): 1
                            INFOG(25) (after factorization: number of pivots modified by static pivoting): 0
                            INFOG(28) (after factorization: number of null pivots encountered): 0
                            INFOG(29) (after factorization: effective number of entries in the factors (sum over all processors)): 53758496
                            INFOG(30, 31) (after solution: size in Mbytes of memory used during solution phase): 52, 28284
                            INFOG(32) (after analysis: type of analysis done): 1
                            INFOG(33) (value used for ICNTL(8)): 7
                            INFOG(34) (exponent of the determinant if determinant is requested): 0
                            INFOG(35) (after factorization: number of entries taking into account BLR factor compression - sum over all processors): 53758496
                            INFOG(36) (after analysis: estimated size of all MUMPS internal data for running BLR in-core - value on the most memory consuming processor): 0
                            INFOG(37) (after analysis: estimated size of all MUMPS internal data for running BLR in-core - sum over all processors): 0
                            INFOG(38) (after analysis: estimated size of all MUMPS internal data for running BLR out-of-core - value on the most memory consuming processor): 0
                            INFOG(39) (after analysis: estimated size of all MUMPS internal data for running BLR out-of-core - sum over all processors): 0
                linear system matrix, which is also used to construct the preconditioner:
                Mat Object: 832 MPI processes
                  type: mpiaij
                  rows=230400, cols=230400
                  total: nonzeros=4592640, allocated nonzeros=4592640
                  total number of mallocs used during MatSetValues calls=0
                    using nonscalable MatPtAP() implementation
                    using I-node (on process 0) routines: found 70 nodes, limit used is 5
            Down solver (pre-smoother) on level 1 -------------------------------
              KSP Object: (BackwardEuler-Equation_lumped_mg_levels_1_) 832 MPI processes
                type: chebyshev
                  Chebyshev polynomial of first kind
                  eigenvalue targets used: min 0.192085, max 2.11293
                  eigenvalues estimated via gmres: min 0.0556671, max 1.92085
                  eigenvalues estimated using gmres with transform: [0. 0.1; 0. 1.1]
                  KSP Object: (BackwardEuler-Equation_lumped_mg_levels_1_esteig_) 832 MPI processes
                    type: gmres
                      restart=30, using classical (unmodified) Gram-Schmidt orthogonalization with no iterative refinement
                      happy breakdown tolerance=1e-30
                    maximum iterations=10, initial guess is zero
                    tolerances: relative=1e-12, absolute=1e-50, divergence=10000.
                    left preconditioning
                    using PRECONDITIONED norm type for convergence test
                  estimating eigenvalues using a noisy random number generated right-hand side
                maximum iterations=4, nonzero initial guess
                tolerances: relative=1e-05, absolute=1e-50, divergence=10000.
                left preconditioning
                not checking for convergence
              PC Object: (BackwardEuler-Equation_lumped_mg_levels_1_) 832 MPI processes
                type: bjacobi
                  number of blocks = 832
                  Local solver information for first block is in the following KSP and PC objects on rank 0:
                  Use -BackwardEuler-Equation_lumped_mg_levels_1_ksp_view ::ascii_info_detail to display information for all blocks
                  KSP Object: (BackwardEuler-Equation_lumped_mg_levels_1_sub_) 1 MPI process
                    type: preonly
                    maximum iterations=10000, initial guess is zero
                    tolerances: relative=1e-05, absolute=1e-50, divergence=10000.
                    left preconditioning
                    not checking for convergence
                  PC Object: (BackwardEuler-Equation_lumped_mg_levels_1_sub_) 1 MPI process
                    type: ilu
                      out-of-place factorization
                      0 levels of fill
                      tolerance for zero pivot 2.22045e-14
                      matrix ordering: natural
                      factor fill ratio given 1., needed 1.
                        Factored matrix:
                          Mat Object: (BackwardEuler-Equation_lumped_mg_levels_1_sub_) 1 MPI process
                            type: seqaij
                            rows=174720, cols=174720
                            package used to perform factorization: petsc
                            total: nonzeros=9096448, allocated nonzeros=9096448
                              using I-node routines: found 43680 nodes, limit used is 5
                    linear system matrix, which is also used to construct the preconditioner:
                    Mat Object: (BackwardEuler-Equation_lumped_mg_levels_1_sub_) 1 MPI process
                      type: seqaij
                      rows=174720, cols=174720
                      total: nonzeros=9096448, allocated nonzeros=9096448
                      total number of mallocs used during MatSetValues calls=0
                        using I-node routines: found 43680 nodes, limit used is 5
                linear system matrix, which is also used to construct the preconditioner:
                Mat Object: (BackwardEuler-Equation_) 832 MPI processes
                  type: mpiaij
                  rows=143769600, cols=143769600
                  total: nonzeros=8024555520, allocated nonzeros=8024555520
                  total number of mallocs used during MatSetValues calls=0
                    has attached near null space
                    using I-node (on process 0) routines: found 43680 nodes, limit used is 5
            Up solver (post-smoother) same as down solver (pre-smoother)
            linear system matrix, which is also used to construct the preconditioner:
            Mat Object: (BackwardEuler-Equation_) 832 MPI processes
              type: mpiaij
              rows=143769600, cols=143769600
              total: nonzeros=8024555520, allocated nonzeros=8024555520
              total number of mallocs used during MatSetValues calls=0
                has attached near null space
                using I-node (on process 0) routines: found 43680 nodes, limit used is 5
          linear system matrix, which is also used to construct the preconditioner:
          Mat Object: (BackwardEuler-Equation_) 832 MPI processes
            type: mpiaij
            rows=143769600, cols=143769600
            total: nonzeros=8024555520, allocated nonzeros=8024555520
            total number of mallocs used during MatSetValues calls=0
              has attached near null space
              using I-node (on process 0) routines: found 43680 nodes, limit used is 5
t = 900.00 s | step 3/30 | wall 33.18 s | NL 2 | L 55
        0 SNES Function norm 5.477408271716e-07
                Linear BackwardEuler-Equation_lumped_mg_coarse_ solve converged due to CONVERGED_ITS iterations 1
                Linear BackwardEuler-Equation_lumped_mg_coarse_ solve converged due to CONVERGED_ITS iterations 1
                Linear BackwardEuler-Equation_lumped_mg_coarse_ solve converged due to CONVERGED_ITS iterations 1
                Linear BackwardEuler-Equation_lumped_mg_coarse_ solve converged due to CONVERGED_ITS iterations 1
                Linear BackwardEuler-Equation_lumped_mg_coarse_ solve converged due to CONVERGED_ITS iterations 1
                Linear BackwardEuler-Equation_lumped_mg_coarse_ solve converged due to CONVERGED_ITS iterations 1
                Linear BackwardEuler-Equation_lumped_mg_coarse_ solve converged due to CONVERGED_ITS iterations 1
                Linear BackwardEuler-Equation_lumped_mg_coarse_ solve converged due to CONVERGED_ITS iterations 1
                Linear BackwardEuler-Equation_lumped_mg_coarse_ solve converged due to CONVERGED_ITS iterations 1
                Linear BackwardEuler-Equation_lumped_mg_coarse_ solve converged due to CONVERGED_ITS iterations 1
                Linear BackwardEuler-Equation_lumped_mg_coarse_ solve converged due to CONVERGED_ITS iterations 1
                Linear BackwardEuler-Equation_lumped_mg_coarse_ solve converged due to CONVERGED_ITS iterations 1
                Linear BackwardEuler-Equation_lumped_mg_coarse_ solve converged due to CONVERGED_ITS iterations 1
                Linear BackwardEuler-Equation_lumped_mg_coarse_ solve converged due to CONVERGED_ITS iterations 1
                Linear BackwardEuler-Equation_lumped_mg_coarse_ solve converged due to CONVERGED_ITS iterations 1
                Linear BackwardEuler-Equation_lumped_mg_coarse_ solve converged due to CONVERGED_ITS iterations 1
                Linear BackwardEuler-Equation_lumped_mg_coarse_ solve converged due to CONVERGED_ITS iterations 1
                Linear BackwardEuler-Equation_lumped_mg_coarse_ solve converged due to CONVERGED_ITS iterations 1
                Linear BackwardEuler-Equation_lumped_mg_coarse_ solve converged due to CONVERGED_ITS iterations 1
                Linear BackwardEuler-Equation_lumped_mg_coarse_ solve converged due to CONVERGED_ITS iterations 1
                Linear BackwardEuler-Equation_lumped_mg_coarse_ solve converged due to CONVERGED_ITS iterations 1
                Linear BackwardEuler-Equation_lumped_mg_coarse_ solve converged due to CONVERGED_ITS iterations 1
                Linear BackwardEuler-Equation_lumped_mg_coarse_ solve converged due to CONVERGED_ITS iterations 1
                Linear BackwardEuler-Equation_lumped_mg_coarse_ solve converged due to CONVERGED_ITS iterations 1
                Linear BackwardEuler-Equation_lumped_mg_coarse_ solve converged due to CONVERGED_ITS iterations 1
                Linear BackwardEuler-Equation_lumped_mg_coarse_ solve converged due to CONVERGED_ITS iterations 1
                Linear BackwardEuler-Equation_lumped_mg_coarse_ solve converged due to CONVERGED_ITS iterations 1
          Linear BackwardEuler-Equation_ solve converged due to CONVERGED_RTOL iterations 27
      Mat Object: (BackwardEuler-Equation_) 832 MPI processes
        type: mpiaij
        rows=143769600, cols=143769600
        total: nonzeros=8024555520, allocated nonzeros=8024555520
        total number of mallocs used during MatSetValues calls=0
          has attached near null space
          using I-node (on process 0) routines: found 43680 nodes, limit used is 5
        1 SNES Function norm 1.303106644510e-08
                Linear BackwardEuler-Equation_lumped_mg_coarse_ solve converged due to CONVERGED_ITS iterations 1
                Linear BackwardEuler-Equation_lumped_mg_coarse_ solve converged due to CONVERGED_ITS iterations 1
                Linear BackwardEuler-Equation_lumped_mg_coarse_ solve converged due to CONVERGED_ITS iterations 1
                Linear BackwardEuler-Equation_lumped_mg_coarse_ solve converged due to CONVERGED_ITS iterations 1
                Linear BackwardEuler-Equation_lumped_mg_coarse_ solve converged due to CONVERGED_ITS iterations 1
                Linear BackwardEuler-Equation_lumped_mg_coarse_ solve converged due to CONVERGED_ITS iterations 1
                Linear BackwardEuler-Equation_lumped_mg_coarse_ solve converged due to CONVERGED_ITS iterations 1
                Linear BackwardEuler-Equation_lumped_mg_coarse_ solve converged due to CONVERGED_ITS iterations 1
                Linear BackwardEuler-Equation_lumped_mg_coarse_ solve converged due to CONVERGED_ITS iterations 1
                Linear BackwardEuler-Equation_lumped_mg_coarse_ solve converged due to CONVERGED_ITS iterations 1
                Linear BackwardEuler-Equation_lumped_mg_coarse_ solve converged due to CONVERGED_ITS iterations 1
                Linear BackwardEuler-Equation_lumped_mg_coarse_ solve converged due to CONVERGED_ITS iterations 1
                Linear BackwardEuler-Equation_lumped_mg_coarse_ solve converged due to CONVERGED_ITS iterations 1
                Linear BackwardEuler-Equation_lumped_mg_coarse_ solve converged due to CONVERGED_ITS iterations 1
                Linear BackwardEuler-Equation_lumped_mg_coarse_ solve converged due to CONVERGED_ITS iterations 1
                Linear BackwardEuler-Equation_lumped_mg_coarse_ solve converged due to CONVERGED_ITS iterations 1
                Linear BackwardEuler-Equation_lumped_mg_coarse_ solve converged due to CONVERGED_ITS iterations 1
                Linear BackwardEuler-Equation_lumped_mg_coarse_ solve converged due to CONVERGED_ITS iterations 1
                Linear BackwardEuler-Equation_lumped_mg_coarse_ solve converged due to CONVERGED_ITS iterations 1
                Linear BackwardEuler-Equation_lumped_mg_coarse_ solve converged due to CONVERGED_ITS iterations 1
                Linear BackwardEuler-Equation_lumped_mg_coarse_ solve converged due to CONVERGED_ITS iterations 1
                Linear BackwardEuler-Equation_lumped_mg_coarse_ solve converged due to CONVERGED_ITS iterations 1
                Linear BackwardEuler-Equation_lumped_mg_coarse_ solve converged due to CONVERGED_ITS iterations 1
                Linear BackwardEuler-Equation_lumped_mg_coarse_ solve converged due to CONVERGED_ITS iterations 1
                Linear BackwardEuler-Equation_lumped_mg_coarse_ solve converged due to CONVERGED_ITS iterations 1
                Linear BackwardEuler-Equation_lumped_mg_coarse_ solve converged due to CONVERGED_ITS iterations 1
                Linear BackwardEuler-Equation_lumped_mg_coarse_ solve converged due to CONVERGED_ITS iterations 1
                Linear BackwardEuler-Equation_lumped_mg_coarse_ solve converged due to CONVERGED_ITS iterations 1
          Linear BackwardEuler-Equation_ solve converged due to CONVERGED_RTOL iterations 28
      Mat Object: (BackwardEuler-Equation_) 832 MPI processes
        type: mpiaij
        rows=143769600, cols=143769600
        total: nonzeros=8024555520, allocated nonzeros=8024555520
        total number of mallocs used during MatSetValues calls=0
          has attached near null space
          using I-node (on process 0) routines: found 43680 nodes, limit used is 5
        2 SNES Function norm 1.411953769083e-11
        Nonlinear BackwardEuler-Equation_ solve converged due to CONVERGED_FNORM_ABS iterations 2
      SNES Object: (BackwardEuler-Equation_) 832 MPI processes
        type: newtonls
        maximum iterations=50, maximum function evaluations=10000
        tolerances: relative=1e-08, absolute=1e-08, solution=1e-08
        total number of linear solver iterations=55
        total number of function evaluations=3
        norm schedule ALWAYS
        SNESLineSearch Object: (BackwardEuler-Equation_) 832 MPI processes
          type: bt
            interpolation: cubic
            alpha=1.000000e-04
          maxlambda=1.000000e+00, minlambda=1.000000e-12
          tolerances: relative=1.000000e-08, absolute=1.000000e-15, lambda=1.000000e-08
          maximum iterations=40
        KSP Object: (BackwardEuler-Equation_) 832 MPI processes
          type: fgmres
            restart=30, using classical (unmodified) Gram-Schmidt orthogonalization with no iterative refinement
            happy breakdown tolerance=1e-30
          maximum iterations=200, initial guess is zero
          tolerances: relative=1e-06, absolute=1e-50, divergence=10000.
          right preconditioning
          using UNPRECONDITIONED norm type for convergence test
        PC Object: (BackwardEuler-Equation_) 832 MPI processes
          type: python
            Python: solvers.vlumping.VerticallyLumpedPC
          Firedrake custom preconditioner VerticallyLumpedPC
            Vertically lumped MG: collapses vertical dimension on coarse level (cf. Kramer et al. 2010)
            PC Object: (BackwardEuler-Equation_lumped_) 832 MPI processes
              type: mg
                type is MULTIPLICATIVE, levels=2 cycles=v
                  Cycles per PCApply=1
                  Using Galerkin computed coarse grid matrices
              Coarse grid solver -- level 0 -------------------------------
                KSP Object: (BackwardEuler-Equation_lumped_mg_coarse_) 832 MPI processes
                  type: preonly
                  maximum iterations=10000, initial guess is zero
                  tolerances: relative=1e-05, absolute=1e-50, divergence=10000.
                  left preconditioning
                  not checking for convergence
                PC Object: (BackwardEuler-Equation_lumped_mg_coarse_) 832 MPI processes
                  type: lu
                    out-of-place factorization
                    tolerance for zero pivot 2.22045e-14
                    matrix ordering: external
                    factor fill ratio given 0., needed 0.
                      Factored matrix:
                        Mat Object: (BackwardEuler-Equation_lumped_mg_coarse_) 832 MPI processes
                          type: mumps
                          rows=230400, cols=230400
                          package used to perform factorization: mumps
                          total: nonzeros=53758496, allocated nonzeros=53758496
                            MUMPS run parameters:
                              Use -BackwardEuler-Equation_lumped_mg_coarse_ksp_view ::ascii_info_detail to display information for all processes
                              RINFOG(1) (global estimated flops for the elimination after analysis): 2.22887e+10
                              RINFOG(2) (global estimated flops for the assembly after factorization): 8.66561e+07
                              RINFOG(3) (global estimated flops for the elimination after factorization): 2.22887e+10
                              (RINFOG(12) RINFOG(13))*2^INFOG(34) (determinant): (0.,0.)*(2^0)
                              INFOG(3) (estimated real workspace for factors on all processors after analysis): 132305132
                              INFOG(4) (estimated integer workspace for factors on all processors after analysis): 3276560
                              INFOG(5) (estimated maximum front size in the complete tree): 1604
                              INFOG(6) (number of nodes in the complete tree): 12693
                              INFOG(7) (ordering option effectively used after analysis): 5
                              INFOG(8) (structural symmetry in percent of the permuted matrix after analysis): -1
                              INFOG(9) (total real/complex workspace to store the matrix factors after factorization): 53758496
                              INFOG(10) (total integer space store the matrix factors after factorization): 2959272
                              INFOG(11) (order of largest frontal matrix after factorization): 1604
                              INFOG(12) (number of off-diagonal pivots): 0
                              INFOG(13) (number of delayed pivots after factorization): 0
                              INFOG(14) (number of memory compress after factorization): 0
                              INFOG(15) (number of steps of iterative refinement after solution): 0
                              INFOG(16) (estimated size (in MB) of all MUMPS internal data for factorization after analysis: value on the most memory consuming processor): 292
                              INFOG(17) (estimated size of all MUMPS internal data for factorization after analysis: sum over all processors): 230028
                              INFOG(18) (size of all MUMPS internal data allocated during factorization: value on the most memory consuming processor): 292
                              INFOG(19) (size of all MUMPS internal data allocated during factorization: sum over all processors): 229983
                              INFOG(20) (estimated number of entries in the factors): 53758496
                              INFOG(21) (size in MB of memory effectively used during factorization - value on the most memory consuming processor): 286
                              INFOG(22) (size in MB of memory effectively used during factorization - sum over all processors): 225246
                              INFOG(23) (after analysis: value of ICNTL(6) effectively used): 0
                              INFOG(24) (after analysis: value of ICNTL(12) effectively used): 1
                              INFOG(25) (after factorization: number of pivots modified by static pivoting): 0
                              INFOG(28) (after factorization: number of null pivots encountered): 0
                              INFOG(29) (after factorization: effective number of entries in the factors (sum over all processors)): 53758496
                              INFOG(30, 31) (after solution: size in Mbytes of memory used during solution phase): 52, 28284
                              INFOG(32) (after analysis: type of analysis done): 1
                              INFOG(33) (value used for ICNTL(8)): 7
                              INFOG(34) (exponent of the determinant if determinant is requested): 0
                              INFOG(35) (after factorization: number of entries taking into account BLR factor compression - sum over all processors): 53758496
                              INFOG(36) (after analysis: estimated size of all MUMPS internal data for running BLR in-core - value on the most memory consuming processor): 0
                              INFOG(37) (after analysis: estimated size of all MUMPS internal data for running BLR in-core - sum over all processors): 0
                              INFOG(38) (after analysis: estimated size of all MUMPS internal data for running BLR out-of-core - value on the most memory consuming processor): 0
                              INFOG(39) (after analysis: estimated size of all MUMPS internal data for running BLR out-of-core - sum over all processors): 0
                  linear system matrix, which is also used to construct the preconditioner:
                  Mat Object: 832 MPI processes
                    type: mpiaij
                    rows=230400, cols=230400
                    total: nonzeros=4592640, allocated nonzeros=4592640
                    total number of mallocs used during MatSetValues calls=0
                      using nonscalable MatPtAP() implementation
                      using I-node (on process 0) routines: found 70 nodes, limit used is 5
              Down solver (pre-smoother) on level 1 -------------------------------
                KSP Object: (BackwardEuler-Equation_lumped_mg_levels_1_) 832 MPI processes
                  type: chebyshev
                    Chebyshev polynomial of first kind
                    eigenvalue targets used: min 0.192085, max 2.11293
                    eigenvalues estimated via gmres: min 0.0556702, max 1.92085
                    eigenvalues estimated using gmres with transform: [0. 0.1; 0. 1.1]
                    KSP Object: (BackwardEuler-Equation_lumped_mg_levels_1_esteig_) 832 MPI processes
                      type: gmres
                        restart=30, using classical (unmodified) Gram-Schmidt orthogonalization with no iterative refinement
                        happy breakdown tolerance=1e-30
                      maximum iterations=10, initial guess is zero
                      tolerances: relative=1e-12, absolute=1e-50, divergence=10000.
                      left preconditioning
                      using PRECONDITIONED norm type for convergence test
                    estimating eigenvalues using a noisy random number generated right-hand side
                  maximum iterations=4, nonzero initial guess
                  tolerances: relative=1e-05, absolute=1e-50, divergence=10000.
                  left preconditioning
                  not checking for convergence
                PC Object: (BackwardEuler-Equation_lumped_mg_levels_1_) 832 MPI processes
                  type: bjacobi
                    number of blocks = 832
                    Local solver information for first block is in the following KSP and PC objects on rank 0:
                    Use -BackwardEuler-Equation_lumped_mg_levels_1_ksp_view ::ascii_info_detail to display information for all blocks
                    KSP Object: (BackwardEuler-Equation_lumped_mg_levels_1_sub_) 1 MPI process
                      type: preonly
                      maximum iterations=10000, initial guess is zero
                      tolerances: relative=1e-05, absolute=1e-50, divergence=10000.
                      left preconditioning
                      not checking for convergence
                    PC Object: (BackwardEuler-Equation_lumped_mg_levels_1_sub_) 1 MPI process
                      type: ilu
                        out-of-place factorization
                        0 levels of fill
                        tolerance for zero pivot 2.22045e-14
                        matrix ordering: natural
                        factor fill ratio given 1., needed 1.
                          Factored matrix:
                            Mat Object: (BackwardEuler-Equation_lumped_mg_levels_1_sub_) 1 MPI process
                              type: seqaij
                              rows=174720, cols=174720
                              package used to perform factorization: petsc
                              total: nonzeros=9096448, allocated nonzeros=9096448
                                using I-node routines: found 43680 nodes, limit used is 5
                      linear system matrix, which is also used to construct the preconditioner:
                      Mat Object: (BackwardEuler-Equation_lumped_mg_levels_1_sub_) 1 MPI process
                        type: seqaij
                        rows=174720, cols=174720
                        total: nonzeros=9096448, allocated nonzeros=9096448
                        total number of mallocs used during MatSetValues calls=0
                          using I-node routines: found 43680 nodes, limit used is 5
                  linear system matrix, which is also used to construct the preconditioner:
                  Mat Object: (BackwardEuler-Equation_) 832 MPI processes
                    type: mpiaij
                    rows=143769600, cols=143769600
                    total: nonzeros=8024555520, allocated nonzeros=8024555520
                    total number of mallocs used during MatSetValues calls=0
                      has attached near null space
                      using I-node (on process 0) routines: found 43680 nodes, limit used is 5
              Up solver (post-smoother) same as down solver (pre-smoother)
              linear system matrix, which is also used to construct the preconditioner:
              Mat Object: (BackwardEuler-Equation_) 832 MPI processes
                type: mpiaij
                rows=143769600, cols=143769600
                total: nonzeros=8024555520, allocated nonzeros=8024555520
                total number of mallocs used during MatSetValues calls=0
                  has attached near null space
                  using I-node (on process 0) routines: found 43680 nodes, limit used is 5
            linear system matrix, which is also used to construct the preconditioner:
            Mat Object: (BackwardEuler-Equation_) 832 MPI processes
              type: mpiaij
              rows=143769600, cols=143769600
              total: nonzeros=8024555520, allocated nonzeros=8024555520
              total number of mallocs used during MatSetValues calls=0
                has attached near null space
                using I-node (on process 0) routines: found 43680 nodes, limit used is 5
t = 1200.00 s | step 4/30 | wall 33.21 s | NL 2 | L 55
          0 SNES Function norm 5.142372814543e-07
                  Linear BackwardEuler-Equation_lumped_mg_coarse_ solve converged due to CONVERGED_ITS iterations 1
                  Linear BackwardEuler-Equation_lumped_mg_coarse_ solve converged due to CONVERGED_ITS iterations 1
                  Linear BackwardEuler-Equation_lumped_mg_coarse_ solve converged due to CONVERGED_ITS iterations 1
                  Linear BackwardEuler-Equation_lumped_mg_coarse_ solve converged due to CONVERGED_ITS iterations 1
                  Linear BackwardEuler-Equation_lumped_mg_coarse_ solve converged due to CONVERGED_ITS iterations 1
                  Linear BackwardEuler-Equation_lumped_mg_coarse_ solve converged due to CONVERGED_ITS iterations 1
                  Linear BackwardEuler-Equation_lumped_mg_coarse_ solve converged due to CONVERGED_ITS iterations 1
                  Linear BackwardEuler-Equation_lumped_mg_coarse_ solve converged due to CONVERGED_ITS iterations 1
                  Linear BackwardEuler-Equation_lumped_mg_coarse_ solve converged due to CONVERGED_ITS iterations 1
                  Linear BackwardEuler-Equation_lumped_mg_coarse_ solve converged due to CONVERGED_ITS iterations 1
                  Linear BackwardEuler-Equation_lumped_mg_coarse_ solve converged due to CONVERGED_ITS iterations 1
                  Linear BackwardEuler-Equation_lumped_mg_coarse_ solve converged due to CONVERGED_ITS iterations 1
                  Linear BackwardEuler-Equation_lumped_mg_coarse_ solve converged due to CONVERGED_ITS iterations 1
                  Linear BackwardEuler-Equation_lumped_mg_coarse_ solve converged due to CONVERGED_ITS iterations 1
                  Linear BackwardEuler-Equation_lumped_mg_coarse_ solve converged due to CONVERGED_ITS iterations 1
                  Linear BackwardEuler-Equation_lumped_mg_coarse_ solve converged due to CONVERGED_ITS iterations 1
                  Linear BackwardEuler-Equation_lumped_mg_coarse_ solve converged due to CONVERGED_ITS iterations 1
                  Linear BackwardEuler-Equation_lumped_mg_coarse_ solve converged due to CONVERGED_ITS iterations 1
                  Linear BackwardEuler-Equation_lumped_mg_coarse_ solve converged due to CONVERGED_ITS iterations 1
                  Linear BackwardEuler-Equation_lumped_mg_coarse_ solve converged due to CONVERGED_ITS iterations 1
                  Linear BackwardEuler-Equation_lumped_mg_coarse_ solve converged due to CONVERGED_ITS iterations 1
                  Linear BackwardEuler-Equation_lumped_mg_coarse_ solve converged due to CONVERGED_ITS iterations 1
                  Linear BackwardEuler-Equation_lumped_mg_coarse_ solve converged due to CONVERGED_ITS iterations 1
                  Linear BackwardEuler-Equation_lumped_mg_coarse_ solve converged due to CONVERGED_ITS iterations 1
                  Linear BackwardEuler-Equation_lumped_mg_coarse_ solve converged due to CONVERGED_ITS iterations 1
                  Linear BackwardEuler-Equation_lumped_mg_coarse_ solve converged due to CONVERGED_ITS iterations 1
                  Linear BackwardEuler-Equation_lumped_mg_coarse_ solve converged due to CONVERGED_ITS iterations 1
                  Linear BackwardEuler-Equation_lumped_mg_coarse_ solve converged due to CONVERGED_ITS iterations 1
            Linear BackwardEuler-Equation_ solve converged due to CONVERGED_RTOL iterations 28
        Mat Object: (BackwardEuler-Equation_) 832 MPI processes
          type: mpiaij
          rows=143769600, cols=143769600
          total: nonzeros=8024555520, allocated nonzeros=8024555520
          total number of mallocs used during MatSetValues calls=0
            has attached near null space
            using I-node (on process 0) routines: found 43680 nodes, limit used is 5
          1 SNES Function norm 1.089898052315e-08
                  Linear BackwardEuler-Equation_lumped_mg_coarse_ solve converged due to CONVERGED_ITS iterations 1
                  Linear BackwardEuler-Equation_lumped_mg_coarse_ solve converged due to CONVERGED_ITS iterations 1
                  Linear BackwardEuler-Equation_lumped_mg_coarse_ solve converged due to CONVERGED_ITS iterations 1
                  Linear BackwardEuler-Equation_lumped_mg_coarse_ solve converged due to CONVERGED_ITS iterations 1
                  Linear BackwardEuler-Equation_lumped_mg_coarse_ solve converged due to CONVERGED_ITS iterations 1
                  Linear BackwardEuler-Equation_lumped_mg_coarse_ solve converged due to CONVERGED_ITS iterations 1
                  Linear BackwardEuler-Equation_lumped_mg_coarse_ solve converged due to CONVERGED_ITS iterations 1
                  Linear BackwardEuler-Equation_lumped_mg_coarse_ solve converged due to CONVERGED_ITS iterations 1
                  Linear BackwardEuler-Equation_lumped_mg_coarse_ solve converged due to CONVERGED_ITS iterations 1
                  Linear BackwardEuler-Equation_lumped_mg_coarse_ solve converged due to CONVERGED_ITS iterations 1
                  Linear BackwardEuler-Equation_lumped_mg_coarse_ solve converged due to CONVERGED_ITS iterations 1
                  Linear BackwardEuler-Equation_lumped_mg_coarse_ solve converged due to CONVERGED_ITS iterations 1
                  Linear BackwardEuler-Equation_lumped_mg_coarse_ solve converged due to CONVERGED_ITS iterations 1
                  Linear BackwardEuler-Equation_lumped_mg_coarse_ solve converged due to CONVERGED_ITS iterations 1
                  Linear BackwardEuler-Equation_lumped_mg_coarse_ solve converged due to CONVERGED_ITS iterations 1
                  Linear BackwardEuler-Equation_lumped_mg_coarse_ solve converged due to CONVERGED_ITS iterations 1
                  Linear BackwardEuler-Equation_lumped_mg_coarse_ solve converged due to CONVERGED_ITS iterations 1
                  Linear BackwardEuler-Equation_lumped_mg_coarse_ solve converged due to CONVERGED_ITS iterations 1
                  Linear BackwardEuler-Equation_lumped_mg_coarse_ solve converged due to CONVERGED_ITS iterations 1
                  Linear BackwardEuler-Equation_lumped_mg_coarse_ solve converged due to CONVERGED_ITS iterations 1
                  Linear BackwardEuler-Equation_lumped_mg_coarse_ solve converged due to CONVERGED_ITS iterations 1
                  Linear BackwardEuler-Equation_lumped_mg_coarse_ solve converged due to CONVERGED_ITS iterations 1
                  Linear BackwardEuler-Equation_lumped_mg_coarse_ solve converged due to CONVERGED_ITS iterations 1
                  Linear BackwardEuler-Equation_lumped_mg_coarse_ solve converged due to CONVERGED_ITS iterations 1
                  Linear BackwardEuler-Equation_lumped_mg_coarse_ solve converged due to CONVERGED_ITS iterations 1
                  Linear BackwardEuler-Equation_lumped_mg_coarse_ solve converged due to CONVERGED_ITS iterations 1
                  Linear BackwardEuler-Equation_lumped_mg_coarse_ solve converged due to CONVERGED_ITS iterations 1
                  Linear BackwardEuler-Equation_lumped_mg_coarse_ solve converged due to CONVERGED_ITS iterations 1
            Linear BackwardEuler-Equation_ solve converged due to CONVERGED_RTOL iterations 28
        Mat Object: (BackwardEuler-Equation_) 832 MPI processes
          type: mpiaij
          rows=143769600, cols=143769600
          total: nonzeros=8024555520, allocated nonzeros=8024555520
          total number of mallocs used during MatSetValues calls=0
            has attached near null space
            using I-node (on process 0) routines: found 43680 nodes, limit used is 5
          2 SNES Function norm 9.328001409985e-12
          Nonlinear BackwardEuler-Equation_ solve converged due to CONVERGED_FNORM_ABS iterations 2
        SNES Object: (BackwardEuler-Equation_) 832 MPI processes
          type: newtonls
          maximum iterations=50, maximum function evaluations=10000
          tolerances: relative=1e-08, absolute=1e-08, solution=1e-08
          total number of linear solver iterations=56
          total number of function evaluations=3
          norm schedule ALWAYS
          SNESLineSearch Object: (BackwardEuler-Equation_) 832 MPI processes
            type: bt
              interpolation: cubic
              alpha=1.000000e-04
            maxlambda=1.000000e+00, minlambda=1.000000e-12
            tolerances: relative=1.000000e-08, absolute=1.000000e-15, lambda=1.000000e-08
            maximum iterations=40
          KSP Object: (BackwardEuler-Equation_) 832 MPI processes
            type: fgmres
              restart=30, using classical (unmodified) Gram-Schmidt orthogonalization with no iterative refinement
              happy breakdown tolerance=1e-30
            maximum iterations=200, initial guess is zero
            tolerances: relative=1e-06, absolute=1e-50, divergence=10000.
            right preconditioning
            using UNPRECONDITIONED norm type for convergence test
          PC Object: (BackwardEuler-Equation_) 832 MPI processes
            type: python
              Python: solvers.vlumping.VerticallyLumpedPC
            Firedrake custom preconditioner VerticallyLumpedPC
              Vertically lumped MG: collapses vertical dimension on coarse level (cf. Kramer et al. 2010)
              PC Object: (BackwardEuler-Equation_lumped_) 832 MPI processes
                type: mg
                  type is MULTIPLICATIVE, levels=2 cycles=v
                    Cycles per PCApply=1
                    Using Galerkin computed coarse grid matrices
                Coarse grid solver -- level 0 -------------------------------
                  KSP Object: (BackwardEuler-Equation_lumped_mg_coarse_) 832 MPI processes
                    type: preonly
                    maximum iterations=10000, initial guess is zero
                    tolerances: relative=1e-05, absolute=1e-50, divergence=10000.
                    left preconditioning
                    not checking for convergence
                  PC Object: (BackwardEuler-Equation_lumped_mg_coarse_) 832 MPI processes
                    type: lu
                      out-of-place factorization
                      tolerance for zero pivot 2.22045e-14
                      matrix ordering: external
                      factor fill ratio given 0., needed 0.
                        Factored matrix:
                          Mat Object: (BackwardEuler-Equation_lumped_mg_coarse_) 832 MPI processes
                            type: mumps
                            rows=230400, cols=230400
                            package used to perform factorization: mumps
                            total: nonzeros=53758496, allocated nonzeros=53758496
                              MUMPS run parameters:
                                Use -BackwardEuler-Equation_lumped_mg_coarse_ksp_view ::ascii_info_detail to display information for all processes
                                RINFOG(1) (global estimated flops for the elimination after analysis): 2.22887e+10
                                RINFOG(2) (global estimated flops for the assembly after factorization): 8.66561e+07
                                RINFOG(3) (global estimated flops for the elimination after factorization): 2.22887e+10
                                (RINFOG(12) RINFOG(13))*2^INFOG(34) (determinant): (0.,0.)*(2^0)
                                INFOG(3) (estimated real workspace for factors on all processors after analysis): 132305132
                                INFOG(4) (estimated integer workspace for factors on all processors after analysis): 3276560
                                INFOG(5) (estimated maximum front size in the complete tree): 1604
                                INFOG(6) (number of nodes in the complete tree): 12693
                                INFOG(7) (ordering option effectively used after analysis): 5
                                INFOG(8) (structural symmetry in percent of the permuted matrix after analysis): -1
                                INFOG(9) (total real/complex workspace to store the matrix factors after factorization): 53758496
                                INFOG(10) (total integer space store the matrix factors after factorization): 2959272
                                INFOG(11) (order of largest frontal matrix after factorization): 1604
                                INFOG(12) (number of off-diagonal pivots): 0
                                INFOG(13) (number of delayed pivots after factorization): 0
                                INFOG(14) (number of memory compress after factorization): 0
                                INFOG(15) (number of steps of iterative refinement after solution): 0
                                INFOG(16) (estimated size (in MB) of all MUMPS internal data for factorization after analysis: value on the most memory consuming processor): 292
                                INFOG(17) (estimated size of all MUMPS internal data for factorization after analysis: sum over all processors): 230028
                                INFOG(18) (size of all MUMPS internal data allocated during factorization: value on the most memory consuming processor): 292
                                INFOG(19) (size of all MUMPS internal data allocated during factorization: sum over all processors): 229983
                                INFOG(20) (estimated number of entries in the factors): 53758496
                                INFOG(21) (size in MB of memory effectively used during factorization - value on the most memory consuming processor): 286
                                INFOG(22) (size in MB of memory effectively used during factorization - sum over all processors): 225248
                                INFOG(23) (after analysis: value of ICNTL(6) effectively used): 0
                                INFOG(24) (after analysis: value of ICNTL(12) effectively used): 1
                                INFOG(25) (after factorization: number of pivots modified by static pivoting): 0
                                INFOG(28) (after factorization: number of null pivots encountered): 0
                                INFOG(29) (after factorization: effective number of entries in the factors (sum over all processors)): 53758496
                                INFOG(30, 31) (after solution: size in Mbytes of memory used during solution phase): 52, 28284
                                INFOG(32) (after analysis: type of analysis done): 1
                                INFOG(33) (value used for ICNTL(8)): 7
                                INFOG(34) (exponent of the determinant if determinant is requested): 0
                                INFOG(35) (after factorization: number of entries taking into account BLR factor compression - sum over all processors): 53758496
                                INFOG(36) (after analysis: estimated size of all MUMPS internal data for running BLR in-core - value on the most memory consuming processor): 0
                                INFOG(37) (after analysis: estimated size of all MUMPS internal data for running BLR in-core - sum over all processors): 0
                                INFOG(38) (after analysis: estimated size of all MUMPS internal data for running BLR out-of-core - value on the most memory consuming processor): 0
                                INFOG(39) (after analysis: estimated size of all MUMPS internal data for running BLR out-of-core - sum over all processors): 0
                    linear system matrix, which is also used to construct the preconditioner:
                    Mat Object: 832 MPI processes
                      type: mpiaij
                      rows=230400, cols=230400
                      total: nonzeros=4592640, allocated nonzeros=4592640
                      total number of mallocs used during MatSetValues calls=0
                        using nonscalable MatPtAP() implementation
                        using I-node (on process 0) routines: found 70 nodes, limit used is 5
                Down solver (pre-smoother) on level 1 -------------------------------
                  KSP Object: (BackwardEuler-Equation_lumped_mg_levels_1_) 832 MPI processes
                    type: chebyshev
                      Chebyshev polynomial of first kind
                      eigenvalue targets used: min 0.192085, max 2.11293
                      eigenvalues estimated via gmres: min 0.0556733, max 1.92085
                      eigenvalues estimated using gmres with transform: [0. 0.1; 0. 1.1]
                      KSP Object: (BackwardEuler-Equation_lumped_mg_levels_1_esteig_) 832 MPI processes
                        type: gmres
                          restart=30, using classical (unmodified) Gram-Schmidt orthogonalization with no iterative refinement
                          happy breakdown tolerance=1e-30
                        maximum iterations=10, initial guess is zero
                        tolerances: relative=1e-12, absolute=1e-50, divergence=10000.
                        left preconditioning
                        using PRECONDITIONED norm type for convergence test
                      estimating eigenvalues using a noisy random number generated right-hand side
                    maximum iterations=4, nonzero initial guess
                    tolerances: relative=1e-05, absolute=1e-50, divergence=10000.
                    left preconditioning
                    not checking for convergence
                  PC Object: (BackwardEuler-Equation_lumped_mg_levels_1_) 832 MPI processes
                    type: bjacobi
                      number of blocks = 832
                      Local solver information for first block is in the following KSP and PC objects on rank 0:
                      Use -BackwardEuler-Equation_lumped_mg_levels_1_ksp_view ::ascii_info_detail to display information for all blocks
                      KSP Object: (BackwardEuler-Equation_lumped_mg_levels_1_sub_) 1 MPI process
                        type: preonly
                        maximum iterations=10000, initial guess is zero
                        tolerances: relative=1e-05, absolute=1e-50, divergence=10000.
                        left preconditioning
                        not checking for convergence
                      PC Object: (BackwardEuler-Equation_lumped_mg_levels_1_sub_) 1 MPI process
                        type: ilu
                          out-of-place factorization
                          0 levels of fill
                          tolerance for zero pivot 2.22045e-14
                          matrix ordering: natural
                          factor fill ratio given 1., needed 1.
                            Factored matrix:
                              Mat Object: (BackwardEuler-Equation_lumped_mg_levels_1_sub_) 1 MPI process
                                type: seqaij
                                rows=174720, cols=174720
                                package used to perform factorization: petsc
                                total: nonzeros=9096448, allocated nonzeros=9096448
                                  using I-node routines: found 43680 nodes, limit used is 5
                        linear system matrix, which is also used to construct the preconditioner:
                        Mat Object: (BackwardEuler-Equation_lumped_mg_levels_1_sub_) 1 MPI process
                          type: seqaij
                          rows=174720, cols=174720
                          total: nonzeros=9096448, allocated nonzeros=9096448
                          total number of mallocs used during MatSetValues calls=0
                            using I-node routines: found 43680 nodes, limit used is 5
                    linear system matrix, which is also used to construct the preconditioner:
                    Mat Object: (BackwardEuler-Equation_) 832 MPI processes
                      type: mpiaij
                      rows=143769600, cols=143769600
                      total: nonzeros=8024555520, allocated nonzeros=8024555520
                      total number of mallocs used during MatSetValues calls=0
                        has attached near null space
                        using I-node (on process 0) routines: found 43680 nodes, limit used is 5
                Up solver (post-smoother) same as down solver (pre-smoother)
                linear system matrix, which is also used to construct the preconditioner:
                Mat Object: (BackwardEuler-Equation_) 832 MPI processes
                  type: mpiaij
                  rows=143769600, cols=143769600
                  total: nonzeros=8024555520, allocated nonzeros=8024555520
                  total number of mallocs used during MatSetValues calls=0
                    has attached near null space
                    using I-node (on process 0) routines: found 43680 nodes, limit used is 5
              linear system matrix, which is also used to construct the preconditioner:
              Mat Object: (BackwardEuler-Equation_) 832 MPI processes
                type: mpiaij
                rows=143769600, cols=143769600
                total: nonzeros=8024555520, allocated nonzeros=8024555520
                total number of mallocs used during MatSetValues calls=0
                  has attached near null space
                  using I-node (on process 0) routines: found 43680 nodes, limit used is 5
t = 1500.00 s | step 5/30 | wall 33.76 s | NL 2 | L 56
            0 SNES Function norm 4.900996693165e-07
                    Linear BackwardEuler-Equation_lumped_mg_coarse_ solve converged due to CONVERGED_ITS iterations 1
                    Linear BackwardEuler-Equation_lumped_mg_coarse_ solve converged due to CONVERGED_ITS iterations 1
                    Linear BackwardEuler-Equation_lumped_mg_coarse_ solve converged due to CONVERGED_ITS iterations 1
                    Linear BackwardEuler-Equation_lumped_mg_coarse_ solve converged due to CONVERGED_ITS iterations 1
                    Linear BackwardEuler-Equation_lumped_mg_coarse_ solve converged due to CONVERGED_ITS iterations 1
                    Linear BackwardEuler-Equation_lumped_mg_coarse_ solve converged due to CONVERGED_ITS iterations 1
                    Linear BackwardEuler-Equation_lumped_mg_coarse_ solve converged due to CONVERGED_ITS iterations 1
                    Linear BackwardEuler-Equation_lumped_mg_coarse_ solve converged due to CONVERGED_ITS iterations 1
                    Linear BackwardEuler-Equation_lumped_mg_coarse_ solve converged due to CONVERGED_ITS iterations 1
                    Linear BackwardEuler-Equation_lumped_mg_coarse_ solve converged due to CONVERGED_ITS iterations 1
                    Linear BackwardEuler-Equation_lumped_mg_coarse_ solve converged due to CONVERGED_ITS iterations 1
                    Linear BackwardEuler-Equation_lumped_mg_coarse_ solve converged due to CONVERGED_ITS iterations 1
                    Linear BackwardEuler-Equation_lumped_mg_coarse_ solve converged due to CONVERGED_ITS iterations 1
                    Linear BackwardEuler-Equation_lumped_mg_coarse_ solve converged due to CONVERGED_ITS iterations 1
                    Linear BackwardEuler-Equation_lumped_mg_coarse_ solve converged due to CONVERGED_ITS iterations 1
                    Linear BackwardEuler-Equation_lumped_mg_coarse_ solve converged due to CONVERGED_ITS iterations 1
                    Linear BackwardEuler-Equation_lumped_mg_coarse_ solve converged due to CONVERGED_ITS iterations 1
                    Linear BackwardEuler-Equation_lumped_mg_coarse_ solve converged due to CONVERGED_ITS iterations 1
                    Linear BackwardEuler-Equation_lumped_mg_coarse_ solve converged due to CONVERGED_ITS iterations 1
                    Linear BackwardEuler-Equation_lumped_mg_coarse_ solve converged due to CONVERGED_ITS iterations 1
                    Linear BackwardEuler-Equation_lumped_mg_coarse_ solve converged due to CONVERGED_ITS iterations 1
                    Linear BackwardEuler-Equation_lumped_mg_coarse_ solve converged due to CONVERGED_ITS iterations 1
                    Linear BackwardEuler-Equation_lumped_mg_coarse_ solve converged due to CONVERGED_ITS iterations 1
                    Linear BackwardEuler-Equation_lumped_mg_coarse_ solve converged due to CONVERGED_ITS iterations 1
                    Linear BackwardEuler-Equation_lumped_mg_coarse_ solve converged due to CONVERGED_ITS iterations 1
                    Linear BackwardEuler-Equation_lumped_mg_coarse_ solve converged due to CONVERGED_ITS iterations 1
                    Linear BackwardEuler-Equation_lumped_mg_coarse_ solve converged due to CONVERGED_ITS iterations 1
                    Linear BackwardEuler-Equation_lumped_mg_coarse_ solve converged due to CONVERGED_ITS iterations 1
              Linear BackwardEuler-Equation_ solve converged due to CONVERGED_RTOL iterations 28
          Mat Object: (BackwardEuler-Equation_) 832 MPI processes
            type: mpiaij
            rows=143769600, cols=143769600
            total: nonzeros=8024555520, allocated nonzeros=8024555520
            total number of mallocs used during MatSetValues calls=0
              has attached near null space
              using I-node (on process 0) routines: found 43680 nodes, limit used is 5
            1 SNES Function norm 9.529900415280e-09
            Nonlinear BackwardEuler-Equation_ solve converged due to CONVERGED_FNORM_ABS iterations 1
          SNES Object: (BackwardEuler-Equation_) 832 MPI processes
            type: newtonls
            maximum iterations=50, maximum function evaluations=10000
            tolerances: relative=1e-08, absolute=1e-08, solution=1e-08
            total number of linear solver iterations=28
            total number of function evaluations=2
            norm schedule ALWAYS
            SNESLineSearch Object: (BackwardEuler-Equation_) 832 MPI processes
              type: bt
                interpolation: cubic
                alpha=1.000000e-04
              maxlambda=1.000000e+00, minlambda=1.000000e-12
              tolerances: relative=1.000000e-08, absolute=1.000000e-15, lambda=1.000000e-08
              maximum iterations=40
            KSP Object: (BackwardEuler-Equation_) 832 MPI processes
              type: fgmres
                restart=30, using classical (unmodified) Gram-Schmidt orthogonalization with no iterative refinement
                happy breakdown tolerance=1e-30
              maximum iterations=200, initial guess is zero
              tolerances: relative=1e-06, absolute=1e-50, divergence=10000.
              right preconditioning
              using UNPRECONDITIONED norm type for convergence test
            PC Object: (BackwardEuler-Equation_) 832 MPI processes
              type: python
                Python: solvers.vlumping.VerticallyLumpedPC
              Firedrake custom preconditioner VerticallyLumpedPC
                Vertically lumped MG: collapses vertical dimension on coarse level (cf. Kramer et al. 2010)
                PC Object: (BackwardEuler-Equation_lumped_) 832 MPI processes
                  type: mg
                    type is MULTIPLICATIVE, levels=2 cycles=v
                      Cycles per PCApply=1
                      Using Galerkin computed coarse grid matrices
                  Coarse grid solver -- level 0 -------------------------------
                    KSP Object: (BackwardEuler-Equation_lumped_mg_coarse_) 832 MPI processes
                      type: preonly
                      maximum iterations=10000, initial guess is zero
                      tolerances: relative=1e-05, absolute=1e-50, divergence=10000.
                      left preconditioning
                      not checking for convergence
                    PC Object: (BackwardEuler-Equation_lumped_mg_coarse_) 832 MPI processes
                      type: lu
                        out-of-place factorization
                        tolerance for zero pivot 2.22045e-14
                        matrix ordering: external
                        factor fill ratio given 0., needed 0.
                          Factored matrix:
                            Mat Object: (BackwardEuler-Equation_lumped_mg_coarse_) 832 MPI processes
                              type: mumps
                              rows=230400, cols=230400
                              package used to perform factorization: mumps
                              total: nonzeros=53758496, allocated nonzeros=53758496
                                MUMPS run parameters:
                                  Use -BackwardEuler-Equation_lumped_mg_coarse_ksp_view ::ascii_info_detail to display information for all processes
                                  RINFOG(1) (global estimated flops for the elimination after analysis): 2.22887e+10
                                  RINFOG(2) (global estimated flops for the assembly after factorization): 8.66561e+07
                                  RINFOG(3) (global estimated flops for the elimination after factorization): 2.22887e+10
                                  (RINFOG(12) RINFOG(13))*2^INFOG(34) (determinant): (0.,0.)*(2^0)
                                  INFOG(3) (estimated real workspace for factors on all processors after analysis): 132305132
                                  INFOG(4) (estimated integer workspace for factors on all processors after analysis): 3276560
                                  INFOG(5) (estimated maximum front size in the complete tree): 1604
                                  INFOG(6) (number of nodes in the complete tree): 12693
                                  INFOG(7) (ordering option effectively used after analysis): 5
                                  INFOG(8) (structural symmetry in percent of the permuted matrix after analysis): -1
                                  INFOG(9) (total real/complex workspace to store the matrix factors after factorization): 53758496
                                  INFOG(10) (total integer space store the matrix factors after factorization): 2959272
                                  INFOG(11) (order of largest frontal matrix after factorization): 1604
                                  INFOG(12) (number of off-diagonal pivots): 0
                                  INFOG(13) (number of delayed pivots after factorization): 0
                                  INFOG(14) (number of memory compress after factorization): 0
                                  INFOG(15) (number of steps of iterative refinement after solution): 0
                                  INFOG(16) (estimated size (in MB) of all MUMPS internal data for factorization after analysis: value on the most memory consuming processor): 292
                                  INFOG(17) (estimated size of all MUMPS internal data for factorization after analysis: sum over all processors): 230028
                                  INFOG(18) (size of all MUMPS internal data allocated during factorization: value on the most memory consuming processor): 292
                                  INFOG(19) (size of all MUMPS internal data allocated during factorization: sum over all processors): 229983
                                  INFOG(20) (estimated number of entries in the factors): 53758496
                                  INFOG(21) (size in MB of memory effectively used during factorization - value on the most memory consuming processor): 286
                                  INFOG(22) (size in MB of memory effectively used during factorization - sum over all processors): 225255
                                  INFOG(23) (after analysis: value of ICNTL(6) effectively used): 0
                                  INFOG(24) (after analysis: value of ICNTL(12) effectively used): 1
                                  INFOG(25) (after factorization: number of pivots modified by static pivoting): 0
                                  INFOG(28) (after factorization: number of null pivots encountered): 0
                                  INFOG(29) (after factorization: effective number of entries in the factors (sum over all processors)): 53758496
                                  INFOG(30, 31) (after solution: size in Mbytes of memory used during solution phase): 52, 28284
                                  INFOG(32) (after analysis: type of analysis done): 1
                                  INFOG(33) (value used for ICNTL(8)): 7
                                  INFOG(34) (exponent of the determinant if determinant is requested): 0
                                  INFOG(35) (after factorization: number of entries taking into account BLR factor compression - sum over all processors): 53758496
                                  INFOG(36) (after analysis: estimated size of all MUMPS internal data for running BLR in-core - value on the most memory consuming processor): 0
                                  INFOG(37) (after analysis: estimated size of all MUMPS internal data for running BLR in-core - sum over all processors): 0
                                  INFOG(38) (after analysis: estimated size of all MUMPS internal data for running BLR out-of-core - value on the most memory consuming processor): 0
                                  INFOG(39) (after analysis: estimated size of all MUMPS internal data for running BLR out-of-core - sum over all processors): 0
                      linear system matrix, which is also used to construct the preconditioner:
                      Mat Object: 832 MPI processes
                        type: mpiaij
                        rows=230400, cols=230400
                        total: nonzeros=4592640, allocated nonzeros=4592640
                        total number of mallocs used during MatSetValues calls=0
                          using nonscalable MatPtAP() implementation
                          using I-node (on process 0) routines: found 70 nodes, limit used is 5
                  Down solver (pre-smoother) on level 1 -------------------------------
                    KSP Object: (BackwardEuler-Equation_lumped_mg_levels_1_) 832 MPI processes
                      type: chebyshev
                        Chebyshev polynomial of first kind
                        eigenvalue targets used: min 0.192085, max 2.11293
                        eigenvalues estimated via gmres: min 0.0556733, max 1.92085
                        eigenvalues estimated using gmres with transform: [0. 0.1; 0. 1.1]
                        KSP Object: (BackwardEuler-Equation_lumped_mg_levels_1_esteig_) 832 MPI processes
                          type: gmres
                            restart=30, using classical (unmodified) Gram-Schmidt orthogonalization with no iterative refinement
                            happy breakdown tolerance=1e-30
                          maximum iterations=10, initial guess is zero
                          tolerances: relative=1e-12, absolute=1e-50, divergence=10000.
                          left preconditioning
                          using PRECONDITIONED norm type for convergence test
                        estimating eigenvalues using a noisy random number generated right-hand side
                      maximum iterations=4, nonzero initial guess
                      tolerances: relative=1e-05, absolute=1e-50, divergence=10000.
                      left preconditioning
                      not checking for convergence
                    PC Object: (BackwardEuler-Equation_lumped_mg_levels_1_) 832 MPI processes
                      type: bjacobi
                        number of blocks = 832
                        Local solver information for first block is in the following KSP and PC objects on rank 0:
                        Use -BackwardEuler-Equation_lumped_mg_levels_1_ksp_view ::ascii_info_detail to display information for all blocks
                        KSP Object: (BackwardEuler-Equation_lumped_mg_levels_1_sub_) 1 MPI process
                          type: preonly
                          maximum iterations=10000, initial guess is zero
                          tolerances: relative=1e-05, absolute=1e-50, divergence=10000.
                          left preconditioning
                          not checking for convergence
                        PC Object: (BackwardEuler-Equation_lumped_mg_levels_1_sub_) 1 MPI process
                          type: ilu
                            out-of-place factorization
                            0 levels of fill
                            tolerance for zero pivot 2.22045e-14
                            matrix ordering: natural
                            factor fill ratio given 1., needed 1.
                              Factored matrix:
                                Mat Object: (BackwardEuler-Equation_lumped_mg_levels_1_sub_) 1 MPI process
                                  type: seqaij
                                  rows=174720, cols=174720
                                  package used to perform factorization: petsc
                                  total: nonzeros=9096448, allocated nonzeros=9096448
                                    using I-node routines: found 43680 nodes, limit used is 5
                          linear system matrix, which is also used to construct the preconditioner:
                          Mat Object: (BackwardEuler-Equation_lumped_mg_levels_1_sub_) 1 MPI process
                            type: seqaij
                            rows=174720, cols=174720
                            total: nonzeros=9096448, allocated nonzeros=9096448
                            total number of mallocs used during MatSetValues calls=0
                              using I-node routines: found 43680 nodes, limit used is 5
                      linear system matrix, which is also used to construct the preconditioner:
                      Mat Object: (BackwardEuler-Equation_) 832 MPI processes
                        type: mpiaij
                        rows=143769600, cols=143769600
                        total: nonzeros=8024555520, allocated nonzeros=8024555520
                        total number of mallocs used during MatSetValues calls=0
                          has attached near null space
                          using I-node (on process 0) routines: found 43680 nodes, limit used is 5
                  Up solver (post-smoother) same as down solver (pre-smoother)
                  linear system matrix, which is also used to construct the preconditioner:
                  Mat Object: (BackwardEuler-Equation_) 832 MPI processes
                    type: mpiaij
                    rows=143769600, cols=143769600
                    total: nonzeros=8024555520, allocated nonzeros=8024555520
                    total number of mallocs used during MatSetValues calls=0
                      has attached near null space
                      using I-node (on process 0) routines: found 43680 nodes, limit used is 5
                linear system matrix, which is also used to construct the preconditioner:
                Mat Object: (BackwardEuler-Equation_) 832 MPI processes
                  type: mpiaij
                  rows=143769600, cols=143769600
                  total: nonzeros=8024555520, allocated nonzeros=8024555520
                  total number of mallocs used during MatSetValues calls=0
                    has attached near null space
                    using I-node (on process 0) routines: found 43680 nodes, limit used is 5
t = 1800.00 s | step 6/30 | wall 16.98 s | NL 1 | L 28
              0 SNES Function norm 4.710813264464e-07
                      Linear BackwardEuler-Equation_lumped_mg_coarse_ solve converged due to CONVERGED_ITS iterations 1
                      Linear BackwardEuler-Equation_lumped_mg_coarse_ solve converged due to CONVERGED_ITS iterations 1
                      Linear BackwardEuler-Equation_lumped_mg_coarse_ solve converged due to CONVERGED_ITS iterations 1
                      Linear BackwardEuler-Equation_lumped_mg_coarse_ solve converged due to CONVERGED_ITS iterations 1
                      Linear BackwardEuler-Equation_lumped_mg_coarse_ solve converged due to CONVERGED_ITS iterations 1
                      Linear BackwardEuler-Equation_lumped_mg_coarse_ solve converged due to CONVERGED_ITS iterations 1
                      Linear BackwardEuler-Equation_lumped_mg_coarse_ solve converged due to CONVERGED_ITS iterations 1
                      Linear BackwardEuler-Equation_lumped_mg_coarse_ solve converged due to CONVERGED_ITS iterations 1
                      Linear BackwardEuler-Equation_lumped_mg_coarse_ solve converged due to CONVERGED_ITS iterations 1
                      Linear BackwardEuler-Equation_lumped_mg_coarse_ solve converged due to CONVERGED_ITS iterations 1
                      Linear BackwardEuler-Equation_lumped_mg_coarse_ solve converged due to CONVERGED_ITS iterations 1
                      Linear BackwardEuler-Equation_lumped_mg_coarse_ solve converged due to CONVERGED_ITS iterations 1
                      Linear BackwardEuler-Equation_lumped_mg_coarse_ solve converged due to CONVERGED_ITS iterations 1
                      Linear BackwardEuler-Equation_lumped_mg_coarse_ solve converged due to CONVERGED_ITS iterations 1
                      Linear BackwardEuler-Equation_lumped_mg_coarse_ solve converged due to CONVERGED_ITS iterations 1
                      Linear BackwardEuler-Equation_lumped_mg_coarse_ solve converged due to CONVERGED_ITS iterations 1
                      Linear BackwardEuler-Equation_lumped_mg_coarse_ solve converged due to CONVERGED_ITS iterations 1
                      Linear BackwardEuler-Equation_lumped_mg_coarse_ solve converged due to CONVERGED_ITS iterations 1
                      Linear BackwardEuler-Equation_lumped_mg_coarse_ solve converged due to CONVERGED_ITS iterations 1
                      Linear BackwardEuler-Equation_lumped_mg_coarse_ solve converged due to CONVERGED_ITS iterations 1
                      Linear BackwardEuler-Equation_lumped_mg_coarse_ solve converged due to CONVERGED_ITS iterations 1
                      Linear BackwardEuler-Equation_lumped_mg_coarse_ solve converged due to CONVERGED_ITS iterations 1
                      Linear BackwardEuler-Equation_lumped_mg_coarse_ solve converged due to CONVERGED_ITS iterations 1
                      Linear BackwardEuler-Equation_lumped_mg_coarse_ solve converged due to CONVERGED_ITS iterations 1
                      Linear BackwardEuler-Equation_lumped_mg_coarse_ solve converged due to CONVERGED_ITS iterations 1
                      Linear BackwardEuler-Equation_lumped_mg_coarse_ solve converged due to CONVERGED_ITS iterations 1
                      Linear BackwardEuler-Equation_lumped_mg_coarse_ solve converged due to CONVERGED_ITS iterations 1
                      Linear BackwardEuler-Equation_lumped_mg_coarse_ solve converged due to CONVERGED_ITS iterations 1
                      Linear BackwardEuler-Equation_lumped_mg_coarse_ solve converged due to CONVERGED_ITS iterations 1
                Linear BackwardEuler-Equation_ solve converged due to CONVERGED_RTOL iterations 29
            Mat Object: (BackwardEuler-Equation_) 832 MPI processes
              type: mpiaij
              rows=143769600, cols=143769600
              total: nonzeros=8024555520, allocated nonzeros=8024555520
              total number of mallocs used during MatSetValues calls=0
                has attached near null space
                using I-node (on process 0) routines: found 43680 nodes, limit used is 5
              1 SNES Function norm 8.516306591022e-09
              Nonlinear BackwardEuler-Equation_ solve converged due to CONVERGED_FNORM_ABS iterations 1
            SNES Object: (BackwardEuler-Equation_) 832 MPI processes
              type: newtonls
              maximum iterations=50, maximum function evaluations=10000
              tolerances: relative=1e-08, absolute=1e-08, solution=1e-08
              total number of linear solver iterations=29
              total number of function evaluations=2
              norm schedule ALWAYS
              SNESLineSearch Object: (BackwardEuler-Equation_) 832 MPI processes
                type: bt
                  interpolation: cubic
                  alpha=1.000000e-04
                maxlambda=1.000000e+00, minlambda=1.000000e-12
                tolerances: relative=1.000000e-08, absolute=1.000000e-15, lambda=1.000000e-08
                maximum iterations=40
              KSP Object: (BackwardEuler-Equation_) 832 MPI processes
                type: fgmres
                  restart=30, using classical (unmodified) Gram-Schmidt orthogonalization with no iterative refinement
                  happy breakdown tolerance=1e-30
                maximum iterations=200, initial guess is zero
                tolerances: relative=1e-06, absolute=1e-50, divergence=10000.
                right preconditioning
                using UNPRECONDITIONED norm type for convergence test
              PC Object: (BackwardEuler-Equation_) 832 MPI processes
                type: python
                  Python: solvers.vlumping.VerticallyLumpedPC
                Firedrake custom preconditioner VerticallyLumpedPC
                  Vertically lumped MG: collapses vertical dimension on coarse level (cf. Kramer et al. 2010)
                  PC Object: (BackwardEuler-Equation_lumped_) 832 MPI processes
                    type: mg
                      type is MULTIPLICATIVE, levels=2 cycles=v
                        Cycles per PCApply=1
                        Using Galerkin computed coarse grid matrices
                    Coarse grid solver -- level 0 -------------------------------
                      KSP Object: (BackwardEuler-Equation_lumped_mg_coarse_) 832 MPI processes
                        type: preonly
                        maximum iterations=10000, initial guess is zero
                        tolerances: relative=1e-05, absolute=1e-50, divergence=10000.
                        left preconditioning
                        not checking for convergence
                      PC Object: (BackwardEuler-Equation_lumped_mg_coarse_) 832 MPI processes
                        type: lu
                          out-of-place factorization
                          tolerance for zero pivot 2.22045e-14
                          matrix ordering: external
                          factor fill ratio given 0., needed 0.
                            Factored matrix:
                              Mat Object: (BackwardEuler-Equation_lumped_mg_coarse_) 832 MPI processes
                                type: mumps
                                rows=230400, cols=230400
                                package used to perform factorization: mumps
                                total: nonzeros=53758496, allocated nonzeros=53758496
                                  MUMPS run parameters:
                                    Use -BackwardEuler-Equation_lumped_mg_coarse_ksp_view ::ascii_info_detail to display information for all processes
                                    RINFOG(1) (global estimated flops for the elimination after analysis): 2.22887e+10
                                    RINFOG(2) (global estimated flops for the assembly after factorization): 8.66561e+07
                                    RINFOG(3) (global estimated flops for the elimination after factorization): 2.22887e+10
                                    (RINFOG(12) RINFOG(13))*2^INFOG(34) (determinant): (0.,0.)*(2^0)
                                    INFOG(3) (estimated real workspace for factors on all processors after analysis): 132305132
                                    INFOG(4) (estimated integer workspace for factors on all processors after analysis): 3276560
                                    INFOG(5) (estimated maximum front size in the complete tree): 1604
                                    INFOG(6) (number of nodes in the complete tree): 12693
                                    INFOG(7) (ordering option effectively used after analysis): 5
                                    INFOG(8) (structural symmetry in percent of the permuted matrix after analysis): -1
                                    INFOG(9) (total real/complex workspace to store the matrix factors after factorization): 53758496
                                    INFOG(10) (total integer space store the matrix factors after factorization): 2959272
                                    INFOG(11) (order of largest frontal matrix after factorization): 1604
                                    INFOG(12) (number of off-diagonal pivots): 0
                                    INFOG(13) (number of delayed pivots after factorization): 0
                                    INFOG(14) (number of memory compress after factorization): 0
                                    INFOG(15) (number of steps of iterative refinement after solution): 0
                                    INFOG(16) (estimated size (in MB) of all MUMPS internal data for factorization after analysis: value on the most memory consuming processor): 292
                                    INFOG(17) (estimated size of all MUMPS internal data for factorization after analysis: sum over all processors): 230028
                                    INFOG(18) (size of all MUMPS internal data allocated during factorization: value on the most memory consuming processor): 292
                                    INFOG(19) (size of all MUMPS internal data allocated during factorization: sum over all processors): 229983
                                    INFOG(20) (estimated number of entries in the factors): 53758496
                                    INFOG(21) (size in MB of memory effectively used during factorization - value on the most memory consuming processor): 286
                                    INFOG(22) (size in MB of memory effectively used during factorization - sum over all processors): 225245
                                    INFOG(23) (after analysis: value of ICNTL(6) effectively used): 0
                                    INFOG(24) (after analysis: value of ICNTL(12) effectively used): 1
                                    INFOG(25) (after factorization: number of pivots modified by static pivoting): 0
                                    INFOG(28) (after factorization: number of null pivots encountered): 0
                                    INFOG(29) (after factorization: effective number of entries in the factors (sum over all processors)): 53758496
                                    INFOG(30, 31) (after solution: size in Mbytes of memory used during solution phase): 52, 28284
                                    INFOG(32) (after analysis: type of analysis done): 1
                                    INFOG(33) (value used for ICNTL(8)): 7
                                    INFOG(34) (exponent of the determinant if determinant is requested): 0
                                    INFOG(35) (after factorization: number of entries taking into account BLR factor compression - sum over all processors): 53758496
                                    INFOG(36) (after analysis: estimated size of all MUMPS internal data for running BLR in-core - value on the most memory consuming processor): 0
                                    INFOG(37) (after analysis: estimated size of all MUMPS internal data for running BLR in-core - sum over all processors): 0
                                    INFOG(38) (after analysis: estimated size of all MUMPS internal data for running BLR out-of-core - value on the most memory consuming processor): 0
                                    INFOG(39) (after analysis: estimated size of all MUMPS internal data for running BLR out-of-core - sum over all processors): 0
                        linear system matrix, which is also used to construct the preconditioner:
                        Mat Object: 832 MPI processes
                          type: mpiaij
                          rows=230400, cols=230400
                          total: nonzeros=4592640, allocated nonzeros=4592640
                          total number of mallocs used during MatSetValues calls=0
                            using nonscalable MatPtAP() implementation
                            using I-node (on process 0) routines: found 70 nodes, limit used is 5
                    Down solver (pre-smoother) on level 1 -------------------------------
                      KSP Object: (BackwardEuler-Equation_lumped_mg_levels_1_) 832 MPI processes
                        type: chebyshev
                          Chebyshev polynomial of first kind
                          eigenvalue targets used: min 0.192085, max 2.11293
                          eigenvalues estimated via gmres: min 0.0556763, max 1.92085
                          eigenvalues estimated using gmres with transform: [0. 0.1; 0. 1.1]
                          KSP Object: (BackwardEuler-Equation_lumped_mg_levels_1_esteig_) 832 MPI processes
                            type: gmres
                              restart=30, using classical (unmodified) Gram-Schmidt orthogonalization with no iterative refinement
                              happy breakdown tolerance=1e-30
                            maximum iterations=10, initial guess is zero
                            tolerances: relative=1e-12, absolute=1e-50, divergence=10000.
                            left preconditioning
                            using PRECONDITIONED norm type for convergence test
                          estimating eigenvalues using a noisy random number generated right-hand side
                        maximum iterations=4, nonzero initial guess
                        tolerances: relative=1e-05, absolute=1e-50, divergence=10000.
                        left preconditioning
                        not checking for convergence
                      PC Object: (BackwardEuler-Equation_lumped_mg_levels_1_) 832 MPI processes
                        type: bjacobi
                          number of blocks = 832
                          Local solver information for first block is in the following KSP and PC objects on rank 0:
                          Use -BackwardEuler-Equation_lumped_mg_levels_1_ksp_view ::ascii_info_detail to display information for all blocks
                          KSP Object: (BackwardEuler-Equation_lumped_mg_levels_1_sub_) 1 MPI process
                            type: preonly
                            maximum iterations=10000, initial guess is zero
                            tolerances: relative=1e-05, absolute=1e-50, divergence=10000.
                            left preconditioning
                            not checking for convergence
                          PC Object: (BackwardEuler-Equation_lumped_mg_levels_1_sub_) 1 MPI process
                            type: ilu
                              out-of-place factorization
                              0 levels of fill
                              tolerance for zero pivot 2.22045e-14
                              matrix ordering: natural
                              factor fill ratio given 1., needed 1.
                                Factored matrix:
                                  Mat Object: (BackwardEuler-Equation_lumped_mg_levels_1_sub_) 1 MPI process
                                    type: seqaij
                                    rows=174720, cols=174720
                                    package used to perform factorization: petsc
                                    total: nonzeros=9096448, allocated nonzeros=9096448
                                      using I-node routines: found 43680 nodes, limit used is 5
                            linear system matrix, which is also used to construct the preconditioner:
                            Mat Object: (BackwardEuler-Equation_lumped_mg_levels_1_sub_) 1 MPI process
                              type: seqaij
                              rows=174720, cols=174720
                              total: nonzeros=9096448, allocated nonzeros=9096448
                              total number of mallocs used during MatSetValues calls=0
                                using I-node routines: found 43680 nodes, limit used is 5
                        linear system matrix, which is also used to construct the preconditioner:
                        Mat Object: (BackwardEuler-Equation_) 832 MPI processes
                          type: mpiaij
                          rows=143769600, cols=143769600
                          total: nonzeros=8024555520, allocated nonzeros=8024555520
                          total number of mallocs used during MatSetValues calls=0
                            has attached near null space
                            using I-node (on process 0) routines: found 43680 nodes, limit used is 5
                    Up solver (post-smoother) same as down solver (pre-smoother)
                    linear system matrix, which is also used to construct the preconditioner:
                    Mat Object: (BackwardEuler-Equation_) 832 MPI processes
                      type: mpiaij
                      rows=143769600, cols=143769600
                      total: nonzeros=8024555520, allocated nonzeros=8024555520
                      total number of mallocs used during MatSetValues calls=0
                        has attached near null space
                        using I-node (on process 0) routines: found 43680 nodes, limit used is 5
                  linear system matrix, which is also used to construct the preconditioner:
                  Mat Object: (BackwardEuler-Equation_) 832 MPI processes
                    type: mpiaij
                    rows=143769600, cols=143769600
                    total: nonzeros=8024555520, allocated nonzeros=8024555520
                    total number of mallocs used during MatSetValues calls=0
                      has attached near null space
                      using I-node (on process 0) routines: found 43680 nodes, limit used is 5
t = 2100.00 s | step 7/30 | wall 17.46 s | NL 1 | L 29
                0 SNES Function norm 4.560467481666e-07
                        Linear BackwardEuler-Equation_lumped_mg_coarse_ solve converged due to CONVERGED_ITS iterations 1
                        Linear BackwardEuler-Equation_lumped_mg_coarse_ solve converged due to CONVERGED_ITS iterations 1
                        Linear BackwardEuler-Equation_lumped_mg_coarse_ solve converged due to CONVERGED_ITS iterations 1
                        Linear BackwardEuler-Equation_lumped_mg_coarse_ solve converged due to CONVERGED_ITS iterations 1
                        Linear BackwardEuler-Equation_lumped_mg_coarse_ solve converged due to CONVERGED_ITS iterations 1
                        Linear BackwardEuler-Equation_lumped_mg_coarse_ solve converged due to CONVERGED_ITS iterations 1
                        Linear BackwardEuler-Equation_lumped_mg_coarse_ solve converged due to CONVERGED_ITS iterations 1
                        Linear BackwardEuler-Equation_lumped_mg_coarse_ solve converged due to CONVERGED_ITS iterations 1
                        Linear BackwardEuler-Equation_lumped_mg_coarse_ solve converged due to CONVERGED_ITS iterations 1
                        Linear BackwardEuler-Equation_lumped_mg_coarse_ solve converged due to CONVERGED_ITS iterations 1
                        Linear BackwardEuler-Equation_lumped_mg_coarse_ solve converged due to CONVERGED_ITS iterations 1
                        Linear BackwardEuler-Equation_lumped_mg_coarse_ solve converged due to CONVERGED_ITS iterations 1
                        Linear BackwardEuler-Equation_lumped_mg_coarse_ solve converged due to CONVERGED_ITS iterations 1
                        Linear BackwardEuler-Equation_lumped_mg_coarse_ solve converged due to CONVERGED_ITS iterations 1
                        Linear BackwardEuler-Equation_lumped_mg_coarse_ solve converged due to CONVERGED_ITS iterations 1
                        Linear BackwardEuler-Equation_lumped_mg_coarse_ solve converged due to CONVERGED_ITS iterations 1
                        Linear BackwardEuler-Equation_lumped_mg_coarse_ solve converged due to CONVERGED_ITS iterations 1
                        Linear BackwardEuler-Equation_lumped_mg_coarse_ solve converged due to CONVERGED_ITS iterations 1
                        Linear BackwardEuler-Equation_lumped_mg_coarse_ solve converged due to CONVERGED_ITS iterations 1
                        Linear BackwardEuler-Equation_lumped_mg_coarse_ solve converged due to CONVERGED_ITS iterations 1
                        Linear BackwardEuler-Equation_lumped_mg_coarse_ solve converged due to CONVERGED_ITS iterations 1
                        Linear BackwardEuler-Equation_lumped_mg_coarse_ solve converged due to CONVERGED_ITS iterations 1
                        Linear BackwardEuler-Equation_lumped_mg_coarse_ solve converged due to CONVERGED_ITS iterations 1
                        Linear BackwardEuler-Equation_lumped_mg_coarse_ solve converged due to CONVERGED_ITS iterations 1
                        Linear BackwardEuler-Equation_lumped_mg_coarse_ solve converged due to CONVERGED_ITS iterations 1
                        Linear BackwardEuler-Equation_lumped_mg_coarse_ solve converged due to CONVERGED_ITS iterations 1
                        Linear BackwardEuler-Equation_lumped_mg_coarse_ solve converged due to CONVERGED_ITS iterations 1
                        Linear BackwardEuler-Equation_lumped_mg_coarse_ solve converged due to CONVERGED_ITS iterations 1
                        Linear BackwardEuler-Equation_lumped_mg_coarse_ solve converged due to CONVERGED_ITS iterations 1
                  Linear BackwardEuler-Equation_ solve converged due to CONVERGED_RTOL iterations 29
              Mat Object: (BackwardEuler-Equation_) 832 MPI processes
                type: mpiaij
                rows=143769600, cols=143769600
                total: nonzeros=8024555520, allocated nonzeros=8024555520
                total number of mallocs used during MatSetValues calls=0
                  has attached near null space
                  using I-node (on process 0) routines: found 43680 nodes, limit used is 5
                1 SNES Function norm 7.787351007625e-09
                Nonlinear BackwardEuler-Equation_ solve converged due to CONVERGED_FNORM_ABS iterations 1
              SNES Object: (BackwardEuler-Equation_) 832 MPI processes
                type: newtonls
                maximum iterations=50, maximum function evaluations=10000
                tolerances: relative=1e-08, absolute=1e-08, solution=1e-08
                total number of linear solver iterations=29
                total number of function evaluations=2
                norm schedule ALWAYS
                SNESLineSearch Object: (BackwardEuler-Equation_) 832 MPI processes
                  type: bt
                    interpolation: cubic
                    alpha=1.000000e-04
                  maxlambda=1.000000e+00, minlambda=1.000000e-12
                  tolerances: relative=1.000000e-08, absolute=1.000000e-15, lambda=1.000000e-08
                  maximum iterations=40
                KSP Object: (BackwardEuler-Equation_) 832 MPI processes
                  type: fgmres
                    restart=30, using classical (unmodified) Gram-Schmidt orthogonalization with no iterative refinement
                    happy breakdown tolerance=1e-30
                  maximum iterations=200, initial guess is zero
                  tolerances: relative=1e-06, absolute=1e-50, divergence=10000.
                  right preconditioning
                  using UNPRECONDITIONED norm type for convergence test
                PC Object: (BackwardEuler-Equation_) 832 MPI processes
                  type: python
                    Python: solvers.vlumping.VerticallyLumpedPC
                  Firedrake custom preconditioner VerticallyLumpedPC
                    Vertically lumped MG: collapses vertical dimension on coarse level (cf. Kramer et al. 2010)
                    PC Object: (BackwardEuler-Equation_lumped_) 832 MPI processes
                      type: mg
                        type is MULTIPLICATIVE, levels=2 cycles=v
                          Cycles per PCApply=1
                          Using Galerkin computed coarse grid matrices
                      Coarse grid solver -- level 0 -------------------------------
                        KSP Object: (BackwardEuler-Equation_lumped_mg_coarse_) 832 MPI processes
                          type: preonly
                          maximum iterations=10000, initial guess is zero
                          tolerances: relative=1e-05, absolute=1e-50, divergence=10000.
                          left preconditioning
                          not checking for convergence
                        PC Object: (BackwardEuler-Equation_lumped_mg_coarse_) 832 MPI processes
                          type: lu
                            out-of-place factorization
                            tolerance for zero pivot 2.22045e-14
                            matrix ordering: external
                            factor fill ratio given 0., needed 0.
                              Factored matrix:
                                Mat Object: (BackwardEuler-Equation_lumped_mg_coarse_) 832 MPI processes
                                  type: mumps
                                  rows=230400, cols=230400
                                  package used to perform factorization: mumps
                                  total: nonzeros=53758496, allocated nonzeros=53758496
                                    MUMPS run parameters:
                                      Use -BackwardEuler-Equation_lumped_mg_coarse_ksp_view ::ascii_info_detail to display information for all processes
                                      RINFOG(1) (global estimated flops for the elimination after analysis): 2.22887e+10
                                      RINFOG(2) (global estimated flops for the assembly after factorization): 8.66561e+07
                                      RINFOG(3) (global estimated flops for the elimination after factorization): 2.22887e+10
                                      (RINFOG(12) RINFOG(13))*2^INFOG(34) (determinant): (0.,0.)*(2^0)
                                      INFOG(3) (estimated real workspace for factors on all processors after analysis): 132305132
                                      INFOG(4) (estimated integer workspace for factors on all processors after analysis): 3276560
                                      INFOG(5) (estimated maximum front size in the complete tree): 1604
                                      INFOG(6) (number of nodes in the complete tree): 12693
                                      INFOG(7) (ordering option effectively used after analysis): 5
                                      INFOG(8) (structural symmetry in percent of the permuted matrix after analysis): -1
                                      INFOG(9) (total real/complex workspace to store the matrix factors after factorization): 53758496
                                      INFOG(10) (total integer space store the matrix factors after factorization): 2959272
                                      INFOG(11) (order of largest frontal matrix after factorization): 1604
                                      INFOG(12) (number of off-diagonal pivots): 0
                                      INFOG(13) (number of delayed pivots after factorization): 0
                                      INFOG(14) (number of memory compress after factorization): 0
                                      INFOG(15) (number of steps of iterative refinement after solution): 0
                                      INFOG(16) (estimated size (in MB) of all MUMPS internal data for factorization after analysis: value on the most memory consuming processor): 292
                                      INFOG(17) (estimated size of all MUMPS internal data for factorization after analysis: sum over all processors): 230028
                                      INFOG(18) (size of all MUMPS internal data allocated during factorization: value on the most memory consuming processor): 292
                                      INFOG(19) (size of all MUMPS internal data allocated during factorization: sum over all processors): 229983
                                      INFOG(20) (estimated number of entries in the factors): 53758496
                                      INFOG(21) (size in MB of memory effectively used during factorization - value on the most memory consuming processor): 286
                                      INFOG(22) (size in MB of memory effectively used during factorization - sum over all processors): 225256
                                      INFOG(23) (after analysis: value of ICNTL(6) effectively used): 0
                                      INFOG(24) (after analysis: value of ICNTL(12) effectively used): 1
                                      INFOG(25) (after factorization: number of pivots modified by static pivoting): 0
                                      INFOG(28) (after factorization: number of null pivots encountered): 0
                                      INFOG(29) (after factorization: effective number of entries in the factors (sum over all processors)): 53758496
                                      INFOG(30, 31) (after solution: size in Mbytes of memory used during solution phase): 52, 28284
                                      INFOG(32) (after analysis: type of analysis done): 1
                                      INFOG(33) (value used for ICNTL(8)): 7
                                      INFOG(34) (exponent of the determinant if determinant is requested): 0
                                      INFOG(35) (after factorization: number of entries taking into account BLR factor compression - sum over all processors): 53758496
                                      INFOG(36) (after analysis: estimated size of all MUMPS internal data for running BLR in-core - value on the most memory consuming processor): 0
                                      INFOG(37) (after analysis: estimated size of all MUMPS internal data for running BLR in-core - sum over all processors): 0
                                      INFOG(38) (after analysis: estimated size of all MUMPS internal data for running BLR out-of-core - value on the most memory consuming processor): 0
                                      INFOG(39) (after analysis: estimated size of all MUMPS internal data for running BLR out-of-core - sum over all processors): 0
                          linear system matrix, which is also used to construct the preconditioner:
                          Mat Object: 832 MPI processes
                            type: mpiaij
                            rows=230400, cols=230400
                            total: nonzeros=4592640, allocated nonzeros=4592640
                            total number of mallocs used during MatSetValues calls=0
                              using nonscalable MatPtAP() implementation
                              using I-node (on process 0) routines: found 70 nodes, limit used is 5
                      Down solver (pre-smoother) on level 1 -------------------------------
                        KSP Object: (BackwardEuler-Equation_lumped_mg_levels_1_) 832 MPI processes
                          type: chebyshev
                            Chebyshev polynomial of first kind
                            eigenvalue targets used: min 0.192085, max 2.11293
                            eigenvalues estimated via gmres: min 0.0556793, max 1.92085
                            eigenvalues estimated using gmres with transform: [0. 0.1; 0. 1.1]
                            KSP Object: (BackwardEuler-Equation_lumped_mg_levels_1_esteig_) 832 MPI processes
                              type: gmres
                                restart=30, using classical (unmodified) Gram-Schmidt orthogonalization with no iterative refinement
                                happy breakdown tolerance=1e-30
                              maximum iterations=10, initial guess is zero
                              tolerances: relative=1e-12, absolute=1e-50, divergence=10000.
                              left preconditioning
                              using PRECONDITIONED norm type for convergence test
                            estimating eigenvalues using a noisy random number generated right-hand side
                          maximum iterations=4, nonzero initial guess
                          tolerances: relative=1e-05, absolute=1e-50, divergence=10000.
                          left preconditioning
                          not checking for convergence
                        PC Object: (BackwardEuler-Equation_lumped_mg_levels_1_) 832 MPI processes
                          type: bjacobi
                            number of blocks = 832
                            Local solver information for first block is in the following KSP and PC objects on rank 0:
                            Use -BackwardEuler-Equation_lumped_mg_levels_1_ksp_view ::ascii_info_detail to display information for all blocks
                            KSP Object: (BackwardEuler-Equation_lumped_mg_levels_1_sub_) 1 MPI process
                              type: preonly
                              maximum iterations=10000, initial guess is zero
                              tolerances: relative=1e-05, absolute=1e-50, divergence=10000.
                              left preconditioning
                              not checking for convergence
                            PC Object: (BackwardEuler-Equation_lumped_mg_levels_1_sub_) 1 MPI process
                              type: ilu
                                out-of-place factorization
                                0 levels of fill
                                tolerance for zero pivot 2.22045e-14
                                matrix ordering: natural
                                factor fill ratio given 1., needed 1.
                                  Factored matrix:
                                    Mat Object: (BackwardEuler-Equation_lumped_mg_levels_1_sub_) 1 MPI process
                                      type: seqaij
                                      rows=174720, cols=174720
                                      package used to perform factorization: petsc
                                      total: nonzeros=9096448, allocated nonzeros=9096448
                                        using I-node routines: found 43680 nodes, limit used is 5
                              linear system matrix, which is also used to construct the preconditioner:
                              Mat Object: (BackwardEuler-Equation_lumped_mg_levels_1_sub_) 1 MPI process
                                type: seqaij
                                rows=174720, cols=174720
                                total: nonzeros=9096448, allocated nonzeros=9096448
                                total number of mallocs used during MatSetValues calls=0
                                  using I-node routines: found 43680 nodes, limit used is 5
                          linear system matrix, which is also used to construct the preconditioner:
                          Mat Object: (BackwardEuler-Equation_) 832 MPI processes
                            type: mpiaij
                            rows=143769600, cols=143769600
                            total: nonzeros=8024555520, allocated nonzeros=8024555520
                            total number of mallocs used during MatSetValues calls=0
                              has attached near null space
                              using I-node (on process 0) routines: found 43680 nodes, limit used is 5
                      Up solver (post-smoother) same as down solver (pre-smoother)
                      linear system matrix, which is also used to construct the preconditioner:
                      Mat Object: (BackwardEuler-Equation_) 832 MPI processes
                        type: mpiaij
                        rows=143769600, cols=143769600
                        total: nonzeros=8024555520, allocated nonzeros=8024555520
                        total number of mallocs used during MatSetValues calls=0
                          has attached near null space
                          using I-node (on process 0) routines: found 43680 nodes, limit used is 5
                    linear system matrix, which is also used to construct the preconditioner:
                    Mat Object: (BackwardEuler-Equation_) 832 MPI processes
                      type: mpiaij
                      rows=143769600, cols=143769600
                      total: nonzeros=8024555520, allocated nonzeros=8024555520
                      total number of mallocs used during MatSetValues calls=0
                        has attached near null space
                        using I-node (on process 0) routines: found 43680 nodes, limit used is 5
t = 2400.00 s | step 8/30 | wall 17.55 s | NL 1 | L 29
                  0 SNES Function norm 4.437450964402e-07
                          Linear BackwardEuler-Equation_lumped_mg_coarse_ solve converged due to CONVERGED_ITS iterations 1
                          Linear BackwardEuler-Equation_lumped_mg_coarse_ solve converged due to CONVERGED_ITS iterations 1
                          Linear BackwardEuler-Equation_lumped_mg_coarse_ solve converged due to CONVERGED_ITS iterations 1
                          Linear BackwardEuler-Equation_lumped_mg_coarse_ solve converged due to CONVERGED_ITS iterations 1
                          Linear BackwardEuler-Equation_lumped_mg_coarse_ solve converged due to CONVERGED_ITS iterations 1
                          Linear BackwardEuler-Equation_lumped_mg_coarse_ solve converged due to CONVERGED_ITS iterations 1
                          Linear BackwardEuler-Equation_lumped_mg_coarse_ solve converged due to CONVERGED_ITS iterations 1
                          Linear BackwardEuler-Equation_lumped_mg_coarse_ solve converged due to CONVERGED_ITS iterations 1
                          Linear BackwardEuler-Equation_lumped_mg_coarse_ solve converged due to CONVERGED_ITS iterations 1
                          Linear BackwardEuler-Equation_lumped_mg_coarse_ solve converged due to CONVERGED_ITS iterations 1
                          Linear BackwardEuler-Equation_lumped_mg_coarse_ solve converged due to CONVERGED_ITS iterations 1
                          Linear BackwardEuler-Equation_lumped_mg_coarse_ solve converged due to CONVERGED_ITS iterations 1
                          Linear BackwardEuler-Equation_lumped_mg_coarse_ solve converged due to CONVERGED_ITS iterations 1
                          Linear BackwardEuler-Equation_lumped_mg_coarse_ solve converged due to CONVERGED_ITS iterations 1
                          Linear BackwardEuler-Equation_lumped_mg_coarse_ solve converged due to CONVERGED_ITS iterations 1
                          Linear BackwardEuler-Equation_lumped_mg_coarse_ solve converged due to CONVERGED_ITS iterations 1
                          Linear BackwardEuler-Equation_lumped_mg_coarse_ solve converged due to CONVERGED_ITS iterations 1
                          Linear BackwardEuler-Equation_lumped_mg_coarse_ solve converged due to CONVERGED_ITS iterations 1
                          Linear BackwardEuler-Equation_lumped_mg_coarse_ solve converged due to CONVERGED_ITS iterations 1
                          Linear BackwardEuler-Equation_lumped_mg_coarse_ solve converged due to CONVERGED_ITS iterations 1
                          Linear BackwardEuler-Equation_lumped_mg_coarse_ solve converged due to CONVERGED_ITS iterations 1
                          Linear BackwardEuler-Equation_lumped_mg_coarse_ solve converged due to CONVERGED_ITS iterations 1
                          Linear BackwardEuler-Equation_lumped_mg_coarse_ solve converged due to CONVERGED_ITS iterations 1
                          Linear BackwardEuler-Equation_lumped_mg_coarse_ solve converged due to CONVERGED_ITS iterations 1
                          Linear BackwardEuler-Equation_lumped_mg_coarse_ solve converged due to CONVERGED_ITS iterations 1
                          Linear BackwardEuler-Equation_lumped_mg_coarse_ solve converged due to CONVERGED_ITS iterations 1
                          Linear BackwardEuler-Equation_lumped_mg_coarse_ solve converged due to CONVERGED_ITS iterations 1
                          Linear BackwardEuler-Equation_lumped_mg_coarse_ solve converged due to CONVERGED_ITS iterations 1
                          Linear BackwardEuler-Equation_lumped_mg_coarse_ solve converged due to CONVERGED_ITS iterations 1
                          Linear BackwardEuler-Equation_lumped_mg_coarse_ solve converged due to CONVERGED_ITS iterations 1
                    Linear BackwardEuler-Equation_ solve converged due to CONVERGED_RTOL iterations 30
                Mat Object: (BackwardEuler-Equation_) 832 MPI processes
                  type: mpiaij
                  rows=143769600, cols=143769600
                  total: nonzeros=8024555520, allocated nonzeros=8024555520
                  total number of mallocs used during MatSetValues calls=0
                    has attached near null space
                    using I-node (on process 0) routines: found 43680 nodes, limit used is 5
                  1 SNES Function norm 7.229698081475e-09
                  Nonlinear BackwardEuler-Equation_ solve converged due to CONVERGED_FNORM_ABS iterations 1
                SNES Object: (BackwardEuler-Equation_) 832 MPI processes
                  type: newtonls
                  maximum iterations=50, maximum function evaluations=10000
                  tolerances: relative=1e-08, absolute=1e-08, solution=1e-08
                  total number of linear solver iterations=30
                  total number of function evaluations=2
                  norm schedule ALWAYS
                  SNESLineSearch Object: (BackwardEuler-Equation_) 832 MPI processes
                    type: bt
                      interpolation: cubic
                      alpha=1.000000e-04
                    maxlambda=1.000000e+00, minlambda=1.000000e-12
                    tolerances: relative=1.000000e-08, absolute=1.000000e-15, lambda=1.000000e-08
                    maximum iterations=40
                  KSP Object: (BackwardEuler-Equation_) 832 MPI processes
                    type: fgmres
                      restart=30, using classical (unmodified) Gram-Schmidt orthogonalization with no iterative refinement
                      happy breakdown tolerance=1e-30
                    maximum iterations=200, initial guess is zero
                    tolerances: relative=1e-06, absolute=1e-50, divergence=10000.
                    right preconditioning
                    using UNPRECONDITIONED norm type for convergence test
                  PC Object: (BackwardEuler-Equation_) 832 MPI processes
                    type: python
                      Python: solvers.vlumping.VerticallyLumpedPC
                    Firedrake custom preconditioner VerticallyLumpedPC
                      Vertically lumped MG: collapses vertical dimension on coarse level (cf. Kramer et al. 2010)
                      PC Object: (BackwardEuler-Equation_lumped_) 832 MPI processes
                        type: mg
                          type is MULTIPLICATIVE, levels=2 cycles=v
                            Cycles per PCApply=1
                            Using Galerkin computed coarse grid matrices
                        Coarse grid solver -- level 0 -------------------------------
                          KSP Object: (BackwardEuler-Equation_lumped_mg_coarse_) 832 MPI processes
                            type: preonly
                            maximum iterations=10000, initial guess is zero
                            tolerances: relative=1e-05, absolute=1e-50, divergence=10000.
                            left preconditioning
                            not checking for convergence
                          PC Object: (BackwardEuler-Equation_lumped_mg_coarse_) 832 MPI processes
                            type: lu
                              out-of-place factorization
                              tolerance for zero pivot 2.22045e-14
                              matrix ordering: external
                              factor fill ratio given 0., needed 0.
                                Factored matrix:
                                  Mat Object: (BackwardEuler-Equation_lumped_mg_coarse_) 832 MPI processes
                                    type: mumps
                                    rows=230400, cols=230400
                                    package used to perform factorization: mumps
                                    total: nonzeros=53758496, allocated nonzeros=53758496
                                      MUMPS run parameters:
                                        Use -BackwardEuler-Equation_lumped_mg_coarse_ksp_view ::ascii_info_detail to display information for all processes
                                        RINFOG(1) (global estimated flops for the elimination after analysis): 2.22887e+10
                                        RINFOG(2) (global estimated flops for the assembly after factorization): 8.66561e+07
                                        RINFOG(3) (global estimated flops for the elimination after factorization): 2.22887e+10
                                        (RINFOG(12) RINFOG(13))*2^INFOG(34) (determinant): (0.,0.)*(2^0)
                                        INFOG(3) (estimated real workspace for factors on all processors after analysis): 132305132
                                        INFOG(4) (estimated integer workspace for factors on all processors after analysis): 3276560
                                        INFOG(5) (estimated maximum front size in the complete tree): 1604
                                        INFOG(6) (number of nodes in the complete tree): 12693
                                        INFOG(7) (ordering option effectively used after analysis): 5
                                        INFOG(8) (structural symmetry in percent of the permuted matrix after analysis): -1
                                        INFOG(9) (total real/complex workspace to store the matrix factors after factorization): 53758496
                                        INFOG(10) (total integer space store the matrix factors after factorization): 2959272
                                        INFOG(11) (order of largest frontal matrix after factorization): 1604
                                        INFOG(12) (number of off-diagonal pivots): 0
                                        INFOG(13) (number of delayed pivots after factorization): 0
                                        INFOG(14) (number of memory compress after factorization): 0
                                        INFOG(15) (number of steps of iterative refinement after solution): 0
                                        INFOG(16) (estimated size (in MB) of all MUMPS internal data for factorization after analysis: value on the most memory consuming processor): 292
                                        INFOG(17) (estimated size of all MUMPS internal data for factorization after analysis: sum over all processors): 230028
                                        INFOG(18) (size of all MUMPS internal data allocated during factorization: value on the most memory consuming processor): 292
                                        INFOG(19) (size of all MUMPS internal data allocated during factorization: sum over all processors): 229983
                                        INFOG(20) (estimated number of entries in the factors): 53758496
                                        INFOG(21) (size in MB of memory effectively used during factorization - value on the most memory consuming processor): 286
                                        INFOG(22) (size in MB of memory effectively used during factorization - sum over all processors): 225249
                                        INFOG(23) (after analysis: value of ICNTL(6) effectively used): 0
                                        INFOG(24) (after analysis: value of ICNTL(12) effectively used): 1
                                        INFOG(25) (after factorization: number of pivots modified by static pivoting): 0
                                        INFOG(28) (after factorization: number of null pivots encountered): 0
                                        INFOG(29) (after factorization: effective number of entries in the factors (sum over all processors)): 53758496
                                        INFOG(30, 31) (after solution: size in Mbytes of memory used during solution phase): 52, 28284
                                        INFOG(32) (after analysis: type of analysis done): 1
                                        INFOG(33) (value used for ICNTL(8)): 7
                                        INFOG(34) (exponent of the determinant if determinant is requested): 0
                                        INFOG(35) (after factorization: number of entries taking into account BLR factor compression - sum over all processors): 53758496
                                        INFOG(36) (after analysis: estimated size of all MUMPS internal data for running BLR in-core - value on the most memory consuming processor): 0
                                        INFOG(37) (after analysis: estimated size of all MUMPS internal data for running BLR in-core - sum over all processors): 0
                                        INFOG(38) (after analysis: estimated size of all MUMPS internal data for running BLR out-of-core - value on the most memory consuming processor): 0
                                        INFOG(39) (after analysis: estimated size of all MUMPS internal data for running BLR out-of-core - sum over all processors): 0
                            linear system matrix, which is also used to construct the preconditioner:
                            Mat Object: 832 MPI processes
                              type: mpiaij
                              rows=230400, cols=230400
                              total: nonzeros=4592640, allocated nonzeros=4592640
                              total number of mallocs used during MatSetValues calls=0
                                using nonscalable MatPtAP() implementation
                                using I-node (on process 0) routines: found 70 nodes, limit used is 5
                        Down solver (pre-smoother) on level 1 -------------------------------
                          KSP Object: (BackwardEuler-Equation_lumped_mg_levels_1_) 832 MPI processes
                            type: chebyshev
                              Chebyshev polynomial of first kind
                              eigenvalue targets used: min 0.192085, max 2.11293
                              eigenvalues estimated via gmres: min 0.0556823, max 1.92085
                              eigenvalues estimated using gmres with transform: [0. 0.1; 0. 1.1]
                              KSP Object: (BackwardEuler-Equation_lumped_mg_levels_1_esteig_) 832 MPI processes
                                type: gmres
                                  restart=30, using classical (unmodified) Gram-Schmidt orthogonalization with no iterative refinement
                                  happy breakdown tolerance=1e-30
                                maximum iterations=10, initial guess is zero
                                tolerances: relative=1e-12, absolute=1e-50, divergence=10000.
                                left preconditioning
                                using PRECONDITIONED norm type for convergence test
                              estimating eigenvalues using a noisy random number generated right-hand side
                            maximum iterations=4, nonzero initial guess
                            tolerances: relative=1e-05, absolute=1e-50, divergence=10000.
                            left preconditioning
                            not checking for convergence
                          PC Object: (BackwardEuler-Equation_lumped_mg_levels_1_) 832 MPI processes
                            type: bjacobi
                              number of blocks = 832
                              Local solver information for first block is in the following KSP and PC objects on rank 0:
                              Use -BackwardEuler-Equation_lumped_mg_levels_1_ksp_view ::ascii_info_detail to display information for all blocks
                              KSP Object: (BackwardEuler-Equation_lumped_mg_levels_1_sub_) 1 MPI process
                                type: preonly
                                maximum iterations=10000, initial guess is zero
                                tolerances: relative=1e-05, absolute=1e-50, divergence=10000.
                                left preconditioning
                                not checking for convergence
                              PC Object: (BackwardEuler-Equation_lumped_mg_levels_1_sub_) 1 MPI process
                                type: ilu
                                  out-of-place factorization
                                  0 levels of fill
                                  tolerance for zero pivot 2.22045e-14
                                  matrix ordering: natural
                                  factor fill ratio given 1., needed 1.
                                    Factored matrix:
                                      Mat Object: (BackwardEuler-Equation_lumped_mg_levels_1_sub_) 1 MPI process
                                        type: seqaij
                                        rows=174720, cols=174720
                                        package used to perform factorization: petsc
                                        total: nonzeros=9096448, allocated nonzeros=9096448
                                          using I-node routines: found 43680 nodes, limit used is 5
                                linear system matrix, which is also used to construct the preconditioner:
                                Mat Object: (BackwardEuler-Equation_lumped_mg_levels_1_sub_) 1 MPI process
                                  type: seqaij
                                  rows=174720, cols=174720
                                  total: nonzeros=9096448, allocated nonzeros=9096448
                                  total number of mallocs used during MatSetValues calls=0
                                    using I-node routines: found 43680 nodes, limit used is 5
                            linear system matrix, which is also used to construct the preconditioner:
                            Mat Object: (BackwardEuler-Equation_) 832 MPI processes
                              type: mpiaij
                              rows=143769600, cols=143769600
                              total: nonzeros=8024555520, allocated nonzeros=8024555520
                              total number of mallocs used during MatSetValues calls=0
                                has attached near null space
                                using I-node (on process 0) routines: found 43680 nodes, limit used is 5
                        Up solver (post-smoother) same as down solver (pre-smoother)
                        linear system matrix, which is also used to construct the preconditioner:
                        Mat Object: (BackwardEuler-Equation_) 832 MPI processes
                          type: mpiaij
                          rows=143769600, cols=143769600
                          total: nonzeros=8024555520, allocated nonzeros=8024555520
                          total number of mallocs used during MatSetValues calls=0
                            has attached near null space
                            using I-node (on process 0) routines: found 43680 nodes, limit used is 5
                      linear system matrix, which is also used to construct the preconditioner:
                      Mat Object: (BackwardEuler-Equation_) 832 MPI processes
                        type: mpiaij
                        rows=143769600, cols=143769600
                        total: nonzeros=8024555520, allocated nonzeros=8024555520
                        total number of mallocs used during MatSetValues calls=0
                          has attached near null space
                          using I-node (on process 0) routines: found 43680 nodes, limit used is 5
t = 2700.00 s | step 9/30 | wall 17.99 s | NL 1 | L 30
                    0 SNES Function norm 4.334364849673e-07
                            Linear BackwardEuler-Equation_lumped_mg_coarse_ solve converged due to CONVERGED_ITS iterations 1
                            Linear BackwardEuler-Equation_lumped_mg_coarse_ solve converged due to CONVERGED_ITS iterations 1
                            Linear BackwardEuler-Equation_lumped_mg_coarse_ solve converged due to CONVERGED_ITS iterations 1
                            Linear BackwardEuler-Equation_lumped_mg_coarse_ solve converged due to CONVERGED_ITS iterations 1
                            Linear BackwardEuler-Equation_lumped_mg_coarse_ solve converged due to CONVERGED_ITS iterations 1
                            Linear BackwardEuler-Equation_lumped_mg_coarse_ solve converged due to CONVERGED_ITS iterations 1
                            Linear BackwardEuler-Equation_lumped_mg_coarse_ solve converged due to CONVERGED_ITS iterations 1
                            Linear BackwardEuler-Equation_lumped_mg_coarse_ solve converged due to CONVERGED_ITS iterations 1
                            Linear BackwardEuler-Equation_lumped_mg_coarse_ solve converged due to CONVERGED_ITS iterations 1
                            Linear BackwardEuler-Equation_lumped_mg_coarse_ solve converged due to CONVERGED_ITS iterations 1
                            Linear BackwardEuler-Equation_lumped_mg_coarse_ solve converged due to CONVERGED_ITS iterations 1
                            Linear BackwardEuler-Equation_lumped_mg_coarse_ solve converged due to CONVERGED_ITS iterations 1
                            Linear BackwardEuler-Equation_lumped_mg_coarse_ solve converged due to CONVERGED_ITS iterations 1
                            Linear BackwardEuler-Equation_lumped_mg_coarse_ solve converged due to CONVERGED_ITS iterations 1
                            Linear BackwardEuler-Equation_lumped_mg_coarse_ solve converged due to CONVERGED_ITS iterations 1
                            Linear BackwardEuler-Equation_lumped_mg_coarse_ solve converged due to CONVERGED_ITS iterations 1
                            Linear BackwardEuler-Equation_lumped_mg_coarse_ solve converged due to CONVERGED_ITS iterations 1
                            Linear BackwardEuler-Equation_lumped_mg_coarse_ solve converged due to CONVERGED_ITS iterations 1
                            Linear BackwardEuler-Equation_lumped_mg_coarse_ solve converged due to CONVERGED_ITS iterations 1
                            Linear BackwardEuler-Equation_lumped_mg_coarse_ solve converged due to CONVERGED_ITS iterations 1
                            Linear BackwardEuler-Equation_lumped_mg_coarse_ solve converged due to CONVERGED_ITS iterations 1
                            Linear BackwardEuler-Equation_lumped_mg_coarse_ solve converged due to CONVERGED_ITS iterations 1
                            Linear BackwardEuler-Equation_lumped_mg_coarse_ solve converged due to CONVERGED_ITS iterations 1
                            Linear BackwardEuler-Equation_lumped_mg_coarse_ solve converged due to CONVERGED_ITS iterations 1
                            Linear BackwardEuler-Equation_lumped_mg_coarse_ solve converged due to CONVERGED_ITS iterations 1
                            Linear BackwardEuler-Equation_lumped_mg_coarse_ solve converged due to CONVERGED_ITS iterations 1
                            Linear BackwardEuler-Equation_lumped_mg_coarse_ solve converged due to CONVERGED_ITS iterations 1
                            Linear BackwardEuler-Equation_lumped_mg_coarse_ solve converged due to CONVERGED_ITS iterations 1
                            Linear BackwardEuler-Equation_lumped_mg_coarse_ solve converged due to CONVERGED_ITS iterations 1
                            Linear BackwardEuler-Equation_lumped_mg_coarse_ solve converged due to CONVERGED_ITS iterations 1
                      Linear BackwardEuler-Equation_ solve converged due to CONVERGED_RTOL iterations 30
                  Mat Object: (BackwardEuler-Equation_) 832 MPI processes
                    type: mpiaij
                    rows=143769600, cols=143769600
                    total: nonzeros=8024555520, allocated nonzeros=8024555520
                    total number of mallocs used during MatSetValues calls=0
                      has attached near null space
                      using I-node (on process 0) routines: found 43680 nodes, limit used is 5
                    1 SNES Function norm 6.787269563848e-09
                    Nonlinear BackwardEuler-Equation_ solve converged due to CONVERGED_FNORM_ABS iterations 1
                  SNES Object: (BackwardEuler-Equation_) 832 MPI processes
                    type: newtonls
                    maximum iterations=50, maximum function evaluations=10000
                    tolerances: relative=1e-08, absolute=1e-08, solution=1e-08
                    total number of linear solver iterations=30
                    total number of function evaluations=2
                    norm schedule ALWAYS
                    SNESLineSearch Object: (BackwardEuler-Equation_) 832 MPI processes
                      type: bt
                        interpolation: cubic
                        alpha=1.000000e-04
                      maxlambda=1.000000e+00, minlambda=1.000000e-12
                      tolerances: relative=1.000000e-08, absolute=1.000000e-15, lambda=1.000000e-08
                      maximum iterations=40
                    KSP Object: (BackwardEuler-Equation_) 832 MPI processes
                      type: fgmres
                        restart=30, using classical (unmodified) Gram-Schmidt orthogonalization with no iterative refinement
                        happy breakdown tolerance=1e-30
                      maximum iterations=200, initial guess is zero
                      tolerances: relative=1e-06, absolute=1e-50, divergence=10000.
                      right preconditioning
                      using UNPRECONDITIONED norm type for convergence test
                    PC Object: (BackwardEuler-Equation_) 832 MPI processes
                      type: python
                        Python: solvers.vlumping.VerticallyLumpedPC
                      Firedrake custom preconditioner VerticallyLumpedPC
                        Vertically lumped MG: collapses vertical dimension on coarse level (cf. Kramer et al. 2010)
                        PC Object: (BackwardEuler-Equation_lumped_) 832 MPI processes
                          type: mg
                            type is MULTIPLICATIVE, levels=2 cycles=v
                              Cycles per PCApply=1
                              Using Galerkin computed coarse grid matrices
                          Coarse grid solver -- level 0 -------------------------------
                            KSP Object: (BackwardEuler-Equation_lumped_mg_coarse_) 832 MPI processes
                              type: preonly
                              maximum iterations=10000, initial guess is zero
                              tolerances: relative=1e-05, absolute=1e-50, divergence=10000.
                              left preconditioning
                              not checking for convergence
                            PC Object: (BackwardEuler-Equation_lumped_mg_coarse_) 832 MPI processes
                              type: lu
                                out-of-place factorization
                                tolerance for zero pivot 2.22045e-14
                                matrix ordering: external
                                factor fill ratio given 0., needed 0.
                                  Factored matrix:
                                    Mat Object: (BackwardEuler-Equation_lumped_mg_coarse_) 832 MPI processes
                                      type: mumps
                                      rows=230400, cols=230400
                                      package used to perform factorization: mumps
                                      total: nonzeros=53758496, allocated nonzeros=53758496
                                        MUMPS run parameters:
                                          Use -BackwardEuler-Equation_lumped_mg_coarse_ksp_view ::ascii_info_detail to display information for all processes
                                          RINFOG(1) (global estimated flops for the elimination after analysis): 2.22887e+10
                                          RINFOG(2) (global estimated flops for the assembly after factorization): 8.66561e+07
                                          RINFOG(3) (global estimated flops for the elimination after factorization): 2.22887e+10
                                          (RINFOG(12) RINFOG(13))*2^INFOG(34) (determinant): (0.,0.)*(2^0)
                                          INFOG(3) (estimated real workspace for factors on all processors after analysis): 132305132
                                          INFOG(4) (estimated integer workspace for factors on all processors after analysis): 3276560
                                          INFOG(5) (estimated maximum front size in the complete tree): 1604
                                          INFOG(6) (number of nodes in the complete tree): 12693
                                          INFOG(7) (ordering option effectively used after analysis): 5
                                          INFOG(8) (structural symmetry in percent of the permuted matrix after analysis): -1
                                          INFOG(9) (total real/complex workspace to store the matrix factors after factorization): 53758496
                                          INFOG(10) (total integer space store the matrix factors after factorization): 2959272
                                          INFOG(11) (order of largest frontal matrix after factorization): 1604
                                          INFOG(12) (number of off-diagonal pivots): 0
                                          INFOG(13) (number of delayed pivots after factorization): 0
                                          INFOG(14) (number of memory compress after factorization): 0
                                          INFOG(15) (number of steps of iterative refinement after solution): 0
                                          INFOG(16) (estimated size (in MB) of all MUMPS internal data for factorization after analysis: value on the most memory consuming processor): 292
                                          INFOG(17) (estimated size of all MUMPS internal data for factorization after analysis: sum over all processors): 230028
                                          INFOG(18) (size of all MUMPS internal data allocated during factorization: value on the most memory consuming processor): 292
                                          INFOG(19) (size of all MUMPS internal data allocated during factorization: sum over all processors): 229983
                                          INFOG(20) (estimated number of entries in the factors): 53758496
                                          INFOG(21) (size in MB of memory effectively used during factorization - value on the most memory consuming processor): 286
                                          INFOG(22) (size in MB of memory effectively used during factorization - sum over all processors): 225254
                                          INFOG(23) (after analysis: value of ICNTL(6) effectively used): 0
                                          INFOG(24) (after analysis: value of ICNTL(12) effectively used): 1
                                          INFOG(25) (after factorization: number of pivots modified by static pivoting): 0
                                          INFOG(28) (after factorization: number of null pivots encountered): 0
                                          INFOG(29) (after factorization: effective number of entries in the factors (sum over all processors)): 53758496
                                          INFOG(30, 31) (after solution: size in Mbytes of memory used during solution phase): 52, 28284
                                          INFOG(32) (after analysis: type of analysis done): 1
                                          INFOG(33) (value used for ICNTL(8)): 7
                                          INFOG(34) (exponent of the determinant if determinant is requested): 0
                                          INFOG(35) (after factorization: number of entries taking into account BLR factor compression - sum over all processors): 53758496
                                          INFOG(36) (after analysis: estimated size of all MUMPS internal data for running BLR in-core - value on the most memory consuming processor): 0
                                          INFOG(37) (after analysis: estimated size of all MUMPS internal data for running BLR in-core - sum over all processors): 0
                                          INFOG(38) (after analysis: estimated size of all MUMPS internal data for running BLR out-of-core - value on the most memory consuming processor): 0
                                          INFOG(39) (after analysis: estimated size of all MUMPS internal data for running BLR out-of-core - sum over all processors): 0
                              linear system matrix, which is also used to construct the preconditioner:
                              Mat Object: 832 MPI processes
                                type: mpiaij
                                rows=230400, cols=230400
                                total: nonzeros=4592640, allocated nonzeros=4592640
                                total number of mallocs used during MatSetValues calls=0
                                  using nonscalable MatPtAP() implementation
                                  using I-node (on process 0) routines: found 70 nodes, limit used is 5
                          Down solver (pre-smoother) on level 1 -------------------------------
                            KSP Object: (BackwardEuler-Equation_lumped_mg_levels_1_) 832 MPI processes
                              type: chebyshev
                                Chebyshev polynomial of first kind
                                eigenvalue targets used: min 0.192085, max 2.11293
                                eigenvalues estimated via gmres: min 0.0556852, max 1.92085
                                eigenvalues estimated using gmres with transform: [0. 0.1; 0. 1.1]
                                KSP Object: (BackwardEuler-Equation_lumped_mg_levels_1_esteig_) 832 MPI processes
                                  type: gmres
                                    restart=30, using classical (unmodified) Gram-Schmidt orthogonalization with no iterative refinement
                                    happy breakdown tolerance=1e-30
                                  maximum iterations=10, initial guess is zero
                                  tolerances: relative=1e-12, absolute=1e-50, divergence=10000.
                                  left preconditioning
                                  using PRECONDITIONED norm type for convergence test
                                estimating eigenvalues using a noisy random number generated right-hand side
                              maximum iterations=4, nonzero initial guess
                              tolerances: relative=1e-05, absolute=1e-50, divergence=10000.
                              left preconditioning
                              not checking for convergence
                            PC Object: (BackwardEuler-Equation_lumped_mg_levels_1_) 832 MPI processes
                              type: bjacobi
                                number of blocks = 832
                                Local solver information for first block is in the following KSP and PC objects on rank 0:
                                Use -BackwardEuler-Equation_lumped_mg_levels_1_ksp_view ::ascii_info_detail to display information for all blocks
                                KSP Object: (BackwardEuler-Equation_lumped_mg_levels_1_sub_) 1 MPI process
                                  type: preonly
                                  maximum iterations=10000, initial guess is zero
                                  tolerances: relative=1e-05, absolute=1e-50, divergence=10000.
                                  left preconditioning
                                  not checking for convergence
                                PC Object: (BackwardEuler-Equation_lumped_mg_levels_1_sub_) 1 MPI process
                                  type: ilu
                                    out-of-place factorization
                                    0 levels of fill
                                    tolerance for zero pivot 2.22045e-14
                                    matrix ordering: natural
                                    factor fill ratio given 1., needed 1.
                                      Factored matrix:
                                        Mat Object: (BackwardEuler-Equation_lumped_mg_levels_1_sub_) 1 MPI process
                                          type: seqaij
                                          rows=174720, cols=174720
                                          package used to perform factorization: petsc
                                          total: nonzeros=9096448, allocated nonzeros=9096448
                                            using I-node routines: found 43680 nodes, limit used is 5
                                  linear system matrix, which is also used to construct the preconditioner:
                                  Mat Object: (BackwardEuler-Equation_lumped_mg_levels_1_sub_) 1 MPI process
                                    type: seqaij
                                    rows=174720, cols=174720
                                    total: nonzeros=9096448, allocated nonzeros=9096448
                                    total number of mallocs used during MatSetValues calls=0
                                      using I-node routines: found 43680 nodes, limit used is 5
                              linear system matrix, which is also used to construct the preconditioner:
                              Mat Object: (BackwardEuler-Equation_) 832 MPI processes
                                type: mpiaij
                                rows=143769600, cols=143769600
                                total: nonzeros=8024555520, allocated nonzeros=8024555520
                                total number of mallocs used during MatSetValues calls=0
                                  has attached near null space
                                  using I-node (on process 0) routines: found 43680 nodes, limit used is 5
                          Up solver (post-smoother) same as down solver (pre-smoother)
                          linear system matrix, which is also used to construct the preconditioner:
                          Mat Object: (BackwardEuler-Equation_) 832 MPI processes
                            type: mpiaij
                            rows=143769600, cols=143769600
                            total: nonzeros=8024555520, allocated nonzeros=8024555520
                            total number of mallocs used during MatSetValues calls=0
                              has attached near null space
                              using I-node (on process 0) routines: found 43680 nodes, limit used is 5
                        linear system matrix, which is also used to construct the preconditioner:
                        Mat Object: (BackwardEuler-Equation_) 832 MPI processes
                          type: mpiaij
                          rows=143769600, cols=143769600
                          total: nonzeros=8024555520, allocated nonzeros=8024555520
                          total number of mallocs used during MatSetValues calls=0
                            has attached near null space
                            using I-node (on process 0) routines: found 43680 nodes, limit used is 5
t = 3000.00 s | step 10/30 | wall 17.99 s | NL 1 | L 30
                      0 SNES Function norm 4.246437176687e-07
                              Linear BackwardEuler-Equation_lumped_mg_coarse_ solve converged due to CONVERGED_ITS iterations 1
                              Linear BackwardEuler-Equation_lumped_mg_coarse_ solve converged due to CONVERGED_ITS iterations 1
                              Linear BackwardEuler-Equation_lumped_mg_coarse_ solve converged due to CONVERGED_ITS iterations 1
                              Linear BackwardEuler-Equation_lumped_mg_coarse_ solve converged due to CONVERGED_ITS iterations 1
                              Linear BackwardEuler-Equation_lumped_mg_coarse_ solve converged due to CONVERGED_ITS iterations 1
                              Linear BackwardEuler-Equation_lumped_mg_coarse_ solve converged due to CONVERGED_ITS iterations 1
                              Linear BackwardEuler-Equation_lumped_mg_coarse_ solve converged due to CONVERGED_ITS iterations 1
                              Linear BackwardEuler-Equation_lumped_mg_coarse_ solve converged due to CONVERGED_ITS iterations 1
                              Linear BackwardEuler-Equation_lumped_mg_coarse_ solve converged due to CONVERGED_ITS iterations 1
                              Linear BackwardEuler-Equation_lumped_mg_coarse_ solve converged due to CONVERGED_ITS iterations 1
                              Linear BackwardEuler-Equation_lumped_mg_coarse_ solve converged due to CONVERGED_ITS iterations 1
                              Linear BackwardEuler-Equation_lumped_mg_coarse_ solve converged due to CONVERGED_ITS iterations 1
                              Linear BackwardEuler-Equation_lumped_mg_coarse_ solve converged due to CONVERGED_ITS iterations 1
                              Linear BackwardEuler-Equation_lumped_mg_coarse_ solve converged due to CONVERGED_ITS iterations 1
                              Linear BackwardEuler-Equation_lumped_mg_coarse_ solve converged due to CONVERGED_ITS iterations 1
                              Linear BackwardEuler-Equation_lumped_mg_coarse_ solve converged due to CONVERGED_ITS iterations 1
                              Linear BackwardEuler-Equation_lumped_mg_coarse_ solve converged due to CONVERGED_ITS iterations 1
                              Linear BackwardEuler-Equation_lumped_mg_coarse_ solve converged due to CONVERGED_ITS iterations 1
                              Linear BackwardEuler-Equation_lumped_mg_coarse_ solve converged due to CONVERGED_ITS iterations 1
                              Linear BackwardEuler-Equation_lumped_mg_coarse_ solve converged due to CONVERGED_ITS iterations 1
                              Linear BackwardEuler-Equation_lumped_mg_coarse_ solve converged due to CONVERGED_ITS iterations 1
                              Linear BackwardEuler-Equation_lumped_mg_coarse_ solve converged due to CONVERGED_ITS iterations 1
                              Linear BackwardEuler-Equation_lumped_mg_coarse_ solve converged due to CONVERGED_ITS iterations 1
                              Linear BackwardEuler-Equation_lumped_mg_coarse_ solve converged due to CONVERGED_ITS iterations 1
                              Linear BackwardEuler-Equation_lumped_mg_coarse_ solve converged due to CONVERGED_ITS iterations 1
                              Linear BackwardEuler-Equation_lumped_mg_coarse_ solve converged due to CONVERGED_ITS iterations 1
                              Linear BackwardEuler-Equation_lumped_mg_coarse_ solve converged due to CONVERGED_ITS iterations 1
                              Linear BackwardEuler-Equation_lumped_mg_coarse_ solve converged due to CONVERGED_ITS iterations 1
                              Linear BackwardEuler-Equation_lumped_mg_coarse_ solve converged due to CONVERGED_ITS iterations 1
                              Linear BackwardEuler-Equation_lumped_mg_coarse_ solve converged due to CONVERGED_ITS iterations 1
                        Linear BackwardEuler-Equation_ solve converged due to CONVERGED_RTOL iterations 30
                    Mat Object: (BackwardEuler-Equation_) 832 MPI processes
                      type: mpiaij
                      rows=143769600, cols=143769600
                      total: nonzeros=8024555520, allocated nonzeros=8024555520
                      total number of mallocs used during MatSetValues calls=0
                        has attached near null space
                        using I-node (on process 0) routines: found 43680 nodes, limit used is 5
                      1 SNES Function norm 6.427133239137e-09
                      Nonlinear BackwardEuler-Equation_ solve converged due to CONVERGED_FNORM_ABS iterations 1
                    SNES Object: (BackwardEuler-Equation_) 832 MPI processes
                      type: newtonls
                      maximum iterations=50, maximum function evaluations=10000
                      tolerances: relative=1e-08, absolute=1e-08, solution=1e-08
                      total number of linear solver iterations=30
                      total number of function evaluations=2
                      norm schedule ALWAYS
                      SNESLineSearch Object: (BackwardEuler-Equation_) 832 MPI processes
                        type: bt
                          interpolation: cubic
                          alpha=1.000000e-04
                        maxlambda=1.000000e+00, minlambda=1.000000e-12
                        tolerances: relative=1.000000e-08, absolute=1.000000e-15, lambda=1.000000e-08
                        maximum iterations=40
                      KSP Object: (BackwardEuler-Equation_) 832 MPI processes
                        type: fgmres
                          restart=30, using classical (unmodified) Gram-Schmidt orthogonalization with no iterative refinement
                          happy breakdown tolerance=1e-30
                        maximum iterations=200, initial guess is zero
                        tolerances: relative=1e-06, absolute=1e-50, divergence=10000.
                        right preconditioning
                        using UNPRECONDITIONED norm type for convergence test
                      PC Object: (BackwardEuler-Equation_) 832 MPI processes
                        type: python
                          Python: solvers.vlumping.VerticallyLumpedPC
                        Firedrake custom preconditioner VerticallyLumpedPC
                          Vertically lumped MG: collapses vertical dimension on coarse level (cf. Kramer et al. 2010)
                          PC Object: (BackwardEuler-Equation_lumped_) 832 MPI processes
                            type: mg
                              type is MULTIPLICATIVE, levels=2 cycles=v
                                Cycles per PCApply=1
                                Using Galerkin computed coarse grid matrices
                            Coarse grid solver -- level 0 -------------------------------
                              KSP Object: (BackwardEuler-Equation_lumped_mg_coarse_) 832 MPI processes
                                type: preonly
                                maximum iterations=10000, initial guess is zero
                                tolerances: relative=1e-05, absolute=1e-50, divergence=10000.
                                left preconditioning
                                not checking for convergence
                              PC Object: (BackwardEuler-Equation_lumped_mg_coarse_) 832 MPI processes
                                type: lu
                                  out-of-place factorization
                                  tolerance for zero pivot 2.22045e-14
                                  matrix ordering: external
                                  factor fill ratio given 0., needed 0.
                                    Factored matrix:
                                      Mat Object: (BackwardEuler-Equation_lumped_mg_coarse_) 832 MPI processes
                                        type: mumps
                                        rows=230400, cols=230400
                                        package used to perform factorization: mumps
                                        total: nonzeros=53758496, allocated nonzeros=53758496
                                          MUMPS run parameters:
                                            Use -BackwardEuler-Equation_lumped_mg_coarse_ksp_view ::ascii_info_detail to display information for all processes
                                            RINFOG(1) (global estimated flops for the elimination after analysis): 2.22887e+10
                                            RINFOG(2) (global estimated flops for the assembly after factorization): 8.66561e+07
                                            RINFOG(3) (global estimated flops for the elimination after factorization): 2.22887e+10
                                            (RINFOG(12) RINFOG(13))*2^INFOG(34) (determinant): (0.,0.)*(2^0)
                                            INFOG(3) (estimated real workspace for factors on all processors after analysis): 132305132
                                            INFOG(4) (estimated integer workspace for factors on all processors after analysis): 3276560
                                            INFOG(5) (estimated maximum front size in the complete tree): 1604
                                            INFOG(6) (number of nodes in the complete tree): 12693
                                            INFOG(7) (ordering option effectively used after analysis): 5
                                            INFOG(8) (structural symmetry in percent of the permuted matrix after analysis): -1
                                            INFOG(9) (total real/complex workspace to store the matrix factors after factorization): 53758496
                                            INFOG(10) (total integer space store the matrix factors after factorization): 2959272
                                            INFOG(11) (order of largest frontal matrix after factorization): 1604
                                            INFOG(12) (number of off-diagonal pivots): 0
                                            INFOG(13) (number of delayed pivots after factorization): 0
                                            INFOG(14) (number of memory compress after factorization): 0
                                            INFOG(15) (number of steps of iterative refinement after solution): 0
                                            INFOG(16) (estimated size (in MB) of all MUMPS internal data for factorization after analysis: value on the most memory consuming processor): 292
                                            INFOG(17) (estimated size of all MUMPS internal data for factorization after analysis: sum over all processors): 230028
                                            INFOG(18) (size of all MUMPS internal data allocated during factorization: value on the most memory consuming processor): 292
                                            INFOG(19) (size of all MUMPS internal data allocated during factorization: sum over all processors): 229983
                                            INFOG(20) (estimated number of entries in the factors): 53758496
                                            INFOG(21) (size in MB of memory effectively used during factorization - value on the most memory consuming processor): 286
                                            INFOG(22) (size in MB of memory effectively used during factorization - sum over all processors): 225247
                                            INFOG(23) (after analysis: value of ICNTL(6) effectively used): 0
                                            INFOG(24) (after analysis: value of ICNTL(12) effectively used): 1
                                            INFOG(25) (after factorization: number of pivots modified by static pivoting): 0
                                            INFOG(28) (after factorization: number of null pivots encountered): 0
                                            INFOG(29) (after factorization: effective number of entries in the factors (sum over all processors)): 53758496
                                            INFOG(30, 31) (after solution: size in Mbytes of memory used during solution phase): 52, 28284
                                            INFOG(32) (after analysis: type of analysis done): 1
                                            INFOG(33) (value used for ICNTL(8)): 7
                                            INFOG(34) (exponent of the determinant if determinant is requested): 0
                                            INFOG(35) (after factorization: number of entries taking into account BLR factor compression - sum over all processors): 53758496
                                            INFOG(36) (after analysis: estimated size of all MUMPS internal data for running BLR in-core - value on the most memory consuming processor): 0
                                            INFOG(37) (after analysis: estimated size of all MUMPS internal data for running BLR in-core - sum over all processors): 0
                                            INFOG(38) (after analysis: estimated size of all MUMPS internal data for running BLR out-of-core - value on the most memory consuming processor): 0
                                            INFOG(39) (after analysis: estimated size of all MUMPS internal data for running BLR out-of-core - sum over all processors): 0
                                linear system matrix, which is also used to construct the preconditioner:
                                Mat Object: 832 MPI processes
                                  type: mpiaij
                                  rows=230400, cols=230400
                                  total: nonzeros=4592640, allocated nonzeros=4592640
                                  total number of mallocs used during MatSetValues calls=0
                                    using nonscalable MatPtAP() implementation
                                    using I-node (on process 0) routines: found 70 nodes, limit used is 5
                            Down solver (pre-smoother) on level 1 -------------------------------
                              KSP Object: (BackwardEuler-Equation_lumped_mg_levels_1_) 832 MPI processes
                                type: chebyshev
                                  Chebyshev polynomial of first kind
                                  eigenvalue targets used: min 0.192085, max 2.11293
                                  eigenvalues estimated via gmres: min 0.0556881, max 1.92085
                                  eigenvalues estimated using gmres with transform: [0. 0.1; 0. 1.1]
                                  KSP Object: (BackwardEuler-Equation_lumped_mg_levels_1_esteig_) 832 MPI processes
                                    type: gmres
                                      restart=30, using classical (unmodified) Gram-Schmidt orthogonalization with no iterative refinement
                                      happy breakdown tolerance=1e-30
                                    maximum iterations=10, initial guess is zero
                                    tolerances: relative=1e-12, absolute=1e-50, divergence=10000.
                                    left preconditioning
                                    using PRECONDITIONED norm type for convergence test
                                  estimating eigenvalues using a noisy random number generated right-hand side
                                maximum iterations=4, nonzero initial guess
                                tolerances: relative=1e-05, absolute=1e-50, divergence=10000.
                                left preconditioning
                                not checking for convergence
                              PC Object: (BackwardEuler-Equation_lumped_mg_levels_1_) 832 MPI processes
                                type: bjacobi
                                  number of blocks = 832
                                  Local solver information for first block is in the following KSP and PC objects on rank 0:
                                  Use -BackwardEuler-Equation_lumped_mg_levels_1_ksp_view ::ascii_info_detail to display information for all blocks
                                  KSP Object: (BackwardEuler-Equation_lumped_mg_levels_1_sub_) 1 MPI process
                                    type: preonly
                                    maximum iterations=10000, initial guess is zero
                                    tolerances: relative=1e-05, absolute=1e-50, divergence=10000.
                                    left preconditioning
                                    not checking for convergence
                                  PC Object: (BackwardEuler-Equation_lumped_mg_levels_1_sub_) 1 MPI process
                                    type: ilu
                                      out-of-place factorization
                                      0 levels of fill
                                      tolerance for zero pivot 2.22045e-14
                                      matrix ordering: natural
                                      factor fill ratio given 1., needed 1.
                                        Factored matrix:
                                          Mat Object: (BackwardEuler-Equation_lumped_mg_levels_1_sub_) 1 MPI process
                                            type: seqaij
                                            rows=174720, cols=174720
                                            package used to perform factorization: petsc
                                            total: nonzeros=9096448, allocated nonzeros=9096448
                                              using I-node routines: found 43680 nodes, limit used is 5
                                    linear system matrix, which is also used to construct the preconditioner:
                                    Mat Object: (BackwardEuler-Equation_lumped_mg_levels_1_sub_) 1 MPI process
                                      type: seqaij
                                      rows=174720, cols=174720
                                      total: nonzeros=9096448, allocated nonzeros=9096448
                                      total number of mallocs used during MatSetValues calls=0
                                        using I-node routines: found 43680 nodes, limit used is 5
                                linear system matrix, which is also used to construct the preconditioner:
                                Mat Object: (BackwardEuler-Equation_) 832 MPI processes
                                  type: mpiaij
                                  rows=143769600, cols=143769600
                                  total: nonzeros=8024555520, allocated nonzeros=8024555520
                                  total number of mallocs used during MatSetValues calls=0
                                    has attached near null space
                                    using I-node (on process 0) routines: found 43680 nodes, limit used is 5
                            Up solver (post-smoother) same as down solver (pre-smoother)
                            linear system matrix, which is also used to construct the preconditioner:
                            Mat Object: (BackwardEuler-Equation_) 832 MPI processes
                              type: mpiaij
                              rows=143769600, cols=143769600
                              total: nonzeros=8024555520, allocated nonzeros=8024555520
                              total number of mallocs used during MatSetValues calls=0
                                has attached near null space
                                using I-node (on process 0) routines: found 43680 nodes, limit used is 5
                          linear system matrix, which is also used to construct the preconditioner:
                          Mat Object: (BackwardEuler-Equation_) 832 MPI processes
                            type: mpiaij
                            rows=143769600, cols=143769600
                            total: nonzeros=8024555520, allocated nonzeros=8024555520
                            total number of mallocs used during MatSetValues calls=0
                              has attached near null space
                              using I-node (on process 0) routines: found 43680 nodes, limit used is 5
t = 3300.00 s | step 11/30 | wall 18.02 s | NL 1 | L 30
                        0 SNES Function norm 4.170406354884e-07
                                Linear BackwardEuler-Equation_lumped_mg_coarse_ solve converged due to CONVERGED_ITS iterations 1
                                Linear BackwardEuler-Equation_lumped_mg_coarse_ solve converged due to CONVERGED_ITS iterations 1
                                Linear BackwardEuler-Equation_lumped_mg_coarse_ solve converged due to CONVERGED_ITS iterations 1
                                Linear BackwardEuler-Equation_lumped_mg_coarse_ solve converged due to CONVERGED_ITS iterations 1
                                Linear BackwardEuler-Equation_lumped_mg_coarse_ solve converged due to CONVERGED_ITS iterations 1
                                Linear BackwardEuler-Equation_lumped_mg_coarse_ solve converged due to CONVERGED_ITS iterations 1
                                Linear BackwardEuler-Equation_lumped_mg_coarse_ solve converged due to CONVERGED_ITS iterations 1
                                Linear BackwardEuler-Equation_lumped_mg_coarse_ solve converged due to CONVERGED_ITS iterations 1
                                Linear BackwardEuler-Equation_lumped_mg_coarse_ solve converged due to CONVERGED_ITS iterations 1
                                Linear BackwardEuler-Equation_lumped_mg_coarse_ solve converged due to CONVERGED_ITS iterations 1
                                Linear BackwardEuler-Equation_lumped_mg_coarse_ solve converged due to CONVERGED_ITS iterations 1
                                Linear BackwardEuler-Equation_lumped_mg_coarse_ solve converged due to CONVERGED_ITS iterations 1
                                Linear BackwardEuler-Equation_lumped_mg_coarse_ solve converged due to CONVERGED_ITS iterations 1
                                Linear BackwardEuler-Equation_lumped_mg_coarse_ solve converged due to CONVERGED_ITS iterations 1
                                Linear BackwardEuler-Equation_lumped_mg_coarse_ solve converged due to CONVERGED_ITS iterations 1
                                Linear BackwardEuler-Equation_lumped_mg_coarse_ solve converged due to CONVERGED_ITS iterations 1
                                Linear BackwardEuler-Equation_lumped_mg_coarse_ solve converged due to CONVERGED_ITS iterations 1
                                Linear BackwardEuler-Equation_lumped_mg_coarse_ solve converged due to CONVERGED_ITS iterations 1
                                Linear BackwardEuler-Equation_lumped_mg_coarse_ solve converged due to CONVERGED_ITS iterations 1
                                Linear BackwardEuler-Equation_lumped_mg_coarse_ solve converged due to CONVERGED_ITS iterations 1
                                Linear BackwardEuler-Equation_lumped_mg_coarse_ solve converged due to CONVERGED_ITS iterations 1
                                Linear BackwardEuler-Equation_lumped_mg_coarse_ solve converged due to CONVERGED_ITS iterations 1
                                Linear BackwardEuler-Equation_lumped_mg_coarse_ solve converged due to CONVERGED_ITS iterations 1
                                Linear BackwardEuler-Equation_lumped_mg_coarse_ solve converged due to CONVERGED_ITS iterations 1
                                Linear BackwardEuler-Equation_lumped_mg_coarse_ solve converged due to CONVERGED_ITS iterations 1
                                Linear BackwardEuler-Equation_lumped_mg_coarse_ solve converged due to CONVERGED_ITS iterations 1
                                Linear BackwardEuler-Equation_lumped_mg_coarse_ solve converged due to CONVERGED_ITS iterations 1
                                Linear BackwardEuler-Equation_lumped_mg_coarse_ solve converged due to CONVERGED_ITS iterations 1
                                Linear BackwardEuler-Equation_lumped_mg_coarse_ solve converged due to CONVERGED_ITS iterations 1
                                Linear BackwardEuler-Equation_lumped_mg_coarse_ solve converged due to CONVERGED_ITS iterations 1
                                Linear BackwardEuler-Equation_lumped_mg_coarse_ solve converged due to CONVERGED_ITS iterations 1
                          Linear BackwardEuler-Equation_ solve converged due to CONVERGED_RTOL iterations 31
                      Mat Object: (BackwardEuler-Equation_) 832 MPI processes
                        type: mpiaij
                        rows=143769600, cols=143769600
                        total: nonzeros=8024555520, allocated nonzeros=8024555520
                        total number of mallocs used during MatSetValues calls=0
                          has attached near null space
                          using I-node (on process 0) routines: found 43680 nodes, limit used is 5
                        1 SNES Function norm 6.128273718345e-09
                        Nonlinear BackwardEuler-Equation_ solve converged due to CONVERGED_FNORM_ABS iterations 1
                      SNES Object: (BackwardEuler-Equation_) 832 MPI processes
                        type: newtonls
                        maximum iterations=50, maximum function evaluations=10000
                        tolerances: relative=1e-08, absolute=1e-08, solution=1e-08
                        total number of linear solver iterations=31
                        total number of function evaluations=2
                        norm schedule ALWAYS
                        SNESLineSearch Object: (BackwardEuler-Equation_) 832 MPI processes
                          type: bt
                            interpolation: cubic
                            alpha=1.000000e-04
                          maxlambda=1.000000e+00, minlambda=1.000000e-12
                          tolerances: relative=1.000000e-08, absolute=1.000000e-15, lambda=1.000000e-08
                          maximum iterations=40
                        KSP Object: (BackwardEuler-Equation_) 832 MPI processes
                          type: fgmres
                            restart=30, using classical (unmodified) Gram-Schmidt orthogonalization with no iterative refinement
                            happy breakdown tolerance=1e-30
                          maximum iterations=200, initial guess is zero
                          tolerances: relative=1e-06, absolute=1e-50, divergence=10000.
                          right preconditioning
                          using UNPRECONDITIONED norm type for convergence test
                        PC Object: (BackwardEuler-Equation_) 832 MPI processes
                          type: python
                            Python: solvers.vlumping.VerticallyLumpedPC
                          Firedrake custom preconditioner VerticallyLumpedPC
                            Vertically lumped MG: collapses vertical dimension on coarse level (cf. Kramer et al. 2010)
                            PC Object: (BackwardEuler-Equation_lumped_) 832 MPI processes
                              type: mg
                                type is MULTIPLICATIVE, levels=2 cycles=v
                                  Cycles per PCApply=1
                                  Using Galerkin computed coarse grid matrices
                              Coarse grid solver -- level 0 -------------------------------
                                KSP Object: (BackwardEuler-Equation_lumped_mg_coarse_) 832 MPI processes
                                  type: preonly
                                  maximum iterations=10000, initial guess is zero
                                  tolerances: relative=1e-05, absolute=1e-50, divergence=10000.
                                  left preconditioning
                                  not checking for convergence
                                PC Object: (BackwardEuler-Equation_lumped_mg_coarse_) 832 MPI processes
                                  type: lu
                                    out-of-place factorization
                                    tolerance for zero pivot 2.22045e-14
                                    matrix ordering: external
                                    factor fill ratio given 0., needed 0.
                                      Factored matrix:
                                        Mat Object: (BackwardEuler-Equation_lumped_mg_coarse_) 832 MPI processes
                                          type: mumps
                                          rows=230400, cols=230400
                                          package used to perform factorization: mumps
                                          total: nonzeros=53758496, allocated nonzeros=53758496
                                            MUMPS run parameters:
                                              Use -BackwardEuler-Equation_lumped_mg_coarse_ksp_view ::ascii_info_detail to display information for all processes
                                              RINFOG(1) (global estimated flops for the elimination after analysis): 2.22887e+10
                                              RINFOG(2) (global estimated flops for the assembly after factorization): 8.66561e+07
                                              RINFOG(3) (global estimated flops for the elimination after factorization): 2.22887e+10
                                              (RINFOG(12) RINFOG(13))*2^INFOG(34) (determinant): (0.,0.)*(2^0)
                                              INFOG(3) (estimated real workspace for factors on all processors after analysis): 132305132
                                              INFOG(4) (estimated integer workspace for factors on all processors after analysis): 3276560
                                              INFOG(5) (estimated maximum front size in the complete tree): 1604
                                              INFOG(6) (number of nodes in the complete tree): 12693
                                              INFOG(7) (ordering option effectively used after analysis): 5
                                              INFOG(8) (structural symmetry in percent of the permuted matrix after analysis): -1
                                              INFOG(9) (total real/complex workspace to store the matrix factors after factorization): 53758496
                                              INFOG(10) (total integer space store the matrix factors after factorization): 2959272
                                              INFOG(11) (order of largest frontal matrix after factorization): 1604
                                              INFOG(12) (number of off-diagonal pivots): 0
                                              INFOG(13) (number of delayed pivots after factorization): 0
                                              INFOG(14) (number of memory compress after factorization): 0
                                              INFOG(15) (number of steps of iterative refinement after solution): 0
                                              INFOG(16) (estimated size (in MB) of all MUMPS internal data for factorization after analysis: value on the most memory consuming processor): 292
                                              INFOG(17) (estimated size of all MUMPS internal data for factorization after analysis: sum over all processors): 230028
                                              INFOG(18) (size of all MUMPS internal data allocated during factorization: value on the most memory consuming processor): 292
                                              INFOG(19) (size of all MUMPS internal data allocated during factorization: sum over all processors): 229983
                                              INFOG(20) (estimated number of entries in the factors): 53758496
                                              INFOG(21) (size in MB of memory effectively used during factorization - value on the most memory consuming processor): 286
                                              INFOG(22) (size in MB of memory effectively used during factorization - sum over all processors): 225252
                                              INFOG(23) (after analysis: value of ICNTL(6) effectively used): 0
                                              INFOG(24) (after analysis: value of ICNTL(12) effectively used): 1
                                              INFOG(25) (after factorization: number of pivots modified by static pivoting): 0
                                              INFOG(28) (after factorization: number of null pivots encountered): 0
                                              INFOG(29) (after factorization: effective number of entries in the factors (sum over all processors)): 53758496
                                              INFOG(30, 31) (after solution: size in Mbytes of memory used during solution phase): 52, 28284
                                              INFOG(32) (after analysis: type of analysis done): 1
                                              INFOG(33) (value used for ICNTL(8)): 7
                                              INFOG(34) (exponent of the determinant if determinant is requested): 0
                                              INFOG(35) (after factorization: number of entries taking into account BLR factor compression - sum over all processors): 53758496
                                              INFOG(36) (after analysis: estimated size of all MUMPS internal data for running BLR in-core - value on the most memory consuming processor): 0
                                              INFOG(37) (after analysis: estimated size of all MUMPS internal data for running BLR in-core - sum over all processors): 0
                                              INFOG(38) (after analysis: estimated size of all MUMPS internal data for running BLR out-of-core - value on the most memory consuming processor): 0
                                              INFOG(39) (after analysis: estimated size of all MUMPS internal data for running BLR out-of-core - sum over all processors): 0
                                  linear system matrix, which is also used to construct the preconditioner:
                                  Mat Object: 832 MPI processes
                                    type: mpiaij
                                    rows=230400, cols=230400
                                    total: nonzeros=4592640, allocated nonzeros=4592640
                                    total number of mallocs used during MatSetValues calls=0
                                      using nonscalable MatPtAP() implementation
                                      using I-node (on process 0) routines: found 70 nodes, limit used is 5
                              Down solver (pre-smoother) on level 1 -------------------------------
                                KSP Object: (BackwardEuler-Equation_lumped_mg_levels_1_) 832 MPI processes
                                  type: chebyshev
                                    Chebyshev polynomial of first kind
                                    eigenvalue targets used: min 0.192085, max 2.11293
                                    eigenvalues estimated via gmres: min 0.055691, max 1.92085
                                    eigenvalues estimated using gmres with transform: [0. 0.1; 0. 1.1]
                                    KSP Object: (BackwardEuler-Equation_lumped_mg_levels_1_esteig_) 832 MPI processes
                                      type: gmres
                                        restart=30, using classical (unmodified) Gram-Schmidt orthogonalization with no iterative refinement
                                        happy breakdown tolerance=1e-30
                                      maximum iterations=10, initial guess is zero
                                      tolerances: relative=1e-12, absolute=1e-50, divergence=10000.
                                      left preconditioning
                                      using PRECONDITIONED norm type for convergence test
                                    estimating eigenvalues using a noisy random number generated right-hand side
                                  maximum iterations=4, nonzero initial guess
                                  tolerances: relative=1e-05, absolute=1e-50, divergence=10000.
                                  left preconditioning
                                  not checking for convergence
                                PC Object: (BackwardEuler-Equation_lumped_mg_levels_1_) 832 MPI processes
                                  type: bjacobi
                                    number of blocks = 832
                                    Local solver information for first block is in the following KSP and PC objects on rank 0:
                                    Use -BackwardEuler-Equation_lumped_mg_levels_1_ksp_view ::ascii_info_detail to display information for all blocks
                                    KSP Object: (BackwardEuler-Equation_lumped_mg_levels_1_sub_) 1 MPI process
                                      type: preonly
                                      maximum iterations=10000, initial guess is zero
                                      tolerances: relative=1e-05, absolute=1e-50, divergence=10000.
                                      left preconditioning
                                      not checking for convergence
                                    PC Object: (BackwardEuler-Equation_lumped_mg_levels_1_sub_) 1 MPI process
                                      type: ilu
                                        out-of-place factorization
                                        0 levels of fill
                                        tolerance for zero pivot 2.22045e-14
                                        matrix ordering: natural
                                        factor fill ratio given 1., needed 1.
                                          Factored matrix:
                                            Mat Object: (BackwardEuler-Equation_lumped_mg_levels_1_sub_) 1 MPI process
                                              type: seqaij
                                              rows=174720, cols=174720
                                              package used to perform factorization: petsc
                                              total: nonzeros=9096448, allocated nonzeros=9096448
                                                using I-node routines: found 43680 nodes, limit used is 5
                                      linear system matrix, which is also used to construct the preconditioner:
                                      Mat Object: (BackwardEuler-Equation_lumped_mg_levels_1_sub_) 1 MPI process
                                        type: seqaij
                                        rows=174720, cols=174720
                                        total: nonzeros=9096448, allocated nonzeros=9096448
                                        total number of mallocs used during MatSetValues calls=0
                                          using I-node routines: found 43680 nodes, limit used is 5
                                  linear system matrix, which is also used to construct the preconditioner:
                                  Mat Object: (BackwardEuler-Equation_) 832 MPI processes
                                    type: mpiaij
                                    rows=143769600, cols=143769600
                                    total: nonzeros=8024555520, allocated nonzeros=8024555520
                                    total number of mallocs used during MatSetValues calls=0
                                      has attached near null space
                                      using I-node (on process 0) routines: found 43680 nodes, limit used is 5
                              Up solver (post-smoother) same as down solver (pre-smoother)
                              linear system matrix, which is also used to construct the preconditioner:
                              Mat Object: (BackwardEuler-Equation_) 832 MPI processes
                                type: mpiaij
                                rows=143769600, cols=143769600
                                total: nonzeros=8024555520, allocated nonzeros=8024555520
                                total number of mallocs used during MatSetValues calls=0
                                  has attached near null space
                                  using I-node (on process 0) routines: found 43680 nodes, limit used is 5
                            linear system matrix, which is also used to construct the preconditioner:
                            Mat Object: (BackwardEuler-Equation_) 832 MPI processes
                              type: mpiaij
                              rows=143769600, cols=143769600
                              total: nonzeros=8024555520, allocated nonzeros=8024555520
                              total number of mallocs used during MatSetValues calls=0
                                has attached near null space
                                using I-node (on process 0) routines: found 43680 nodes, limit used is 5
t = 3600.00 s | step 12/30 | wall 18.53 s | NL 1 | L 31
                          0 SNES Function norm 4.103942493414e-07
                                  Linear BackwardEuler-Equation_lumped_mg_coarse_ solve converged due to CONVERGED_ITS iterations 1
                                  Linear BackwardEuler-Equation_lumped_mg_coarse_ solve converged due to CONVERGED_ITS iterations 1
                                  Linear BackwardEuler-Equation_lumped_mg_coarse_ solve converged due to CONVERGED_ITS iterations 1
                                  Linear BackwardEuler-Equation_lumped_mg_coarse_ solve converged due to CONVERGED_ITS iterations 1
                                  Linear BackwardEuler-Equation_lumped_mg_coarse_ solve converged due to CONVERGED_ITS iterations 1
                                  Linear BackwardEuler-Equation_lumped_mg_coarse_ solve converged due to CONVERGED_ITS iterations 1
                                  Linear BackwardEuler-Equation_lumped_mg_coarse_ solve converged due to CONVERGED_ITS iterations 1
                                  Linear BackwardEuler-Equation_lumped_mg_coarse_ solve converged due to CONVERGED_ITS iterations 1
                                  Linear BackwardEuler-Equation_lumped_mg_coarse_ solve converged due to CONVERGED_ITS iterations 1
                                  Linear BackwardEuler-Equation_lumped_mg_coarse_ solve converged due to CONVERGED_ITS iterations 1
                                  Linear BackwardEuler-Equation_lumped_mg_coarse_ solve converged due to CONVERGED_ITS iterations 1
                                  Linear BackwardEuler-Equation_lumped_mg_coarse_ solve converged due to CONVERGED_ITS iterations 1
                                  Linear BackwardEuler-Equation_lumped_mg_coarse_ solve converged due to CONVERGED_ITS iterations 1
                                  Linear BackwardEuler-Equation_lumped_mg_coarse_ solve converged due to CONVERGED_ITS iterations 1
                                  Linear BackwardEuler-Equation_lumped_mg_coarse_ solve converged due to CONVERGED_ITS iterations 1
                                  Linear BackwardEuler-Equation_lumped_mg_coarse_ solve converged due to CONVERGED_ITS iterations 1
                                  Linear BackwardEuler-Equation_lumped_mg_coarse_ solve converged due to CONVERGED_ITS iterations 1
                                  Linear BackwardEuler-Equation_lumped_mg_coarse_ solve converged due to CONVERGED_ITS iterations 1
                                  Linear BackwardEuler-Equation_lumped_mg_coarse_ solve converged due to CONVERGED_ITS iterations 1
                                  Linear BackwardEuler-Equation_lumped_mg_coarse_ solve converged due to CONVERGED_ITS iterations 1
                                  Linear BackwardEuler-Equation_lumped_mg_coarse_ solve converged due to CONVERGED_ITS iterations 1
                                  Linear BackwardEuler-Equation_lumped_mg_coarse_ solve converged due to CONVERGED_ITS iterations 1
                                  Linear BackwardEuler-Equation_lumped_mg_coarse_ solve converged due to CONVERGED_ITS iterations 1
                                  Linear BackwardEuler-Equation_lumped_mg_coarse_ solve converged due to CONVERGED_ITS iterations 1
                                  Linear BackwardEuler-Equation_lumped_mg_coarse_ solve converged due to CONVERGED_ITS iterations 1
                                  Linear BackwardEuler-Equation_lumped_mg_coarse_ solve converged due to CONVERGED_ITS iterations 1
                                  Linear BackwardEuler-Equation_lumped_mg_coarse_ solve converged due to CONVERGED_ITS iterations 1
                                  Linear BackwardEuler-Equation_lumped_mg_coarse_ solve converged due to CONVERGED_ITS iterations 1
                                  Linear BackwardEuler-Equation_lumped_mg_coarse_ solve converged due to CONVERGED_ITS iterations 1
                                  Linear BackwardEuler-Equation_lumped_mg_coarse_ solve converged due to CONVERGED_ITS iterations 1
                                  Linear BackwardEuler-Equation_lumped_mg_coarse_ solve converged due to CONVERGED_ITS iterations 1
                            Linear BackwardEuler-Equation_ solve converged due to CONVERGED_RTOL iterations 31
                        Mat Object: (BackwardEuler-Equation_) 832 MPI processes
                          type: mpiaij
                          rows=143769600, cols=143769600
                          total: nonzeros=8024555520, allocated nonzeros=8024555520
                          total number of mallocs used during MatSetValues calls=0
                            has attached near null space
                            using I-node (on process 0) routines: found 43680 nodes, limit used is 5
                          1 SNES Function norm 5.876472071559e-09
                          Nonlinear BackwardEuler-Equation_ solve converged due to CONVERGED_FNORM_ABS iterations 1
                        SNES Object: (BackwardEuler-Equation_) 832 MPI processes
                          type: newtonls
                          maximum iterations=50, maximum function evaluations=10000
                          tolerances: relative=1e-08, absolute=1e-08, solution=1e-08
                          total number of linear solver iterations=31
                          total number of function evaluations=2
                          norm schedule ALWAYS
                          SNESLineSearch Object: (BackwardEuler-Equation_) 832 MPI processes
                            type: bt
                              interpolation: cubic
                              alpha=1.000000e-04
                            maxlambda=1.000000e+00, minlambda=1.000000e-12
                            tolerances: relative=1.000000e-08, absolute=1.000000e-15, lambda=1.000000e-08
                            maximum iterations=40
                          KSP Object: (BackwardEuler-Equation_) 832 MPI processes
                            type: fgmres
                              restart=30, using classical (unmodified) Gram-Schmidt orthogonalization with no iterative refinement
                              happy breakdown tolerance=1e-30
                            maximum iterations=200, initial guess is zero
                            tolerances: relative=1e-06, absolute=1e-50, divergence=10000.
                            right preconditioning
                            using UNPRECONDITIONED norm type for convergence test
                          PC Object: (BackwardEuler-Equation_) 832 MPI processes
                            type: python
                              Python: solvers.vlumping.VerticallyLumpedPC
                            Firedrake custom preconditioner VerticallyLumpedPC
                              Vertically lumped MG: collapses vertical dimension on coarse level (cf. Kramer et al. 2010)
                              PC Object: (BackwardEuler-Equation_lumped_) 832 MPI processes
                                type: mg
                                  type is MULTIPLICATIVE, levels=2 cycles=v
                                    Cycles per PCApply=1
                                    Using Galerkin computed coarse grid matrices
                                Coarse grid solver -- level 0 -------------------------------
                                  KSP Object: (BackwardEuler-Equation_lumped_mg_coarse_) 832 MPI processes
                                    type: preonly
                                    maximum iterations=10000, initial guess is zero
                                    tolerances: relative=1e-05, absolute=1e-50, divergence=10000.
                                    left preconditioning
                                    not checking for convergence
                                  PC Object: (BackwardEuler-Equation_lumped_mg_coarse_) 832 MPI processes
                                    type: lu
                                      out-of-place factorization
                                      tolerance for zero pivot 2.22045e-14
                                      matrix ordering: external
                                      factor fill ratio given 0., needed 0.
                                        Factored matrix:
                                          Mat Object: (BackwardEuler-Equation_lumped_mg_coarse_) 832 MPI processes
                                            type: mumps
                                            rows=230400, cols=230400
                                            package used to perform factorization: mumps
                                            total: nonzeros=53758496, allocated nonzeros=53758496
                                              MUMPS run parameters:
                                                Use -BackwardEuler-Equation_lumped_mg_coarse_ksp_view ::ascii_info_detail to display information for all processes
                                                RINFOG(1) (global estimated flops for the elimination after analysis): 2.22887e+10
                                                RINFOG(2) (global estimated flops for the assembly after factorization): 8.66561e+07
                                                RINFOG(3) (global estimated flops for the elimination after factorization): 2.22887e+10
                                                (RINFOG(12) RINFOG(13))*2^INFOG(34) (determinant): (0.,0.)*(2^0)
                                                INFOG(3) (estimated real workspace for factors on all processors after analysis): 132305132
                                                INFOG(4) (estimated integer workspace for factors on all processors after analysis): 3276560
                                                INFOG(5) (estimated maximum front size in the complete tree): 1604
                                                INFOG(6) (number of nodes in the complete tree): 12693
                                                INFOG(7) (ordering option effectively used after analysis): 5
                                                INFOG(8) (structural symmetry in percent of the permuted matrix after analysis): -1
                                                INFOG(9) (total real/complex workspace to store the matrix factors after factorization): 53758496
                                                INFOG(10) (total integer space store the matrix factors after factorization): 2959272
                                                INFOG(11) (order of largest frontal matrix after factorization): 1604
                                                INFOG(12) (number of off-diagonal pivots): 0
                                                INFOG(13) (number of delayed pivots after factorization): 0
                                                INFOG(14) (number of memory compress after factorization): 0
                                                INFOG(15) (number of steps of iterative refinement after solution): 0
                                                INFOG(16) (estimated size (in MB) of all MUMPS internal data for factorization after analysis: value on the most memory consuming processor): 292
                                                INFOG(17) (estimated size of all MUMPS internal data for factorization after analysis: sum over all processors): 230028
                                                INFOG(18) (size of all MUMPS internal data allocated during factorization: value on the most memory consuming processor): 292
                                                INFOG(19) (size of all MUMPS internal data allocated during factorization: sum over all processors): 229983
                                                INFOG(20) (estimated number of entries in the factors): 53758496
                                                INFOG(21) (size in MB of memory effectively used during factorization - value on the most memory consuming processor): 286
                                                INFOG(22) (size in MB of memory effectively used during factorization - sum over all processors): 225247
                                                INFOG(23) (after analysis: value of ICNTL(6) effectively used): 0
                                                INFOG(24) (after analysis: value of ICNTL(12) effectively used): 1
                                                INFOG(25) (after factorization: number of pivots modified by static pivoting): 0
                                                INFOG(28) (after factorization: number of null pivots encountered): 0
                                                INFOG(29) (after factorization: effective number of entries in the factors (sum over all processors)): 53758496
                                                INFOG(30, 31) (after solution: size in Mbytes of memory used during solution phase): 52, 28284
                                                INFOG(32) (after analysis: type of analysis done): 1
                                                INFOG(33) (value used for ICNTL(8)): 7
                                                INFOG(34) (exponent of the determinant if determinant is requested): 0
                                                INFOG(35) (after factorization: number of entries taking into account BLR factor compression - sum over all processors): 53758496
                                                INFOG(36) (after analysis: estimated size of all MUMPS internal data for running BLR in-core - value on the most memory consuming processor): 0
                                                INFOG(37) (after analysis: estimated size of all MUMPS internal data for running BLR in-core - sum over all processors): 0
                                                INFOG(38) (after analysis: estimated size of all MUMPS internal data for running BLR out-of-core - value on the most memory consuming processor): 0
                                                INFOG(39) (after analysis: estimated size of all MUMPS internal data for running BLR out-of-core - sum over all processors): 0
                                    linear system matrix, which is also used to construct the preconditioner:
                                    Mat Object: 832 MPI processes
                                      type: mpiaij
                                      rows=230400, cols=230400
                                      total: nonzeros=4592640, allocated nonzeros=4592640
                                      total number of mallocs used during MatSetValues calls=0
                                        using nonscalable MatPtAP() implementation
                                        using I-node (on process 0) routines: found 70 nodes, limit used is 5
                                Down solver (pre-smoother) on level 1 -------------------------------
                                  KSP Object: (BackwardEuler-Equation_lumped_mg_levels_1_) 832 MPI processes
                                    type: chebyshev
                                      Chebyshev polynomial of first kind
                                      eigenvalue targets used: min 0.192085, max 2.11293
                                      eigenvalues estimated via gmres: min 0.0556938, max 1.92085
                                      eigenvalues estimated using gmres with transform: [0. 0.1; 0. 1.1]
                                      KSP Object: (BackwardEuler-Equation_lumped_mg_levels_1_esteig_) 832 MPI processes
                                        type: gmres
                                          restart=30, using classical (unmodified) Gram-Schmidt orthogonalization with no iterative refinement
                                          happy breakdown tolerance=1e-30
                                        maximum iterations=10, initial guess is zero
                                        tolerances: relative=1e-12, absolute=1e-50, divergence=10000.
                                        left preconditioning
                                        using PRECONDITIONED norm type for convergence test
                                      estimating eigenvalues using a noisy random number generated right-hand side
                                    maximum iterations=4, nonzero initial guess
                                    tolerances: relative=1e-05, absolute=1e-50, divergence=10000.
                                    left preconditioning
                                    not checking for convergence
                                  PC Object: (BackwardEuler-Equation_lumped_mg_levels_1_) 832 MPI processes
                                    type: bjacobi
                                      number of blocks = 832
                                      Local solver information for first block is in the following KSP and PC objects on rank 0:
                                      Use -BackwardEuler-Equation_lumped_mg_levels_1_ksp_view ::ascii_info_detail to display information for all blocks
                                      KSP Object: (BackwardEuler-Equation_lumped_mg_levels_1_sub_) 1 MPI process
                                        type: preonly
                                        maximum iterations=10000, initial guess is zero
                                        tolerances: relative=1e-05, absolute=1e-50, divergence=10000.
                                        left preconditioning
                                        not checking for convergence
                                      PC Object: (BackwardEuler-Equation_lumped_mg_levels_1_sub_) 1 MPI process
                                        type: ilu
                                          out-of-place factorization
                                          0 levels of fill
                                          tolerance for zero pivot 2.22045e-14
                                          matrix ordering: natural
                                          factor fill ratio given 1., needed 1.
                                            Factored matrix:
                                              Mat Object: (BackwardEuler-Equation_lumped_mg_levels_1_sub_) 1 MPI process
                                                type: seqaij
                                                rows=174720, cols=174720
                                                package used to perform factorization: petsc
                                                total: nonzeros=9096448, allocated nonzeros=9096448
                                                  using I-node routines: found 43680 nodes, limit used is 5
                                        linear system matrix, which is also used to construct the preconditioner:
                                        Mat Object: (BackwardEuler-Equation_lumped_mg_levels_1_sub_) 1 MPI process
                                          type: seqaij
                                          rows=174720, cols=174720
                                          total: nonzeros=9096448, allocated nonzeros=9096448
                                          total number of mallocs used during MatSetValues calls=0
                                            using I-node routines: found 43680 nodes, limit used is 5
                                    linear system matrix, which is also used to construct the preconditioner:
                                    Mat Object: (BackwardEuler-Equation_) 832 MPI processes
                                      type: mpiaij
                                      rows=143769600, cols=143769600
                                      total: nonzeros=8024555520, allocated nonzeros=8024555520
                                      total number of mallocs used during MatSetValues calls=0
                                        has attached near null space
                                        using I-node (on process 0) routines: found 43680 nodes, limit used is 5
                                Up solver (post-smoother) same as down solver (pre-smoother)
                                linear system matrix, which is also used to construct the preconditioner:
                                Mat Object: (BackwardEuler-Equation_) 832 MPI processes
                                  type: mpiaij
                                  rows=143769600, cols=143769600
                                  total: nonzeros=8024555520, allocated nonzeros=8024555520
                                  total number of mallocs used during MatSetValues calls=0
                                    has attached near null space
                                    using I-node (on process 0) routines: found 43680 nodes, limit used is 5
                              linear system matrix, which is also used to construct the preconditioner:
                              Mat Object: (BackwardEuler-Equation_) 832 MPI processes
                                type: mpiaij
                                rows=143769600, cols=143769600
                                total: nonzeros=8024555520, allocated nonzeros=8024555520
                                total number of mallocs used during MatSetValues calls=0
                                  has attached near null space
                                  using I-node (on process 0) routines: found 43680 nodes, limit used is 5
t = 3900.00 s | step 13/30 | wall 18.48 s | NL 1 | L 31
                            0 SNES Function norm 4.045323110137e-07
                                    Linear BackwardEuler-Equation_lumped_mg_coarse_ solve converged due to CONVERGED_ITS iterations 1
                                    Linear BackwardEuler-Equation_lumped_mg_coarse_ solve converged due to CONVERGED_ITS iterations 1
                                    Linear BackwardEuler-Equation_lumped_mg_coarse_ solve converged due to CONVERGED_ITS iterations 1
                                    Linear BackwardEuler-Equation_lumped_mg_coarse_ solve converged due to CONVERGED_ITS iterations 1
                                    Linear BackwardEuler-Equation_lumped_mg_coarse_ solve converged due to CONVERGED_ITS iterations 1
                                    Linear BackwardEuler-Equation_lumped_mg_coarse_ solve converged due to CONVERGED_ITS iterations 1
                                    Linear BackwardEuler-Equation_lumped_mg_coarse_ solve converged due to CONVERGED_ITS iterations 1
                                    Linear BackwardEuler-Equation_lumped_mg_coarse_ solve converged due to CONVERGED_ITS iterations 1
                                    Linear BackwardEuler-Equation_lumped_mg_coarse_ solve converged due to CONVERGED_ITS iterations 1
                                    Linear BackwardEuler-Equation_lumped_mg_coarse_ solve converged due to CONVERGED_ITS iterations 1
                                    Linear BackwardEuler-Equation_lumped_mg_coarse_ solve converged due to CONVERGED_ITS iterations 1
                                    Linear BackwardEuler-Equation_lumped_mg_coarse_ solve converged due to CONVERGED_ITS iterations 1
                                    Linear BackwardEuler-Equation_lumped_mg_coarse_ solve converged due to CONVERGED_ITS iterations 1
                                    Linear BackwardEuler-Equation_lumped_mg_coarse_ solve converged due to CONVERGED_ITS iterations 1
                                    Linear BackwardEuler-Equation_lumped_mg_coarse_ solve converged due to CONVERGED_ITS iterations 1
                                    Linear BackwardEuler-Equation_lumped_mg_coarse_ solve converged due to CONVERGED_ITS iterations 1
                                    Linear BackwardEuler-Equation_lumped_mg_coarse_ solve converged due to CONVERGED_ITS iterations 1
                                    Linear BackwardEuler-Equation_lumped_mg_coarse_ solve converged due to CONVERGED_ITS iterations 1
                                    Linear BackwardEuler-Equation_lumped_mg_coarse_ solve converged due to CONVERGED_ITS iterations 1
                                    Linear BackwardEuler-Equation_lumped_mg_coarse_ solve converged due to CONVERGED_ITS iterations 1
                                    Linear BackwardEuler-Equation_lumped_mg_coarse_ solve converged due to CONVERGED_ITS iterations 1
                                    Linear BackwardEuler-Equation_lumped_mg_coarse_ solve converged due to CONVERGED_ITS iterations 1
                                    Linear BackwardEuler-Equation_lumped_mg_coarse_ solve converged due to CONVERGED_ITS iterations 1
                                    Linear BackwardEuler-Equation_lumped_mg_coarse_ solve converged due to CONVERGED_ITS iterations 1
                                    Linear BackwardEuler-Equation_lumped_mg_coarse_ solve converged due to CONVERGED_ITS iterations 1
                                    Linear BackwardEuler-Equation_lumped_mg_coarse_ solve converged due to CONVERGED_ITS iterations 1
                                    Linear BackwardEuler-Equation_lumped_mg_coarse_ solve converged due to CONVERGED_ITS iterations 1
                                    Linear BackwardEuler-Equation_lumped_mg_coarse_ solve converged due to CONVERGED_ITS iterations 1
                                    Linear BackwardEuler-Equation_lumped_mg_coarse_ solve converged due to CONVERGED_ITS iterations 1
                                    Linear BackwardEuler-Equation_lumped_mg_coarse_ solve converged due to CONVERGED_ITS iterations 1
                                    Linear BackwardEuler-Equation_lumped_mg_coarse_ solve converged due to CONVERGED_ITS iterations 1
                                    Linear BackwardEuler-Equation_lumped_mg_coarse_ solve converged due to CONVERGED_ITS iterations 1
                              Linear BackwardEuler-Equation_ solve converged due to CONVERGED_RTOL iterations 32
                          Mat Object: (BackwardEuler-Equation_) 832 MPI processes
                            type: mpiaij
                            rows=143769600, cols=143769600
                            total: nonzeros=8024555520, allocated nonzeros=8024555520
                            total number of mallocs used during MatSetValues calls=0
                              has attached near null space
                              using I-node (on process 0) routines: found 43680 nodes, limit used is 5
                            1 SNES Function norm 5.661703473392e-09
                            Nonlinear BackwardEuler-Equation_ solve converged due to CONVERGED_FNORM_ABS iterations 1
                          SNES Object: (BackwardEuler-Equation_) 832 MPI processes
                            type: newtonls
                            maximum iterations=50, maximum function evaluations=10000
                            tolerances: relative=1e-08, absolute=1e-08, solution=1e-08
                            total number of linear solver iterations=32
                            total number of function evaluations=2
                            norm schedule ALWAYS
                            SNESLineSearch Object: (BackwardEuler-Equation_) 832 MPI processes
                              type: bt
                                interpolation: cubic
                                alpha=1.000000e-04
                              maxlambda=1.000000e+00, minlambda=1.000000e-12
                              tolerances: relative=1.000000e-08, absolute=1.000000e-15, lambda=1.000000e-08
                              maximum iterations=40
                            KSP Object: (BackwardEuler-Equation_) 832 MPI processes
                              type: fgmres
                                restart=30, using classical (unmodified) Gram-Schmidt orthogonalization with no iterative refinement
                                happy breakdown tolerance=1e-30
                              maximum iterations=200, initial guess is zero
                              tolerances: relative=1e-06, absolute=1e-50, divergence=10000.
                              right preconditioning
                              using UNPRECONDITIONED norm type for convergence test
                            PC Object: (BackwardEuler-Equation_) 832 MPI processes
                              type: python
                                Python: solvers.vlumping.VerticallyLumpedPC
                              Firedrake custom preconditioner VerticallyLumpedPC
                                Vertically lumped MG: collapses vertical dimension on coarse level (cf. Kramer et al. 2010)
                                PC Object: (BackwardEuler-Equation_lumped_) 832 MPI processes
                                  type: mg
                                    type is MULTIPLICATIVE, levels=2 cycles=v
                                      Cycles per PCApply=1
                                      Using Galerkin computed coarse grid matrices
                                  Coarse grid solver -- level 0 -------------------------------
                                    KSP Object: (BackwardEuler-Equation_lumped_mg_coarse_) 832 MPI processes
                                      type: preonly
                                      maximum iterations=10000, initial guess is zero
                                      tolerances: relative=1e-05, absolute=1e-50, divergence=10000.
                                      left preconditioning
                                      not checking for convergence
                                    PC Object: (BackwardEuler-Equation_lumped_mg_coarse_) 832 MPI processes
                                      type: lu
                                        out-of-place factorization
                                        tolerance for zero pivot 2.22045e-14
                                        matrix ordering: external
                                        factor fill ratio given 0., needed 0.
                                          Factored matrix:
                                            Mat Object: (BackwardEuler-Equation_lumped_mg_coarse_) 832 MPI processes
                                              type: mumps
                                              rows=230400, cols=230400
                                              package used to perform factorization: mumps
                                              total: nonzeros=53758496, allocated nonzeros=53758496
                                                MUMPS run parameters:
                                                  Use -BackwardEuler-Equation_lumped_mg_coarse_ksp_view ::ascii_info_detail to display information for all processes
                                                  RINFOG(1) (global estimated flops for the elimination after analysis): 2.22887e+10
                                                  RINFOG(2) (global estimated flops for the assembly after factorization): 8.66561e+07
                                                  RINFOG(3) (global estimated flops for the elimination after factorization): 2.22887e+10
                                                  (RINFOG(12) RINFOG(13))*2^INFOG(34) (determinant): (0.,0.)*(2^0)
                                                  INFOG(3) (estimated real workspace for factors on all processors after analysis): 132305132
                                                  INFOG(4) (estimated integer workspace for factors on all processors after analysis): 3276560
                                                  INFOG(5) (estimated maximum front size in the complete tree): 1604
                                                  INFOG(6) (number of nodes in the complete tree): 12693
                                                  INFOG(7) (ordering option effectively used after analysis): 5
                                                  INFOG(8) (structural symmetry in percent of the permuted matrix after analysis): -1
                                                  INFOG(9) (total real/complex workspace to store the matrix factors after factorization): 53758496
                                                  INFOG(10) (total integer space store the matrix factors after factorization): 2959272
                                                  INFOG(11) (order of largest frontal matrix after factorization): 1604
                                                  INFOG(12) (number of off-diagonal pivots): 0
                                                  INFOG(13) (number of delayed pivots after factorization): 0
                                                  INFOG(14) (number of memory compress after factorization): 0
                                                  INFOG(15) (number of steps of iterative refinement after solution): 0
                                                  INFOG(16) (estimated size (in MB) of all MUMPS internal data for factorization after analysis: value on the most memory consuming processor): 292
                                                  INFOG(17) (estimated size of all MUMPS internal data for factorization after analysis: sum over all processors): 230028
                                                  INFOG(18) (size of all MUMPS internal data allocated during factorization: value on the most memory consuming processor): 292
                                                  INFOG(19) (size of all MUMPS internal data allocated during factorization: sum over all processors): 229983
                                                  INFOG(20) (estimated number of entries in the factors): 53758496
                                                  INFOG(21) (size in MB of memory effectively used during factorization - value on the most memory consuming processor): 286
                                                  INFOG(22) (size in MB of memory effectively used during factorization - sum over all processors): 225252
                                                  INFOG(23) (after analysis: value of ICNTL(6) effectively used): 0
                                                  INFOG(24) (after analysis: value of ICNTL(12) effectively used): 1
                                                  INFOG(25) (after factorization: number of pivots modified by static pivoting): 0
                                                  INFOG(28) (after factorization: number of null pivots encountered): 0
                                                  INFOG(29) (after factorization: effective number of entries in the factors (sum over all processors)): 53758496
                                                  INFOG(30, 31) (after solution: size in Mbytes of memory used during solution phase): 52, 28284
                                                  INFOG(32) (after analysis: type of analysis done): 1
                                                  INFOG(33) (value used for ICNTL(8)): 7
                                                  INFOG(34) (exponent of the determinant if determinant is requested): 0
                                                  INFOG(35) (after factorization: number of entries taking into account BLR factor compression - sum over all processors): 53758496
                                                  INFOG(36) (after analysis: estimated size of all MUMPS internal data for running BLR in-core - value on the most memory consuming processor): 0
                                                  INFOG(37) (after analysis: estimated size of all MUMPS internal data for running BLR in-core - sum over all processors): 0
                                                  INFOG(38) (after analysis: estimated size of all MUMPS internal data for running BLR out-of-core - value on the most memory consuming processor): 0
                                                  INFOG(39) (after analysis: estimated size of all MUMPS internal data for running BLR out-of-core - sum over all processors): 0
                                      linear system matrix, which is also used to construct the preconditioner:
                                      Mat Object: 832 MPI processes
                                        type: mpiaij
                                        rows=230400, cols=230400
                                        total: nonzeros=4592640, allocated nonzeros=4592640
                                        total number of mallocs used during MatSetValues calls=0
                                          using nonscalable MatPtAP() implementation
                                          using I-node (on process 0) routines: found 70 nodes, limit used is 5
                                  Down solver (pre-smoother) on level 1 -------------------------------
                                    KSP Object: (BackwardEuler-Equation_lumped_mg_levels_1_) 832 MPI processes
                                      type: chebyshev
                                        Chebyshev polynomial of first kind
                                        eigenvalue targets used: min 0.192085, max 2.11294
                                        eigenvalues estimated via gmres: min 0.0556965, max 1.92085
                                        eigenvalues estimated using gmres with transform: [0. 0.1; 0. 1.1]
                                        KSP Object: (BackwardEuler-Equation_lumped_mg_levels_1_esteig_) 832 MPI processes
                                          type: gmres
                                            restart=30, using classical (unmodified) Gram-Schmidt orthogonalization with no iterative refinement
                                            happy breakdown tolerance=1e-30
                                          maximum iterations=10, initial guess is zero
                                          tolerances: relative=1e-12, absolute=1e-50, divergence=10000.
                                          left preconditioning
                                          using PRECONDITIONED norm type for convergence test
                                        estimating eigenvalues using a noisy random number generated right-hand side
                                      maximum iterations=4, nonzero initial guess
                                      tolerances: relative=1e-05, absolute=1e-50, divergence=10000.
                                      left preconditioning
                                      not checking for convergence
                                    PC Object: (BackwardEuler-Equation_lumped_mg_levels_1_) 832 MPI processes
                                      type: bjacobi
                                        number of blocks = 832
                                        Local solver information for first block is in the following KSP and PC objects on rank 0:
                                        Use -BackwardEuler-Equation_lumped_mg_levels_1_ksp_view ::ascii_info_detail to display information for all blocks
                                        KSP Object: (BackwardEuler-Equation_lumped_mg_levels_1_sub_) 1 MPI process
                                          type: preonly
                                          maximum iterations=10000, initial guess is zero
                                          tolerances: relative=1e-05, absolute=1e-50, divergence=10000.
                                          left preconditioning
                                          not checking for convergence
                                        PC Object: (BackwardEuler-Equation_lumped_mg_levels_1_sub_) 1 MPI process
                                          type: ilu
                                            out-of-place factorization
                                            0 levels of fill
                                            tolerance for zero pivot 2.22045e-14
                                            matrix ordering: natural
                                            factor fill ratio given 1., needed 1.
                                              Factored matrix:
                                                Mat Object: (BackwardEuler-Equation_lumped_mg_levels_1_sub_) 1 MPI process
                                                  type: seqaij
                                                  rows=174720, cols=174720
                                                  package used to perform factorization: petsc
                                                  total: nonzeros=9096448, allocated nonzeros=9096448
                                                    using I-node routines: found 43680 nodes, limit used is 5
                                          linear system matrix, which is also used to construct the preconditioner:
                                          Mat Object: (BackwardEuler-Equation_lumped_mg_levels_1_sub_) 1 MPI process
                                            type: seqaij
                                            rows=174720, cols=174720
                                            total: nonzeros=9096448, allocated nonzeros=9096448
                                            total number of mallocs used during MatSetValues calls=0
                                              using I-node routines: found 43680 nodes, limit used is 5
                                      linear system matrix, which is also used to construct the preconditioner:
                                      Mat Object: (BackwardEuler-Equation_) 832 MPI processes
                                        type: mpiaij
                                        rows=143769600, cols=143769600
                                        total: nonzeros=8024555520, allocated nonzeros=8024555520
                                        total number of mallocs used during MatSetValues calls=0
                                          has attached near null space
                                          using I-node (on process 0) routines: found 43680 nodes, limit used is 5
                                  Up solver (post-smoother) same as down solver (pre-smoother)
                                  linear system matrix, which is also used to construct the preconditioner:
                                  Mat Object: (BackwardEuler-Equation_) 832 MPI processes
                                    type: mpiaij
                                    rows=143769600, cols=143769600
                                    total: nonzeros=8024555520, allocated nonzeros=8024555520
                                    total number of mallocs used during MatSetValues calls=0
                                      has attached near null space
                                      using I-node (on process 0) routines: found 43680 nodes, limit used is 5
                                linear system matrix, which is also used to construct the preconditioner:
                                Mat Object: (BackwardEuler-Equation_) 832 MPI processes
                                  type: mpiaij
                                  rows=143769600, cols=143769600
                                  total: nonzeros=8024555520, allocated nonzeros=8024555520
                                  total number of mallocs used during MatSetValues calls=0
                                    has attached near null space
                                    using I-node (on process 0) routines: found 43680 nodes, limit used is 5
t = 4200.00 s | step 14/30 | wall 19.13 s | NL 1 | L 32
                              0 SNES Function norm 3.993239154120e-07
                                      Linear BackwardEuler-Equation_lumped_mg_coarse_ solve converged due to CONVERGED_ITS iterations 1
                                      Linear BackwardEuler-Equation_lumped_mg_coarse_ solve converged due to CONVERGED_ITS iterations 1
                                      Linear BackwardEuler-Equation_lumped_mg_coarse_ solve converged due to CONVERGED_ITS iterations 1
                                      Linear BackwardEuler-Equation_lumped_mg_coarse_ solve converged due to CONVERGED_ITS iterations 1
                                      Linear BackwardEuler-Equation_lumped_mg_coarse_ solve converged due to CONVERGED_ITS iterations 1
                                      Linear BackwardEuler-Equation_lumped_mg_coarse_ solve converged due to CONVERGED_ITS iterations 1
                                      Linear BackwardEuler-Equation_lumped_mg_coarse_ solve converged due to CONVERGED_ITS iterations 1
                                      Linear BackwardEuler-Equation_lumped_mg_coarse_ solve converged due to CONVERGED_ITS iterations 1
                                      Linear BackwardEuler-Equation_lumped_mg_coarse_ solve converged due to CONVERGED_ITS iterations 1
                                      Linear BackwardEuler-Equation_lumped_mg_coarse_ solve converged due to CONVERGED_ITS iterations 1
                                      Linear BackwardEuler-Equation_lumped_mg_coarse_ solve converged due to CONVERGED_ITS iterations 1
                                      Linear BackwardEuler-Equation_lumped_mg_coarse_ solve converged due to CONVERGED_ITS iterations 1
                                      Linear BackwardEuler-Equation_lumped_mg_coarse_ solve converged due to CONVERGED_ITS iterations 1
                                      Linear BackwardEuler-Equation_lumped_mg_coarse_ solve converged due to CONVERGED_ITS iterations 1
                                      Linear BackwardEuler-Equation_lumped_mg_coarse_ solve converged due to CONVERGED_ITS iterations 1
                                      Linear BackwardEuler-Equation_lumped_mg_coarse_ solve converged due to CONVERGED_ITS iterations 1
                                      Linear BackwardEuler-Equation_lumped_mg_coarse_ solve converged due to CONVERGED_ITS iterations 1
                                      Linear BackwardEuler-Equation_lumped_mg_coarse_ solve converged due to CONVERGED_ITS iterations 1
                                      Linear BackwardEuler-Equation_lumped_mg_coarse_ solve converged due to CONVERGED_ITS iterations 1
                                      Linear BackwardEuler-Equation_lumped_mg_coarse_ solve converged due to CONVERGED_ITS iterations 1
                                      Linear BackwardEuler-Equation_lumped_mg_coarse_ solve converged due to CONVERGED_ITS iterations 1
                                      Linear BackwardEuler-Equation_lumped_mg_coarse_ solve converged due to CONVERGED_ITS iterations 1
                                      Linear BackwardEuler-Equation_lumped_mg_coarse_ solve converged due to CONVERGED_ITS iterations 1
                                      Linear BackwardEuler-Equation_lumped_mg_coarse_ solve converged due to CONVERGED_ITS iterations 1
                                      Linear BackwardEuler-Equation_lumped_mg_coarse_ solve converged due to CONVERGED_ITS iterations 1
                                      Linear BackwardEuler-Equation_lumped_mg_coarse_ solve converged due to CONVERGED_ITS iterations 1
                                      Linear BackwardEuler-Equation_lumped_mg_coarse_ solve converged due to CONVERGED_ITS iterations 1
                                      Linear BackwardEuler-Equation_lumped_mg_coarse_ solve converged due to CONVERGED_ITS iterations 1
                                      Linear BackwardEuler-Equation_lumped_mg_coarse_ solve converged due to CONVERGED_ITS iterations 1
                                      Linear BackwardEuler-Equation_lumped_mg_coarse_ solve converged due to CONVERGED_ITS iterations 1
                                      Linear BackwardEuler-Equation_lumped_mg_coarse_ solve converged due to CONVERGED_ITS iterations 1
                                      Linear BackwardEuler-Equation_lumped_mg_coarse_ solve converged due to CONVERGED_ITS iterations 1
                                Linear BackwardEuler-Equation_ solve converged due to CONVERGED_RTOL iterations 32
                            Mat Object: (BackwardEuler-Equation_) 832 MPI processes
                              type: mpiaij
                              rows=143769600, cols=143769600
                              total: nonzeros=8024555520, allocated nonzeros=8024555520
                              total number of mallocs used during MatSetValues calls=0
                                has attached near null space
                                using I-node (on process 0) routines: found 43680 nodes, limit used is 5
                              1 SNES Function norm 5.476638547887e-09
                              Nonlinear BackwardEuler-Equation_ solve converged due to CONVERGED_FNORM_ABS iterations 1
                            SNES Object: (BackwardEuler-Equation_) 832 MPI processes
                              type: newtonls
                              maximum iterations=50, maximum function evaluations=10000
                              tolerances: relative=1e-08, absolute=1e-08, solution=1e-08
                              total number of linear solver iterations=32
                              total number of function evaluations=2
                              norm schedule ALWAYS
                              SNESLineSearch Object: (BackwardEuler-Equation_) 832 MPI processes
                                type: bt
                                  interpolation: cubic
                                  alpha=1.000000e-04
                                maxlambda=1.000000e+00, minlambda=1.000000e-12
                                tolerances: relative=1.000000e-08, absolute=1.000000e-15, lambda=1.000000e-08
                                maximum iterations=40
                              KSP Object: (BackwardEuler-Equation_) 832 MPI processes
                                type: fgmres
                                  restart=30, using classical (unmodified) Gram-Schmidt orthogonalization with no iterative refinement
                                  happy breakdown tolerance=1e-30
                                maximum iterations=200, initial guess is zero
                                tolerances: relative=1e-06, absolute=1e-50, divergence=10000.
                                right preconditioning
                                using UNPRECONDITIONED norm type for convergence test
                              PC Object: (BackwardEuler-Equation_) 832 MPI processes
                                type: python
                                  Python: solvers.vlumping.VerticallyLumpedPC
                                Firedrake custom preconditioner VerticallyLumpedPC
                                  Vertically lumped MG: collapses vertical dimension on coarse level (cf. Kramer et al. 2010)
                                  PC Object: (BackwardEuler-Equation_lumped_) 832 MPI processes
                                    type: mg
                                      type is MULTIPLICATIVE, levels=2 cycles=v
                                        Cycles per PCApply=1
                                        Using Galerkin computed coarse grid matrices
                                    Coarse grid solver -- level 0 -------------------------------
                                      KSP Object: (BackwardEuler-Equation_lumped_mg_coarse_) 832 MPI processes
                                        type: preonly
                                        maximum iterations=10000, initial guess is zero
                                        tolerances: relative=1e-05, absolute=1e-50, divergence=10000.
                                        left preconditioning
                                        not checking for convergence
                                      PC Object: (BackwardEuler-Equation_lumped_mg_coarse_) 832 MPI processes
                                        type: lu
                                          out-of-place factorization
                                          tolerance for zero pivot 2.22045e-14
                                          matrix ordering: external
                                          factor fill ratio given 0., needed 0.
                                            Factored matrix:
                                              Mat Object: (BackwardEuler-Equation_lumped_mg_coarse_) 832 MPI processes
                                                type: mumps
                                                rows=230400, cols=230400
                                                package used to perform factorization: mumps
                                                total: nonzeros=53758496, allocated nonzeros=53758496
                                                  MUMPS run parameters:
                                                    Use -BackwardEuler-Equation_lumped_mg_coarse_ksp_view ::ascii_info_detail to display information for all processes
                                                    RINFOG(1) (global estimated flops for the elimination after analysis): 2.22887e+10
                                                    RINFOG(2) (global estimated flops for the assembly after factorization): 8.66561e+07
                                                    RINFOG(3) (global estimated flops for the elimination after factorization): 2.22887e+10
                                                    (RINFOG(12) RINFOG(13))*2^INFOG(34) (determinant): (0.,0.)*(2^0)
                                                    INFOG(3) (estimated real workspace for factors on all processors after analysis): 132305132
                                                    INFOG(4) (estimated integer workspace for factors on all processors after analysis): 3276560
                                                    INFOG(5) (estimated maximum front size in the complete tree): 1604
                                                    INFOG(6) (number of nodes in the complete tree): 12693
                                                    INFOG(7) (ordering option effectively used after analysis): 5
                                                    INFOG(8) (structural symmetry in percent of the permuted matrix after analysis): -1
                                                    INFOG(9) (total real/complex workspace to store the matrix factors after factorization): 53758496
                                                    INFOG(10) (total integer space store the matrix factors after factorization): 2959272
                                                    INFOG(11) (order of largest frontal matrix after factorization): 1604
                                                    INFOG(12) (number of off-diagonal pivots): 0
                                                    INFOG(13) (number of delayed pivots after factorization): 0
                                                    INFOG(14) (number of memory compress after factorization): 0
                                                    INFOG(15) (number of steps of iterative refinement after solution): 0
                                                    INFOG(16) (estimated size (in MB) of all MUMPS internal data for factorization after analysis: value on the most memory consuming processor): 292
                                                    INFOG(17) (estimated size of all MUMPS internal data for factorization after analysis: sum over all processors): 230028
                                                    INFOG(18) (size of all MUMPS internal data allocated during factorization: value on the most memory consuming processor): 292
                                                    INFOG(19) (size of all MUMPS internal data allocated during factorization: sum over all processors): 229983
                                                    INFOG(20) (estimated number of entries in the factors): 53758496
                                                    INFOG(21) (size in MB of memory effectively used during factorization - value on the most memory consuming processor): 286
                                                    INFOG(22) (size in MB of memory effectively used during factorization - sum over all processors): 225246
                                                    INFOG(23) (after analysis: value of ICNTL(6) effectively used): 0
                                                    INFOG(24) (after analysis: value of ICNTL(12) effectively used): 1
                                                    INFOG(25) (after factorization: number of pivots modified by static pivoting): 0
                                                    INFOG(28) (after factorization: number of null pivots encountered): 0
                                                    INFOG(29) (after factorization: effective number of entries in the factors (sum over all processors)): 53758496
                                                    INFOG(30, 31) (after solution: size in Mbytes of memory used during solution phase): 52, 28284
                                                    INFOG(32) (after analysis: type of analysis done): 1
                                                    INFOG(33) (value used for ICNTL(8)): 7
                                                    INFOG(34) (exponent of the determinant if determinant is requested): 0
                                                    INFOG(35) (after factorization: number of entries taking into account BLR factor compression - sum over all processors): 53758496
                                                    INFOG(36) (after analysis: estimated size of all MUMPS internal data for running BLR in-core - value on the most memory consuming processor): 0
                                                    INFOG(37) (after analysis: estimated size of all MUMPS internal data for running BLR in-core - sum over all processors): 0
                                                    INFOG(38) (after analysis: estimated size of all MUMPS internal data for running BLR out-of-core - value on the most memory consuming processor): 0
                                                    INFOG(39) (after analysis: estimated size of all MUMPS internal data for running BLR out-of-core - sum over all processors): 0
                                        linear system matrix, which is also used to construct the preconditioner:
                                        Mat Object: 832 MPI processes
                                          type: mpiaij
                                          rows=230400, cols=230400
                                          total: nonzeros=4592640, allocated nonzeros=4592640
                                          total number of mallocs used during MatSetValues calls=0
                                            using nonscalable MatPtAP() implementation
                                            using I-node (on process 0) routines: found 70 nodes, limit used is 5
                                    Down solver (pre-smoother) on level 1 -------------------------------
                                      KSP Object: (BackwardEuler-Equation_lumped_mg_levels_1_) 832 MPI processes
                                        type: chebyshev
                                          Chebyshev polynomial of first kind
                                          eigenvalue targets used: min 0.192085, max 2.11294
                                          eigenvalues estimated via gmres: min 0.0556993, max 1.92085
                                          eigenvalues estimated using gmres with transform: [0. 0.1; 0. 1.1]
                                          KSP Object: (BackwardEuler-Equation_lumped_mg_levels_1_esteig_) 832 MPI processes
                                            type: gmres
                                              restart=30, using classical (unmodified) Gram-Schmidt orthogonalization with no iterative refinement
                                              happy breakdown tolerance=1e-30
                                            maximum iterations=10, initial guess is zero
                                            tolerances: relative=1e-12, absolute=1e-50, divergence=10000.
                                            left preconditioning
                                            using PRECONDITIONED norm type for convergence test
                                          estimating eigenvalues using a noisy random number generated right-hand side
                                        maximum iterations=4, nonzero initial guess
                                        tolerances: relative=1e-05, absolute=1e-50, divergence=10000.
                                        left preconditioning
                                        not checking for convergence
                                      PC Object: (BackwardEuler-Equation_lumped_mg_levels_1_) 832 MPI processes
                                        type: bjacobi
                                          number of blocks = 832
                                          Local solver information for first block is in the following KSP and PC objects on rank 0:
                                          Use -BackwardEuler-Equation_lumped_mg_levels_1_ksp_view ::ascii_info_detail to display information for all blocks
                                          KSP Object: (BackwardEuler-Equation_lumped_mg_levels_1_sub_) 1 MPI process
                                            type: preonly
                                            maximum iterations=10000, initial guess is zero
                                            tolerances: relative=1e-05, absolute=1e-50, divergence=10000.
                                            left preconditioning
                                            not checking for convergence
                                          PC Object: (BackwardEuler-Equation_lumped_mg_levels_1_sub_) 1 MPI process
                                            type: ilu
                                              out-of-place factorization
                                              0 levels of fill
                                              tolerance for zero pivot 2.22045e-14
                                              matrix ordering: natural
                                              factor fill ratio given 1., needed 1.
                                                Factored matrix:
                                                  Mat Object: (BackwardEuler-Equation_lumped_mg_levels_1_sub_) 1 MPI process
                                                    type: seqaij
                                                    rows=174720, cols=174720
                                                    package used to perform factorization: petsc
                                                    total: nonzeros=9096448, allocated nonzeros=9096448
                                                      using I-node routines: found 43680 nodes, limit used is 5
                                            linear system matrix, which is also used to construct the preconditioner:
                                            Mat Object: (BackwardEuler-Equation_lumped_mg_levels_1_sub_) 1 MPI process
                                              type: seqaij
                                              rows=174720, cols=174720
                                              total: nonzeros=9096448, allocated nonzeros=9096448
                                              total number of mallocs used during MatSetValues calls=0
                                                using I-node routines: found 43680 nodes, limit used is 5
                                        linear system matrix, which is also used to construct the preconditioner:
                                        Mat Object: (BackwardEuler-Equation_) 832 MPI processes
                                          type: mpiaij
                                          rows=143769600, cols=143769600
                                          total: nonzeros=8024555520, allocated nonzeros=8024555520
                                          total number of mallocs used during MatSetValues calls=0
                                            has attached near null space
                                            using I-node (on process 0) routines: found 43680 nodes, limit used is 5
                                    Up solver (post-smoother) same as down solver (pre-smoother)
                                    linear system matrix, which is also used to construct the preconditioner:
                                    Mat Object: (BackwardEuler-Equation_) 832 MPI processes
                                      type: mpiaij
                                      rows=143769600, cols=143769600
                                      total: nonzeros=8024555520, allocated nonzeros=8024555520
                                      total number of mallocs used during MatSetValues calls=0
                                        has attached near null space
                                        using I-node (on process 0) routines: found 43680 nodes, limit used is 5
                                  linear system matrix, which is also used to construct the preconditioner:
                                  Mat Object: (BackwardEuler-Equation_) 832 MPI processes
                                    type: mpiaij
                                    rows=143769600, cols=143769600
                                    total: nonzeros=8024555520, allocated nonzeros=8024555520
                                    total number of mallocs used during MatSetValues calls=0
                                      has attached near null space
                                      using I-node (on process 0) routines: found 43680 nodes, limit used is 5
t = 4500.00 s | step 15/30 | wall 19.01 s | NL 1 | L 32
                                0 SNES Function norm 3.946672927948e-07
                                        Linear BackwardEuler-Equation_lumped_mg_coarse_ solve converged due to CONVERGED_ITS iterations 1
                                        Linear BackwardEuler-Equation_lumped_mg_coarse_ solve converged due to CONVERGED_ITS iterations 1
                                        Linear BackwardEuler-Equation_lumped_mg_coarse_ solve converged due to CONVERGED_ITS iterations 1
                                        Linear BackwardEuler-Equation_lumped_mg_coarse_ solve converged due to CONVERGED_ITS iterations 1
                                        Linear BackwardEuler-Equation_lumped_mg_coarse_ solve converged due to CONVERGED_ITS iterations 1
                                        Linear BackwardEuler-Equation_lumped_mg_coarse_ solve converged due to CONVERGED_ITS iterations 1
                                        Linear BackwardEuler-Equation_lumped_mg_coarse_ solve converged due to CONVERGED_ITS iterations 1
                                        Linear BackwardEuler-Equation_lumped_mg_coarse_ solve converged due to CONVERGED_ITS iterations 1
                                        Linear BackwardEuler-Equation_lumped_mg_coarse_ solve converged due to CONVERGED_ITS iterations 1
                                        Linear BackwardEuler-Equation_lumped_mg_coarse_ solve converged due to CONVERGED_ITS iterations 1
                                        Linear BackwardEuler-Equation_lumped_mg_coarse_ solve converged due to CONVERGED_ITS iterations 1
                                        Linear BackwardEuler-Equation_lumped_mg_coarse_ solve converged due to CONVERGED_ITS iterations 1
                                        Linear BackwardEuler-Equation_lumped_mg_coarse_ solve converged due to CONVERGED_ITS iterations 1
                                        Linear BackwardEuler-Equation_lumped_mg_coarse_ solve converged due to CONVERGED_ITS iterations 1
                                        Linear BackwardEuler-Equation_lumped_mg_coarse_ solve converged due to CONVERGED_ITS iterations 1
                                        Linear BackwardEuler-Equation_lumped_mg_coarse_ solve converged due to CONVERGED_ITS iterations 1
                                        Linear BackwardEuler-Equation_lumped_mg_coarse_ solve converged due to CONVERGED_ITS iterations 1
                                        Linear BackwardEuler-Equation_lumped_mg_coarse_ solve converged due to CONVERGED_ITS iterations 1
                                        Linear BackwardEuler-Equation_lumped_mg_coarse_ solve converged due to CONVERGED_ITS iterations 1
                                        Linear BackwardEuler-Equation_lumped_mg_coarse_ solve converged due to CONVERGED_ITS iterations 1
                                        Linear BackwardEuler-Equation_lumped_mg_coarse_ solve converged due to CONVERGED_ITS iterations 1
                                        Linear BackwardEuler-Equation_lumped_mg_coarse_ solve converged due to CONVERGED_ITS iterations 1
                                        Linear BackwardEuler-Equation_lumped_mg_coarse_ solve converged due to CONVERGED_ITS iterations 1
                                        Linear BackwardEuler-Equation_lumped_mg_coarse_ solve converged due to CONVERGED_ITS iterations 1
                                        Linear BackwardEuler-Equation_lumped_mg_coarse_ solve converged due to CONVERGED_ITS iterations 1
                                        Linear BackwardEuler-Equation_lumped_mg_coarse_ solve converged due to CONVERGED_ITS iterations 1
                                        Linear BackwardEuler-Equation_lumped_mg_coarse_ solve converged due to CONVERGED_ITS iterations 1
                                        Linear BackwardEuler-Equation_lumped_mg_coarse_ solve converged due to CONVERGED_ITS iterations 1
                                        Linear BackwardEuler-Equation_lumped_mg_coarse_ solve converged due to CONVERGED_ITS iterations 1
                                        Linear BackwardEuler-Equation_lumped_mg_coarse_ solve converged due to CONVERGED_ITS iterations 1
                                        Linear BackwardEuler-Equation_lumped_mg_coarse_ solve converged due to CONVERGED_ITS iterations 1
                                        Linear BackwardEuler-Equation_lumped_mg_coarse_ solve converged due to CONVERGED_ITS iterations 1
                                  Linear BackwardEuler-Equation_ solve converged due to CONVERGED_RTOL iterations 32
                              Mat Object: (BackwardEuler-Equation_) 832 MPI processes
                                type: mpiaij
                                rows=143769600, cols=143769600
                                total: nonzeros=8024555520, allocated nonzeros=8024555520
                                total number of mallocs used during MatSetValues calls=0
                                  has attached near null space
                                  using I-node (on process 0) routines: found 43680 nodes, limit used is 5
                                1 SNES Function norm 5.315798364433e-09
                                Nonlinear BackwardEuler-Equation_ solve converged due to CONVERGED_FNORM_ABS iterations 1
                              SNES Object: (BackwardEuler-Equation_) 832 MPI processes
                                type: newtonls
                                maximum iterations=50, maximum function evaluations=10000
                                tolerances: relative=1e-08, absolute=1e-08, solution=1e-08
                                total number of linear solver iterations=32
                                total number of function evaluations=2
                                norm schedule ALWAYS
                                SNESLineSearch Object: (BackwardEuler-Equation_) 832 MPI processes
                                  type: bt
                                    interpolation: cubic
                                    alpha=1.000000e-04
                                  maxlambda=1.000000e+00, minlambda=1.000000e-12
                                  tolerances: relative=1.000000e-08, absolute=1.000000e-15, lambda=1.000000e-08
                                  maximum iterations=40
                                KSP Object: (BackwardEuler-Equation_) 832 MPI processes
                                  type: fgmres
                                    restart=30, using classical (unmodified) Gram-Schmidt orthogonalization with no iterative refinement
                                    happy breakdown tolerance=1e-30
                                  maximum iterations=200, initial guess is zero
                                  tolerances: relative=1e-06, absolute=1e-50, divergence=10000.
                                  right preconditioning
                                  using UNPRECONDITIONED norm type for convergence test
                                PC Object: (BackwardEuler-Equation_) 832 MPI processes
                                  type: python
                                    Python: solvers.vlumping.VerticallyLumpedPC
                                  Firedrake custom preconditioner VerticallyLumpedPC
                                    Vertically lumped MG: collapses vertical dimension on coarse level (cf. Kramer et al. 2010)
                                    PC Object: (BackwardEuler-Equation_lumped_) 832 MPI processes
                                      type: mg
                                        type is MULTIPLICATIVE, levels=2 cycles=v
                                          Cycles per PCApply=1
                                          Using Galerkin computed coarse grid matrices
                                      Coarse grid solver -- level 0 -------------------------------
                                        KSP Object: (BackwardEuler-Equation_lumped_mg_coarse_) 832 MPI processes
                                          type: preonly
                                          maximum iterations=10000, initial guess is zero
                                          tolerances: relative=1e-05, absolute=1e-50, divergence=10000.
                                          left preconditioning
                                          not checking for convergence
                                        PC Object: (BackwardEuler-Equation_lumped_mg_coarse_) 832 MPI processes
                                          type: lu
                                            out-of-place factorization
                                            tolerance for zero pivot 2.22045e-14
                                            matrix ordering: external
                                            factor fill ratio given 0., needed 0.
                                              Factored matrix:
                                                Mat Object: (BackwardEuler-Equation_lumped_mg_coarse_) 832 MPI processes
                                                  type: mumps
                                                  rows=230400, cols=230400
                                                  package used to perform factorization: mumps
                                                  total: nonzeros=53758496, allocated nonzeros=53758496
                                                    MUMPS run parameters:
                                                      Use -BackwardEuler-Equation_lumped_mg_coarse_ksp_view ::ascii_info_detail to display information for all processes
                                                      RINFOG(1) (global estimated flops for the elimination after analysis): 2.22887e+10
                                                      RINFOG(2) (global estimated flops for the assembly after factorization): 8.66561e+07
                                                      RINFOG(3) (global estimated flops for the elimination after factorization): 2.22887e+10
                                                      (RINFOG(12) RINFOG(13))*2^INFOG(34) (determinant): (0.,0.)*(2^0)
                                                      INFOG(3) (estimated real workspace for factors on all processors after analysis): 132305132
                                                      INFOG(4) (estimated integer workspace for factors on all processors after analysis): 3276560
                                                      INFOG(5) (estimated maximum front size in the complete tree): 1604
                                                      INFOG(6) (number of nodes in the complete tree): 12693
                                                      INFOG(7) (ordering option effectively used after analysis): 5
                                                      INFOG(8) (structural symmetry in percent of the permuted matrix after analysis): -1
                                                      INFOG(9) (total real/complex workspace to store the matrix factors after factorization): 53758496
                                                      INFOG(10) (total integer space store the matrix factors after factorization): 2959272
                                                      INFOG(11) (order of largest frontal matrix after factorization): 1604
                                                      INFOG(12) (number of off-diagonal pivots): 0
                                                      INFOG(13) (number of delayed pivots after factorization): 0
                                                      INFOG(14) (number of memory compress after factorization): 0
                                                      INFOG(15) (number of steps of iterative refinement after solution): 0
                                                      INFOG(16) (estimated size (in MB) of all MUMPS internal data for factorization after analysis: value on the most memory consuming processor): 292
                                                      INFOG(17) (estimated size of all MUMPS internal data for factorization after analysis: sum over all processors): 230028
                                                      INFOG(18) (size of all MUMPS internal data allocated during factorization: value on the most memory consuming processor): 292
                                                      INFOG(19) (size of all MUMPS internal data allocated during factorization: sum over all processors): 229983
                                                      INFOG(20) (estimated number of entries in the factors): 53758496
                                                      INFOG(21) (size in MB of memory effectively used during factorization - value on the most memory consuming processor): 286
                                                      INFOG(22) (size in MB of memory effectively used during factorization - sum over all processors): 225254
                                                      INFOG(23) (after analysis: value of ICNTL(6) effectively used): 0
                                                      INFOG(24) (after analysis: value of ICNTL(12) effectively used): 1
                                                      INFOG(25) (after factorization: number of pivots modified by static pivoting): 0
                                                      INFOG(28) (after factorization: number of null pivots encountered): 0
                                                      INFOG(29) (after factorization: effective number of entries in the factors (sum over all processors)): 53758496
                                                      INFOG(30, 31) (after solution: size in Mbytes of memory used during solution phase): 52, 28284
                                                      INFOG(32) (after analysis: type of analysis done): 1
                                                      INFOG(33) (value used for ICNTL(8)): 7
                                                      INFOG(34) (exponent of the determinant if determinant is requested): 0
                                                      INFOG(35) (after factorization: number of entries taking into account BLR factor compression - sum over all processors): 53758496
                                                      INFOG(36) (after analysis: estimated size of all MUMPS internal data for running BLR in-core - value on the most memory consuming processor): 0
                                                      INFOG(37) (after analysis: estimated size of all MUMPS internal data for running BLR in-core - sum over all processors): 0
                                                      INFOG(38) (after analysis: estimated size of all MUMPS internal data for running BLR out-of-core - value on the most memory consuming processor): 0
                                                      INFOG(39) (after analysis: estimated size of all MUMPS internal data for running BLR out-of-core - sum over all processors): 0
                                          linear system matrix, which is also used to construct the preconditioner:
                                          Mat Object: 832 MPI processes
                                            type: mpiaij
                                            rows=230400, cols=230400
                                            total: nonzeros=4592640, allocated nonzeros=4592640
                                            total number of mallocs used during MatSetValues calls=0
                                              using nonscalable MatPtAP() implementation
                                              using I-node (on process 0) routines: found 70 nodes, limit used is 5
                                      Down solver (pre-smoother) on level 1 -------------------------------
                                        KSP Object: (BackwardEuler-Equation_lumped_mg_levels_1_) 832 MPI processes
                                          type: chebyshev
                                            Chebyshev polynomial of first kind
                                            eigenvalue targets used: min 0.192085, max 2.11294
                                            eigenvalues estimated via gmres: min 0.055702, max 1.92085
                                            eigenvalues estimated using gmres with transform: [0. 0.1; 0. 1.1]
                                            KSP Object: (BackwardEuler-Equation_lumped_mg_levels_1_esteig_) 832 MPI processes
                                              type: gmres
                                                restart=30, using classical (unmodified) Gram-Schmidt orthogonalization with no iterative refinement
                                                happy breakdown tolerance=1e-30
                                              maximum iterations=10, initial guess is zero
                                              tolerances: relative=1e-12, absolute=1e-50, divergence=10000.
                                              left preconditioning
                                              using PRECONDITIONED norm type for convergence test
                                            estimating eigenvalues using a noisy random number generated right-hand side
                                          maximum iterations=4, nonzero initial guess
                                          tolerances: relative=1e-05, absolute=1e-50, divergence=10000.
                                          left preconditioning
                                          not checking for convergence
                                        PC Object: (BackwardEuler-Equation_lumped_mg_levels_1_) 832 MPI processes
                                          type: bjacobi
                                            number of blocks = 832
                                            Local solver information for first block is in the following KSP and PC objects on rank 0:
                                            Use -BackwardEuler-Equation_lumped_mg_levels_1_ksp_view ::ascii_info_detail to display information for all blocks
                                            KSP Object: (BackwardEuler-Equation_lumped_mg_levels_1_sub_) 1 MPI process
                                              type: preonly
                                              maximum iterations=10000, initial guess is zero
                                              tolerances: relative=1e-05, absolute=1e-50, divergence=10000.
                                              left preconditioning
                                              not checking for convergence
                                            PC Object: (BackwardEuler-Equation_lumped_mg_levels_1_sub_) 1 MPI process
                                              type: ilu
                                                out-of-place factorization
                                                0 levels of fill
                                                tolerance for zero pivot 2.22045e-14
                                                matrix ordering: natural
                                                factor fill ratio given 1., needed 1.
                                                  Factored matrix:
                                                    Mat Object: (BackwardEuler-Equation_lumped_mg_levels_1_sub_) 1 MPI process
                                                      type: seqaij
                                                      rows=174720, cols=174720
                                                      package used to perform factorization: petsc
                                                      total: nonzeros=9096448, allocated nonzeros=9096448
                                                        using I-node routines: found 43680 nodes, limit used is 5
                                              linear system matrix, which is also used to construct the preconditioner:
                                              Mat Object: (BackwardEuler-Equation_lumped_mg_levels_1_sub_) 1 MPI process
                                                type: seqaij
                                                rows=174720, cols=174720
                                                total: nonzeros=9096448, allocated nonzeros=9096448
                                                total number of mallocs used during MatSetValues calls=0
                                                  using I-node routines: found 43680 nodes, limit used is 5
                                          linear system matrix, which is also used to construct the preconditioner:
                                          Mat Object: (BackwardEuler-Equation_) 832 MPI processes
                                            type: mpiaij
                                            rows=143769600, cols=143769600
                                            total: nonzeros=8024555520, allocated nonzeros=8024555520
                                            total number of mallocs used during MatSetValues calls=0
                                              has attached near null space
                                              using I-node (on process 0) routines: found 43680 nodes, limit used is 5
                                      Up solver (post-smoother) same as down solver (pre-smoother)
                                      linear system matrix, which is also used to construct the preconditioner:
                                      Mat Object: (BackwardEuler-Equation_) 832 MPI processes
                                        type: mpiaij
                                        rows=143769600, cols=143769600
                                        total: nonzeros=8024555520, allocated nonzeros=8024555520
                                        total number of mallocs used during MatSetValues calls=0
                                          has attached near null space
                                          using I-node (on process 0) routines: found 43680 nodes, limit used is 5
                                    linear system matrix, which is also used to construct the preconditioner:
                                    Mat Object: (BackwardEuler-Equation_) 832 MPI processes
                                      type: mpiaij
                                      rows=143769600, cols=143769600
                                      total: nonzeros=8024555520, allocated nonzeros=8024555520
                                      total number of mallocs used during MatSetValues calls=0
                                        has attached near null space
                                        using I-node (on process 0) routines: found 43680 nodes, limit used is 5
t = 4800.00 s | step 16/30 | wall 19.03 s | NL 1 | L 32
                                  0 SNES Function norm 3.904817989952e-07
                                          Linear BackwardEuler-Equation_lumped_mg_coarse_ solve converged due to CONVERGED_ITS iterations 1
                                          Linear BackwardEuler-Equation_lumped_mg_coarse_ solve converged due to CONVERGED_ITS iterations 1
                                          Linear BackwardEuler-Equation_lumped_mg_coarse_ solve converged due to CONVERGED_ITS iterations 1
                                          Linear BackwardEuler-Equation_lumped_mg_coarse_ solve converged due to CONVERGED_ITS iterations 1
                                          Linear BackwardEuler-Equation_lumped_mg_coarse_ solve converged due to CONVERGED_ITS iterations 1
                                          Linear BackwardEuler-Equation_lumped_mg_coarse_ solve converged due to CONVERGED_ITS iterations 1
                                          Linear BackwardEuler-Equation_lumped_mg_coarse_ solve converged due to CONVERGED_ITS iterations 1
                                          Linear BackwardEuler-Equation_lumped_mg_coarse_ solve converged due to CONVERGED_ITS iterations 1
                                          Linear BackwardEuler-Equation_lumped_mg_coarse_ solve converged due to CONVERGED_ITS iterations 1
                                          Linear BackwardEuler-Equation_lumped_mg_coarse_ solve converged due to CONVERGED_ITS iterations 1
                                          Linear BackwardEuler-Equation_lumped_mg_coarse_ solve converged due to CONVERGED_ITS iterations 1
                                          Linear BackwardEuler-Equation_lumped_mg_coarse_ solve converged due to CONVERGED_ITS iterations 1
                                          Linear BackwardEuler-Equation_lumped_mg_coarse_ solve converged due to CONVERGED_ITS iterations 1
                                          Linear BackwardEuler-Equation_lumped_mg_coarse_ solve converged due to CONVERGED_ITS iterations 1
                                          Linear BackwardEuler-Equation_lumped_mg_coarse_ solve converged due to CONVERGED_ITS iterations 1
                                          Linear BackwardEuler-Equation_lumped_mg_coarse_ solve converged due to CONVERGED_ITS iterations 1
                                          Linear BackwardEuler-Equation_lumped_mg_coarse_ solve converged due to CONVERGED_ITS iterations 1
                                          Linear BackwardEuler-Equation_lumped_mg_coarse_ solve converged due to CONVERGED_ITS iterations 1
                                          Linear BackwardEuler-Equation_lumped_mg_coarse_ solve converged due to CONVERGED_ITS iterations 1
                                          Linear BackwardEuler-Equation_lumped_mg_coarse_ solve converged due to CONVERGED_ITS iterations 1
                                          Linear BackwardEuler-Equation_lumped_mg_coarse_ solve converged due to CONVERGED_ITS iterations 1
                                          Linear BackwardEuler-Equation_lumped_mg_coarse_ solve converged due to CONVERGED_ITS iterations 1
                                          Linear BackwardEuler-Equation_lumped_mg_coarse_ solve converged due to CONVERGED_ITS iterations 1
                                          Linear BackwardEuler-Equation_lumped_mg_coarse_ solve converged due to CONVERGED_ITS iterations 1
                                          Linear BackwardEuler-Equation_lumped_mg_coarse_ solve converged due to CONVERGED_ITS iterations 1
                                          Linear BackwardEuler-Equation_lumped_mg_coarse_ solve converged due to CONVERGED_ITS iterations 1
                                          Linear BackwardEuler-Equation_lumped_mg_coarse_ solve converged due to CONVERGED_ITS iterations 1
                                          Linear BackwardEuler-Equation_lumped_mg_coarse_ solve converged due to CONVERGED_ITS iterations 1
                                          Linear BackwardEuler-Equation_lumped_mg_coarse_ solve converged due to CONVERGED_ITS iterations 1
                                          Linear BackwardEuler-Equation_lumped_mg_coarse_ solve converged due to CONVERGED_ITS iterations 1
                                          Linear BackwardEuler-Equation_lumped_mg_coarse_ solve converged due to CONVERGED_ITS iterations 1
                                          Linear BackwardEuler-Equation_lumped_mg_coarse_ solve converged due to CONVERGED_ITS iterations 1
                                    Linear BackwardEuler-Equation_ solve converged due to CONVERGED_RTOL iterations 32
                                Mat Object: (BackwardEuler-Equation_) 832 MPI processes
                                  type: mpiaij
                                  rows=143769600, cols=143769600
                                  total: nonzeros=8024555520, allocated nonzeros=8024555520
                                  total number of mallocs used during MatSetValues calls=0
                                    has attached near null space
                                    using I-node (on process 0) routines: found 43680 nodes, limit used is 5
                                  1 SNES Function norm 5.174979052840e-09
                                  Nonlinear BackwardEuler-Equation_ solve converged due to CONVERGED_FNORM_ABS iterations 1
                                SNES Object: (BackwardEuler-Equation_) 832 MPI processes
                                  type: newtonls
                                  maximum iterations=50, maximum function evaluations=10000
                                  tolerances: relative=1e-08, absolute=1e-08, solution=1e-08
                                  total number of linear solver iterations=32
                                  total number of function evaluations=2
                                  norm schedule ALWAYS
                                  SNESLineSearch Object: (BackwardEuler-Equation_) 832 MPI processes
                                    type: bt
                                      interpolation: cubic
                                      alpha=1.000000e-04
                                    maxlambda=1.000000e+00, minlambda=1.000000e-12
                                    tolerances: relative=1.000000e-08, absolute=1.000000e-15, lambda=1.000000e-08
                                    maximum iterations=40
                                  KSP Object: (BackwardEuler-Equation_) 832 MPI processes
                                    type: fgmres
                                      restart=30, using classical (unmodified) Gram-Schmidt orthogonalization with no iterative refinement
                                      happy breakdown tolerance=1e-30
                                    maximum iterations=200, initial guess is zero
                                    tolerances: relative=1e-06, absolute=1e-50, divergence=10000.
                                    right preconditioning
                                    using UNPRECONDITIONED norm type for convergence test
                                  PC Object: (BackwardEuler-Equation_) 832 MPI processes
                                    type: python
                                      Python: solvers.vlumping.VerticallyLumpedPC
                                    Firedrake custom preconditioner VerticallyLumpedPC
                                      Vertically lumped MG: collapses vertical dimension on coarse level (cf. Kramer et al. 2010)
                                      PC Object: (BackwardEuler-Equation_lumped_) 832 MPI processes
                                        type: mg
                                          type is MULTIPLICATIVE, levels=2 cycles=v
                                            Cycles per PCApply=1
                                            Using Galerkin computed coarse grid matrices
                                        Coarse grid solver -- level 0 -------------------------------
                                          KSP Object: (BackwardEuler-Equation_lumped_mg_coarse_) 832 MPI processes
                                            type: preonly
                                            maximum iterations=10000, initial guess is zero
                                            tolerances: relative=1e-05, absolute=1e-50, divergence=10000.
                                            left preconditioning
                                            not checking for convergence
                                          PC Object: (BackwardEuler-Equation_lumped_mg_coarse_) 832 MPI processes
                                            type: lu
                                              out-of-place factorization
                                              tolerance for zero pivot 2.22045e-14
                                              matrix ordering: external
                                              factor fill ratio given 0., needed 0.
                                                Factored matrix:
                                                  Mat Object: (BackwardEuler-Equation_lumped_mg_coarse_) 832 MPI processes
                                                    type: mumps
                                                    rows=230400, cols=230400
                                                    package used to perform factorization: mumps
                                                    total: nonzeros=53758496, allocated nonzeros=53758496
                                                      MUMPS run parameters:
                                                        Use -BackwardEuler-Equation_lumped_mg_coarse_ksp_view ::ascii_info_detail to display information for all processes
                                                        RINFOG(1) (global estimated flops for the elimination after analysis): 2.22887e+10
                                                        RINFOG(2) (global estimated flops for the assembly after factorization): 8.66561e+07
                                                        RINFOG(3) (global estimated flops for the elimination after factorization): 2.22887e+10
                                                        (RINFOG(12) RINFOG(13))*2^INFOG(34) (determinant): (0.,0.)*(2^0)
                                                        INFOG(3) (estimated real workspace for factors on all processors after analysis): 132305132
                                                        INFOG(4) (estimated integer workspace for factors on all processors after analysis): 3276560
                                                        INFOG(5) (estimated maximum front size in the complete tree): 1604
                                                        INFOG(6) (number of nodes in the complete tree): 12693
                                                        INFOG(7) (ordering option effectively used after analysis): 5
                                                        INFOG(8) (structural symmetry in percent of the permuted matrix after analysis): -1
                                                        INFOG(9) (total real/complex workspace to store the matrix factors after factorization): 53758496
                                                        INFOG(10) (total integer space store the matrix factors after factorization): 2959272
                                                        INFOG(11) (order of largest frontal matrix after factorization): 1604
                                                        INFOG(12) (number of off-diagonal pivots): 0
                                                        INFOG(13) (number of delayed pivots after factorization): 0
                                                        INFOG(14) (number of memory compress after factorization): 0
                                                        INFOG(15) (number of steps of iterative refinement after solution): 0
                                                        INFOG(16) (estimated size (in MB) of all MUMPS internal data for factorization after analysis: value on the most memory consuming processor): 292
                                                        INFOG(17) (estimated size of all MUMPS internal data for factorization after analysis: sum over all processors): 230028
                                                        INFOG(18) (size of all MUMPS internal data allocated during factorization: value on the most memory consuming processor): 292
                                                        INFOG(19) (size of all MUMPS internal data allocated during factorization: sum over all processors): 229983
                                                        INFOG(20) (estimated number of entries in the factors): 53758496
                                                        INFOG(21) (size in MB of memory effectively used during factorization - value on the most memory consuming processor): 286
                                                        INFOG(22) (size in MB of memory effectively used during factorization - sum over all processors): 225247
                                                        INFOG(23) (after analysis: value of ICNTL(6) effectively used): 0
                                                        INFOG(24) (after analysis: value of ICNTL(12) effectively used): 1
                                                        INFOG(25) (after factorization: number of pivots modified by static pivoting): 0
                                                        INFOG(28) (after factorization: number of null pivots encountered): 0
                                                        INFOG(29) (after factorization: effective number of entries in the factors (sum over all processors)): 53758496
                                                        INFOG(30, 31) (after solution: size in Mbytes of memory used during solution phase): 52, 28284
                                                        INFOG(32) (after analysis: type of analysis done): 1
                                                        INFOG(33) (value used for ICNTL(8)): 7
                                                        INFOG(34) (exponent of the determinant if determinant is requested): 0
                                                        INFOG(35) (after factorization: number of entries taking into account BLR factor compression - sum over all processors): 53758496
                                                        INFOG(36) (after analysis: estimated size of all MUMPS internal data for running BLR in-core - value on the most memory consuming processor): 0
                                                        INFOG(37) (after analysis: estimated size of all MUMPS internal data for running BLR in-core - sum over all processors): 0
                                                        INFOG(38) (after analysis: estimated size of all MUMPS internal data for running BLR out-of-core - value on the most memory consuming processor): 0
                                                        INFOG(39) (after analysis: estimated size of all MUMPS internal data for running BLR out-of-core - sum over all processors): 0
                                            linear system matrix, which is also used to construct the preconditioner:
                                            Mat Object: 832 MPI processes
                                              type: mpiaij
                                              rows=230400, cols=230400
                                              total: nonzeros=4592640, allocated nonzeros=4592640
                                              total number of mallocs used during MatSetValues calls=0
                                                using nonscalable MatPtAP() implementation
                                                using I-node (on process 0) routines: found 70 nodes, limit used is 5
                                        Down solver (pre-smoother) on level 1 -------------------------------
                                          KSP Object: (BackwardEuler-Equation_lumped_mg_levels_1_) 832 MPI processes
                                            type: chebyshev
                                              Chebyshev polynomial of first kind
                                              eigenvalue targets used: min 0.192085, max 2.11294
                                              eigenvalues estimated via gmres: min 0.0557047, max 1.92085
                                              eigenvalues estimated using gmres with transform: [0. 0.1; 0. 1.1]
                                              KSP Object: (BackwardEuler-Equation_lumped_mg_levels_1_esteig_) 832 MPI processes
                                                type: gmres
                                                  restart=30, using classical (unmodified) Gram-Schmidt orthogonalization with no iterative refinement
                                                  happy breakdown tolerance=1e-30
                                                maximum iterations=10, initial guess is zero
                                                tolerances: relative=1e-12, absolute=1e-50, divergence=10000.
                                                left preconditioning
                                                using PRECONDITIONED norm type for convergence test
                                              estimating eigenvalues using a noisy random number generated right-hand side
                                            maximum iterations=4, nonzero initial guess
                                            tolerances: relative=1e-05, absolute=1e-50, divergence=10000.
                                            left preconditioning
                                            not checking for convergence
                                          PC Object: (BackwardEuler-Equation_lumped_mg_levels_1_) 832 MPI processes
                                            type: bjacobi
                                              number of blocks = 832
                                              Local solver information for first block is in the following KSP and PC objects on rank 0:
                                              Use -BackwardEuler-Equation_lumped_mg_levels_1_ksp_view ::ascii_info_detail to display information for all blocks
                                              KSP Object: (BackwardEuler-Equation_lumped_mg_levels_1_sub_) 1 MPI process
                                                type: preonly
                                                maximum iterations=10000, initial guess is zero
                                                tolerances: relative=1e-05, absolute=1e-50, divergence=10000.
                                                left preconditioning
                                                not checking for convergence
                                              PC Object: (BackwardEuler-Equation_lumped_mg_levels_1_sub_) 1 MPI process
                                                type: ilu
                                                  out-of-place factorization
                                                  0 levels of fill
                                                  tolerance for zero pivot 2.22045e-14
                                                  matrix ordering: natural
                                                  factor fill ratio given 1., needed 1.
                                                    Factored matrix:
                                                      Mat Object: (BackwardEuler-Equation_lumped_mg_levels_1_sub_) 1 MPI process
                                                        type: seqaij
                                                        rows=174720, cols=174720
                                                        package used to perform factorization: petsc
                                                        total: nonzeros=9096448, allocated nonzeros=9096448
                                                          using I-node routines: found 43680 nodes, limit used is 5
                                                linear system matrix, which is also used to construct the preconditioner:
                                                Mat Object: (BackwardEuler-Equation_lumped_mg_levels_1_sub_) 1 MPI process
                                                  type: seqaij
                                                  rows=174720, cols=174720
                                                  total: nonzeros=9096448, allocated nonzeros=9096448
                                                  total number of mallocs used during MatSetValues calls=0
                                                    using I-node routines: found 43680 nodes, limit used is 5
                                            linear system matrix, which is also used to construct the preconditioner:
                                            Mat Object: (BackwardEuler-Equation_) 832 MPI processes
                                              type: mpiaij
                                              rows=143769600, cols=143769600
                                              total: nonzeros=8024555520, allocated nonzeros=8024555520
                                              total number of mallocs used during MatSetValues calls=0
                                                has attached near null space
                                                using I-node (on process 0) routines: found 43680 nodes, limit used is 5
                                        Up solver (post-smoother) same as down solver (pre-smoother)
                                        linear system matrix, which is also used to construct the preconditioner:
                                        Mat Object: (BackwardEuler-Equation_) 832 MPI processes
                                          type: mpiaij
                                          rows=143769600, cols=143769600
                                          total: nonzeros=8024555520, allocated nonzeros=8024555520
                                          total number of mallocs used during MatSetValues calls=0
                                            has attached near null space
                                            using I-node (on process 0) routines: found 43680 nodes, limit used is 5
                                      linear system matrix, which is also used to construct the preconditioner:
                                      Mat Object: (BackwardEuler-Equation_) 832 MPI processes
                                        type: mpiaij
                                        rows=143769600, cols=143769600
                                        total: nonzeros=8024555520, allocated nonzeros=8024555520
                                        total number of mallocs used during MatSetValues calls=0
                                          has attached near null space
                                          using I-node (on process 0) routines: found 43680 nodes, limit used is 5
t = 5100.00 s | step 17/30 | wall 19.08 s | NL 1 | L 32
                                    0 SNES Function norm 3.867024814764e-07
                                            Linear BackwardEuler-Equation_lumped_mg_coarse_ solve converged due to CONVERGED_ITS iterations 1
                                            Linear BackwardEuler-Equation_lumped_mg_coarse_ solve converged due to CONVERGED_ITS iterations 1
                                            Linear BackwardEuler-Equation_lumped_mg_coarse_ solve converged due to CONVERGED_ITS iterations 1
                                            Linear BackwardEuler-Equation_lumped_mg_coarse_ solve converged due to CONVERGED_ITS iterations 1
                                            Linear BackwardEuler-Equation_lumped_mg_coarse_ solve converged due to CONVERGED_ITS iterations 1
                                            Linear BackwardEuler-Equation_lumped_mg_coarse_ solve converged due to CONVERGED_ITS iterations 1
                                            Linear BackwardEuler-Equation_lumped_mg_coarse_ solve converged due to CONVERGED_ITS iterations 1
                                            Linear BackwardEuler-Equation_lumped_mg_coarse_ solve converged due to CONVERGED_ITS iterations 1
                                            Linear BackwardEuler-Equation_lumped_mg_coarse_ solve converged due to CONVERGED_ITS iterations 1
                                            Linear BackwardEuler-Equation_lumped_mg_coarse_ solve converged due to CONVERGED_ITS iterations 1
                                            Linear BackwardEuler-Equation_lumped_mg_coarse_ solve converged due to CONVERGED_ITS iterations 1
                                            Linear BackwardEuler-Equation_lumped_mg_coarse_ solve converged due to CONVERGED_ITS iterations 1
                                            Linear BackwardEuler-Equation_lumped_mg_coarse_ solve converged due to CONVERGED_ITS iterations 1
                                            Linear BackwardEuler-Equation_lumped_mg_coarse_ solve converged due to CONVERGED_ITS iterations 1
                                            Linear BackwardEuler-Equation_lumped_mg_coarse_ solve converged due to CONVERGED_ITS iterations 1
                                            Linear BackwardEuler-Equation_lumped_mg_coarse_ solve converged due to CONVERGED_ITS iterations 1
                                            Linear BackwardEuler-Equation_lumped_mg_coarse_ solve converged due to CONVERGED_ITS iterations 1
                                            Linear BackwardEuler-Equation_lumped_mg_coarse_ solve converged due to CONVERGED_ITS iterations 1
                                            Linear BackwardEuler-Equation_lumped_mg_coarse_ solve converged due to CONVERGED_ITS iterations 1
                                            Linear BackwardEuler-Equation_lumped_mg_coarse_ solve converged due to CONVERGED_ITS iterations 1
                                            Linear BackwardEuler-Equation_lumped_mg_coarse_ solve converged due to CONVERGED_ITS iterations 1
                                            Linear BackwardEuler-Equation_lumped_mg_coarse_ solve converged due to CONVERGED_ITS iterations 1
                                            Linear BackwardEuler-Equation_lumped_mg_coarse_ solve converged due to CONVERGED_ITS iterations 1
                                            Linear BackwardEuler-Equation_lumped_mg_coarse_ solve converged due to CONVERGED_ITS iterations 1
                                            Linear BackwardEuler-Equation_lumped_mg_coarse_ solve converged due to CONVERGED_ITS iterations 1
                                            Linear BackwardEuler-Equation_lumped_mg_coarse_ solve converged due to CONVERGED_ITS iterations 1
                                            Linear BackwardEuler-Equation_lumped_mg_coarse_ solve converged due to CONVERGED_ITS iterations 1
                                            Linear BackwardEuler-Equation_lumped_mg_coarse_ solve converged due to CONVERGED_ITS iterations 1
                                            Linear BackwardEuler-Equation_lumped_mg_coarse_ solve converged due to CONVERGED_ITS iterations 1
                                            Linear BackwardEuler-Equation_lumped_mg_coarse_ solve converged due to CONVERGED_ITS iterations 1
                                            Linear BackwardEuler-Equation_lumped_mg_coarse_ solve converged due to CONVERGED_ITS iterations 1
                                            Linear BackwardEuler-Equation_lumped_mg_coarse_ solve converged due to CONVERGED_ITS iterations 1
                                            Linear BackwardEuler-Equation_lumped_mg_coarse_ solve converged due to CONVERGED_ITS iterations 1
                                      Linear BackwardEuler-Equation_ solve converged due to CONVERGED_RTOL iterations 33
                                  Mat Object: (BackwardEuler-Equation_) 832 MPI processes
                                    type: mpiaij
                                    rows=143769600, cols=143769600
                                    total: nonzeros=8024555520, allocated nonzeros=8024555520
                                    total number of mallocs used during MatSetValues calls=0
                                      has attached near null space
                                      using I-node (on process 0) routines: found 43680 nodes, limit used is 5
                                    1 SNES Function norm 5.050897356600e-09
                                    Nonlinear BackwardEuler-Equation_ solve converged due to CONVERGED_FNORM_ABS iterations 1
                                  SNES Object: (BackwardEuler-Equation_) 832 MPI processes
                                    type: newtonls
                                    maximum iterations=50, maximum function evaluations=10000
                                    tolerances: relative=1e-08, absolute=1e-08, solution=1e-08
                                    total number of linear solver iterations=33
                                    total number of function evaluations=2
                                    norm schedule ALWAYS
                                    SNESLineSearch Object: (BackwardEuler-Equation_) 832 MPI processes
                                      type: bt
                                        interpolation: cubic
                                        alpha=1.000000e-04
                                      maxlambda=1.000000e+00, minlambda=1.000000e-12
                                      tolerances: relative=1.000000e-08, absolute=1.000000e-15, lambda=1.000000e-08
                                      maximum iterations=40
                                    KSP Object: (BackwardEuler-Equation_) 832 MPI processes
                                      type: fgmres
                                        restart=30, using classical (unmodified) Gram-Schmidt orthogonalization with no iterative refinement
                                        happy breakdown tolerance=1e-30
                                      maximum iterations=200, initial guess is zero
                                      tolerances: relative=1e-06, absolute=1e-50, divergence=10000.
                                      right preconditioning
                                      using UNPRECONDITIONED norm type for convergence test
                                    PC Object: (BackwardEuler-Equation_) 832 MPI processes
                                      type: python
                                        Python: solvers.vlumping.VerticallyLumpedPC
                                      Firedrake custom preconditioner VerticallyLumpedPC
                                        Vertically lumped MG: collapses vertical dimension on coarse level (cf. Kramer et al. 2010)
                                        PC Object: (BackwardEuler-Equation_lumped_) 832 MPI processes
                                          type: mg
                                            type is MULTIPLICATIVE, levels=2 cycles=v
                                              Cycles per PCApply=1
                                              Using Galerkin computed coarse grid matrices
                                          Coarse grid solver -- level 0 -------------------------------
                                            KSP Object: (BackwardEuler-Equation_lumped_mg_coarse_) 832 MPI processes
                                              type: preonly
                                              maximum iterations=10000, initial guess is zero
                                              tolerances: relative=1e-05, absolute=1e-50, divergence=10000.
                                              left preconditioning
                                              not checking for convergence
                                            PC Object: (BackwardEuler-Equation_lumped_mg_coarse_) 832 MPI processes
                                              type: lu
                                                out-of-place factorization
                                                tolerance for zero pivot 2.22045e-14
                                                matrix ordering: external
                                                factor fill ratio given 0., needed 0.
                                                  Factored matrix:
                                                    Mat Object: (BackwardEuler-Equation_lumped_mg_coarse_) 832 MPI processes
                                                      type: mumps
                                                      rows=230400, cols=230400
                                                      package used to perform factorization: mumps
                                                      total: nonzeros=53758496, allocated nonzeros=53758496
                                                        MUMPS run parameters:
                                                          Use -BackwardEuler-Equation_lumped_mg_coarse_ksp_view ::ascii_info_detail to display information for all processes
                                                          RINFOG(1) (global estimated flops for the elimination after analysis): 2.22887e+10
                                                          RINFOG(2) (global estimated flops for the assembly after factorization): 8.66561e+07
                                                          RINFOG(3) (global estimated flops for the elimination after factorization): 2.22887e+10
                                                          (RINFOG(12) RINFOG(13))*2^INFOG(34) (determinant): (0.,0.)*(2^0)
                                                          INFOG(3) (estimated real workspace for factors on all processors after analysis): 132305132
                                                          INFOG(4) (estimated integer workspace for factors on all processors after analysis): 3276560
                                                          INFOG(5) (estimated maximum front size in the complete tree): 1604
                                                          INFOG(6) (number of nodes in the complete tree): 12693
                                                          INFOG(7) (ordering option effectively used after analysis): 5
                                                          INFOG(8) (structural symmetry in percent of the permuted matrix after analysis): -1
                                                          INFOG(9) (total real/complex workspace to store the matrix factors after factorization): 53758496
                                                          INFOG(10) (total integer space store the matrix factors after factorization): 2959272
                                                          INFOG(11) (order of largest frontal matrix after factorization): 1604
                                                          INFOG(12) (number of off-diagonal pivots): 0
                                                          INFOG(13) (number of delayed pivots after factorization): 0
                                                          INFOG(14) (number of memory compress after factorization): 0
                                                          INFOG(15) (number of steps of iterative refinement after solution): 0
                                                          INFOG(16) (estimated size (in MB) of all MUMPS internal data for factorization after analysis: value on the most memory consuming processor): 292
                                                          INFOG(17) (estimated size of all MUMPS internal data for factorization after analysis: sum over all processors): 230028
                                                          INFOG(18) (size of all MUMPS internal data allocated during factorization: value on the most memory consuming processor): 292
                                                          INFOG(19) (size of all MUMPS internal data allocated during factorization: sum over all processors): 229983
                                                          INFOG(20) (estimated number of entries in the factors): 53758496
                                                          INFOG(21) (size in MB of memory effectively used during factorization - value on the most memory consuming processor): 286
                                                          INFOG(22) (size in MB of memory effectively used during factorization - sum over all processors): 225253
                                                          INFOG(23) (after analysis: value of ICNTL(6) effectively used): 0
                                                          INFOG(24) (after analysis: value of ICNTL(12) effectively used): 1
                                                          INFOG(25) (after factorization: number of pivots modified by static pivoting): 0
                                                          INFOG(28) (after factorization: number of null pivots encountered): 0
                                                          INFOG(29) (after factorization: effective number of entries in the factors (sum over all processors)): 53758496
                                                          INFOG(30, 31) (after solution: size in Mbytes of memory used during solution phase): 52, 28284
                                                          INFOG(32) (after analysis: type of analysis done): 1
                                                          INFOG(33) (value used for ICNTL(8)): 7
                                                          INFOG(34) (exponent of the determinant if determinant is requested): 0
                                                          INFOG(35) (after factorization: number of entries taking into account BLR factor compression - sum over all processors): 53758496
                                                          INFOG(36) (after analysis: estimated size of all MUMPS internal data for running BLR in-core - value on the most memory consuming processor): 0
                                                          INFOG(37) (after analysis: estimated size of all MUMPS internal data for running BLR in-core - sum over all processors): 0
                                                          INFOG(38) (after analysis: estimated size of all MUMPS internal data for running BLR out-of-core - value on the most memory consuming processor): 0
                                                          INFOG(39) (after analysis: estimated size of all MUMPS internal data for running BLR out-of-core - sum over all processors): 0
                                              linear system matrix, which is also used to construct the preconditioner:
                                              Mat Object: 832 MPI processes
                                                type: mpiaij
                                                rows=230400, cols=230400
                                                total: nonzeros=4592640, allocated nonzeros=4592640
                                                total number of mallocs used during MatSetValues calls=0
                                                  using nonscalable MatPtAP() implementation
                                                  using I-node (on process 0) routines: found 70 nodes, limit used is 5
                                          Down solver (pre-smoother) on level 1 -------------------------------
                                            KSP Object: (BackwardEuler-Equation_lumped_mg_levels_1_) 832 MPI processes
                                              type: chebyshev
                                                Chebyshev polynomial of first kind
                                                eigenvalue targets used: min 0.192085, max 2.11294
                                                eigenvalues estimated via gmres: min 0.0557074, max 1.92085
                                                eigenvalues estimated using gmres with transform: [0. 0.1; 0. 1.1]
                                                KSP Object: (BackwardEuler-Equation_lumped_mg_levels_1_esteig_) 832 MPI processes
                                                  type: gmres
                                                    restart=30, using classical (unmodified) Gram-Schmidt orthogonalization with no iterative refinement
                                                    happy breakdown tolerance=1e-30
                                                  maximum iterations=10, initial guess is zero
                                                  tolerances: relative=1e-12, absolute=1e-50, divergence=10000.
                                                  left preconditioning
                                                  using PRECONDITIONED norm type for convergence test
                                                estimating eigenvalues using a noisy random number generated right-hand side
                                              maximum iterations=4, nonzero initial guess
                                              tolerances: relative=1e-05, absolute=1e-50, divergence=10000.
                                              left preconditioning
                                              not checking for convergence
                                            PC Object: (BackwardEuler-Equation_lumped_mg_levels_1_) 832 MPI processes
                                              type: bjacobi
                                                number of blocks = 832
                                                Local solver information for first block is in the following KSP and PC objects on rank 0:
                                                Use -BackwardEuler-Equation_lumped_mg_levels_1_ksp_view ::ascii_info_detail to display information for all blocks
                                                KSP Object: (BackwardEuler-Equation_lumped_mg_levels_1_sub_) 1 MPI process
                                                  type: preonly
                                                  maximum iterations=10000, initial guess is zero
                                                  tolerances: relative=1e-05, absolute=1e-50, divergence=10000.
                                                  left preconditioning
                                                  not checking for convergence
                                                PC Object: (BackwardEuler-Equation_lumped_mg_levels_1_sub_) 1 MPI process
                                                  type: ilu
                                                    out-of-place factorization
                                                    0 levels of fill
                                                    tolerance for zero pivot 2.22045e-14
                                                    matrix ordering: natural
                                                    factor fill ratio given 1., needed 1.
                                                      Factored matrix:
                                                        Mat Object: (BackwardEuler-Equation_lumped_mg_levels_1_sub_) 1 MPI process
                                                          type: seqaij
                                                          rows=174720, cols=174720
                                                          package used to perform factorization: petsc
                                                          total: nonzeros=9096448, allocated nonzeros=9096448
                                                            using I-node routines: found 43680 nodes, limit used is 5
                                                  linear system matrix, which is also used to construct the preconditioner:
                                                  Mat Object: (BackwardEuler-Equation_lumped_mg_levels_1_sub_) 1 MPI process
                                                    type: seqaij
                                                    rows=174720, cols=174720
                                                    total: nonzeros=9096448, allocated nonzeros=9096448
                                                    total number of mallocs used during MatSetValues calls=0
                                                      using I-node routines: found 43680 nodes, limit used is 5
                                              linear system matrix, which is also used to construct the preconditioner:
                                              Mat Object: (BackwardEuler-Equation_) 832 MPI processes
                                                type: mpiaij
                                                rows=143769600, cols=143769600
                                                total: nonzeros=8024555520, allocated nonzeros=8024555520
                                                total number of mallocs used during MatSetValues calls=0
                                                  has attached near null space
                                                  using I-node (on process 0) routines: found 43680 nodes, limit used is 5
                                          Up solver (post-smoother) same as down solver (pre-smoother)
                                          linear system matrix, which is also used to construct the preconditioner:
                                          Mat Object: (BackwardEuler-Equation_) 832 MPI processes
                                            type: mpiaij
                                            rows=143769600, cols=143769600
                                            total: nonzeros=8024555520, allocated nonzeros=8024555520
                                            total number of mallocs used during MatSetValues calls=0
                                              has attached near null space
                                              using I-node (on process 0) routines: found 43680 nodes, limit used is 5
                                        linear system matrix, which is also used to construct the preconditioner:
                                        Mat Object: (BackwardEuler-Equation_) 832 MPI processes
                                          type: mpiaij
                                          rows=143769600, cols=143769600
                                          total: nonzeros=8024555520, allocated nonzeros=8024555520
                                          total number of mallocs used during MatSetValues calls=0
                                            has attached near null space
                                            using I-node (on process 0) routines: found 43680 nodes, limit used is 5
t = 5400.00 s | step 18/30 | wall 19.54 s | NL 1 | L 33
                                      0 SNES Function norm 3.832762873457e-07
                                              Linear BackwardEuler-Equation_lumped_mg_coarse_ solve converged due to CONVERGED_ITS iterations 1
                                              Linear BackwardEuler-Equation_lumped_mg_coarse_ solve converged due to CONVERGED_ITS iterations 1
                                              Linear BackwardEuler-Equation_lumped_mg_coarse_ solve converged due to CONVERGED_ITS iterations 1
                                              Linear BackwardEuler-Equation_lumped_mg_coarse_ solve converged due to CONVERGED_ITS iterations 1
                                              Linear BackwardEuler-Equation_lumped_mg_coarse_ solve converged due to CONVERGED_ITS iterations 1
                                              Linear BackwardEuler-Equation_lumped_mg_coarse_ solve converged due to CONVERGED_ITS iterations 1
                                              Linear BackwardEuler-Equation_lumped_mg_coarse_ solve converged due to CONVERGED_ITS iterations 1
                                              Linear BackwardEuler-Equation_lumped_mg_coarse_ solve converged due to CONVERGED_ITS iterations 1
                                              Linear BackwardEuler-Equation_lumped_mg_coarse_ solve converged due to CONVERGED_ITS iterations 1
                                              Linear BackwardEuler-Equation_lumped_mg_coarse_ solve converged due to CONVERGED_ITS iterations 1
                                              Linear BackwardEuler-Equation_lumped_mg_coarse_ solve converged due to CONVERGED_ITS iterations 1
                                              Linear BackwardEuler-Equation_lumped_mg_coarse_ solve converged due to CONVERGED_ITS iterations 1
                                              Linear BackwardEuler-Equation_lumped_mg_coarse_ solve converged due to CONVERGED_ITS iterations 1
                                              Linear BackwardEuler-Equation_lumped_mg_coarse_ solve converged due to CONVERGED_ITS iterations 1
                                              Linear BackwardEuler-Equation_lumped_mg_coarse_ solve converged due to CONVERGED_ITS iterations 1
                                              Linear BackwardEuler-Equation_lumped_mg_coarse_ solve converged due to CONVERGED_ITS iterations 1
                                              Linear BackwardEuler-Equation_lumped_mg_coarse_ solve converged due to CONVERGED_ITS iterations 1
                                              Linear BackwardEuler-Equation_lumped_mg_coarse_ solve converged due to CONVERGED_ITS iterations 1
                                              Linear BackwardEuler-Equation_lumped_mg_coarse_ solve converged due to CONVERGED_ITS iterations 1
                                              Linear BackwardEuler-Equation_lumped_mg_coarse_ solve converged due to CONVERGED_ITS iterations 1
                                              Linear BackwardEuler-Equation_lumped_mg_coarse_ solve converged due to CONVERGED_ITS iterations 1
                                              Linear BackwardEuler-Equation_lumped_mg_coarse_ solve converged due to CONVERGED_ITS iterations 1
                                              Linear BackwardEuler-Equation_lumped_mg_coarse_ solve converged due to CONVERGED_ITS iterations 1
                                              Linear BackwardEuler-Equation_lumped_mg_coarse_ solve converged due to CONVERGED_ITS iterations 1
                                              Linear BackwardEuler-Equation_lumped_mg_coarse_ solve converged due to CONVERGED_ITS iterations 1
                                              Linear BackwardEuler-Equation_lumped_mg_coarse_ solve converged due to CONVERGED_ITS iterations 1
                                              Linear BackwardEuler-Equation_lumped_mg_coarse_ solve converged due to CONVERGED_ITS iterations 1
                                              Linear BackwardEuler-Equation_lumped_mg_coarse_ solve converged due to CONVERGED_ITS iterations 1
                                              Linear BackwardEuler-Equation_lumped_mg_coarse_ solve converged due to CONVERGED_ITS iterations 1
                                              Linear BackwardEuler-Equation_lumped_mg_coarse_ solve converged due to CONVERGED_ITS iterations 1
                                              Linear BackwardEuler-Equation_lumped_mg_coarse_ solve converged due to CONVERGED_ITS iterations 1
                                              Linear BackwardEuler-Equation_lumped_mg_coarse_ solve converged due to CONVERGED_ITS iterations 1
                                              Linear BackwardEuler-Equation_lumped_mg_coarse_ solve converged due to CONVERGED_ITS iterations 1
                                        Linear BackwardEuler-Equation_ solve converged due to CONVERGED_RTOL iterations 33
                                    Mat Object: (BackwardEuler-Equation_) 832 MPI processes
                                      type: mpiaij
                                      rows=143769600, cols=143769600
                                      total: nonzeros=8024555520, allocated nonzeros=8024555520
                                      total number of mallocs used during MatSetValues calls=0
                                        has attached near null space
                                        using I-node (on process 0) routines: found 43680 nodes, limit used is 5
                                      1 SNES Function norm 4.940945879927e-09
                                      Nonlinear BackwardEuler-Equation_ solve converged due to CONVERGED_FNORM_ABS iterations 1
                                    SNES Object: (BackwardEuler-Equation_) 832 MPI processes
                                      type: newtonls
                                      maximum iterations=50, maximum function evaluations=10000
                                      tolerances: relative=1e-08, absolute=1e-08, solution=1e-08
                                      total number of linear solver iterations=33
                                      total number of function evaluations=2
                                      norm schedule ALWAYS
                                      SNESLineSearch Object: (BackwardEuler-Equation_) 832 MPI processes
                                        type: bt
                                          interpolation: cubic
                                          alpha=1.000000e-04
                                        maxlambda=1.000000e+00, minlambda=1.000000e-12
                                        tolerances: relative=1.000000e-08, absolute=1.000000e-15, lambda=1.000000e-08
                                        maximum iterations=40
                                      KSP Object: (BackwardEuler-Equation_) 832 MPI processes
                                        type: fgmres
                                          restart=30, using classical (unmodified) Gram-Schmidt orthogonalization with no iterative refinement
                                          happy breakdown tolerance=1e-30
                                        maximum iterations=200, initial guess is zero
                                        tolerances: relative=1e-06, absolute=1e-50, divergence=10000.
                                        right preconditioning
                                        using UNPRECONDITIONED norm type for convergence test
                                      PC Object: (BackwardEuler-Equation_) 832 MPI processes
                                        type: python
                                          Python: solvers.vlumping.VerticallyLumpedPC
                                        Firedrake custom preconditioner VerticallyLumpedPC
                                          Vertically lumped MG: collapses vertical dimension on coarse level (cf. Kramer et al. 2010)
                                          PC Object: (BackwardEuler-Equation_lumped_) 832 MPI processes
                                            type: mg
                                              type is MULTIPLICATIVE, levels=2 cycles=v
                                                Cycles per PCApply=1
                                                Using Galerkin computed coarse grid matrices
                                            Coarse grid solver -- level 0 -------------------------------
                                              KSP Object: (BackwardEuler-Equation_lumped_mg_coarse_) 832 MPI processes
                                                type: preonly
                                                maximum iterations=10000, initial guess is zero
                                                tolerances: relative=1e-05, absolute=1e-50, divergence=10000.
                                                left preconditioning
                                                not checking for convergence
                                              PC Object: (BackwardEuler-Equation_lumped_mg_coarse_) 832 MPI processes
                                                type: lu
                                                  out-of-place factorization
                                                  tolerance for zero pivot 2.22045e-14
                                                  matrix ordering: external
                                                  factor fill ratio given 0., needed 0.
                                                    Factored matrix:
                                                      Mat Object: (BackwardEuler-Equation_lumped_mg_coarse_) 832 MPI processes
                                                        type: mumps
                                                        rows=230400, cols=230400
                                                        package used to perform factorization: mumps
                                                        total: nonzeros=53758496, allocated nonzeros=53758496
                                                          MUMPS run parameters:
                                                            Use -BackwardEuler-Equation_lumped_mg_coarse_ksp_view ::ascii_info_detail to display information for all processes
                                                            RINFOG(1) (global estimated flops for the elimination after analysis): 2.22887e+10
                                                            RINFOG(2) (global estimated flops for the assembly after factorization): 8.66561e+07
                                                            RINFOG(3) (global estimated flops for the elimination after factorization): 2.22887e+10
                                                            (RINFOG(12) RINFOG(13))*2^INFOG(34) (determinant): (0.,0.)*(2^0)
                                                            INFOG(3) (estimated real workspace for factors on all processors after analysis): 132305132
                                                            INFOG(4) (estimated integer workspace for factors on all processors after analysis): 3276560
                                                            INFOG(5) (estimated maximum front size in the complete tree): 1604
                                                            INFOG(6) (number of nodes in the complete tree): 12693
                                                            INFOG(7) (ordering option effectively used after analysis): 5
                                                            INFOG(8) (structural symmetry in percent of the permuted matrix after analysis): -1
                                                            INFOG(9) (total real/complex workspace to store the matrix factors after factorization): 53758496
                                                            INFOG(10) (total integer space store the matrix factors after factorization): 2959272
                                                            INFOG(11) (order of largest frontal matrix after factorization): 1604
                                                            INFOG(12) (number of off-diagonal pivots): 0
                                                            INFOG(13) (number of delayed pivots after factorization): 0
                                                            INFOG(14) (number of memory compress after factorization): 0
                                                            INFOG(15) (number of steps of iterative refinement after solution): 0
                                                            INFOG(16) (estimated size (in MB) of all MUMPS internal data for factorization after analysis: value on the most memory consuming processor): 292
                                                            INFOG(17) (estimated size of all MUMPS internal data for factorization after analysis: sum over all processors): 230028
                                                            INFOG(18) (size of all MUMPS internal data allocated during factorization: value on the most memory consuming processor): 292
                                                            INFOG(19) (size of all MUMPS internal data allocated during factorization: sum over all processors): 229983
                                                            INFOG(20) (estimated number of entries in the factors): 53758496
                                                            INFOG(21) (size in MB of memory effectively used during factorization - value on the most memory consuming processor): 286
                                                            INFOG(22) (size in MB of memory effectively used during factorization - sum over all processors): 225245
                                                            INFOG(23) (after analysis: value of ICNTL(6) effectively used): 0
                                                            INFOG(24) (after analysis: value of ICNTL(12) effectively used): 1
                                                            INFOG(25) (after factorization: number of pivots modified by static pivoting): 0
                                                            INFOG(28) (after factorization: number of null pivots encountered): 0
                                                            INFOG(29) (after factorization: effective number of entries in the factors (sum over all processors)): 53758496
                                                            INFOG(30, 31) (after solution: size in Mbytes of memory used during solution phase): 52, 28284
                                                            INFOG(32) (after analysis: type of analysis done): 1
                                                            INFOG(33) (value used for ICNTL(8)): 7
                                                            INFOG(34) (exponent of the determinant if determinant is requested): 0
                                                            INFOG(35) (after factorization: number of entries taking into account BLR factor compression - sum over all processors): 53758496
                                                            INFOG(36) (after analysis: estimated size of all MUMPS internal data for running BLR in-core - value on the most memory consuming processor): 0
                                                            INFOG(37) (after analysis: estimated size of all MUMPS internal data for running BLR in-core - sum over all processors): 0
                                                            INFOG(38) (after analysis: estimated size of all MUMPS internal data for running BLR out-of-core - value on the most memory consuming processor): 0
                                                            INFOG(39) (after analysis: estimated size of all MUMPS internal data for running BLR out-of-core - sum over all processors): 0
                                                linear system matrix, which is also used to construct the preconditioner:
                                                Mat Object: 832 MPI processes
                                                  type: mpiaij
                                                  rows=230400, cols=230400
                                                  total: nonzeros=4592640, allocated nonzeros=4592640
                                                  total number of mallocs used during MatSetValues calls=0
                                                    using nonscalable MatPtAP() implementation
                                                    using I-node (on process 0) routines: found 70 nodes, limit used is 5
                                            Down solver (pre-smoother) on level 1 -------------------------------
                                              KSP Object: (BackwardEuler-Equation_lumped_mg_levels_1_) 832 MPI processes
                                                type: chebyshev
                                                  Chebyshev polynomial of first kind
                                                  eigenvalue targets used: min 0.192085, max 2.11294
                                                  eigenvalues estimated via gmres: min 0.05571, max 1.92085
                                                  eigenvalues estimated using gmres with transform: [0. 0.1; 0. 1.1]
                                                  KSP Object: (BackwardEuler-Equation_lumped_mg_levels_1_esteig_) 832 MPI processes
                                                    type: gmres
                                                      restart=30, using classical (unmodified) Gram-Schmidt orthogonalization with no iterative refinement
                                                      happy breakdown tolerance=1e-30
                                                    maximum iterations=10, initial guess is zero
                                                    tolerances: relative=1e-12, absolute=1e-50, divergence=10000.
                                                    left preconditioning
                                                    using PRECONDITIONED norm type for convergence test
                                                  estimating eigenvalues using a noisy random number generated right-hand side
                                                maximum iterations=4, nonzero initial guess
                                                tolerances: relative=1e-05, absolute=1e-50, divergence=10000.
                                                left preconditioning
                                                not checking for convergence
                                              PC Object: (BackwardEuler-Equation_lumped_mg_levels_1_) 832 MPI processes
                                                type: bjacobi
                                                  number of blocks = 832
                                                  Local solver information for first block is in the following KSP and PC objects on rank 0:
                                                  Use -BackwardEuler-Equation_lumped_mg_levels_1_ksp_view ::ascii_info_detail to display information for all blocks
                                                  KSP Object: (BackwardEuler-Equation_lumped_mg_levels_1_sub_) 1 MPI process
                                                    type: preonly
                                                    maximum iterations=10000, initial guess is zero
                                                    tolerances: relative=1e-05, absolute=1e-50, divergence=10000.
                                                    left preconditioning
                                                    not checking for convergence
                                                  PC Object: (BackwardEuler-Equation_lumped_mg_levels_1_sub_) 1 MPI process
                                                    type: ilu
                                                      out-of-place factorization
                                                      0 levels of fill
                                                      tolerance for zero pivot 2.22045e-14
                                                      matrix ordering: natural
                                                      factor fill ratio given 1., needed 1.
                                                        Factored matrix:
                                                          Mat Object: (BackwardEuler-Equation_lumped_mg_levels_1_sub_) 1 MPI process
                                                            type: seqaij
                                                            rows=174720, cols=174720
                                                            package used to perform factorization: petsc
                                                            total: nonzeros=9096448, allocated nonzeros=9096448
                                                              using I-node routines: found 43680 nodes, limit used is 5
                                                    linear system matrix, which is also used to construct the preconditioner:
                                                    Mat Object: (BackwardEuler-Equation_lumped_mg_levels_1_sub_) 1 MPI process
                                                      type: seqaij
                                                      rows=174720, cols=174720
                                                      total: nonzeros=9096448, allocated nonzeros=9096448
                                                      total number of mallocs used during MatSetValues calls=0
                                                        using I-node routines: found 43680 nodes, limit used is 5
                                                linear system matrix, which is also used to construct the preconditioner:
                                                Mat Object: (BackwardEuler-Equation_) 832 MPI processes
                                                  type: mpiaij
                                                  rows=143769600, cols=143769600
                                                  total: nonzeros=8024555520, allocated nonzeros=8024555520
                                                  total number of mallocs used during MatSetValues calls=0
                                                    has attached near null space
                                                    using I-node (on process 0) routines: found 43680 nodes, limit used is 5
                                            Up solver (post-smoother) same as down solver (pre-smoother)
                                            linear system matrix, which is also used to construct the preconditioner:
                                            Mat Object: (BackwardEuler-Equation_) 832 MPI processes
                                              type: mpiaij
                                              rows=143769600, cols=143769600
                                              total: nonzeros=8024555520, allocated nonzeros=8024555520
                                              total number of mallocs used during MatSetValues calls=0
                                                has attached near null space
                                                using I-node (on process 0) routines: found 43680 nodes, limit used is 5
                                          linear system matrix, which is also used to construct the preconditioner:
                                          Mat Object: (BackwardEuler-Equation_) 832 MPI processes
                                            type: mpiaij
                                            rows=143769600, cols=143769600
                                            total: nonzeros=8024555520, allocated nonzeros=8024555520
                                            total number of mallocs used during MatSetValues calls=0
                                              has attached near null space
                                              using I-node (on process 0) routines: found 43680 nodes, limit used is 5
t = 5700.00 s | step 19/30 | wall 19.49 s | NL 1 | L 33
                                        0 SNES Function norm 3.801593498246e-07
                                                Linear BackwardEuler-Equation_lumped_mg_coarse_ solve converged due to CONVERGED_ITS iterations 1
                                                Linear BackwardEuler-Equation_lumped_mg_coarse_ solve converged due to CONVERGED_ITS iterations 1
                                                Linear BackwardEuler-Equation_lumped_mg_coarse_ solve converged due to CONVERGED_ITS iterations 1
                                                Linear BackwardEuler-Equation_lumped_mg_coarse_ solve converged due to CONVERGED_ITS iterations 1
                                                Linear BackwardEuler-Equation_lumped_mg_coarse_ solve converged due to CONVERGED_ITS iterations 1
                                                Linear BackwardEuler-Equation_lumped_mg_coarse_ solve converged due to CONVERGED_ITS iterations 1
                                                Linear BackwardEuler-Equation_lumped_mg_coarse_ solve converged due to CONVERGED_ITS iterations 1
                                                Linear BackwardEuler-Equation_lumped_mg_coarse_ solve converged due to CONVERGED_ITS iterations 1
                                                Linear BackwardEuler-Equation_lumped_mg_coarse_ solve converged due to CONVERGED_ITS iterations 1
                                                Linear BackwardEuler-Equation_lumped_mg_coarse_ solve converged due to CONVERGED_ITS iterations 1
                                                Linear BackwardEuler-Equation_lumped_mg_coarse_ solve converged due to CONVERGED_ITS iterations 1
                                                Linear BackwardEuler-Equation_lumped_mg_coarse_ solve converged due to CONVERGED_ITS iterations 1
                                                Linear BackwardEuler-Equation_lumped_mg_coarse_ solve converged due to CONVERGED_ITS iterations 1
                                                Linear BackwardEuler-Equation_lumped_mg_coarse_ solve converged due to CONVERGED_ITS iterations 1
                                                Linear BackwardEuler-Equation_lumped_mg_coarse_ solve converged due to CONVERGED_ITS iterations 1
                                                Linear BackwardEuler-Equation_lumped_mg_coarse_ solve converged due to CONVERGED_ITS iterations 1
                                                Linear BackwardEuler-Equation_lumped_mg_coarse_ solve converged due to CONVERGED_ITS iterations 1
                                                Linear BackwardEuler-Equation_lumped_mg_coarse_ solve converged due to CONVERGED_ITS iterations 1
                                                Linear BackwardEuler-Equation_lumped_mg_coarse_ solve converged due to CONVERGED_ITS iterations 1
                                                Linear BackwardEuler-Equation_lumped_mg_coarse_ solve converged due to CONVERGED_ITS iterations 1
                                                Linear BackwardEuler-Equation_lumped_mg_coarse_ solve converged due to CONVERGED_ITS iterations 1
                                                Linear BackwardEuler-Equation_lumped_mg_coarse_ solve converged due to CONVERGED_ITS iterations 1
                                                Linear BackwardEuler-Equation_lumped_mg_coarse_ solve converged due to CONVERGED_ITS iterations 1
                                                Linear BackwardEuler-Equation_lumped_mg_coarse_ solve converged due to CONVERGED_ITS iterations 1
                                                Linear BackwardEuler-Equation_lumped_mg_coarse_ solve converged due to CONVERGED_ITS iterations 1
                                                Linear BackwardEuler-Equation_lumped_mg_coarse_ solve converged due to CONVERGED_ITS iterations 1
                                                Linear BackwardEuler-Equation_lumped_mg_coarse_ solve converged due to CONVERGED_ITS iterations 1
                                                Linear BackwardEuler-Equation_lumped_mg_coarse_ solve converged due to CONVERGED_ITS iterations 1
                                                Linear BackwardEuler-Equation_lumped_mg_coarse_ solve converged due to CONVERGED_ITS iterations 1
                                                Linear BackwardEuler-Equation_lumped_mg_coarse_ solve converged due to CONVERGED_ITS iterations 1
                                                Linear BackwardEuler-Equation_lumped_mg_coarse_ solve converged due to CONVERGED_ITS iterations 1
                                                Linear BackwardEuler-Equation_lumped_mg_coarse_ solve converged due to CONVERGED_ITS iterations 1
                                                Linear BackwardEuler-Equation_lumped_mg_coarse_ solve converged due to CONVERGED_ITS iterations 1
                                          Linear BackwardEuler-Equation_ solve converged due to CONVERGED_RTOL iterations 33
                                      Mat Object: (BackwardEuler-Equation_) 832 MPI processes
                                        type: mpiaij
                                        rows=143769600, cols=143769600
                                        total: nonzeros=8024555520, allocated nonzeros=8024555520
                                        total number of mallocs used during MatSetValues calls=0
                                          has attached near null space
                                          using I-node (on process 0) routines: found 43680 nodes, limit used is 5
                                        1 SNES Function norm 4.843035121997e-09
                                        Nonlinear BackwardEuler-Equation_ solve converged due to CONVERGED_FNORM_ABS iterations 1
                                      SNES Object: (BackwardEuler-Equation_) 832 MPI processes
                                        type: newtonls
                                        maximum iterations=50, maximum function evaluations=10000
                                        tolerances: relative=1e-08, absolute=1e-08, solution=1e-08
                                        total number of linear solver iterations=33
                                        total number of function evaluations=2
                                        norm schedule ALWAYS
                                        SNESLineSearch Object: (BackwardEuler-Equation_) 832 MPI processes
                                          type: bt
                                            interpolation: cubic
                                            alpha=1.000000e-04
                                          maxlambda=1.000000e+00, minlambda=1.000000e-12
                                          tolerances: relative=1.000000e-08, absolute=1.000000e-15, lambda=1.000000e-08
                                          maximum iterations=40
                                        KSP Object: (BackwardEuler-Equation_) 832 MPI processes
                                          type: fgmres
                                            restart=30, using classical (unmodified) Gram-Schmidt orthogonalization with no iterative refinement
                                            happy breakdown tolerance=1e-30
                                          maximum iterations=200, initial guess is zero
                                          tolerances: relative=1e-06, absolute=1e-50, divergence=10000.
                                          right preconditioning
                                          using UNPRECONDITIONED norm type for convergence test
                                        PC Object: (BackwardEuler-Equation_) 832 MPI processes
                                          type: python
                                            Python: solvers.vlumping.VerticallyLumpedPC
                                          Firedrake custom preconditioner VerticallyLumpedPC
                                            Vertically lumped MG: collapses vertical dimension on coarse level (cf. Kramer et al. 2010)
                                            PC Object: (BackwardEuler-Equation_lumped_) 832 MPI processes
                                              type: mg
                                                type is MULTIPLICATIVE, levels=2 cycles=v
                                                  Cycles per PCApply=1
                                                  Using Galerkin computed coarse grid matrices
                                              Coarse grid solver -- level 0 -------------------------------
                                                KSP Object: (BackwardEuler-Equation_lumped_mg_coarse_) 832 MPI processes
                                                  type: preonly
                                                  maximum iterations=10000, initial guess is zero
                                                  tolerances: relative=1e-05, absolute=1e-50, divergence=10000.
                                                  left preconditioning
                                                  not checking for convergence
                                                PC Object: (BackwardEuler-Equation_lumped_mg_coarse_) 832 MPI processes
                                                  type: lu
                                                    out-of-place factorization
                                                    tolerance for zero pivot 2.22045e-14
                                                    matrix ordering: external
                                                    factor fill ratio given 0., needed 0.
                                                      Factored matrix:
                                                        Mat Object: (BackwardEuler-Equation_lumped_mg_coarse_) 832 MPI processes
                                                          type: mumps
                                                          rows=230400, cols=230400
                                                          package used to perform factorization: mumps
                                                          total: nonzeros=53758496, allocated nonzeros=53758496
                                                            MUMPS run parameters:
                                                              Use -BackwardEuler-Equation_lumped_mg_coarse_ksp_view ::ascii_info_detail to display information for all processes
                                                              RINFOG(1) (global estimated flops for the elimination after analysis): 2.22887e+10
                                                              RINFOG(2) (global estimated flops for the assembly after factorization): 8.66561e+07
                                                              RINFOG(3) (global estimated flops for the elimination after factorization): 2.22887e+10
                                                              (RINFOG(12) RINFOG(13))*2^INFOG(34) (determinant): (0.,0.)*(2^0)
                                                              INFOG(3) (estimated real workspace for factors on all processors after analysis): 132305132
                                                              INFOG(4) (estimated integer workspace for factors on all processors after analysis): 3276560
                                                              INFOG(5) (estimated maximum front size in the complete tree): 1604
                                                              INFOG(6) (number of nodes in the complete tree): 12693
                                                              INFOG(7) (ordering option effectively used after analysis): 5
                                                              INFOG(8) (structural symmetry in percent of the permuted matrix after analysis): -1
                                                              INFOG(9) (total real/complex workspace to store the matrix factors after factorization): 53758496
                                                              INFOG(10) (total integer space store the matrix factors after factorization): 2959272
                                                              INFOG(11) (order of largest frontal matrix after factorization): 1604
                                                              INFOG(12) (number of off-diagonal pivots): 0
                                                              INFOG(13) (number of delayed pivots after factorization): 0
                                                              INFOG(14) (number of memory compress after factorization): 0
                                                              INFOG(15) (number of steps of iterative refinement after solution): 0
                                                              INFOG(16) (estimated size (in MB) of all MUMPS internal data for factorization after analysis: value on the most memory consuming processor): 292
                                                              INFOG(17) (estimated size of all MUMPS internal data for factorization after analysis: sum over all processors): 230028
                                                              INFOG(18) (size of all MUMPS internal data allocated during factorization: value on the most memory consuming processor): 292
                                                              INFOG(19) (size of all MUMPS internal data allocated during factorization: sum over all processors): 229983
                                                              INFOG(20) (estimated number of entries in the factors): 53758496
                                                              INFOG(21) (size in MB of memory effectively used during factorization - value on the most memory consuming processor): 286
                                                              INFOG(22) (size in MB of memory effectively used during factorization - sum over all processors): 225255
                                                              INFOG(23) (after analysis: value of ICNTL(6) effectively used): 0
                                                              INFOG(24) (after analysis: value of ICNTL(12) effectively used): 1
                                                              INFOG(25) (after factorization: number of pivots modified by static pivoting): 0
                                                              INFOG(28) (after factorization: number of null pivots encountered): 0
                                                              INFOG(29) (after factorization: effective number of entries in the factors (sum over all processors)): 53758496
                                                              INFOG(30, 31) (after solution: size in Mbytes of memory used during solution phase): 52, 28284
                                                              INFOG(32) (after analysis: type of analysis done): 1
                                                              INFOG(33) (value used for ICNTL(8)): 7
                                                              INFOG(34) (exponent of the determinant if determinant is requested): 0
                                                              INFOG(35) (after factorization: number of entries taking into account BLR factor compression - sum over all processors): 53758496
                                                              INFOG(36) (after analysis: estimated size of all MUMPS internal data for running BLR in-core - value on the most memory consuming processor): 0
                                                              INFOG(37) (after analysis: estimated size of all MUMPS internal data for running BLR in-core - sum over all processors): 0
                                                              INFOG(38) (after analysis: estimated size of all MUMPS internal data for running BLR out-of-core - value on the most memory consuming processor): 0
                                                              INFOG(39) (after analysis: estimated size of all MUMPS internal data for running BLR out-of-core - sum over all processors): 0
                                                  linear system matrix, which is also used to construct the preconditioner:
                                                  Mat Object: 832 MPI processes
                                                    type: mpiaij
                                                    rows=230400, cols=230400
                                                    total: nonzeros=4592640, allocated nonzeros=4592640
                                                    total number of mallocs used during MatSetValues calls=0
                                                      using nonscalable MatPtAP() implementation
                                                      using I-node (on process 0) routines: found 70 nodes, limit used is 5
                                              Down solver (pre-smoother) on level 1 -------------------------------
                                                KSP Object: (BackwardEuler-Equation_lumped_mg_levels_1_) 832 MPI processes
                                                  type: chebyshev
                                                    Chebyshev polynomial of first kind
                                                    eigenvalue targets used: min 0.192085, max 2.11294
                                                    eigenvalues estimated via gmres: min 0.0557126, max 1.92085
                                                    eigenvalues estimated using gmres with transform: [0. 0.1; 0. 1.1]
                                                    KSP Object: (BackwardEuler-Equation_lumped_mg_levels_1_esteig_) 832 MPI processes
                                                      type: gmres
                                                        restart=30, using classical (unmodified) Gram-Schmidt orthogonalization with no iterative refinement
                                                        happy breakdown tolerance=1e-30
                                                      maximum iterations=10, initial guess is zero
                                                      tolerances: relative=1e-12, absolute=1e-50, divergence=10000.
                                                      left preconditioning
                                                      using PRECONDITIONED norm type for convergence test
                                                    estimating eigenvalues using a noisy random number generated right-hand side
                                                  maximum iterations=4, nonzero initial guess
                                                  tolerances: relative=1e-05, absolute=1e-50, divergence=10000.
                                                  left preconditioning
                                                  not checking for convergence
                                                PC Object: (BackwardEuler-Equation_lumped_mg_levels_1_) 832 MPI processes
                                                  type: bjacobi
                                                    number of blocks = 832
                                                    Local solver information for first block is in the following KSP and PC objects on rank 0:
                                                    Use -BackwardEuler-Equation_lumped_mg_levels_1_ksp_view ::ascii_info_detail to display information for all blocks
                                                    KSP Object: (BackwardEuler-Equation_lumped_mg_levels_1_sub_) 1 MPI process
                                                      type: preonly
                                                      maximum iterations=10000, initial guess is zero
                                                      tolerances: relative=1e-05, absolute=1e-50, divergence=10000.
                                                      left preconditioning
                                                      not checking for convergence
                                                    PC Object: (BackwardEuler-Equation_lumped_mg_levels_1_sub_) 1 MPI process
                                                      type: ilu
                                                        out-of-place factorization
                                                        0 levels of fill
                                                        tolerance for zero pivot 2.22045e-14
                                                        matrix ordering: natural
                                                        factor fill ratio given 1., needed 1.
                                                          Factored matrix:
                                                            Mat Object: (BackwardEuler-Equation_lumped_mg_levels_1_sub_) 1 MPI process
                                                              type: seqaij
                                                              rows=174720, cols=174720
                                                              package used to perform factorization: petsc
                                                              total: nonzeros=9096448, allocated nonzeros=9096448
                                                                using I-node routines: found 43680 nodes, limit used is 5
                                                      linear system matrix, which is also used to construct the preconditioner:
                                                      Mat Object: (BackwardEuler-Equation_lumped_mg_levels_1_sub_) 1 MPI process
                                                        type: seqaij
                                                        rows=174720, cols=174720
                                                        total: nonzeros=9096448, allocated nonzeros=9096448
                                                        total number of mallocs used during MatSetValues calls=0
                                                          using I-node routines: found 43680 nodes, limit used is 5
                                                  linear system matrix, which is also used to construct the preconditioner:
                                                  Mat Object: (BackwardEuler-Equation_) 832 MPI processes
                                                    type: mpiaij
                                                    rows=143769600, cols=143769600
                                                    total: nonzeros=8024555520, allocated nonzeros=8024555520
                                                    total number of mallocs used during MatSetValues calls=0
                                                      has attached near null space
                                                      using I-node (on process 0) routines: found 43680 nodes, limit used is 5
                                              Up solver (post-smoother) same as down solver (pre-smoother)
                                              linear system matrix, which is also used to construct the preconditioner:
                                              Mat Object: (BackwardEuler-Equation_) 832 MPI processes
                                                type: mpiaij
                                                rows=143769600, cols=143769600
                                                total: nonzeros=8024555520, allocated nonzeros=8024555520
                                                total number of mallocs used during MatSetValues calls=0
                                                  has attached near null space
                                                  using I-node (on process 0) routines: found 43680 nodes, limit used is 5
                                            linear system matrix, which is also used to construct the preconditioner:
                                            Mat Object: (BackwardEuler-Equation_) 832 MPI processes
                                              type: mpiaij
                                              rows=143769600, cols=143769600
                                              total: nonzeros=8024555520, allocated nonzeros=8024555520
                                              total number of mallocs used during MatSetValues calls=0
                                                has attached near null space
                                                using I-node (on process 0) routines: found 43680 nodes, limit used is 5
t = 6000.00 s | step 20/30 | wall 19.63 s | NL 1 | L 33
                                          0 SNES Function norm 3.773150134057e-07
                                                  Linear BackwardEuler-Equation_lumped_mg_coarse_ solve converged due to CONVERGED_ITS iterations 1
                                                  Linear BackwardEuler-Equation_lumped_mg_coarse_ solve converged due to CONVERGED_ITS iterations 1
                                                  Linear BackwardEuler-Equation_lumped_mg_coarse_ solve converged due to CONVERGED_ITS iterations 1
                                                  Linear BackwardEuler-Equation_lumped_mg_coarse_ solve converged due to CONVERGED_ITS iterations 1
                                                  Linear BackwardEuler-Equation_lumped_mg_coarse_ solve converged due to CONVERGED_ITS iterations 1
                                                  Linear BackwardEuler-Equation_lumped_mg_coarse_ solve converged due to CONVERGED_ITS iterations 1
                                                  Linear BackwardEuler-Equation_lumped_mg_coarse_ solve converged due to CONVERGED_ITS iterations 1
                                                  Linear BackwardEuler-Equation_lumped_mg_coarse_ solve converged due to CONVERGED_ITS iterations 1
                                                  Linear BackwardEuler-Equation_lumped_mg_coarse_ solve converged due to CONVERGED_ITS iterations 1
                                                  Linear BackwardEuler-Equation_lumped_mg_coarse_ solve converged due to CONVERGED_ITS iterations 1
                                                  Linear BackwardEuler-Equation_lumped_mg_coarse_ solve converged due to CONVERGED_ITS iterations 1
                                                  Linear BackwardEuler-Equation_lumped_mg_coarse_ solve converged due to CONVERGED_ITS iterations 1
                                                  Linear BackwardEuler-Equation_lumped_mg_coarse_ solve converged due to CONVERGED_ITS iterations 1
                                                  Linear BackwardEuler-Equation_lumped_mg_coarse_ solve converged due to CONVERGED_ITS iterations 1
                                                  Linear BackwardEuler-Equation_lumped_mg_coarse_ solve converged due to CONVERGED_ITS iterations 1
                                                  Linear BackwardEuler-Equation_lumped_mg_coarse_ solve converged due to CONVERGED_ITS iterations 1
                                                  Linear BackwardEuler-Equation_lumped_mg_coarse_ solve converged due to CONVERGED_ITS iterations 1
                                                  Linear BackwardEuler-Equation_lumped_mg_coarse_ solve converged due to CONVERGED_ITS iterations 1
                                                  Linear BackwardEuler-Equation_lumped_mg_coarse_ solve converged due to CONVERGED_ITS iterations 1
                                                  Linear BackwardEuler-Equation_lumped_mg_coarse_ solve converged due to CONVERGED_ITS iterations 1
                                                  Linear BackwardEuler-Equation_lumped_mg_coarse_ solve converged due to CONVERGED_ITS iterations 1
                                                  Linear BackwardEuler-Equation_lumped_mg_coarse_ solve converged due to CONVERGED_ITS iterations 1
                                                  Linear BackwardEuler-Equation_lumped_mg_coarse_ solve converged due to CONVERGED_ITS iterations 1
                                                  Linear BackwardEuler-Equation_lumped_mg_coarse_ solve converged due to CONVERGED_ITS iterations 1
                                                  Linear BackwardEuler-Equation_lumped_mg_coarse_ solve converged due to CONVERGED_ITS iterations 1
                                                  Linear BackwardEuler-Equation_lumped_mg_coarse_ solve converged due to CONVERGED_ITS iterations 1
                                                  Linear BackwardEuler-Equation_lumped_mg_coarse_ solve converged due to CONVERGED_ITS iterations 1
                                                  Linear BackwardEuler-Equation_lumped_mg_coarse_ solve converged due to CONVERGED_ITS iterations 1
                                                  Linear BackwardEuler-Equation_lumped_mg_coarse_ solve converged due to CONVERGED_ITS iterations 1
                                                  Linear BackwardEuler-Equation_lumped_mg_coarse_ solve converged due to CONVERGED_ITS iterations 1
                                                  Linear BackwardEuler-Equation_lumped_mg_coarse_ solve converged due to CONVERGED_ITS iterations 1
                                                  Linear BackwardEuler-Equation_lumped_mg_coarse_ solve converged due to CONVERGED_ITS iterations 1
                                                  Linear BackwardEuler-Equation_lumped_mg_coarse_ solve converged due to CONVERGED_ITS iterations 1
                                            Linear BackwardEuler-Equation_ solve converged due to CONVERGED_RTOL iterations 33
                                        Mat Object: (BackwardEuler-Equation_) 832 MPI processes
                                          type: mpiaij
                                          rows=143769600, cols=143769600
                                          total: nonzeros=8024555520, allocated nonzeros=8024555520
                                          total number of mallocs used during MatSetValues calls=0
                                            has attached near null space
                                            using I-node (on process 0) routines: found 43680 nodes, limit used is 5
                                          1 SNES Function norm 4.755466007506e-09
                                          Nonlinear BackwardEuler-Equation_ solve converged due to CONVERGED_FNORM_ABS iterations 1
                                        SNES Object: (BackwardEuler-Equation_) 832 MPI processes
                                          type: newtonls
                                          maximum iterations=50, maximum function evaluations=10000
                                          tolerances: relative=1e-08, absolute=1e-08, solution=1e-08
                                          total number of linear solver iterations=33
                                          total number of function evaluations=2
                                          norm schedule ALWAYS
                                          SNESLineSearch Object: (BackwardEuler-Equation_) 832 MPI processes
                                            type: bt
                                              interpolation: cubic
                                              alpha=1.000000e-04
                                            maxlambda=1.000000e+00, minlambda=1.000000e-12
                                            tolerances: relative=1.000000e-08, absolute=1.000000e-15, lambda=1.000000e-08
                                            maximum iterations=40
                                          KSP Object: (BackwardEuler-Equation_) 832 MPI processes
                                            type: fgmres
                                              restart=30, using classical (unmodified) Gram-Schmidt orthogonalization with no iterative refinement
                                              happy breakdown tolerance=1e-30
                                            maximum iterations=200, initial guess is zero
                                            tolerances: relative=1e-06, absolute=1e-50, divergence=10000.
                                            right preconditioning
                                            using UNPRECONDITIONED norm type for convergence test
                                          PC Object: (BackwardEuler-Equation_) 832 MPI processes
                                            type: python
                                              Python: solvers.vlumping.VerticallyLumpedPC
                                            Firedrake custom preconditioner VerticallyLumpedPC
                                              Vertically lumped MG: collapses vertical dimension on coarse level (cf. Kramer et al. 2010)
                                              PC Object: (BackwardEuler-Equation_lumped_) 832 MPI processes
                                                type: mg
                                                  type is MULTIPLICATIVE, levels=2 cycles=v
                                                    Cycles per PCApply=1
                                                    Using Galerkin computed coarse grid matrices
                                                Coarse grid solver -- level 0 -------------------------------
                                                  KSP Object: (BackwardEuler-Equation_lumped_mg_coarse_) 832 MPI processes
                                                    type: preonly
                                                    maximum iterations=10000, initial guess is zero
                                                    tolerances: relative=1e-05, absolute=1e-50, divergence=10000.
                                                    left preconditioning
                                                    not checking for convergence
                                                  PC Object: (BackwardEuler-Equation_lumped_mg_coarse_) 832 MPI processes
                                                    type: lu
                                                      out-of-place factorization
                                                      tolerance for zero pivot 2.22045e-14
                                                      matrix ordering: external
                                                      factor fill ratio given 0., needed 0.
                                                        Factored matrix:
                                                          Mat Object: (BackwardEuler-Equation_lumped_mg_coarse_) 832 MPI processes
                                                            type: mumps
                                                            rows=230400, cols=230400
                                                            package used to perform factorization: mumps
                                                            total: nonzeros=53758496, allocated nonzeros=53758496
                                                              MUMPS run parameters:
                                                                Use -BackwardEuler-Equation_lumped_mg_coarse_ksp_view ::ascii_info_detail to display information for all processes
                                                                RINFOG(1) (global estimated flops for the elimination after analysis): 2.22887e+10
                                                                RINFOG(2) (global estimated flops for the assembly after factorization): 8.66561e+07
                                                                RINFOG(3) (global estimated flops for the elimination after factorization): 2.22887e+10
                                                                (RINFOG(12) RINFOG(13))*2^INFOG(34) (determinant): (0.,0.)*(2^0)
                                                                INFOG(3) (estimated real workspace for factors on all processors after analysis): 132305132
                                                                INFOG(4) (estimated integer workspace for factors on all processors after analysis): 3276560
                                                                INFOG(5) (estimated maximum front size in the complete tree): 1604
                                                                INFOG(6) (number of nodes in the complete tree): 12693
                                                                INFOG(7) (ordering option effectively used after analysis): 5
                                                                INFOG(8) (structural symmetry in percent of the permuted matrix after analysis): -1
                                                                INFOG(9) (total real/complex workspace to store the matrix factors after factorization): 53758496
                                                                INFOG(10) (total integer space store the matrix factors after factorization): 2959272
                                                                INFOG(11) (order of largest frontal matrix after factorization): 1604
                                                                INFOG(12) (number of off-diagonal pivots): 0
                                                                INFOG(13) (number of delayed pivots after factorization): 0
                                                                INFOG(14) (number of memory compress after factorization): 0
                                                                INFOG(15) (number of steps of iterative refinement after solution): 0
                                                                INFOG(16) (estimated size (in MB) of all MUMPS internal data for factorization after analysis: value on the most memory consuming processor): 292
                                                                INFOG(17) (estimated size of all MUMPS internal data for factorization after analysis: sum over all processors): 230028
                                                                INFOG(18) (size of all MUMPS internal data allocated during factorization: value on the most memory consuming processor): 292
                                                                INFOG(19) (size of all MUMPS internal data allocated during factorization: sum over all processors): 229983
                                                                INFOG(20) (estimated number of entries in the factors): 53758496
                                                                INFOG(21) (size in MB of memory effectively used during factorization - value on the most memory consuming processor): 286
                                                                INFOG(22) (size in MB of memory effectively used during factorization - sum over all processors): 225247
                                                                INFOG(23) (after analysis: value of ICNTL(6) effectively used): 0
                                                                INFOG(24) (after analysis: value of ICNTL(12) effectively used): 1
                                                                INFOG(25) (after factorization: number of pivots modified by static pivoting): 0
                                                                INFOG(28) (after factorization: number of null pivots encountered): 0
                                                                INFOG(29) (after factorization: effective number of entries in the factors (sum over all processors)): 53758496
                                                                INFOG(30, 31) (after solution: size in Mbytes of memory used during solution phase): 52, 28284
                                                                INFOG(32) (after analysis: type of analysis done): 1
                                                                INFOG(33) (value used for ICNTL(8)): 7
                                                                INFOG(34) (exponent of the determinant if determinant is requested): 0
                                                                INFOG(35) (after factorization: number of entries taking into account BLR factor compression - sum over all processors): 53758496
                                                                INFOG(36) (after analysis: estimated size of all MUMPS internal data for running BLR in-core - value on the most memory consuming processor): 0
                                                                INFOG(37) (after analysis: estimated size of all MUMPS internal data for running BLR in-core - sum over all processors): 0
                                                                INFOG(38) (after analysis: estimated size of all MUMPS internal data for running BLR out-of-core - value on the most memory consuming processor): 0
                                                                INFOG(39) (after analysis: estimated size of all MUMPS internal data for running BLR out-of-core - sum over all processors): 0
                                                    linear system matrix, which is also used to construct the preconditioner:
                                                    Mat Object: 832 MPI processes
                                                      type: mpiaij
                                                      rows=230400, cols=230400
                                                      total: nonzeros=4592640, allocated nonzeros=4592640
                                                      total number of mallocs used during MatSetValues calls=0
                                                        using nonscalable MatPtAP() implementation
                                                        using I-node (on process 0) routines: found 70 nodes, limit used is 5
                                                Down solver (pre-smoother) on level 1 -------------------------------
                                                  KSP Object: (BackwardEuler-Equation_lumped_mg_levels_1_) 832 MPI processes
                                                    type: chebyshev
                                                      Chebyshev polynomial of first kind
                                                      eigenvalue targets used: min 0.192085, max 2.11294
                                                      eigenvalues estimated via gmres: min 0.0557152, max 1.92085
                                                      eigenvalues estimated using gmres with transform: [0. 0.1; 0. 1.1]
                                                      KSP Object: (BackwardEuler-Equation_lumped_mg_levels_1_esteig_) 832 MPI processes
                                                        type: gmres
                                                          restart=30, using classical (unmodified) Gram-Schmidt orthogonalization with no iterative refinement
                                                          happy breakdown tolerance=1e-30
                                                        maximum iterations=10, initial guess is zero
                                                        tolerances: relative=1e-12, absolute=1e-50, divergence=10000.
                                                        left preconditioning
                                                        using PRECONDITIONED norm type for convergence test
                                                      estimating eigenvalues using a noisy random number generated right-hand side
                                                    maximum iterations=4, nonzero initial guess
                                                    tolerances: relative=1e-05, absolute=1e-50, divergence=10000.
                                                    left preconditioning
                                                    not checking for convergence
                                                  PC Object: (BackwardEuler-Equation_lumped_mg_levels_1_) 832 MPI processes
                                                    type: bjacobi
                                                      number of blocks = 832
                                                      Local solver information for first block is in the following KSP and PC objects on rank 0:
                                                      Use -BackwardEuler-Equation_lumped_mg_levels_1_ksp_view ::ascii_info_detail to display information for all blocks
                                                      KSP Object: (BackwardEuler-Equation_lumped_mg_levels_1_sub_) 1 MPI process
                                                        type: preonly
                                                        maximum iterations=10000, initial guess is zero
                                                        tolerances: relative=1e-05, absolute=1e-50, divergence=10000.
                                                        left preconditioning
                                                        not checking for convergence
                                                      PC Object: (BackwardEuler-Equation_lumped_mg_levels_1_sub_) 1 MPI process
                                                        type: ilu
                                                          out-of-place factorization
                                                          0 levels of fill
                                                          tolerance for zero pivot 2.22045e-14
                                                          matrix ordering: natural
                                                          factor fill ratio given 1., needed 1.
                                                            Factored matrix:
                                                              Mat Object: (BackwardEuler-Equation_lumped_mg_levels_1_sub_) 1 MPI process
                                                                type: seqaij
                                                                rows=174720, cols=174720
                                                                package used to perform factorization: petsc
                                                                total: nonzeros=9096448, allocated nonzeros=9096448
                                                                  using I-node routines: found 43680 nodes, limit used is 5
                                                        linear system matrix, which is also used to construct the preconditioner:
                                                        Mat Object: (BackwardEuler-Equation_lumped_mg_levels_1_sub_) 1 MPI process
                                                          type: seqaij
                                                          rows=174720, cols=174720
                                                          total: nonzeros=9096448, allocated nonzeros=9096448
                                                          total number of mallocs used during MatSetValues calls=0
                                                            using I-node routines: found 43680 nodes, limit used is 5
                                                    linear system matrix, which is also used to construct the preconditioner:
                                                    Mat Object: (BackwardEuler-Equation_) 832 MPI processes
                                                      type: mpiaij
                                                      rows=143769600, cols=143769600
                                                      total: nonzeros=8024555520, allocated nonzeros=8024555520
                                                      total number of mallocs used during MatSetValues calls=0
                                                        has attached near null space
                                                        using I-node (on process 0) routines: found 43680 nodes, limit used is 5
                                                Up solver (post-smoother) same as down solver (pre-smoother)
                                                linear system matrix, which is also used to construct the preconditioner:
                                                Mat Object: (BackwardEuler-Equation_) 832 MPI processes
                                                  type: mpiaij
                                                  rows=143769600, cols=143769600
                                                  total: nonzeros=8024555520, allocated nonzeros=8024555520
                                                  total number of mallocs used during MatSetValues calls=0
                                                    has attached near null space
                                                    using I-node (on process 0) routines: found 43680 nodes, limit used is 5
                                              linear system matrix, which is also used to construct the preconditioner:
                                              Mat Object: (BackwardEuler-Equation_) 832 MPI processes
                                                type: mpiaij
                                                rows=143769600, cols=143769600
                                                total: nonzeros=8024555520, allocated nonzeros=8024555520
                                                total number of mallocs used during MatSetValues calls=0
                                                  has attached near null space
                                                  using I-node (on process 0) routines: found 43680 nodes, limit used is 5
t = 6300.00 s | step 21/30 | wall 19.50 s | NL 1 | L 33
                                            0 SNES Function norm 3.747123645751e-07
                                                    Linear BackwardEuler-Equation_lumped_mg_coarse_ solve converged due to CONVERGED_ITS iterations 1
                                                    Linear BackwardEuler-Equation_lumped_mg_coarse_ solve converged due to CONVERGED_ITS iterations 1
                                                    Linear BackwardEuler-Equation_lumped_mg_coarse_ solve converged due to CONVERGED_ITS iterations 1
                                                    Linear BackwardEuler-Equation_lumped_mg_coarse_ solve converged due to CONVERGED_ITS iterations 1
                                                    Linear BackwardEuler-Equation_lumped_mg_coarse_ solve converged due to CONVERGED_ITS iterations 1
                                                    Linear BackwardEuler-Equation_lumped_mg_coarse_ solve converged due to CONVERGED_ITS iterations 1
                                                    Linear BackwardEuler-Equation_lumped_mg_coarse_ solve converged due to CONVERGED_ITS iterations 1
                                                    Linear BackwardEuler-Equation_lumped_mg_coarse_ solve converged due to CONVERGED_ITS iterations 1
                                                    Linear BackwardEuler-Equation_lumped_mg_coarse_ solve converged due to CONVERGED_ITS iterations 1
                                                    Linear BackwardEuler-Equation_lumped_mg_coarse_ solve converged due to CONVERGED_ITS iterations 1
                                                    Linear BackwardEuler-Equation_lumped_mg_coarse_ solve converged due to CONVERGED_ITS iterations 1
                                                    Linear BackwardEuler-Equation_lumped_mg_coarse_ solve converged due to CONVERGED_ITS iterations 1
                                                    Linear BackwardEuler-Equation_lumped_mg_coarse_ solve converged due to CONVERGED_ITS iterations 1
                                                    Linear BackwardEuler-Equation_lumped_mg_coarse_ solve converged due to CONVERGED_ITS iterations 1
                                                    Linear BackwardEuler-Equation_lumped_mg_coarse_ solve converged due to CONVERGED_ITS iterations 1
                                                    Linear BackwardEuler-Equation_lumped_mg_coarse_ solve converged due to CONVERGED_ITS iterations 1
                                                    Linear BackwardEuler-Equation_lumped_mg_coarse_ solve converged due to CONVERGED_ITS iterations 1
                                                    Linear BackwardEuler-Equation_lumped_mg_coarse_ solve converged due to CONVERGED_ITS iterations 1
                                                    Linear BackwardEuler-Equation_lumped_mg_coarse_ solve converged due to CONVERGED_ITS iterations 1
                                                    Linear BackwardEuler-Equation_lumped_mg_coarse_ solve converged due to CONVERGED_ITS iterations 1
                                                    Linear BackwardEuler-Equation_lumped_mg_coarse_ solve converged due to CONVERGED_ITS iterations 1
                                                    Linear BackwardEuler-Equation_lumped_mg_coarse_ solve converged due to CONVERGED_ITS iterations 1
                                                    Linear BackwardEuler-Equation_lumped_mg_coarse_ solve converged due to CONVERGED_ITS iterations 1
                                                    Linear BackwardEuler-Equation_lumped_mg_coarse_ solve converged due to CONVERGED_ITS iterations 1
                                                    Linear BackwardEuler-Equation_lumped_mg_coarse_ solve converged due to CONVERGED_ITS iterations 1
                                                    Linear BackwardEuler-Equation_lumped_mg_coarse_ solve converged due to CONVERGED_ITS iterations 1
                                                    Linear BackwardEuler-Equation_lumped_mg_coarse_ solve converged due to CONVERGED_ITS iterations 1
                                                    Linear BackwardEuler-Equation_lumped_mg_coarse_ solve converged due to CONVERGED_ITS iterations 1
                                                    Linear BackwardEuler-Equation_lumped_mg_coarse_ solve converged due to CONVERGED_ITS iterations 1
                                                    Linear BackwardEuler-Equation_lumped_mg_coarse_ solve converged due to CONVERGED_ITS iterations 1
                                                    Linear BackwardEuler-Equation_lumped_mg_coarse_ solve converged due to CONVERGED_ITS iterations 1
                                                    Linear BackwardEuler-Equation_lumped_mg_coarse_ solve converged due to CONVERGED_ITS iterations 1
                                                    Linear BackwardEuler-Equation_lumped_mg_coarse_ solve converged due to CONVERGED_ITS iterations 1
                                                    Linear BackwardEuler-Equation_lumped_mg_coarse_ solve converged due to CONVERGED_ITS iterations 1
                                              Linear BackwardEuler-Equation_ solve converged due to CONVERGED_RTOL iterations 34
                                          Mat Object: (BackwardEuler-Equation_) 832 MPI processes
                                            type: mpiaij
                                            rows=143769600, cols=143769600
                                            total: nonzeros=8024555520, allocated nonzeros=8024555520
                                            total number of mallocs used during MatSetValues calls=0
                                              has attached near null space
                                              using I-node (on process 0) routines: found 43680 nodes, limit used is 5
                                            1 SNES Function norm 4.676843642454e-09
                                            Nonlinear BackwardEuler-Equation_ solve converged due to CONVERGED_FNORM_ABS iterations 1
                                          SNES Object: (BackwardEuler-Equation_) 832 MPI processes
                                            type: newtonls
                                            maximum iterations=50, maximum function evaluations=10000
                                            tolerances: relative=1e-08, absolute=1e-08, solution=1e-08
                                            total number of linear solver iterations=34
                                            total number of function evaluations=2
                                            norm schedule ALWAYS
                                            SNESLineSearch Object: (BackwardEuler-Equation_) 832 MPI processes
                                              type: bt
                                                interpolation: cubic
                                                alpha=1.000000e-04
                                              maxlambda=1.000000e+00, minlambda=1.000000e-12
                                              tolerances: relative=1.000000e-08, absolute=1.000000e-15, lambda=1.000000e-08
                                              maximum iterations=40
                                            KSP Object: (BackwardEuler-Equation_) 832 MPI processes
                                              type: fgmres
                                                restart=30, using classical (unmodified) Gram-Schmidt orthogonalization with no iterative refinement
                                                happy breakdown tolerance=1e-30
                                              maximum iterations=200, initial guess is zero
                                              tolerances: relative=1e-06, absolute=1e-50, divergence=10000.
                                              right preconditioning
                                              using UNPRECONDITIONED norm type for convergence test
                                            PC Object: (BackwardEuler-Equation_) 832 MPI processes
                                              type: python
                                                Python: solvers.vlumping.VerticallyLumpedPC
                                              Firedrake custom preconditioner VerticallyLumpedPC
                                                Vertically lumped MG: collapses vertical dimension on coarse level (cf. Kramer et al. 2010)
                                                PC Object: (BackwardEuler-Equation_lumped_) 832 MPI processes
                                                  type: mg
                                                    type is MULTIPLICATIVE, levels=2 cycles=v
                                                      Cycles per PCApply=1
                                                      Using Galerkin computed coarse grid matrices
                                                  Coarse grid solver -- level 0 -------------------------------
                                                    KSP Object: (BackwardEuler-Equation_lumped_mg_coarse_) 832 MPI processes
                                                      type: preonly
                                                      maximum iterations=10000, initial guess is zero
                                                      tolerances: relative=1e-05, absolute=1e-50, divergence=10000.
                                                      left preconditioning
                                                      not checking for convergence
                                                    PC Object: (BackwardEuler-Equation_lumped_mg_coarse_) 832 MPI processes
                                                      type: lu
                                                        out-of-place factorization
                                                        tolerance for zero pivot 2.22045e-14
                                                        matrix ordering: external
                                                        factor fill ratio given 0., needed 0.
                                                          Factored matrix:
                                                            Mat Object: (BackwardEuler-Equation_lumped_mg_coarse_) 832 MPI processes
                                                              type: mumps
                                                              rows=230400, cols=230400
                                                              package used to perform factorization: mumps
                                                              total: nonzeros=53758496, allocated nonzeros=53758496
                                                                MUMPS run parameters:
                                                                  Use -BackwardEuler-Equation_lumped_mg_coarse_ksp_view ::ascii_info_detail to display information for all processes
                                                                  RINFOG(1) (global estimated flops for the elimination after analysis): 2.22887e+10
                                                                  RINFOG(2) (global estimated flops for the assembly after factorization): 8.66561e+07
                                                                  RINFOG(3) (global estimated flops for the elimination after factorization): 2.22887e+10
                                                                  (RINFOG(12) RINFOG(13))*2^INFOG(34) (determinant): (0.,0.)*(2^0)
                                                                  INFOG(3) (estimated real workspace for factors on all processors after analysis): 132305132
                                                                  INFOG(4) (estimated integer workspace for factors on all processors after analysis): 3276560
                                                                  INFOG(5) (estimated maximum front size in the complete tree): 1604
                                                                  INFOG(6) (number of nodes in the complete tree): 12693
                                                                  INFOG(7) (ordering option effectively used after analysis): 5
                                                                  INFOG(8) (structural symmetry in percent of the permuted matrix after analysis): -1
                                                                  INFOG(9) (total real/complex workspace to store the matrix factors after factorization): 53758496
                                                                  INFOG(10) (total integer space store the matrix factors after factorization): 2959272
                                                                  INFOG(11) (order of largest frontal matrix after factorization): 1604
                                                                  INFOG(12) (number of off-diagonal pivots): 0
                                                                  INFOG(13) (number of delayed pivots after factorization): 0
                                                                  INFOG(14) (number of memory compress after factorization): 0
                                                                  INFOG(15) (number of steps of iterative refinement after solution): 0
                                                                  INFOG(16) (estimated size (in MB) of all MUMPS internal data for factorization after analysis: value on the most memory consuming processor): 292
                                                                  INFOG(17) (estimated size of all MUMPS internal data for factorization after analysis: sum over all processors): 230028
                                                                  INFOG(18) (size of all MUMPS internal data allocated during factorization: value on the most memory consuming processor): 292
                                                                  INFOG(19) (size of all MUMPS internal data allocated during factorization: sum over all processors): 229983
                                                                  INFOG(20) (estimated number of entries in the factors): 53758496
                                                                  INFOG(21) (size in MB of memory effectively used during factorization - value on the most memory consuming processor): 286
                                                                  INFOG(22) (size in MB of memory effectively used during factorization - sum over all processors): 225253
                                                                  INFOG(23) (after analysis: value of ICNTL(6) effectively used): 0
                                                                  INFOG(24) (after analysis: value of ICNTL(12) effectively used): 1
                                                                  INFOG(25) (after factorization: number of pivots modified by static pivoting): 0
                                                                  INFOG(28) (after factorization: number of null pivots encountered): 0
                                                                  INFOG(29) (after factorization: effective number of entries in the factors (sum over all processors)): 53758496
                                                                  INFOG(30, 31) (after solution: size in Mbytes of memory used during solution phase): 52, 28284
                                                                  INFOG(32) (after analysis: type of analysis done): 1
                                                                  INFOG(33) (value used for ICNTL(8)): 7
                                                                  INFOG(34) (exponent of the determinant if determinant is requested): 0
                                                                  INFOG(35) (after factorization: number of entries taking into account BLR factor compression - sum over all processors): 53758496
                                                                  INFOG(36) (after analysis: estimated size of all MUMPS internal data for running BLR in-core - value on the most memory consuming processor): 0
                                                                  INFOG(37) (after analysis: estimated size of all MUMPS internal data for running BLR in-core - sum over all processors): 0
                                                                  INFOG(38) (after analysis: estimated size of all MUMPS internal data for running BLR out-of-core - value on the most memory consuming processor): 0
                                                                  INFOG(39) (after analysis: estimated size of all MUMPS internal data for running BLR out-of-core - sum over all processors): 0
                                                      linear system matrix, which is also used to construct the preconditioner:
                                                      Mat Object: 832 MPI processes
                                                        type: mpiaij
                                                        rows=230400, cols=230400
                                                        total: nonzeros=4592640, allocated nonzeros=4592640
                                                        total number of mallocs used during MatSetValues calls=0
                                                          using nonscalable MatPtAP() implementation
                                                          using I-node (on process 0) routines: found 70 nodes, limit used is 5
                                                  Down solver (pre-smoother) on level 1 -------------------------------
                                                    KSP Object: (BackwardEuler-Equation_lumped_mg_levels_1_) 832 MPI processes
                                                      type: chebyshev
                                                        Chebyshev polynomial of first kind
                                                        eigenvalue targets used: min 0.192085, max 2.11294
                                                        eigenvalues estimated via gmres: min 0.0557177, max 1.92085
                                                        eigenvalues estimated using gmres with transform: [0. 0.1; 0. 1.1]
                                                        KSP Object: (BackwardEuler-Equation_lumped_mg_levels_1_esteig_) 832 MPI processes
                                                          type: gmres
                                                            restart=30, using classical (unmodified) Gram-Schmidt orthogonalization with no iterative refinement
                                                            happy breakdown tolerance=1e-30
                                                          maximum iterations=10, initial guess is zero
                                                          tolerances: relative=1e-12, absolute=1e-50, divergence=10000.
                                                          left preconditioning
                                                          using PRECONDITIONED norm type for convergence test
                                                        estimating eigenvalues using a noisy random number generated right-hand side
                                                      maximum iterations=4, nonzero initial guess
                                                      tolerances: relative=1e-05, absolute=1e-50, divergence=10000.
                                                      left preconditioning
                                                      not checking for convergence
                                                    PC Object: (BackwardEuler-Equation_lumped_mg_levels_1_) 832 MPI processes
                                                      type: bjacobi
                                                        number of blocks = 832
                                                        Local solver information for first block is in the following KSP and PC objects on rank 0:
                                                        Use -BackwardEuler-Equation_lumped_mg_levels_1_ksp_view ::ascii_info_detail to display information for all blocks
                                                        KSP Object: (BackwardEuler-Equation_lumped_mg_levels_1_sub_) 1 MPI process
                                                          type: preonly
                                                          maximum iterations=10000, initial guess is zero
                                                          tolerances: relative=1e-05, absolute=1e-50, divergence=10000.
                                                          left preconditioning
                                                          not checking for convergence
                                                        PC Object: (BackwardEuler-Equation_lumped_mg_levels_1_sub_) 1 MPI process
                                                          type: ilu
                                                            out-of-place factorization
                                                            0 levels of fill
                                                            tolerance for zero pivot 2.22045e-14
                                                            matrix ordering: natural
                                                            factor fill ratio given 1., needed 1.
                                                              Factored matrix:
                                                                Mat Object: (BackwardEuler-Equation_lumped_mg_levels_1_sub_) 1 MPI process
                                                                  type: seqaij
                                                                  rows=174720, cols=174720
                                                                  package used to perform factorization: petsc
                                                                  total: nonzeros=9096448, allocated nonzeros=9096448
                                                                    using I-node routines: found 43680 nodes, limit used is 5
                                                          linear system matrix, which is also used to construct the preconditioner:
                                                          Mat Object: (BackwardEuler-Equation_lumped_mg_levels_1_sub_) 1 MPI process
                                                            type: seqaij
                                                            rows=174720, cols=174720
                                                            total: nonzeros=9096448, allocated nonzeros=9096448
                                                            total number of mallocs used during MatSetValues calls=0
                                                              using I-node routines: found 43680 nodes, limit used is 5
                                                      linear system matrix, which is also used to construct the preconditioner:
                                                      Mat Object: (BackwardEuler-Equation_) 832 MPI processes
                                                        type: mpiaij
                                                        rows=143769600, cols=143769600
                                                        total: nonzeros=8024555520, allocated nonzeros=8024555520
                                                        total number of mallocs used during MatSetValues calls=0
                                                          has attached near null space
                                                          using I-node (on process 0) routines: found 43680 nodes, limit used is 5
                                                  Up solver (post-smoother) same as down solver (pre-smoother)
                                                  linear system matrix, which is also used to construct the preconditioner:
                                                  Mat Object: (BackwardEuler-Equation_) 832 MPI processes
                                                    type: mpiaij
                                                    rows=143769600, cols=143769600
                                                    total: nonzeros=8024555520, allocated nonzeros=8024555520
                                                    total number of mallocs used during MatSetValues calls=0
                                                      has attached near null space
                                                      using I-node (on process 0) routines: found 43680 nodes, limit used is 5
                                                linear system matrix, which is also used to construct the preconditioner:
                                                Mat Object: (BackwardEuler-Equation_) 832 MPI processes
                                                  type: mpiaij
                                                  rows=143769600, cols=143769600
                                                  total: nonzeros=8024555520, allocated nonzeros=8024555520
                                                  total number of mallocs used during MatSetValues calls=0
                                                    has attached near null space
                                                    using I-node (on process 0) routines: found 43680 nodes, limit used is 5
t = 6600.00 s | step 22/30 | wall 20.07 s | NL 1 | L 34
                                              0 SNES Function norm 3.723251229560e-07
                                                      Linear BackwardEuler-Equation_lumped_mg_coarse_ solve converged due to CONVERGED_ITS iterations 1
                                                      Linear BackwardEuler-Equation_lumped_mg_coarse_ solve converged due to CONVERGED_ITS iterations 1
                                                      Linear BackwardEuler-Equation_lumped_mg_coarse_ solve converged due to CONVERGED_ITS iterations 1
                                                      Linear BackwardEuler-Equation_lumped_mg_coarse_ solve converged due to CONVERGED_ITS iterations 1
                                                      Linear BackwardEuler-Equation_lumped_mg_coarse_ solve converged due to CONVERGED_ITS iterations 1
                                                      Linear BackwardEuler-Equation_lumped_mg_coarse_ solve converged due to CONVERGED_ITS iterations 1
                                                      Linear BackwardEuler-Equation_lumped_mg_coarse_ solve converged due to CONVERGED_ITS iterations 1
                                                      Linear BackwardEuler-Equation_lumped_mg_coarse_ solve converged due to CONVERGED_ITS iterations 1
                                                      Linear BackwardEuler-Equation_lumped_mg_coarse_ solve converged due to CONVERGED_ITS iterations 1
                                                      Linear BackwardEuler-Equation_lumped_mg_coarse_ solve converged due to CONVERGED_ITS iterations 1
                                                      Linear BackwardEuler-Equation_lumped_mg_coarse_ solve converged due to CONVERGED_ITS iterations 1
                                                      Linear BackwardEuler-Equation_lumped_mg_coarse_ solve converged due to CONVERGED_ITS iterations 1
                                                      Linear BackwardEuler-Equation_lumped_mg_coarse_ solve converged due to CONVERGED_ITS iterations 1
                                                      Linear BackwardEuler-Equation_lumped_mg_coarse_ solve converged due to CONVERGED_ITS iterations 1
                                                      Linear BackwardEuler-Equation_lumped_mg_coarse_ solve converged due to CONVERGED_ITS iterations 1
                                                      Linear BackwardEuler-Equation_lumped_mg_coarse_ solve converged due to CONVERGED_ITS iterations 1
                                                      Linear BackwardEuler-Equation_lumped_mg_coarse_ solve converged due to CONVERGED_ITS iterations 1
                                                      Linear BackwardEuler-Equation_lumped_mg_coarse_ solve converged due to CONVERGED_ITS iterations 1
                                                      Linear BackwardEuler-Equation_lumped_mg_coarse_ solve converged due to CONVERGED_ITS iterations 1
                                                      Linear BackwardEuler-Equation_lumped_mg_coarse_ solve converged due to CONVERGED_ITS iterations 1
                                                      Linear BackwardEuler-Equation_lumped_mg_coarse_ solve converged due to CONVERGED_ITS iterations 1
                                                      Linear BackwardEuler-Equation_lumped_mg_coarse_ solve converged due to CONVERGED_ITS iterations 1
                                                      Linear BackwardEuler-Equation_lumped_mg_coarse_ solve converged due to CONVERGED_ITS iterations 1
                                                      Linear BackwardEuler-Equation_lumped_mg_coarse_ solve converged due to CONVERGED_ITS iterations 1
                                                      Linear BackwardEuler-Equation_lumped_mg_coarse_ solve converged due to CONVERGED_ITS iterations 1
                                                      Linear BackwardEuler-Equation_lumped_mg_coarse_ solve converged due to CONVERGED_ITS iterations 1
                                                      Linear BackwardEuler-Equation_lumped_mg_coarse_ solve converged due to CONVERGED_ITS iterations 1
                                                      Linear BackwardEuler-Equation_lumped_mg_coarse_ solve converged due to CONVERGED_ITS iterations 1
                                                      Linear BackwardEuler-Equation_lumped_mg_coarse_ solve converged due to CONVERGED_ITS iterations 1
                                                      Linear BackwardEuler-Equation_lumped_mg_coarse_ solve converged due to CONVERGED_ITS iterations 1
                                                      Linear BackwardEuler-Equation_lumped_mg_coarse_ solve converged due to CONVERGED_ITS iterations 1
                                                      Linear BackwardEuler-Equation_lumped_mg_coarse_ solve converged due to CONVERGED_ITS iterations 1
                                                      Linear BackwardEuler-Equation_lumped_mg_coarse_ solve converged due to CONVERGED_ITS iterations 1
                                                      Linear BackwardEuler-Equation_lumped_mg_coarse_ solve converged due to CONVERGED_ITS iterations 1
                                                Linear BackwardEuler-Equation_ solve converged due to CONVERGED_RTOL iterations 34
                                            Mat Object: (BackwardEuler-Equation_) 832 MPI processes
                                              type: mpiaij
                                              rows=143769600, cols=143769600
                                              total: nonzeros=8024555520, allocated nonzeros=8024555520
                                              total number of mallocs used during MatSetValues calls=0
                                                has attached near null space
                                                using I-node (on process 0) routines: found 43680 nodes, limit used is 5
                                              1 SNES Function norm 4.606020474635e-09
                                              Nonlinear BackwardEuler-Equation_ solve converged due to CONVERGED_FNORM_ABS iterations 1
                                            SNES Object: (BackwardEuler-Equation_) 832 MPI processes
                                              type: newtonls
                                              maximum iterations=50, maximum function evaluations=10000
                                              tolerances: relative=1e-08, absolute=1e-08, solution=1e-08
                                              total number of linear solver iterations=34
                                              total number of function evaluations=2
                                              norm schedule ALWAYS
                                              SNESLineSearch Object: (BackwardEuler-Equation_) 832 MPI processes
                                                type: bt
                                                  interpolation: cubic
                                                  alpha=1.000000e-04
                                                maxlambda=1.000000e+00, minlambda=1.000000e-12
                                                tolerances: relative=1.000000e-08, absolute=1.000000e-15, lambda=1.000000e-08
                                                maximum iterations=40
                                              KSP Object: (BackwardEuler-Equation_) 832 MPI processes
                                                type: fgmres
                                                  restart=30, using classical (unmodified) Gram-Schmidt orthogonalization with no iterative refinement
                                                  happy breakdown tolerance=1e-30
                                                maximum iterations=200, initial guess is zero
                                                tolerances: relative=1e-06, absolute=1e-50, divergence=10000.
                                                right preconditioning
                                                using UNPRECONDITIONED norm type for convergence test
                                              PC Object: (BackwardEuler-Equation_) 832 MPI processes
                                                type: python
                                                  Python: solvers.vlumping.VerticallyLumpedPC
                                                Firedrake custom preconditioner VerticallyLumpedPC
                                                  Vertically lumped MG: collapses vertical dimension on coarse level (cf. Kramer et al. 2010)
                                                  PC Object: (BackwardEuler-Equation_lumped_) 832 MPI processes
                                                    type: mg
                                                      type is MULTIPLICATIVE, levels=2 cycles=v
                                                        Cycles per PCApply=1
                                                        Using Galerkin computed coarse grid matrices
                                                    Coarse grid solver -- level 0 -------------------------------
                                                      KSP Object: (BackwardEuler-Equation_lumped_mg_coarse_) 832 MPI processes
                                                        type: preonly
                                                        maximum iterations=10000, initial guess is zero
                                                        tolerances: relative=1e-05, absolute=1e-50, divergence=10000.
                                                        left preconditioning
                                                        not checking for convergence
                                                      PC Object: (BackwardEuler-Equation_lumped_mg_coarse_) 832 MPI processes
                                                        type: lu
                                                          out-of-place factorization
                                                          tolerance for zero pivot 2.22045e-14
                                                          matrix ordering: external
                                                          factor fill ratio given 0., needed 0.
                                                            Factored matrix:
                                                              Mat Object: (BackwardEuler-Equation_lumped_mg_coarse_) 832 MPI processes
                                                                type: mumps
                                                                rows=230400, cols=230400
                                                                package used to perform factorization: mumps
                                                                total: nonzeros=53758496, allocated nonzeros=53758496
                                                                  MUMPS run parameters:
                                                                    Use -BackwardEuler-Equation_lumped_mg_coarse_ksp_view ::ascii_info_detail to display information for all processes
                                                                    RINFOG(1) (global estimated flops for the elimination after analysis): 2.22887e+10
                                                                    RINFOG(2) (global estimated flops for the assembly after factorization): 8.66561e+07
                                                                    RINFOG(3) (global estimated flops for the elimination after factorization): 2.22887e+10
                                                                    (RINFOG(12) RINFOG(13))*2^INFOG(34) (determinant): (0.,0.)*(2^0)
                                                                    INFOG(3) (estimated real workspace for factors on all processors after analysis): 132305132
                                                                    INFOG(4) (estimated integer workspace for factors on all processors after analysis): 3276560
                                                                    INFOG(5) (estimated maximum front size in the complete tree): 1604
                                                                    INFOG(6) (number of nodes in the complete tree): 12693
                                                                    INFOG(7) (ordering option effectively used after analysis): 5
                                                                    INFOG(8) (structural symmetry in percent of the permuted matrix after analysis): -1
                                                                    INFOG(9) (total real/complex workspace to store the matrix factors after factorization): 53758496
                                                                    INFOG(10) (total integer space store the matrix factors after factorization): 2959272
                                                                    INFOG(11) (order of largest frontal matrix after factorization): 1604
                                                                    INFOG(12) (number of off-diagonal pivots): 0
                                                                    INFOG(13) (number of delayed pivots after factorization): 0
                                                                    INFOG(14) (number of memory compress after factorization): 0
                                                                    INFOG(15) (number of steps of iterative refinement after solution): 0
                                                                    INFOG(16) (estimated size (in MB) of all MUMPS internal data for factorization after analysis: value on the most memory consuming processor): 292
                                                                    INFOG(17) (estimated size of all MUMPS internal data for factorization after analysis: sum over all processors): 230028
                                                                    INFOG(18) (size of all MUMPS internal data allocated during factorization: value on the most memory consuming processor): 292
                                                                    INFOG(19) (size of all MUMPS internal data allocated during factorization: sum over all processors): 229983
                                                                    INFOG(20) (estimated number of entries in the factors): 53758496
                                                                    INFOG(21) (size in MB of memory effectively used during factorization - value on the most memory consuming processor): 286
                                                                    INFOG(22) (size in MB of memory effectively used during factorization - sum over all processors): 225247
                                                                    INFOG(23) (after analysis: value of ICNTL(6) effectively used): 0
                                                                    INFOG(24) (after analysis: value of ICNTL(12) effectively used): 1
                                                                    INFOG(25) (after factorization: number of pivots modified by static pivoting): 0
                                                                    INFOG(28) (after factorization: number of null pivots encountered): 0
                                                                    INFOG(29) (after factorization: effective number of entries in the factors (sum over all processors)): 53758496
                                                                    INFOG(30, 31) (after solution: size in Mbytes of memory used during solution phase): 52, 28284
                                                                    INFOG(32) (after analysis: type of analysis done): 1
                                                                    INFOG(33) (value used for ICNTL(8)): 7
                                                                    INFOG(34) (exponent of the determinant if determinant is requested): 0
                                                                    INFOG(35) (after factorization: number of entries taking into account BLR factor compression - sum over all processors): 53758496
                                                                    INFOG(36) (after analysis: estimated size of all MUMPS internal data for running BLR in-core - value on the most memory consuming processor): 0
                                                                    INFOG(37) (after analysis: estimated size of all MUMPS internal data for running BLR in-core - sum over all processors): 0
                                                                    INFOG(38) (after analysis: estimated size of all MUMPS internal data for running BLR out-of-core - value on the most memory consuming processor): 0
                                                                    INFOG(39) (after analysis: estimated size of all MUMPS internal data for running BLR out-of-core - sum over all processors): 0
                                                        linear system matrix, which is also used to construct the preconditioner:
                                                        Mat Object: 832 MPI processes
                                                          type: mpiaij
                                                          rows=230400, cols=230400
                                                          total: nonzeros=4592640, allocated nonzeros=4592640
                                                          total number of mallocs used during MatSetValues calls=0
                                                            using nonscalable MatPtAP() implementation
                                                            using I-node (on process 0) routines: found 70 nodes, limit used is 5
                                                    Down solver (pre-smoother) on level 1 -------------------------------
                                                      KSP Object: (BackwardEuler-Equation_lumped_mg_levels_1_) 832 MPI processes
                                                        type: chebyshev
                                                          Chebyshev polynomial of first kind
                                                          eigenvalue targets used: min 0.192085, max 2.11294
                                                          eigenvalues estimated via gmres: min 0.0557203, max 1.92085
                                                          eigenvalues estimated using gmres with transform: [0. 0.1; 0. 1.1]
                                                          KSP Object: (BackwardEuler-Equation_lumped_mg_levels_1_esteig_) 832 MPI processes
                                                            type: gmres
                                                              restart=30, using classical (unmodified) Gram-Schmidt orthogonalization with no iterative refinement
                                                              happy breakdown tolerance=1e-30
                                                            maximum iterations=10, initial guess is zero
                                                            tolerances: relative=1e-12, absolute=1e-50, divergence=10000.
                                                            left preconditioning
                                                            using PRECONDITIONED norm type for convergence test
                                                          estimating eigenvalues using a noisy random number generated right-hand side
                                                        maximum iterations=4, nonzero initial guess
                                                        tolerances: relative=1e-05, absolute=1e-50, divergence=10000.
                                                        left preconditioning
                                                        not checking for convergence
                                                      PC Object: (BackwardEuler-Equation_lumped_mg_levels_1_) 832 MPI processes
                                                        type: bjacobi
                                                          number of blocks = 832
                                                          Local solver information for first block is in the following KSP and PC objects on rank 0:
                                                          Use -BackwardEuler-Equation_lumped_mg_levels_1_ksp_view ::ascii_info_detail to display information for all blocks
                                                          KSP Object: (BackwardEuler-Equation_lumped_mg_levels_1_sub_) 1 MPI process
                                                            type: preonly
                                                            maximum iterations=10000, initial guess is zero
                                                            tolerances: relative=1e-05, absolute=1e-50, divergence=10000.
                                                            left preconditioning
                                                            not checking for convergence
                                                          PC Object: (BackwardEuler-Equation_lumped_mg_levels_1_sub_) 1 MPI process
                                                            type: ilu
                                                              out-of-place factorization
                                                              0 levels of fill
                                                              tolerance for zero pivot 2.22045e-14
                                                              matrix ordering: natural
                                                              factor fill ratio given 1., needed 1.
                                                                Factored matrix:
                                                                  Mat Object: (BackwardEuler-Equation_lumped_mg_levels_1_sub_) 1 MPI process
                                                                    type: seqaij
                                                                    rows=174720, cols=174720
                                                                    package used to perform factorization: petsc
                                                                    total: nonzeros=9096448, allocated nonzeros=9096448
                                                                      using I-node routines: found 43680 nodes, limit used is 5
                                                            linear system matrix, which is also used to construct the preconditioner:
                                                            Mat Object: (BackwardEuler-Equation_lumped_mg_levels_1_sub_) 1 MPI process
                                                              type: seqaij
                                                              rows=174720, cols=174720
                                                              total: nonzeros=9096448, allocated nonzeros=9096448
                                                              total number of mallocs used during MatSetValues calls=0
                                                                using I-node routines: found 43680 nodes, limit used is 5
                                                        linear system matrix, which is also used to construct the preconditioner:
                                                        Mat Object: (BackwardEuler-Equation_) 832 MPI processes
                                                          type: mpiaij
                                                          rows=143769600, cols=143769600
                                                          total: nonzeros=8024555520, allocated nonzeros=8024555520
                                                          total number of mallocs used during MatSetValues calls=0
                                                            has attached near null space
                                                            using I-node (on process 0) routines: found 43680 nodes, limit used is 5
                                                    Up solver (post-smoother) same as down solver (pre-smoother)
                                                    linear system matrix, which is also used to construct the preconditioner:
                                                    Mat Object: (BackwardEuler-Equation_) 832 MPI processes
                                                      type: mpiaij
                                                      rows=143769600, cols=143769600
                                                      total: nonzeros=8024555520, allocated nonzeros=8024555520
                                                      total number of mallocs used during MatSetValues calls=0
                                                        has attached near null space
                                                        using I-node (on process 0) routines: found 43680 nodes, limit used is 5
                                                  linear system matrix, which is also used to construct the preconditioner:
                                                  Mat Object: (BackwardEuler-Equation_) 832 MPI processes
                                                    type: mpiaij
                                                    rows=143769600, cols=143769600
                                                    total: nonzeros=8024555520, allocated nonzeros=8024555520
                                                    total number of mallocs used during MatSetValues calls=0
                                                      has attached near null space
                                                      using I-node (on process 0) routines: found 43680 nodes, limit used is 5
t = 6900.00 s | step 23/30 | wall 20.02 s | NL 1 | L 34
                                                0 SNES Function norm 3.701307873304e-07
                                                        Linear BackwardEuler-Equation_lumped_mg_coarse_ solve converged due to CONVERGED_ITS iterations 1
                                                        Linear BackwardEuler-Equation_lumped_mg_coarse_ solve converged due to CONVERGED_ITS iterations 1
                                                        Linear BackwardEuler-Equation_lumped_mg_coarse_ solve converged due to CONVERGED_ITS iterations 1
                                                        Linear BackwardEuler-Equation_lumped_mg_coarse_ solve converged due to CONVERGED_ITS iterations 1
                                                        Linear BackwardEuler-Equation_lumped_mg_coarse_ solve converged due to CONVERGED_ITS iterations 1
                                                        Linear BackwardEuler-Equation_lumped_mg_coarse_ solve converged due to CONVERGED_ITS iterations 1
                                                        Linear BackwardEuler-Equation_lumped_mg_coarse_ solve converged due to CONVERGED_ITS iterations 1
                                                        Linear BackwardEuler-Equation_lumped_mg_coarse_ solve converged due to CONVERGED_ITS iterations 1
                                                        Linear BackwardEuler-Equation_lumped_mg_coarse_ solve converged due to CONVERGED_ITS iterations 1
                                                        Linear BackwardEuler-Equation_lumped_mg_coarse_ solve converged due to CONVERGED_ITS iterations 1
                                                        Linear BackwardEuler-Equation_lumped_mg_coarse_ solve converged due to CONVERGED_ITS iterations 1
                                                        Linear BackwardEuler-Equation_lumped_mg_coarse_ solve converged due to CONVERGED_ITS iterations 1
                                                        Linear BackwardEuler-Equation_lumped_mg_coarse_ solve converged due to CONVERGED_ITS iterations 1
                                                        Linear BackwardEuler-Equation_lumped_mg_coarse_ solve converged due to CONVERGED_ITS iterations 1
                                                        Linear BackwardEuler-Equation_lumped_mg_coarse_ solve converged due to CONVERGED_ITS iterations 1
                                                        Linear BackwardEuler-Equation_lumped_mg_coarse_ solve converged due to CONVERGED_ITS iterations 1
                                                        Linear BackwardEuler-Equation_lumped_mg_coarse_ solve converged due to CONVERGED_ITS iterations 1
                                                        Linear BackwardEuler-Equation_lumped_mg_coarse_ solve converged due to CONVERGED_ITS iterations 1
                                                        Linear BackwardEuler-Equation_lumped_mg_coarse_ solve converged due to CONVERGED_ITS iterations 1
                                                        Linear BackwardEuler-Equation_lumped_mg_coarse_ solve converged due to CONVERGED_ITS iterations 1
                                                        Linear BackwardEuler-Equation_lumped_mg_coarse_ solve converged due to CONVERGED_ITS iterations 1
                                                        Linear BackwardEuler-Equation_lumped_mg_coarse_ solve converged due to CONVERGED_ITS iterations 1
                                                        Linear BackwardEuler-Equation_lumped_mg_coarse_ solve converged due to CONVERGED_ITS iterations 1
                                                        Linear BackwardEuler-Equation_lumped_mg_coarse_ solve converged due to CONVERGED_ITS iterations 1
                                                        Linear BackwardEuler-Equation_lumped_mg_coarse_ solve converged due to CONVERGED_ITS iterations 1
                                                        Linear BackwardEuler-Equation_lumped_mg_coarse_ solve converged due to CONVERGED_ITS iterations 1
                                                        Linear BackwardEuler-Equation_lumped_mg_coarse_ solve converged due to CONVERGED_ITS iterations 1
                                                        Linear BackwardEuler-Equation_lumped_mg_coarse_ solve converged due to CONVERGED_ITS iterations 1
                                                        Linear BackwardEuler-Equation_lumped_mg_coarse_ solve converged due to CONVERGED_ITS iterations 1
                                                        Linear BackwardEuler-Equation_lumped_mg_coarse_ solve converged due to CONVERGED_ITS iterations 1
                                                        Linear BackwardEuler-Equation_lumped_mg_coarse_ solve converged due to CONVERGED_ITS iterations 1
                                                        Linear BackwardEuler-Equation_lumped_mg_coarse_ solve converged due to CONVERGED_ITS iterations 1
                                                        Linear BackwardEuler-Equation_lumped_mg_coarse_ solve converged due to CONVERGED_ITS iterations 1
                                                        Linear BackwardEuler-Equation_lumped_mg_coarse_ solve converged due to CONVERGED_ITS iterations 1
                                                  Linear BackwardEuler-Equation_ solve converged due to CONVERGED_RTOL iterations 34
                                              Mat Object: (BackwardEuler-Equation_) 832 MPI processes
                                                type: mpiaij
                                                rows=143769600, cols=143769600
                                                total: nonzeros=8024555520, allocated nonzeros=8024555520
                                                total number of mallocs used during MatSetValues calls=0
                                                  has attached near null space
                                                  using I-node (on process 0) routines: found 43680 nodes, limit used is 5
                                                1 SNES Function norm 4.542037659387e-09
                                                Nonlinear BackwardEuler-Equation_ solve converged due to CONVERGED_FNORM_ABS iterations 1
                                              SNES Object: (BackwardEuler-Equation_) 832 MPI processes
                                                type: newtonls
                                                maximum iterations=50, maximum function evaluations=10000
                                                tolerances: relative=1e-08, absolute=1e-08, solution=1e-08
                                                total number of linear solver iterations=34
                                                total number of function evaluations=2
                                                norm schedule ALWAYS
                                                SNESLineSearch Object: (BackwardEuler-Equation_) 832 MPI processes
                                                  type: bt
                                                    interpolation: cubic
                                                    alpha=1.000000e-04
                                                  maxlambda=1.000000e+00, minlambda=1.000000e-12
                                                  tolerances: relative=1.000000e-08, absolute=1.000000e-15, lambda=1.000000e-08
                                                  maximum iterations=40
                                                KSP Object: (BackwardEuler-Equation_) 832 MPI processes
                                                  type: fgmres
                                                    restart=30, using classical (unmodified) Gram-Schmidt orthogonalization with no iterative refinement
                                                    happy breakdown tolerance=1e-30
                                                  maximum iterations=200, initial guess is zero
                                                  tolerances: relative=1e-06, absolute=1e-50, divergence=10000.
                                                  right preconditioning
                                                  using UNPRECONDITIONED norm type for convergence test
                                                PC Object: (BackwardEuler-Equation_) 832 MPI processes
                                                  type: python
                                                    Python: solvers.vlumping.VerticallyLumpedPC
                                                  Firedrake custom preconditioner VerticallyLumpedPC
                                                    Vertically lumped MG: collapses vertical dimension on coarse level (cf. Kramer et al. 2010)
                                                    PC Object: (BackwardEuler-Equation_lumped_) 832 MPI processes
                                                      type: mg
                                                        type is MULTIPLICATIVE, levels=2 cycles=v
                                                          Cycles per PCApply=1
                                                          Using Galerkin computed coarse grid matrices
                                                      Coarse grid solver -- level 0 -------------------------------
                                                        KSP Object: (BackwardEuler-Equation_lumped_mg_coarse_) 832 MPI processes
                                                          type: preonly
                                                          maximum iterations=10000, initial guess is zero
                                                          tolerances: relative=1e-05, absolute=1e-50, divergence=10000.
                                                          left preconditioning
                                                          not checking for convergence
                                                        PC Object: (BackwardEuler-Equation_lumped_mg_coarse_) 832 MPI processes
                                                          type: lu
                                                            out-of-place factorization
                                                            tolerance for zero pivot 2.22045e-14
                                                            matrix ordering: external
                                                            factor fill ratio given 0., needed 0.
                                                              Factored matrix:
                                                                Mat Object: (BackwardEuler-Equation_lumped_mg_coarse_) 832 MPI processes
                                                                  type: mumps
                                                                  rows=230400, cols=230400
                                                                  package used to perform factorization: mumps
                                                                  total: nonzeros=53758496, allocated nonzeros=53758496
                                                                    MUMPS run parameters:
                                                                      Use -BackwardEuler-Equation_lumped_mg_coarse_ksp_view ::ascii_info_detail to display information for all processes
                                                                      RINFOG(1) (global estimated flops for the elimination after analysis): 2.22887e+10
                                                                      RINFOG(2) (global estimated flops for the assembly after factorization): 8.66561e+07
                                                                      RINFOG(3) (global estimated flops for the elimination after factorization): 2.22887e+10
                                                                      (RINFOG(12) RINFOG(13))*2^INFOG(34) (determinant): (0.,0.)*(2^0)
                                                                      INFOG(3) (estimated real workspace for factors on all processors after analysis): 132305132
                                                                      INFOG(4) (estimated integer workspace for factors on all processors after analysis): 3276560
                                                                      INFOG(5) (estimated maximum front size in the complete tree): 1604
                                                                      INFOG(6) (number of nodes in the complete tree): 12693
                                                                      INFOG(7) (ordering option effectively used after analysis): 5
                                                                      INFOG(8) (structural symmetry in percent of the permuted matrix after analysis): -1
                                                                      INFOG(9) (total real/complex workspace to store the matrix factors after factorization): 53758496
                                                                      INFOG(10) (total integer space store the matrix factors after factorization): 2959272
                                                                      INFOG(11) (order of largest frontal matrix after factorization): 1604
                                                                      INFOG(12) (number of off-diagonal pivots): 0
                                                                      INFOG(13) (number of delayed pivots after factorization): 0
                                                                      INFOG(14) (number of memory compress after factorization): 0
                                                                      INFOG(15) (number of steps of iterative refinement after solution): 0
                                                                      INFOG(16) (estimated size (in MB) of all MUMPS internal data for factorization after analysis: value on the most memory consuming processor): 292
                                                                      INFOG(17) (estimated size of all MUMPS internal data for factorization after analysis: sum over all processors): 230028
                                                                      INFOG(18) (size of all MUMPS internal data allocated during factorization: value on the most memory consuming processor): 292
                                                                      INFOG(19) (size of all MUMPS internal data allocated during factorization: sum over all processors): 229983
                                                                      INFOG(20) (estimated number of entries in the factors): 53758496
                                                                      INFOG(21) (size in MB of memory effectively used during factorization - value on the most memory consuming processor): 286
                                                                      INFOG(22) (size in MB of memory effectively used during factorization - sum over all processors): 225253
                                                                      INFOG(23) (after analysis: value of ICNTL(6) effectively used): 0
                                                                      INFOG(24) (after analysis: value of ICNTL(12) effectively used): 1
                                                                      INFOG(25) (after factorization: number of pivots modified by static pivoting): 0
                                                                      INFOG(28) (after factorization: number of null pivots encountered): 0
                                                                      INFOG(29) (after factorization: effective number of entries in the factors (sum over all processors)): 53758496
                                                                      INFOG(30, 31) (after solution: size in Mbytes of memory used during solution phase): 52, 28284
                                                                      INFOG(32) (after analysis: type of analysis done): 1
                                                                      INFOG(33) (value used for ICNTL(8)): 7
                                                                      INFOG(34) (exponent of the determinant if determinant is requested): 0
                                                                      INFOG(35) (after factorization: number of entries taking into account BLR factor compression - sum over all processors): 53758496
                                                                      INFOG(36) (after analysis: estimated size of all MUMPS internal data for running BLR in-core - value on the most memory consuming processor): 0
                                                                      INFOG(37) (after analysis: estimated size of all MUMPS internal data for running BLR in-core - sum over all processors): 0
                                                                      INFOG(38) (after analysis: estimated size of all MUMPS internal data for running BLR out-of-core - value on the most memory consuming processor): 0
                                                                      INFOG(39) (after analysis: estimated size of all MUMPS internal data for running BLR out-of-core - sum over all processors): 0
                                                          linear system matrix, which is also used to construct the preconditioner:
                                                          Mat Object: 832 MPI processes
                                                            type: mpiaij
                                                            rows=230400, cols=230400
                                                            total: nonzeros=4592640, allocated nonzeros=4592640
                                                            total number of mallocs used during MatSetValues calls=0
                                                              using nonscalable MatPtAP() implementation
                                                              using I-node (on process 0) routines: found 70 nodes, limit used is 5
                                                      Down solver (pre-smoother) on level 1 -------------------------------
                                                        KSP Object: (BackwardEuler-Equation_lumped_mg_levels_1_) 832 MPI processes
                                                          type: chebyshev
                                                            Chebyshev polynomial of first kind
                                                            eigenvalue targets used: min 0.192085, max 2.11294
                                                            eigenvalues estimated via gmres: min 0.0557228, max 1.92085
                                                            eigenvalues estimated using gmres with transform: [0. 0.1; 0. 1.1]
                                                            KSP Object: (BackwardEuler-Equation_lumped_mg_levels_1_esteig_) 832 MPI processes
                                                              type: gmres
                                                                restart=30, using classical (unmodified) Gram-Schmidt orthogonalization with no iterative refinement
                                                                happy breakdown tolerance=1e-30
                                                              maximum iterations=10, initial guess is zero
                                                              tolerances: relative=1e-12, absolute=1e-50, divergence=10000.
                                                              left preconditioning
                                                              using PRECONDITIONED norm type for convergence test
                                                            estimating eigenvalues using a noisy random number generated right-hand side
                                                          maximum iterations=4, nonzero initial guess
                                                          tolerances: relative=1e-05, absolute=1e-50, divergence=10000.
                                                          left preconditioning
                                                          not checking for convergence
                                                        PC Object: (BackwardEuler-Equation_lumped_mg_levels_1_) 832 MPI processes
                                                          type: bjacobi
                                                            number of blocks = 832
                                                            Local solver information for first block is in the following KSP and PC objects on rank 0:
                                                            Use -BackwardEuler-Equation_lumped_mg_levels_1_ksp_view ::ascii_info_detail to display information for all blocks
                                                            KSP Object: (BackwardEuler-Equation_lumped_mg_levels_1_sub_) 1 MPI process
                                                              type: preonly
                                                              maximum iterations=10000, initial guess is zero
                                                              tolerances: relative=1e-05, absolute=1e-50, divergence=10000.
                                                              left preconditioning
                                                              not checking for convergence
                                                            PC Object: (BackwardEuler-Equation_lumped_mg_levels_1_sub_) 1 MPI process
                                                              type: ilu
                                                                out-of-place factorization
                                                                0 levels of fill
                                                                tolerance for zero pivot 2.22045e-14
                                                                matrix ordering: natural
                                                                factor fill ratio given 1., needed 1.
                                                                  Factored matrix:
                                                                    Mat Object: (BackwardEuler-Equation_lumped_mg_levels_1_sub_) 1 MPI process
                                                                      type: seqaij
                                                                      rows=174720, cols=174720
                                                                      package used to perform factorization: petsc
                                                                      total: nonzeros=9096448, allocated nonzeros=9096448
                                                                        using I-node routines: found 43680 nodes, limit used is 5
                                                              linear system matrix, which is also used to construct the preconditioner:
                                                              Mat Object: (BackwardEuler-Equation_lumped_mg_levels_1_sub_) 1 MPI process
                                                                type: seqaij
                                                                rows=174720, cols=174720
                                                                total: nonzeros=9096448, allocated nonzeros=9096448
                                                                total number of mallocs used during MatSetValues calls=0
                                                                  using I-node routines: found 43680 nodes, limit used is 5
                                                          linear system matrix, which is also used to construct the preconditioner:
                                                          Mat Object: (BackwardEuler-Equation_) 832 MPI processes
                                                            type: mpiaij
                                                            rows=143769600, cols=143769600
                                                            total: nonzeros=8024555520, allocated nonzeros=8024555520
                                                            total number of mallocs used during MatSetValues calls=0
                                                              has attached near null space
                                                              using I-node (on process 0) routines: found 43680 nodes, limit used is 5
                                                      Up solver (post-smoother) same as down solver (pre-smoother)
                                                      linear system matrix, which is also used to construct the preconditioner:
                                                      Mat Object: (BackwardEuler-Equation_) 832 MPI processes
                                                        type: mpiaij
                                                        rows=143769600, cols=143769600
                                                        total: nonzeros=8024555520, allocated nonzeros=8024555520
                                                        total number of mallocs used during MatSetValues calls=0
                                                          has attached near null space
                                                          using I-node (on process 0) routines: found 43680 nodes, limit used is 5
                                                    linear system matrix, which is also used to construct the preconditioner:
                                                    Mat Object: (BackwardEuler-Equation_) 832 MPI processes
                                                      type: mpiaij
                                                      rows=143769600, cols=143769600
                                                      total: nonzeros=8024555520, allocated nonzeros=8024555520
                                                      total number of mallocs used during MatSetValues calls=0
                                                        has attached near null space
                                                        using I-node (on process 0) routines: found 43680 nodes, limit used is 5
t = 7200.00 s | step 24/30 | wall 20.13 s | NL 1 | L 34
                                                  0 SNES Function norm 3.681099748893e-07
                                                          Linear BackwardEuler-Equation_lumped_mg_coarse_ solve converged due to CONVERGED_ITS iterations 1
                                                          Linear BackwardEuler-Equation_lumped_mg_coarse_ solve converged due to CONVERGED_ITS iterations 1
                                                          Linear BackwardEuler-Equation_lumped_mg_coarse_ solve converged due to CONVERGED_ITS iterations 1
                                                          Linear BackwardEuler-Equation_lumped_mg_coarse_ solve converged due to CONVERGED_ITS iterations 1
                                                          Linear BackwardEuler-Equation_lumped_mg_coarse_ solve converged due to CONVERGED_ITS iterations 1
                                                          Linear BackwardEuler-Equation_lumped_mg_coarse_ solve converged due to CONVERGED_ITS iterations 1
                                                          Linear BackwardEuler-Equation_lumped_mg_coarse_ solve converged due to CONVERGED_ITS iterations 1
                                                          Linear BackwardEuler-Equation_lumped_mg_coarse_ solve converged due to CONVERGED_ITS iterations 1
                                                          Linear BackwardEuler-Equation_lumped_mg_coarse_ solve converged due to CONVERGED_ITS iterations 1
                                                          Linear BackwardEuler-Equation_lumped_mg_coarse_ solve converged due to CONVERGED_ITS iterations 1
                                                          Linear BackwardEuler-Equation_lumped_mg_coarse_ solve converged due to CONVERGED_ITS iterations 1
                                                          Linear BackwardEuler-Equation_lumped_mg_coarse_ solve converged due to CONVERGED_ITS iterations 1
                                                          Linear BackwardEuler-Equation_lumped_mg_coarse_ solve converged due to CONVERGED_ITS iterations 1
                                                          Linear BackwardEuler-Equation_lumped_mg_coarse_ solve converged due to CONVERGED_ITS iterations 1
                                                          Linear BackwardEuler-Equation_lumped_mg_coarse_ solve converged due to CONVERGED_ITS iterations 1
                                                          Linear BackwardEuler-Equation_lumped_mg_coarse_ solve converged due to CONVERGED_ITS iterations 1
                                                          Linear BackwardEuler-Equation_lumped_mg_coarse_ solve converged due to CONVERGED_ITS iterations 1
                                                          Linear BackwardEuler-Equation_lumped_mg_coarse_ solve converged due to CONVERGED_ITS iterations 1
                                                          Linear BackwardEuler-Equation_lumped_mg_coarse_ solve converged due to CONVERGED_ITS iterations 1
                                                          Linear BackwardEuler-Equation_lumped_mg_coarse_ solve converged due to CONVERGED_ITS iterations 1
                                                          Linear BackwardEuler-Equation_lumped_mg_coarse_ solve converged due to CONVERGED_ITS iterations 1
                                                          Linear BackwardEuler-Equation_lumped_mg_coarse_ solve converged due to CONVERGED_ITS iterations 1
                                                          Linear BackwardEuler-Equation_lumped_mg_coarse_ solve converged due to CONVERGED_ITS iterations 1
                                                          Linear BackwardEuler-Equation_lumped_mg_coarse_ solve converged due to CONVERGED_ITS iterations 1
                                                          Linear BackwardEuler-Equation_lumped_mg_coarse_ solve converged due to CONVERGED_ITS iterations 1
                                                          Linear BackwardEuler-Equation_lumped_mg_coarse_ solve converged due to CONVERGED_ITS iterations 1
                                                          Linear BackwardEuler-Equation_lumped_mg_coarse_ solve converged due to CONVERGED_ITS iterations 1
                                                          Linear BackwardEuler-Equation_lumped_mg_coarse_ solve converged due to CONVERGED_ITS iterations 1
                                                          Linear BackwardEuler-Equation_lumped_mg_coarse_ solve converged due to CONVERGED_ITS iterations 1
                                                          Linear BackwardEuler-Equation_lumped_mg_coarse_ solve converged due to CONVERGED_ITS iterations 1
                                                          Linear BackwardEuler-Equation_lumped_mg_coarse_ solve converged due to CONVERGED_ITS iterations 1
                                                          Linear BackwardEuler-Equation_lumped_mg_coarse_ solve converged due to CONVERGED_ITS iterations 1
                                                          Linear BackwardEuler-Equation_lumped_mg_coarse_ solve converged due to CONVERGED_ITS iterations 1
                                                          Linear BackwardEuler-Equation_lumped_mg_coarse_ solve converged due to CONVERGED_ITS iterations 1
                                                    Linear BackwardEuler-Equation_ solve converged due to CONVERGED_RTOL iterations 34
                                                Mat Object: (BackwardEuler-Equation_) 832 MPI processes
                                                  type: mpiaij
                                                  rows=143769600, cols=143769600
                                                  total: nonzeros=8024555520, allocated nonzeros=8024555520
                                                  total number of mallocs used during MatSetValues calls=0
                                                    has attached near null space
                                                    using I-node (on process 0) routines: found 43680 nodes, limit used is 5
                                                  1 SNES Function norm 4.484092896389e-09
                                                  Nonlinear BackwardEuler-Equation_ solve converged due to CONVERGED_FNORM_ABS iterations 1
                                                SNES Object: (BackwardEuler-Equation_) 832 MPI processes
                                                  type: newtonls
                                                  maximum iterations=50, maximum function evaluations=10000
                                                  tolerances: relative=1e-08, absolute=1e-08, solution=1e-08
                                                  total number of linear solver iterations=34
                                                  total number of function evaluations=2
                                                  norm schedule ALWAYS
                                                  SNESLineSearch Object: (BackwardEuler-Equation_) 832 MPI processes
                                                    type: bt
                                                      interpolation: cubic
                                                      alpha=1.000000e-04
                                                    maxlambda=1.000000e+00, minlambda=1.000000e-12
                                                    tolerances: relative=1.000000e-08, absolute=1.000000e-15, lambda=1.000000e-08
                                                    maximum iterations=40
                                                  KSP Object: (BackwardEuler-Equation_) 832 MPI processes
                                                    type: fgmres
                                                      restart=30, using classical (unmodified) Gram-Schmidt orthogonalization with no iterative refinement
                                                      happy breakdown tolerance=1e-30
                                                    maximum iterations=200, initial guess is zero
                                                    tolerances: relative=1e-06, absolute=1e-50, divergence=10000.
                                                    right preconditioning
                                                    using UNPRECONDITIONED norm type for convergence test
                                                  PC Object: (BackwardEuler-Equation_) 832 MPI processes
                                                    type: python
                                                      Python: solvers.vlumping.VerticallyLumpedPC
                                                    Firedrake custom preconditioner VerticallyLumpedPC
                                                      Vertically lumped MG: collapses vertical dimension on coarse level (cf. Kramer et al. 2010)
                                                      PC Object: (BackwardEuler-Equation_lumped_) 832 MPI processes
                                                        type: mg
                                                          type is MULTIPLICATIVE, levels=2 cycles=v
                                                            Cycles per PCApply=1
                                                            Using Galerkin computed coarse grid matrices
                                                        Coarse grid solver -- level 0 -------------------------------
                                                          KSP Object: (BackwardEuler-Equation_lumped_mg_coarse_) 832 MPI processes
                                                            type: preonly
                                                            maximum iterations=10000, initial guess is zero
                                                            tolerances: relative=1e-05, absolute=1e-50, divergence=10000.
                                                            left preconditioning
                                                            not checking for convergence
                                                          PC Object: (BackwardEuler-Equation_lumped_mg_coarse_) 832 MPI processes
                                                            type: lu
                                                              out-of-place factorization
                                                              tolerance for zero pivot 2.22045e-14
                                                              matrix ordering: external
                                                              factor fill ratio given 0., needed 0.
                                                                Factored matrix:
                                                                  Mat Object: (BackwardEuler-Equation_lumped_mg_coarse_) 832 MPI processes
                                                                    type: mumps
                                                                    rows=230400, cols=230400
                                                                    package used to perform factorization: mumps
                                                                    total: nonzeros=53758496, allocated nonzeros=53758496
                                                                      MUMPS run parameters:
                                                                        Use -BackwardEuler-Equation_lumped_mg_coarse_ksp_view ::ascii_info_detail to display information for all processes
                                                                        RINFOG(1) (global estimated flops for the elimination after analysis): 2.22887e+10
                                                                        RINFOG(2) (global estimated flops for the assembly after factorization): 8.66561e+07
                                                                        RINFOG(3) (global estimated flops for the elimination after factorization): 2.22887e+10
                                                                        (RINFOG(12) RINFOG(13))*2^INFOG(34) (determinant): (0.,0.)*(2^0)
                                                                        INFOG(3) (estimated real workspace for factors on all processors after analysis): 132305132
                                                                        INFOG(4) (estimated integer workspace for factors on all processors after analysis): 3276560
                                                                        INFOG(5) (estimated maximum front size in the complete tree): 1604
                                                                        INFOG(6) (number of nodes in the complete tree): 12693
                                                                        INFOG(7) (ordering option effectively used after analysis): 5
                                                                        INFOG(8) (structural symmetry in percent of the permuted matrix after analysis): -1
                                                                        INFOG(9) (total real/complex workspace to store the matrix factors after factorization): 53758496
                                                                        INFOG(10) (total integer space store the matrix factors after factorization): 2959272
                                                                        INFOG(11) (order of largest frontal matrix after factorization): 1604
                                                                        INFOG(12) (number of off-diagonal pivots): 0
                                                                        INFOG(13) (number of delayed pivots after factorization): 0
                                                                        INFOG(14) (number of memory compress after factorization): 0
                                                                        INFOG(15) (number of steps of iterative refinement after solution): 0
                                                                        INFOG(16) (estimated size (in MB) of all MUMPS internal data for factorization after analysis: value on the most memory consuming processor): 292
                                                                        INFOG(17) (estimated size of all MUMPS internal data for factorization after analysis: sum over all processors): 230028
                                                                        INFOG(18) (size of all MUMPS internal data allocated during factorization: value on the most memory consuming processor): 292
                                                                        INFOG(19) (size of all MUMPS internal data allocated during factorization: sum over all processors): 229983
                                                                        INFOG(20) (estimated number of entries in the factors): 53758496
                                                                        INFOG(21) (size in MB of memory effectively used during factorization - value on the most memory consuming processor): 286
                                                                        INFOG(22) (size in MB of memory effectively used during factorization - sum over all processors): 225247
                                                                        INFOG(23) (after analysis: value of ICNTL(6) effectively used): 0
                                                                        INFOG(24) (after analysis: value of ICNTL(12) effectively used): 1
                                                                        INFOG(25) (after factorization: number of pivots modified by static pivoting): 0
                                                                        INFOG(28) (after factorization: number of null pivots encountered): 0
                                                                        INFOG(29) (after factorization: effective number of entries in the factors (sum over all processors)): 53758496
                                                                        INFOG(30, 31) (after solution: size in Mbytes of memory used during solution phase): 52, 28284
                                                                        INFOG(32) (after analysis: type of analysis done): 1
                                                                        INFOG(33) (value used for ICNTL(8)): 7
                                                                        INFOG(34) (exponent of the determinant if determinant is requested): 0
                                                                        INFOG(35) (after factorization: number of entries taking into account BLR factor compression - sum over all processors): 53758496
                                                                        INFOG(36) (after analysis: estimated size of all MUMPS internal data for running BLR in-core - value on the most memory consuming processor): 0
                                                                        INFOG(37) (after analysis: estimated size of all MUMPS internal data for running BLR in-core - sum over all processors): 0
                                                                        INFOG(38) (after analysis: estimated size of all MUMPS internal data for running BLR out-of-core - value on the most memory consuming processor): 0
                                                                        INFOG(39) (after analysis: estimated size of all MUMPS internal data for running BLR out-of-core - sum over all processors): 0
                                                            linear system matrix, which is also used to construct the preconditioner:
                                                            Mat Object: 832 MPI processes
                                                              type: mpiaij
                                                              rows=230400, cols=230400
                                                              total: nonzeros=4592640, allocated nonzeros=4592640
                                                              total number of mallocs used during MatSetValues calls=0
                                                                using nonscalable MatPtAP() implementation
                                                                using I-node (on process 0) routines: found 70 nodes, limit used is 5
                                                        Down solver (pre-smoother) on level 1 -------------------------------
                                                          KSP Object: (BackwardEuler-Equation_lumped_mg_levels_1_) 832 MPI processes
                                                            type: chebyshev
                                                              Chebyshev polynomial of first kind
                                                              eigenvalue targets used: min 0.192085, max 2.11294
                                                              eigenvalues estimated via gmres: min 0.0557253, max 1.92085
                                                              eigenvalues estimated using gmres with transform: [0. 0.1; 0. 1.1]
                                                              KSP Object: (BackwardEuler-Equation_lumped_mg_levels_1_esteig_) 832 MPI processes
                                                                type: gmres
                                                                  restart=30, using classical (unmodified) Gram-Schmidt orthogonalization with no iterative refinement
                                                                  happy breakdown tolerance=1e-30
                                                                maximum iterations=10, initial guess is zero
                                                                tolerances: relative=1e-12, absolute=1e-50, divergence=10000.
                                                                left preconditioning
                                                                using PRECONDITIONED norm type for convergence test
                                                              estimating eigenvalues using a noisy random number generated right-hand side
                                                            maximum iterations=4, nonzero initial guess
                                                            tolerances: relative=1e-05, absolute=1e-50, divergence=10000.
                                                            left preconditioning
                                                            not checking for convergence
                                                          PC Object: (BackwardEuler-Equation_lumped_mg_levels_1_) 832 MPI processes
                                                            type: bjacobi
                                                              number of blocks = 832
                                                              Local solver information for first block is in the following KSP and PC objects on rank 0:
                                                              Use -BackwardEuler-Equation_lumped_mg_levels_1_ksp_view ::ascii_info_detail to display information for all blocks
                                                              KSP Object: (BackwardEuler-Equation_lumped_mg_levels_1_sub_) 1 MPI process
                                                                type: preonly
                                                                maximum iterations=10000, initial guess is zero
                                                                tolerances: relative=1e-05, absolute=1e-50, divergence=10000.
                                                                left preconditioning
                                                                not checking for convergence
                                                              PC Object: (BackwardEuler-Equation_lumped_mg_levels_1_sub_) 1 MPI process
                                                                type: ilu
                                                                  out-of-place factorization
                                                                  0 levels of fill
                                                                  tolerance for zero pivot 2.22045e-14
                                                                  matrix ordering: natural
                                                                  factor fill ratio given 1., needed 1.
                                                                    Factored matrix:
                                                                      Mat Object: (BackwardEuler-Equation_lumped_mg_levels_1_sub_) 1 MPI process
                                                                        type: seqaij
                                                                        rows=174720, cols=174720
                                                                        package used to perform factorization: petsc
                                                                        total: nonzeros=9096448, allocated nonzeros=9096448
                                                                          using I-node routines: found 43680 nodes, limit used is 5
                                                                linear system matrix, which is also used to construct the preconditioner:
                                                                Mat Object: (BackwardEuler-Equation_lumped_mg_levels_1_sub_) 1 MPI process
                                                                  type: seqaij
                                                                  rows=174720, cols=174720
                                                                  total: nonzeros=9096448, allocated nonzeros=9096448
                                                                  total number of mallocs used during MatSetValues calls=0
                                                                    using I-node routines: found 43680 nodes, limit used is 5
                                                            linear system matrix, which is also used to construct the preconditioner:
                                                            Mat Object: (BackwardEuler-Equation_) 832 MPI processes
                                                              type: mpiaij
                                                              rows=143769600, cols=143769600
                                                              total: nonzeros=8024555520, allocated nonzeros=8024555520
                                                              total number of mallocs used during MatSetValues calls=0
                                                                has attached near null space
                                                                using I-node (on process 0) routines: found 43680 nodes, limit used is 5
                                                        Up solver (post-smoother) same as down solver (pre-smoother)
                                                        linear system matrix, which is also used to construct the preconditioner:
                                                        Mat Object: (BackwardEuler-Equation_) 832 MPI processes
                                                          type: mpiaij
                                                          rows=143769600, cols=143769600
                                                          total: nonzeros=8024555520, allocated nonzeros=8024555520
                                                          total number of mallocs used during MatSetValues calls=0
                                                            has attached near null space
                                                            using I-node (on process 0) routines: found 43680 nodes, limit used is 5
                                                      linear system matrix, which is also used to construct the preconditioner:
                                                      Mat Object: (BackwardEuler-Equation_) 832 MPI processes
                                                        type: mpiaij
                                                        rows=143769600, cols=143769600
                                                        total: nonzeros=8024555520, allocated nonzeros=8024555520
                                                        total number of mallocs used during MatSetValues calls=0
                                                          has attached near null space
                                                          using I-node (on process 0) routines: found 43680 nodes, limit used is 5
t = 7500.00 s | step 25/30 | wall 20.04 s | NL 1 | L 34
                                                    0 SNES Function norm 3.662458964640e-07
                                                            Linear BackwardEuler-Equation_lumped_mg_coarse_ solve converged due to CONVERGED_ITS iterations 1
                                                            Linear BackwardEuler-Equation_lumped_mg_coarse_ solve converged due to CONVERGED_ITS iterations 1
                                                            Linear BackwardEuler-Equation_lumped_mg_coarse_ solve converged due to CONVERGED_ITS iterations 1
                                                            Linear BackwardEuler-Equation_lumped_mg_coarse_ solve converged due to CONVERGED_ITS iterations 1
                                                            Linear BackwardEuler-Equation_lumped_mg_coarse_ solve converged due to CONVERGED_ITS iterations 1
                                                            Linear BackwardEuler-Equation_lumped_mg_coarse_ solve converged due to CONVERGED_ITS iterations 1
                                                            Linear BackwardEuler-Equation_lumped_mg_coarse_ solve converged due to CONVERGED_ITS iterations 1
                                                            Linear BackwardEuler-Equation_lumped_mg_coarse_ solve converged due to CONVERGED_ITS iterations 1
                                                            Linear BackwardEuler-Equation_lumped_mg_coarse_ solve converged due to CONVERGED_ITS iterations 1
                                                            Linear BackwardEuler-Equation_lumped_mg_coarse_ solve converged due to CONVERGED_ITS iterations 1
                                                            Linear BackwardEuler-Equation_lumped_mg_coarse_ solve converged due to CONVERGED_ITS iterations 1
                                                            Linear BackwardEuler-Equation_lumped_mg_coarse_ solve converged due to CONVERGED_ITS iterations 1
                                                            Linear BackwardEuler-Equation_lumped_mg_coarse_ solve converged due to CONVERGED_ITS iterations 1
                                                            Linear BackwardEuler-Equation_lumped_mg_coarse_ solve converged due to CONVERGED_ITS iterations 1
                                                            Linear BackwardEuler-Equation_lumped_mg_coarse_ solve converged due to CONVERGED_ITS iterations 1
                                                            Linear BackwardEuler-Equation_lumped_mg_coarse_ solve converged due to CONVERGED_ITS iterations 1
                                                            Linear BackwardEuler-Equation_lumped_mg_coarse_ solve converged due to CONVERGED_ITS iterations 1
                                                            Linear BackwardEuler-Equation_lumped_mg_coarse_ solve converged due to CONVERGED_ITS iterations 1
                                                            Linear BackwardEuler-Equation_lumped_mg_coarse_ solve converged due to CONVERGED_ITS iterations 1
                                                            Linear BackwardEuler-Equation_lumped_mg_coarse_ solve converged due to CONVERGED_ITS iterations 1
                                                            Linear BackwardEuler-Equation_lumped_mg_coarse_ solve converged due to CONVERGED_ITS iterations 1
                                                            Linear BackwardEuler-Equation_lumped_mg_coarse_ solve converged due to CONVERGED_ITS iterations 1
                                                            Linear BackwardEuler-Equation_lumped_mg_coarse_ solve converged due to CONVERGED_ITS iterations 1
                                                            Linear BackwardEuler-Equation_lumped_mg_coarse_ solve converged due to CONVERGED_ITS iterations 1
                                                            Linear BackwardEuler-Equation_lumped_mg_coarse_ solve converged due to CONVERGED_ITS iterations 1
                                                            Linear BackwardEuler-Equation_lumped_mg_coarse_ solve converged due to CONVERGED_ITS iterations 1
                                                            Linear BackwardEuler-Equation_lumped_mg_coarse_ solve converged due to CONVERGED_ITS iterations 1
                                                            Linear BackwardEuler-Equation_lumped_mg_coarse_ solve converged due to CONVERGED_ITS iterations 1
                                                            Linear BackwardEuler-Equation_lumped_mg_coarse_ solve converged due to CONVERGED_ITS iterations 1
                                                            Linear BackwardEuler-Equation_lumped_mg_coarse_ solve converged due to CONVERGED_ITS iterations 1
                                                            Linear BackwardEuler-Equation_lumped_mg_coarse_ solve converged due to CONVERGED_ITS iterations 1
                                                            Linear BackwardEuler-Equation_lumped_mg_coarse_ solve converged due to CONVERGED_ITS iterations 1
                                                            Linear BackwardEuler-Equation_lumped_mg_coarse_ solve converged due to CONVERGED_ITS iterations 1
                                                            Linear BackwardEuler-Equation_lumped_mg_coarse_ solve converged due to CONVERGED_ITS iterations 1
                                                            Linear BackwardEuler-Equation_lumped_mg_coarse_ solve converged due to CONVERGED_ITS iterations 1
                                                      Linear BackwardEuler-Equation_ solve converged due to CONVERGED_RTOL iterations 35
                                                  Mat Object: (BackwardEuler-Equation_) 832 MPI processes
                                                    type: mpiaij
                                                    rows=143769600, cols=143769600
                                                    total: nonzeros=8024555520, allocated nonzeros=8024555520
                                                    total number of mallocs used during MatSetValues calls=0
                                                      has attached near null space
                                                      using I-node (on process 0) routines: found 43680 nodes, limit used is 5
                                                    1 SNES Function norm 4.431509722791e-09
                                                    Nonlinear BackwardEuler-Equation_ solve converged due to CONVERGED_FNORM_ABS iterations 1
                                                  SNES Object: (BackwardEuler-Equation_) 832 MPI processes
                                                    type: newtonls
                                                    maximum iterations=50, maximum function evaluations=10000
                                                    tolerances: relative=1e-08, absolute=1e-08, solution=1e-08
                                                    total number of linear solver iterations=35
                                                    total number of function evaluations=2
                                                    norm schedule ALWAYS
                                                    SNESLineSearch Object: (BackwardEuler-Equation_) 832 MPI processes
                                                      type: bt
                                                        interpolation: cubic
                                                        alpha=1.000000e-04
                                                      maxlambda=1.000000e+00, minlambda=1.000000e-12
                                                      tolerances: relative=1.000000e-08, absolute=1.000000e-15, lambda=1.000000e-08
                                                      maximum iterations=40
                                                    KSP Object: (BackwardEuler-Equation_) 832 MPI processes
                                                      type: fgmres
                                                        restart=30, using classical (unmodified) Gram-Schmidt orthogonalization with no iterative refinement
                                                        happy breakdown tolerance=1e-30
                                                      maximum iterations=200, initial guess is zero
                                                      tolerances: relative=1e-06, absolute=1e-50, divergence=10000.
                                                      right preconditioning
                                                      using UNPRECONDITIONED norm type for convergence test
                                                    PC Object: (BackwardEuler-Equation_) 832 MPI processes
                                                      type: python
                                                        Python: solvers.vlumping.VerticallyLumpedPC
                                                      Firedrake custom preconditioner VerticallyLumpedPC
                                                        Vertically lumped MG: collapses vertical dimension on coarse level (cf. Kramer et al. 2010)
                                                        PC Object: (BackwardEuler-Equation_lumped_) 832 MPI processes
                                                          type: mg
                                                            type is MULTIPLICATIVE, levels=2 cycles=v
                                                              Cycles per PCApply=1
                                                              Using Galerkin computed coarse grid matrices
                                                          Coarse grid solver -- level 0 -------------------------------
                                                            KSP Object: (BackwardEuler-Equation_lumped_mg_coarse_) 832 MPI processes
                                                              type: preonly
                                                              maximum iterations=10000, initial guess is zero
                                                              tolerances: relative=1e-05, absolute=1e-50, divergence=10000.
                                                              left preconditioning
                                                              not checking for convergence
                                                            PC Object: (BackwardEuler-Equation_lumped_mg_coarse_) 832 MPI processes
                                                              type: lu
                                                                out-of-place factorization
                                                                tolerance for zero pivot 2.22045e-14
                                                                matrix ordering: external
                                                                factor fill ratio given 0., needed 0.
                                                                  Factored matrix:
                                                                    Mat Object: (BackwardEuler-Equation_lumped_mg_coarse_) 832 MPI processes
                                                                      type: mumps
                                                                      rows=230400, cols=230400
                                                                      package used to perform factorization: mumps
                                                                      total: nonzeros=53758496, allocated nonzeros=53758496
                                                                        MUMPS run parameters:
                                                                          Use -BackwardEuler-Equation_lumped_mg_coarse_ksp_view ::ascii_info_detail to display information for all processes
                                                                          RINFOG(1) (global estimated flops for the elimination after analysis): 2.22887e+10
                                                                          RINFOG(2) (global estimated flops for the assembly after factorization): 8.66561e+07
                                                                          RINFOG(3) (global estimated flops for the elimination after factorization): 2.22887e+10
                                                                          (RINFOG(12) RINFOG(13))*2^INFOG(34) (determinant): (0.,0.)*(2^0)
                                                                          INFOG(3) (estimated real workspace for factors on all processors after analysis): 132305132
                                                                          INFOG(4) (estimated integer workspace for factors on all processors after analysis): 3276560
                                                                          INFOG(5) (estimated maximum front size in the complete tree): 1604
                                                                          INFOG(6) (number of nodes in the complete tree): 12693
                                                                          INFOG(7) (ordering option effectively used after analysis): 5
                                                                          INFOG(8) (structural symmetry in percent of the permuted matrix after analysis): -1
                                                                          INFOG(9) (total real/complex workspace to store the matrix factors after factorization): 53758496
                                                                          INFOG(10) (total integer space store the matrix factors after factorization): 2959272
                                                                          INFOG(11) (order of largest frontal matrix after factorization): 1604
                                                                          INFOG(12) (number of off-diagonal pivots): 0
                                                                          INFOG(13) (number of delayed pivots after factorization): 0
                                                                          INFOG(14) (number of memory compress after factorization): 0
                                                                          INFOG(15) (number of steps of iterative refinement after solution): 0
                                                                          INFOG(16) (estimated size (in MB) of all MUMPS internal data for factorization after analysis: value on the most memory consuming processor): 292
                                                                          INFOG(17) (estimated size of all MUMPS internal data for factorization after analysis: sum over all processors): 230028
                                                                          INFOG(18) (size of all MUMPS internal data allocated during factorization: value on the most memory consuming processor): 292
                                                                          INFOG(19) (size of all MUMPS internal data allocated during factorization: sum over all processors): 229983
                                                                          INFOG(20) (estimated number of entries in the factors): 53758496
                                                                          INFOG(21) (size in MB of memory effectively used during factorization - value on the most memory consuming processor): 286
                                                                          INFOG(22) (size in MB of memory effectively used during factorization - sum over all processors): 225254
                                                                          INFOG(23) (after analysis: value of ICNTL(6) effectively used): 0
                                                                          INFOG(24) (after analysis: value of ICNTL(12) effectively used): 1
                                                                          INFOG(25) (after factorization: number of pivots modified by static pivoting): 0
                                                                          INFOG(28) (after factorization: number of null pivots encountered): 0
                                                                          INFOG(29) (after factorization: effective number of entries in the factors (sum over all processors)): 53758496
                                                                          INFOG(30, 31) (after solution: size in Mbytes of memory used during solution phase): 52, 28284
                                                                          INFOG(32) (after analysis: type of analysis done): 1
                                                                          INFOG(33) (value used for ICNTL(8)): 7
                                                                          INFOG(34) (exponent of the determinant if determinant is requested): 0
                                                                          INFOG(35) (after factorization: number of entries taking into account BLR factor compression - sum over all processors): 53758496
                                                                          INFOG(36) (after analysis: estimated size of all MUMPS internal data for running BLR in-core - value on the most memory consuming processor): 0
                                                                          INFOG(37) (after analysis: estimated size of all MUMPS internal data for running BLR in-core - sum over all processors): 0
                                                                          INFOG(38) (after analysis: estimated size of all MUMPS internal data for running BLR out-of-core - value on the most memory consuming processor): 0
                                                                          INFOG(39) (after analysis: estimated size of all MUMPS internal data for running BLR out-of-core - sum over all processors): 0
                                                              linear system matrix, which is also used to construct the preconditioner:
                                                              Mat Object: 832 MPI processes
                                                                type: mpiaij
                                                                rows=230400, cols=230400
                                                                total: nonzeros=4592640, allocated nonzeros=4592640
                                                                total number of mallocs used during MatSetValues calls=0
                                                                  using nonscalable MatPtAP() implementation
                                                                  using I-node (on process 0) routines: found 70 nodes, limit used is 5
                                                          Down solver (pre-smoother) on level 1 -------------------------------
                                                            KSP Object: (BackwardEuler-Equation_lumped_mg_levels_1_) 832 MPI processes
                                                              type: chebyshev
                                                                Chebyshev polynomial of first kind
                                                                eigenvalue targets used: min 0.192086, max 2.11294
                                                                eigenvalues estimated via gmres: min 0.0557277, max 1.92086
                                                                eigenvalues estimated using gmres with transform: [0. 0.1; 0. 1.1]
                                                                KSP Object: (BackwardEuler-Equation_lumped_mg_levels_1_esteig_) 832 MPI processes
                                                                  type: gmres
                                                                    restart=30, using classical (unmodified) Gram-Schmidt orthogonalization with no iterative refinement
                                                                    happy breakdown tolerance=1e-30
                                                                  maximum iterations=10, initial guess is zero
                                                                  tolerances: relative=1e-12, absolute=1e-50, divergence=10000.
                                                                  left preconditioning
                                                                  using PRECONDITIONED norm type for convergence test
                                                                estimating eigenvalues using a noisy random number generated right-hand side
                                                              maximum iterations=4, nonzero initial guess
                                                              tolerances: relative=1e-05, absolute=1e-50, divergence=10000.
                                                              left preconditioning
                                                              not checking for convergence
                                                            PC Object: (BackwardEuler-Equation_lumped_mg_levels_1_) 832 MPI processes
                                                              type: bjacobi
                                                                number of blocks = 832
                                                                Local solver information for first block is in the following KSP and PC objects on rank 0:
                                                                Use -BackwardEuler-Equation_lumped_mg_levels_1_ksp_view ::ascii_info_detail to display information for all blocks
                                                                KSP Object: (BackwardEuler-Equation_lumped_mg_levels_1_sub_) 1 MPI process
                                                                  type: preonly
                                                                  maximum iterations=10000, initial guess is zero
                                                                  tolerances: relative=1e-05, absolute=1e-50, divergence=10000.
                                                                  left preconditioning
                                                                  not checking for convergence
                                                                PC Object: (BackwardEuler-Equation_lumped_mg_levels_1_sub_) 1 MPI process
                                                                  type: ilu
                                                                    out-of-place factorization
                                                                    0 levels of fill
                                                                    tolerance for zero pivot 2.22045e-14
                                                                    matrix ordering: natural
                                                                    factor fill ratio given 1., needed 1.
                                                                      Factored matrix:
                                                                        Mat Object: (BackwardEuler-Equation_lumped_mg_levels_1_sub_) 1 MPI process
                                                                          type: seqaij
                                                                          rows=174720, cols=174720
                                                                          package used to perform factorization: petsc
                                                                          total: nonzeros=9096448, allocated nonzeros=9096448
                                                                            using I-node routines: found 43680 nodes, limit used is 5
                                                                  linear system matrix, which is also used to construct the preconditioner:
                                                                  Mat Object: (BackwardEuler-Equation_lumped_mg_levels_1_sub_) 1 MPI process
                                                                    type: seqaij
                                                                    rows=174720, cols=174720
                                                                    total: nonzeros=9096448, allocated nonzeros=9096448
                                                                    total number of mallocs used during MatSetValues calls=0
                                                                      using I-node routines: found 43680 nodes, limit used is 5
                                                              linear system matrix, which is also used to construct the preconditioner:
                                                              Mat Object: (BackwardEuler-Equation_) 832 MPI processes
                                                                type: mpiaij
                                                                rows=143769600, cols=143769600
                                                                total: nonzeros=8024555520, allocated nonzeros=8024555520
                                                                total number of mallocs used during MatSetValues calls=0
                                                                  has attached near null space
                                                                  using I-node (on process 0) routines: found 43680 nodes, limit used is 5
                                                          Up solver (post-smoother) same as down solver (pre-smoother)
                                                          linear system matrix, which is also used to construct the preconditioner:
                                                          Mat Object: (BackwardEuler-Equation_) 832 MPI processes
                                                            type: mpiaij
                                                            rows=143769600, cols=143769600
                                                            total: nonzeros=8024555520, allocated nonzeros=8024555520
                                                            total number of mallocs used during MatSetValues calls=0
                                                              has attached near null space
                                                              using I-node (on process 0) routines: found 43680 nodes, limit used is 5
                                                        linear system matrix, which is also used to construct the preconditioner:
                                                        Mat Object: (BackwardEuler-Equation_) 832 MPI processes
                                                          type: mpiaij
                                                          rows=143769600, cols=143769600
                                                          total: nonzeros=8024555520, allocated nonzeros=8024555520
                                                          total number of mallocs used during MatSetValues calls=0
                                                            has attached near null space
                                                            using I-node (on process 0) routines: found 43680 nodes, limit used is 5
t = 7800.00 s | step 26/30 | wall 20.71 s | NL 1 | L 35
                                                      0 SNES Function norm 3.645239376595e-07
                                                              Linear BackwardEuler-Equation_lumped_mg_coarse_ solve converged due to CONVERGED_ITS iterations 1
                                                              Linear BackwardEuler-Equation_lumped_mg_coarse_ solve converged due to CONVERGED_ITS iterations 1
                                                              Linear BackwardEuler-Equation_lumped_mg_coarse_ solve converged due to CONVERGED_ITS iterations 1
                                                              Linear BackwardEuler-Equation_lumped_mg_coarse_ solve converged due to CONVERGED_ITS iterations 1
                                                              Linear BackwardEuler-Equation_lumped_mg_coarse_ solve converged due to CONVERGED_ITS iterations 1
                                                              Linear BackwardEuler-Equation_lumped_mg_coarse_ solve converged due to CONVERGED_ITS iterations 1
                                                              Linear BackwardEuler-Equation_lumped_mg_coarse_ solve converged due to CONVERGED_ITS iterations 1
                                                              Linear BackwardEuler-Equation_lumped_mg_coarse_ solve converged due to CONVERGED_ITS iterations 1
                                                              Linear BackwardEuler-Equation_lumped_mg_coarse_ solve converged due to CONVERGED_ITS iterations 1
                                                              Linear BackwardEuler-Equation_lumped_mg_coarse_ solve converged due to CONVERGED_ITS iterations 1
                                                              Linear BackwardEuler-Equation_lumped_mg_coarse_ solve converged due to CONVERGED_ITS iterations 1
                                                              Linear BackwardEuler-Equation_lumped_mg_coarse_ solve converged due to CONVERGED_ITS iterations 1
                                                              Linear BackwardEuler-Equation_lumped_mg_coarse_ solve converged due to CONVERGED_ITS iterations 1
                                                              Linear BackwardEuler-Equation_lumped_mg_coarse_ solve converged due to CONVERGED_ITS iterations 1
                                                              Linear BackwardEuler-Equation_lumped_mg_coarse_ solve converged due to CONVERGED_ITS iterations 1
                                                              Linear BackwardEuler-Equation_lumped_mg_coarse_ solve converged due to CONVERGED_ITS iterations 1
                                                              Linear BackwardEuler-Equation_lumped_mg_coarse_ solve converged due to CONVERGED_ITS iterations 1
                                                              Linear BackwardEuler-Equation_lumped_mg_coarse_ solve converged due to CONVERGED_ITS iterations 1
                                                              Linear BackwardEuler-Equation_lumped_mg_coarse_ solve converged due to CONVERGED_ITS iterations 1
                                                              Linear BackwardEuler-Equation_lumped_mg_coarse_ solve converged due to CONVERGED_ITS iterations 1
                                                              Linear BackwardEuler-Equation_lumped_mg_coarse_ solve converged due to CONVERGED_ITS iterations 1
                                                              Linear BackwardEuler-Equation_lumped_mg_coarse_ solve converged due to CONVERGED_ITS iterations 1
                                                              Linear BackwardEuler-Equation_lumped_mg_coarse_ solve converged due to CONVERGED_ITS iterations 1
                                                              Linear BackwardEuler-Equation_lumped_mg_coarse_ solve converged due to CONVERGED_ITS iterations 1
                                                              Linear BackwardEuler-Equation_lumped_mg_coarse_ solve converged due to CONVERGED_ITS iterations 1
                                                              Linear BackwardEuler-Equation_lumped_mg_coarse_ solve converged due to CONVERGED_ITS iterations 1
                                                              Linear BackwardEuler-Equation_lumped_mg_coarse_ solve converged due to CONVERGED_ITS iterations 1
                                                              Linear BackwardEuler-Equation_lumped_mg_coarse_ solve converged due to CONVERGED_ITS iterations 1
                                                              Linear BackwardEuler-Equation_lumped_mg_coarse_ solve converged due to CONVERGED_ITS iterations 1
                                                              Linear BackwardEuler-Equation_lumped_mg_coarse_ solve converged due to CONVERGED_ITS iterations 1
                                                              Linear BackwardEuler-Equation_lumped_mg_coarse_ solve converged due to CONVERGED_ITS iterations 1
                                                              Linear BackwardEuler-Equation_lumped_mg_coarse_ solve converged due to CONVERGED_ITS iterations 1
                                                              Linear BackwardEuler-Equation_lumped_mg_coarse_ solve converged due to CONVERGED_ITS iterations 1
                                                              Linear BackwardEuler-Equation_lumped_mg_coarse_ solve converged due to CONVERGED_ITS iterations 1
                                                              Linear BackwardEuler-Equation_lumped_mg_coarse_ solve converged due to CONVERGED_ITS iterations 1
                                                        Linear BackwardEuler-Equation_ solve converged due to CONVERGED_RTOL iterations 35
                                                    Mat Object: (BackwardEuler-Equation_) 832 MPI processes
                                                      type: mpiaij
                                                      rows=143769600, cols=143769600
                                                      total: nonzeros=8024555520, allocated nonzeros=8024555520
                                                      total number of mallocs used during MatSetValues calls=0
                                                        has attached near null space
                                                        using I-node (on process 0) routines: found 43680 nodes, limit used is 5
                                                      1 SNES Function norm 4.383713459548e-09
                                                      Nonlinear BackwardEuler-Equation_ solve converged due to CONVERGED_FNORM_ABS iterations 1
                                                    SNES Object: (BackwardEuler-Equation_) 832 MPI processes
                                                      type: newtonls
                                                      maximum iterations=50, maximum function evaluations=10000
                                                      tolerances: relative=1e-08, absolute=1e-08, solution=1e-08
                                                      total number of linear solver iterations=35
                                                      total number of function evaluations=2
                                                      norm schedule ALWAYS
                                                      SNESLineSearch Object: (BackwardEuler-Equation_) 832 MPI processes
                                                        type: bt
                                                          interpolation: cubic
                                                          alpha=1.000000e-04
                                                        maxlambda=1.000000e+00, minlambda=1.000000e-12
                                                        tolerances: relative=1.000000e-08, absolute=1.000000e-15, lambda=1.000000e-08
                                                        maximum iterations=40
                                                      KSP Object: (BackwardEuler-Equation_) 832 MPI processes
                                                        type: fgmres
                                                          restart=30, using classical (unmodified) Gram-Schmidt orthogonalization with no iterative refinement
                                                          happy breakdown tolerance=1e-30
                                                        maximum iterations=200, initial guess is zero
                                                        tolerances: relative=1e-06, absolute=1e-50, divergence=10000.
                                                        right preconditioning
                                                        using UNPRECONDITIONED norm type for convergence test
                                                      PC Object: (BackwardEuler-Equation_) 832 MPI processes
                                                        type: python
                                                          Python: solvers.vlumping.VerticallyLumpedPC
                                                        Firedrake custom preconditioner VerticallyLumpedPC
                                                          Vertically lumped MG: collapses vertical dimension on coarse level (cf. Kramer et al. 2010)
                                                          PC Object: (BackwardEuler-Equation_lumped_) 832 MPI processes
                                                            type: mg
                                                              type is MULTIPLICATIVE, levels=2 cycles=v
                                                                Cycles per PCApply=1
                                                                Using Galerkin computed coarse grid matrices
                                                            Coarse grid solver -- level 0 -------------------------------
                                                              KSP Object: (BackwardEuler-Equation_lumped_mg_coarse_) 832 MPI processes
                                                                type: preonly
                                                                maximum iterations=10000, initial guess is zero
                                                                tolerances: relative=1e-05, absolute=1e-50, divergence=10000.
                                                                left preconditioning
                                                                not checking for convergence
                                                              PC Object: (BackwardEuler-Equation_lumped_mg_coarse_) 832 MPI processes
                                                                type: lu
                                                                  out-of-place factorization
                                                                  tolerance for zero pivot 2.22045e-14
                                                                  matrix ordering: external
                                                                  factor fill ratio given 0., needed 0.
                                                                    Factored matrix:
                                                                      Mat Object: (BackwardEuler-Equation_lumped_mg_coarse_) 832 MPI processes
                                                                        type: mumps
                                                                        rows=230400, cols=230400
                                                                        package used to perform factorization: mumps
                                                                        total: nonzeros=53758496, allocated nonzeros=53758496
                                                                          MUMPS run parameters:
                                                                            Use -BackwardEuler-Equation_lumped_mg_coarse_ksp_view ::ascii_info_detail to display information for all processes
                                                                            RINFOG(1) (global estimated flops for the elimination after analysis): 2.22887e+10
                                                                            RINFOG(2) (global estimated flops for the assembly after factorization): 8.66561e+07
                                                                            RINFOG(3) (global estimated flops for the elimination after factorization): 2.22887e+10
                                                                            (RINFOG(12) RINFOG(13))*2^INFOG(34) (determinant): (0.,0.)*(2^0)
                                                                            INFOG(3) (estimated real workspace for factors on all processors after analysis): 132305132
                                                                            INFOG(4) (estimated integer workspace for factors on all processors after analysis): 3276560
                                                                            INFOG(5) (estimated maximum front size in the complete tree): 1604
                                                                            INFOG(6) (number of nodes in the complete tree): 12693
                                                                            INFOG(7) (ordering option effectively used after analysis): 5
                                                                            INFOG(8) (structural symmetry in percent of the permuted matrix after analysis): -1
                                                                            INFOG(9) (total real/complex workspace to store the matrix factors after factorization): 53758496
                                                                            INFOG(10) (total integer space store the matrix factors after factorization): 2959272
                                                                            INFOG(11) (order of largest frontal matrix after factorization): 1604
                                                                            INFOG(12) (number of off-diagonal pivots): 0
                                                                            INFOG(13) (number of delayed pivots after factorization): 0
                                                                            INFOG(14) (number of memory compress after factorization): 0
                                                                            INFOG(15) (number of steps of iterative refinement after solution): 0
                                                                            INFOG(16) (estimated size (in MB) of all MUMPS internal data for factorization after analysis: value on the most memory consuming processor): 292
                                                                            INFOG(17) (estimated size of all MUMPS internal data for factorization after analysis: sum over all processors): 230028
                                                                            INFOG(18) (size of all MUMPS internal data allocated during factorization: value on the most memory consuming processor): 292
                                                                            INFOG(19) (size of all MUMPS internal data allocated during factorization: sum over all processors): 229983
                                                                            INFOG(20) (estimated number of entries in the factors): 53758496
                                                                            INFOG(21) (size in MB of memory effectively used during factorization - value on the most memory consuming processor): 286
                                                                            INFOG(22) (size in MB of memory effectively used during factorization - sum over all processors): 225247
                                                                            INFOG(23) (after analysis: value of ICNTL(6) effectively used): 0
                                                                            INFOG(24) (after analysis: value of ICNTL(12) effectively used): 1
                                                                            INFOG(25) (after factorization: number of pivots modified by static pivoting): 0
                                                                            INFOG(28) (after factorization: number of null pivots encountered): 0
                                                                            INFOG(29) (after factorization: effective number of entries in the factors (sum over all processors)): 53758496
                                                                            INFOG(30, 31) (after solution: size in Mbytes of memory used during solution phase): 52, 28284
                                                                            INFOG(32) (after analysis: type of analysis done): 1
                                                                            INFOG(33) (value used for ICNTL(8)): 7
                                                                            INFOG(34) (exponent of the determinant if determinant is requested): 0
                                                                            INFOG(35) (after factorization: number of entries taking into account BLR factor compression - sum over all processors): 53758496
                                                                            INFOG(36) (after analysis: estimated size of all MUMPS internal data for running BLR in-core - value on the most memory consuming processor): 0
                                                                            INFOG(37) (after analysis: estimated size of all MUMPS internal data for running BLR in-core - sum over all processors): 0
                                                                            INFOG(38) (after analysis: estimated size of all MUMPS internal data for running BLR out-of-core - value on the most memory consuming processor): 0
                                                                            INFOG(39) (after analysis: estimated size of all MUMPS internal data for running BLR out-of-core - sum over all processors): 0
                                                                linear system matrix, which is also used to construct the preconditioner:
                                                                Mat Object: 832 MPI processes
                                                                  type: mpiaij
                                                                  rows=230400, cols=230400
                                                                  total: nonzeros=4592640, allocated nonzeros=4592640
                                                                  total number of mallocs used during MatSetValues calls=0
                                                                    using nonscalable MatPtAP() implementation
                                                                    using I-node (on process 0) routines: found 70 nodes, limit used is 5
                                                            Down solver (pre-smoother) on level 1 -------------------------------
                                                              KSP Object: (BackwardEuler-Equation_lumped_mg_levels_1_) 832 MPI processes
                                                                type: chebyshev
                                                                  Chebyshev polynomial of first kind
                                                                  eigenvalue targets used: min 0.192086, max 2.11294
                                                                  eigenvalues estimated via gmres: min 0.0557302, max 1.92086
                                                                  eigenvalues estimated using gmres with transform: [0. 0.1; 0. 1.1]
                                                                  KSP Object: (BackwardEuler-Equation_lumped_mg_levels_1_esteig_) 832 MPI processes
                                                                    type: gmres
                                                                      restart=30, using classical (unmodified) Gram-Schmidt orthogonalization with no iterative refinement
                                                                      happy breakdown tolerance=1e-30
                                                                    maximum iterations=10, initial guess is zero
                                                                    tolerances: relative=1e-12, absolute=1e-50, divergence=10000.
                                                                    left preconditioning
                                                                    using PRECONDITIONED norm type for convergence test
                                                                  estimating eigenvalues using a noisy random number generated right-hand side
                                                                maximum iterations=4, nonzero initial guess
                                                                tolerances: relative=1e-05, absolute=1e-50, divergence=10000.
                                                                left preconditioning
                                                                not checking for convergence
                                                              PC Object: (BackwardEuler-Equation_lumped_mg_levels_1_) 832 MPI processes
                                                                type: bjacobi
                                                                  number of blocks = 832
                                                                  Local solver information for first block is in the following KSP and PC objects on rank 0:
                                                                  Use -BackwardEuler-Equation_lumped_mg_levels_1_ksp_view ::ascii_info_detail to display information for all blocks
                                                                  KSP Object: (BackwardEuler-Equation_lumped_mg_levels_1_sub_) 1 MPI process
                                                                    type: preonly
                                                                    maximum iterations=10000, initial guess is zero
                                                                    tolerances: relative=1e-05, absolute=1e-50, divergence=10000.
                                                                    left preconditioning
                                                                    not checking for convergence
                                                                  PC Object: (BackwardEuler-Equation_lumped_mg_levels_1_sub_) 1 MPI process
                                                                    type: ilu
                                                                      out-of-place factorization
                                                                      0 levels of fill
                                                                      tolerance for zero pivot 2.22045e-14
                                                                      matrix ordering: natural
                                                                      factor fill ratio given 1., needed 1.
                                                                        Factored matrix:
                                                                          Mat Object: (BackwardEuler-Equation_lumped_mg_levels_1_sub_) 1 MPI process
                                                                            type: seqaij
                                                                            rows=174720, cols=174720
                                                                            package used to perform factorization: petsc
                                                                            total: nonzeros=9096448, allocated nonzeros=9096448
                                                                              using I-node routines: found 43680 nodes, limit used is 5
                                                                    linear system matrix, which is also used to construct the preconditioner:
                                                                    Mat Object: (BackwardEuler-Equation_lumped_mg_levels_1_sub_) 1 MPI process
                                                                      type: seqaij
                                                                      rows=174720, cols=174720
                                                                      total: nonzeros=9096448, allocated nonzeros=9096448
                                                                      total number of mallocs used during MatSetValues calls=0
                                                                        using I-node routines: found 43680 nodes, limit used is 5
                                                                linear system matrix, which is also used to construct the preconditioner:
                                                                Mat Object: (BackwardEuler-Equation_) 832 MPI processes
                                                                  type: mpiaij
                                                                  rows=143769600, cols=143769600
                                                                  total: nonzeros=8024555520, allocated nonzeros=8024555520
                                                                  total number of mallocs used during MatSetValues calls=0
                                                                    has attached near null space
                                                                    using I-node (on process 0) routines: found 43680 nodes, limit used is 5
                                                            Up solver (post-smoother) same as down solver (pre-smoother)
                                                            linear system matrix, which is also used to construct the preconditioner:
                                                            Mat Object: (BackwardEuler-Equation_) 832 MPI processes
                                                              type: mpiaij
                                                              rows=143769600, cols=143769600
                                                              total: nonzeros=8024555520, allocated nonzeros=8024555520
                                                              total number of mallocs used during MatSetValues calls=0
                                                                has attached near null space
                                                                using I-node (on process 0) routines: found 43680 nodes, limit used is 5
                                                          linear system matrix, which is also used to construct the preconditioner:
                                                          Mat Object: (BackwardEuler-Equation_) 832 MPI processes
                                                            type: mpiaij
                                                            rows=143769600, cols=143769600
                                                            total: nonzeros=8024555520, allocated nonzeros=8024555520
                                                            total number of mallocs used during MatSetValues calls=0
                                                              has attached near null space
                                                              using I-node (on process 0) routines: found 43680 nodes, limit used is 5
t = 8100.00 s | step 27/30 | wall 20.55 s | NL 1 | L 35
                                                        0 SNES Function norm 3.629313191542e-07
                                                                Linear BackwardEuler-Equation_lumped_mg_coarse_ solve converged due to CONVERGED_ITS iterations 1
                                                                Linear BackwardEuler-Equation_lumped_mg_coarse_ solve converged due to CONVERGED_ITS iterations 1
                                                                Linear BackwardEuler-Equation_lumped_mg_coarse_ solve converged due to CONVERGED_ITS iterations 1
                                                                Linear BackwardEuler-Equation_lumped_mg_coarse_ solve converged due to CONVERGED_ITS iterations 1
                                                                Linear BackwardEuler-Equation_lumped_mg_coarse_ solve converged due to CONVERGED_ITS iterations 1
                                                                Linear BackwardEuler-Equation_lumped_mg_coarse_ solve converged due to CONVERGED_ITS iterations 1
                                                                Linear BackwardEuler-Equation_lumped_mg_coarse_ solve converged due to CONVERGED_ITS iterations 1
                                                                Linear BackwardEuler-Equation_lumped_mg_coarse_ solve converged due to CONVERGED_ITS iterations 1
                                                                Linear BackwardEuler-Equation_lumped_mg_coarse_ solve converged due to CONVERGED_ITS iterations 1
                                                                Linear BackwardEuler-Equation_lumped_mg_coarse_ solve converged due to CONVERGED_ITS iterations 1
                                                                Linear BackwardEuler-Equation_lumped_mg_coarse_ solve converged due to CONVERGED_ITS iterations 1
                                                                Linear BackwardEuler-Equation_lumped_mg_coarse_ solve converged due to CONVERGED_ITS iterations 1
                                                                Linear BackwardEuler-Equation_lumped_mg_coarse_ solve converged due to CONVERGED_ITS iterations 1
                                                                Linear BackwardEuler-Equation_lumped_mg_coarse_ solve converged due to CONVERGED_ITS iterations 1
                                                                Linear BackwardEuler-Equation_lumped_mg_coarse_ solve converged due to CONVERGED_ITS iterations 1
                                                                Linear BackwardEuler-Equation_lumped_mg_coarse_ solve converged due to CONVERGED_ITS iterations 1
                                                                Linear BackwardEuler-Equation_lumped_mg_coarse_ solve converged due to CONVERGED_ITS iterations 1
                                                                Linear BackwardEuler-Equation_lumped_mg_coarse_ solve converged due to CONVERGED_ITS iterations 1
                                                                Linear BackwardEuler-Equation_lumped_mg_coarse_ solve converged due to CONVERGED_ITS iterations 1
                                                                Linear BackwardEuler-Equation_lumped_mg_coarse_ solve converged due to CONVERGED_ITS iterations 1
                                                                Linear BackwardEuler-Equation_lumped_mg_coarse_ solve converged due to CONVERGED_ITS iterations 1
                                                                Linear BackwardEuler-Equation_lumped_mg_coarse_ solve converged due to CONVERGED_ITS iterations 1
                                                                Linear BackwardEuler-Equation_lumped_mg_coarse_ solve converged due to CONVERGED_ITS iterations 1
                                                                Linear BackwardEuler-Equation_lumped_mg_coarse_ solve converged due to CONVERGED_ITS iterations 1
                                                                Linear BackwardEuler-Equation_lumped_mg_coarse_ solve converged due to CONVERGED_ITS iterations 1
                                                                Linear BackwardEuler-Equation_lumped_mg_coarse_ solve converged due to CONVERGED_ITS iterations 1
                                                                Linear BackwardEuler-Equation_lumped_mg_coarse_ solve converged due to CONVERGED_ITS iterations 1
                                                                Linear BackwardEuler-Equation_lumped_mg_coarse_ solve converged due to CONVERGED_ITS iterations 1
                                                                Linear BackwardEuler-Equation_lumped_mg_coarse_ solve converged due to CONVERGED_ITS iterations 1
                                                                Linear BackwardEuler-Equation_lumped_mg_coarse_ solve converged due to CONVERGED_ITS iterations 1
                                                                Linear BackwardEuler-Equation_lumped_mg_coarse_ solve converged due to CONVERGED_ITS iterations 1
                                                                Linear BackwardEuler-Equation_lumped_mg_coarse_ solve converged due to CONVERGED_ITS iterations 1
                                                                Linear BackwardEuler-Equation_lumped_mg_coarse_ solve converged due to CONVERGED_ITS iterations 1
                                                                Linear BackwardEuler-Equation_lumped_mg_coarse_ solve converged due to CONVERGED_ITS iterations 1
                                                                Linear BackwardEuler-Equation_lumped_mg_coarse_ solve converged due to CONVERGED_ITS iterations 1
                                                          Linear BackwardEuler-Equation_ solve converged due to CONVERGED_RTOL iterations 35
                                                      Mat Object: (BackwardEuler-Equation_) 832 MPI processes
                                                        type: mpiaij
                                                        rows=143769600, cols=143769600
                                                        total: nonzeros=8024555520, allocated nonzeros=8024555520
                                                        total number of mallocs used during MatSetValues calls=0
                                                          has attached near null space
                                                          using I-node (on process 0) routines: found 43680 nodes, limit used is 5
                                                        1 SNES Function norm 4.340216202575e-09
                                                        Nonlinear BackwardEuler-Equation_ solve converged due to CONVERGED_FNORM_ABS iterations 1
                                                      SNES Object: (BackwardEuler-Equation_) 832 MPI processes
                                                        type: newtonls
                                                        maximum iterations=50, maximum function evaluations=10000
                                                        tolerances: relative=1e-08, absolute=1e-08, solution=1e-08
                                                        total number of linear solver iterations=35
                                                        total number of function evaluations=2
                                                        norm schedule ALWAYS
                                                        SNESLineSearch Object: (BackwardEuler-Equation_) 832 MPI processes
                                                          type: bt
                                                            interpolation: cubic
                                                            alpha=1.000000e-04
                                                          maxlambda=1.000000e+00, minlambda=1.000000e-12
                                                          tolerances: relative=1.000000e-08, absolute=1.000000e-15, lambda=1.000000e-08
                                                          maximum iterations=40
                                                        KSP Object: (BackwardEuler-Equation_) 832 MPI processes
                                                          type: fgmres
                                                            restart=30, using classical (unmodified) Gram-Schmidt orthogonalization with no iterative refinement
                                                            happy breakdown tolerance=1e-30
                                                          maximum iterations=200, initial guess is zero
                                                          tolerances: relative=1e-06, absolute=1e-50, divergence=10000.
                                                          right preconditioning
                                                          using UNPRECONDITIONED norm type for convergence test
                                                        PC Object: (BackwardEuler-Equation_) 832 MPI processes
                                                          type: python
                                                            Python: solvers.vlumping.VerticallyLumpedPC
                                                          Firedrake custom preconditioner VerticallyLumpedPC
                                                            Vertically lumped MG: collapses vertical dimension on coarse level (cf. Kramer et al. 2010)
                                                            PC Object: (BackwardEuler-Equation_lumped_) 832 MPI processes
                                                              type: mg
                                                                type is MULTIPLICATIVE, levels=2 cycles=v
                                                                  Cycles per PCApply=1
                                                                  Using Galerkin computed coarse grid matrices
                                                              Coarse grid solver -- level 0 -------------------------------
                                                                KSP Object: (BackwardEuler-Equation_lumped_mg_coarse_) 832 MPI processes
                                                                  type: preonly
                                                                  maximum iterations=10000, initial guess is zero
                                                                  tolerances: relative=1e-05, absolute=1e-50, divergence=10000.
                                                                  left preconditioning
                                                                  not checking for convergence
                                                                PC Object: (BackwardEuler-Equation_lumped_mg_coarse_) 832 MPI processes
                                                                  type: lu
                                                                    out-of-place factorization
                                                                    tolerance for zero pivot 2.22045e-14
                                                                    matrix ordering: external
                                                                    factor fill ratio given 0., needed 0.
                                                                      Factored matrix:
                                                                        Mat Object: (BackwardEuler-Equation_lumped_mg_coarse_) 832 MPI processes
                                                                          type: mumps
                                                                          rows=230400, cols=230400
                                                                          package used to perform factorization: mumps
                                                                          total: nonzeros=53758496, allocated nonzeros=53758496
                                                                            MUMPS run parameters:
                                                                              Use -BackwardEuler-Equation_lumped_mg_coarse_ksp_view ::ascii_info_detail to display information for all processes
                                                                              RINFOG(1) (global estimated flops for the elimination after analysis): 2.22887e+10
                                                                              RINFOG(2) (global estimated flops for the assembly after factorization): 8.66561e+07
                                                                              RINFOG(3) (global estimated flops for the elimination after factorization): 2.22887e+10
                                                                              (RINFOG(12) RINFOG(13))*2^INFOG(34) (determinant): (0.,0.)*(2^0)
                                                                              INFOG(3) (estimated real workspace for factors on all processors after analysis): 132305132
                                                                              INFOG(4) (estimated integer workspace for factors on all processors after analysis): 3276560
                                                                              INFOG(5) (estimated maximum front size in the complete tree): 1604
                                                                              INFOG(6) (number of nodes in the complete tree): 12693
                                                                              INFOG(7) (ordering option effectively used after analysis): 5
                                                                              INFOG(8) (structural symmetry in percent of the permuted matrix after analysis): -1
                                                                              INFOG(9) (total real/complex workspace to store the matrix factors after factorization): 53758496
                                                                              INFOG(10) (total integer space store the matrix factors after factorization): 2959272
                                                                              INFOG(11) (order of largest frontal matrix after factorization): 1604
                                                                              INFOG(12) (number of off-diagonal pivots): 0
                                                                              INFOG(13) (number of delayed pivots after factorization): 0
                                                                              INFOG(14) (number of memory compress after factorization): 0
                                                                              INFOG(15) (number of steps of iterative refinement after solution): 0
                                                                              INFOG(16) (estimated size (in MB) of all MUMPS internal data for factorization after analysis: value on the most memory consuming processor): 292
                                                                              INFOG(17) (estimated size of all MUMPS internal data for factorization after analysis: sum over all processors): 230028
                                                                              INFOG(18) (size of all MUMPS internal data allocated during factorization: value on the most memory consuming processor): 292
                                                                              INFOG(19) (size of all MUMPS internal data allocated during factorization: sum over all processors): 229983
                                                                              INFOG(20) (estimated number of entries in the factors): 53758496
                                                                              INFOG(21) (size in MB of memory effectively used during factorization - value on the most memory consuming processor): 286
                                                                              INFOG(22) (size in MB of memory effectively used during factorization - sum over all processors): 225254
                                                                              INFOG(23) (after analysis: value of ICNTL(6) effectively used): 0
                                                                              INFOG(24) (after analysis: value of ICNTL(12) effectively used): 1
                                                                              INFOG(25) (after factorization: number of pivots modified by static pivoting): 0
                                                                              INFOG(28) (after factorization: number of null pivots encountered): 0
                                                                              INFOG(29) (after factorization: effective number of entries in the factors (sum over all processors)): 53758496
                                                                              INFOG(30, 31) (after solution: size in Mbytes of memory used during solution phase): 52, 28284
                                                                              INFOG(32) (after analysis: type of analysis done): 1
                                                                              INFOG(33) (value used for ICNTL(8)): 7
                                                                              INFOG(34) (exponent of the determinant if determinant is requested): 0
                                                                              INFOG(35) (after factorization: number of entries taking into account BLR factor compression - sum over all processors): 53758496
                                                                              INFOG(36) (after analysis: estimated size of all MUMPS internal data for running BLR in-core - value on the most memory consuming processor): 0
                                                                              INFOG(37) (after analysis: estimated size of all MUMPS internal data for running BLR in-core - sum over all processors): 0
                                                                              INFOG(38) (after analysis: estimated size of all MUMPS internal data for running BLR out-of-core - value on the most memory consuming processor): 0
                                                                              INFOG(39) (after analysis: estimated size of all MUMPS internal data for running BLR out-of-core - sum over all processors): 0
                                                                  linear system matrix, which is also used to construct the preconditioner:
                                                                  Mat Object: 832 MPI processes
                                                                    type: mpiaij
                                                                    rows=230400, cols=230400
                                                                    total: nonzeros=4592640, allocated nonzeros=4592640
                                                                    total number of mallocs used during MatSetValues calls=0
                                                                      using nonscalable MatPtAP() implementation
                                                                      using I-node (on process 0) routines: found 70 nodes, limit used is 5
                                                              Down solver (pre-smoother) on level 1 -------------------------------
                                                                KSP Object: (BackwardEuler-Equation_lumped_mg_levels_1_) 832 MPI processes
                                                                  type: chebyshev
                                                                    Chebyshev polynomial of first kind
                                                                    eigenvalue targets used: min 0.192086, max 2.11294
                                                                    eigenvalues estimated via gmres: min 0.0557325, max 1.92086
                                                                    eigenvalues estimated using gmres with transform: [0. 0.1; 0. 1.1]
                                                                    KSP Object: (BackwardEuler-Equation_lumped_mg_levels_1_esteig_) 832 MPI processes
                                                                      type: gmres
                                                                        restart=30, using classical (unmodified) Gram-Schmidt orthogonalization with no iterative refinement
                                                                        happy breakdown tolerance=1e-30
                                                                      maximum iterations=10, initial guess is zero
                                                                      tolerances: relative=1e-12, absolute=1e-50, divergence=10000.
                                                                      left preconditioning
                                                                      using PRECONDITIONED norm type for convergence test
                                                                    estimating eigenvalues using a noisy random number generated right-hand side
                                                                  maximum iterations=4, nonzero initial guess
                                                                  tolerances: relative=1e-05, absolute=1e-50, divergence=10000.
                                                                  left preconditioning
                                                                  not checking for convergence
                                                                PC Object: (BackwardEuler-Equation_lumped_mg_levels_1_) 832 MPI processes
                                                                  type: bjacobi
                                                                    number of blocks = 832
                                                                    Local solver information for first block is in the following KSP and PC objects on rank 0:
                                                                    Use -BackwardEuler-Equation_lumped_mg_levels_1_ksp_view ::ascii_info_detail to display information for all blocks
                                                                    KSP Object: (BackwardEuler-Equation_lumped_mg_levels_1_sub_) 1 MPI process
                                                                      type: preonly
                                                                      maximum iterations=10000, initial guess is zero
                                                                      tolerances: relative=1e-05, absolute=1e-50, divergence=10000.
                                                                      left preconditioning
                                                                      not checking for convergence
                                                                    PC Object: (BackwardEuler-Equation_lumped_mg_levels_1_sub_) 1 MPI process
                                                                      type: ilu
                                                                        out-of-place factorization
                                                                        0 levels of fill
                                                                        tolerance for zero pivot 2.22045e-14
                                                                        matrix ordering: natural
                                                                        factor fill ratio given 1., needed 1.
                                                                          Factored matrix:
                                                                            Mat Object: (BackwardEuler-Equation_lumped_mg_levels_1_sub_) 1 MPI process
                                                                              type: seqaij
                                                                              rows=174720, cols=174720
                                                                              package used to perform factorization: petsc
                                                                              total: nonzeros=9096448, allocated nonzeros=9096448
                                                                                using I-node routines: found 43680 nodes, limit used is 5
                                                                      linear system matrix, which is also used to construct the preconditioner:
                                                                      Mat Object: (BackwardEuler-Equation_lumped_mg_levels_1_sub_) 1 MPI process
                                                                        type: seqaij
                                                                        rows=174720, cols=174720
                                                                        total: nonzeros=9096448, allocated nonzeros=9096448
                                                                        total number of mallocs used during MatSetValues calls=0
                                                                          using I-node routines: found 43680 nodes, limit used is 5
                                                                  linear system matrix, which is also used to construct the preconditioner:
                                                                  Mat Object: (BackwardEuler-Equation_) 832 MPI processes
                                                                    type: mpiaij
                                                                    rows=143769600, cols=143769600
                                                                    total: nonzeros=8024555520, allocated nonzeros=8024555520
                                                                    total number of mallocs used during MatSetValues calls=0
                                                                      has attached near null space
                                                                      using I-node (on process 0) routines: found 43680 nodes, limit used is 5
                                                              Up solver (post-smoother) same as down solver (pre-smoother)
                                                              linear system matrix, which is also used to construct the preconditioner:
                                                              Mat Object: (BackwardEuler-Equation_) 832 MPI processes
                                                                type: mpiaij
                                                                rows=143769600, cols=143769600
                                                                total: nonzeros=8024555520, allocated nonzeros=8024555520
                                                                total number of mallocs used during MatSetValues calls=0
                                                                  has attached near null space
                                                                  using I-node (on process 0) routines: found 43680 nodes, limit used is 5
                                                            linear system matrix, which is also used to construct the preconditioner:
                                                            Mat Object: (BackwardEuler-Equation_) 832 MPI processes
                                                              type: mpiaij
                                                              rows=143769600, cols=143769600
                                                              total: nonzeros=8024555520, allocated nonzeros=8024555520
                                                              total number of mallocs used during MatSetValues calls=0
                                                                has attached near null space
                                                                using I-node (on process 0) routines: found 43680 nodes, limit used is 5
t = 8400.00 s | step 28/30 | wall 20.64 s | NL 1 | L 35
                                                          0 SNES Function norm 3.614568202030e-07
                                                                  Linear BackwardEuler-Equation_lumped_mg_coarse_ solve converged due to CONVERGED_ITS iterations 1
                                                                  Linear BackwardEuler-Equation_lumped_mg_coarse_ solve converged due to CONVERGED_ITS iterations 1
                                                                  Linear BackwardEuler-Equation_lumped_mg_coarse_ solve converged due to CONVERGED_ITS iterations 1
                                                                  Linear BackwardEuler-Equation_lumped_mg_coarse_ solve converged due to CONVERGED_ITS iterations 1
                                                                  Linear BackwardEuler-Equation_lumped_mg_coarse_ solve converged due to CONVERGED_ITS iterations 1
                                                                  Linear BackwardEuler-Equation_lumped_mg_coarse_ solve converged due to CONVERGED_ITS iterations 1
                                                                  Linear BackwardEuler-Equation_lumped_mg_coarse_ solve converged due to CONVERGED_ITS iterations 1
                                                                  Linear BackwardEuler-Equation_lumped_mg_coarse_ solve converged due to CONVERGED_ITS iterations 1
                                                                  Linear BackwardEuler-Equation_lumped_mg_coarse_ solve converged due to CONVERGED_ITS iterations 1
                                                                  Linear BackwardEuler-Equation_lumped_mg_coarse_ solve converged due to CONVERGED_ITS iterations 1
                                                                  Linear BackwardEuler-Equation_lumped_mg_coarse_ solve converged due to CONVERGED_ITS iterations 1
                                                                  Linear BackwardEuler-Equation_lumped_mg_coarse_ solve converged due to CONVERGED_ITS iterations 1
                                                                  Linear BackwardEuler-Equation_lumped_mg_coarse_ solve converged due to CONVERGED_ITS iterations 1
                                                                  Linear BackwardEuler-Equation_lumped_mg_coarse_ solve converged due to CONVERGED_ITS iterations 1
                                                                  Linear BackwardEuler-Equation_lumped_mg_coarse_ solve converged due to CONVERGED_ITS iterations 1
                                                                  Linear BackwardEuler-Equation_lumped_mg_coarse_ solve converged due to CONVERGED_ITS iterations 1
                                                                  Linear BackwardEuler-Equation_lumped_mg_coarse_ solve converged due to CONVERGED_ITS iterations 1
                                                                  Linear BackwardEuler-Equation_lumped_mg_coarse_ solve converged due to CONVERGED_ITS iterations 1
                                                                  Linear BackwardEuler-Equation_lumped_mg_coarse_ solve converged due to CONVERGED_ITS iterations 1
                                                                  Linear BackwardEuler-Equation_lumped_mg_coarse_ solve converged due to CONVERGED_ITS iterations 1
                                                                  Linear BackwardEuler-Equation_lumped_mg_coarse_ solve converged due to CONVERGED_ITS iterations 1
                                                                  Linear BackwardEuler-Equation_lumped_mg_coarse_ solve converged due to CONVERGED_ITS iterations 1
                                                                  Linear BackwardEuler-Equation_lumped_mg_coarse_ solve converged due to CONVERGED_ITS iterations 1
                                                                  Linear BackwardEuler-Equation_lumped_mg_coarse_ solve converged due to CONVERGED_ITS iterations 1
                                                                  Linear BackwardEuler-Equation_lumped_mg_coarse_ solve converged due to CONVERGED_ITS iterations 1
                                                                  Linear BackwardEuler-Equation_lumped_mg_coarse_ solve converged due to CONVERGED_ITS iterations 1
                                                                  Linear BackwardEuler-Equation_lumped_mg_coarse_ solve converged due to CONVERGED_ITS iterations 1
                                                                  Linear BackwardEuler-Equation_lumped_mg_coarse_ solve converged due to CONVERGED_ITS iterations 1
                                                                  Linear BackwardEuler-Equation_lumped_mg_coarse_ solve converged due to CONVERGED_ITS iterations 1
                                                                  Linear BackwardEuler-Equation_lumped_mg_coarse_ solve converged due to CONVERGED_ITS iterations 1
                                                                  Linear BackwardEuler-Equation_lumped_mg_coarse_ solve converged due to CONVERGED_ITS iterations 1
                                                                  Linear BackwardEuler-Equation_lumped_mg_coarse_ solve converged due to CONVERGED_ITS iterations 1
                                                                  Linear BackwardEuler-Equation_lumped_mg_coarse_ solve converged due to CONVERGED_ITS iterations 1
                                                                  Linear BackwardEuler-Equation_lumped_mg_coarse_ solve converged due to CONVERGED_ITS iterations 1
                                                                  Linear BackwardEuler-Equation_lumped_mg_coarse_ solve converged due to CONVERGED_ITS iterations 1
                                                            Linear BackwardEuler-Equation_ solve converged due to CONVERGED_RTOL iterations 35
                                                        Mat Object: (BackwardEuler-Equation_) 832 MPI processes
                                                          type: mpiaij
                                                          rows=143769600, cols=143769600
                                                          total: nonzeros=8024555520, allocated nonzeros=8024555520
                                                          total number of mallocs used during MatSetValues calls=0
                                                            has attached near null space
                                                            using I-node (on process 0) routines: found 43680 nodes, limit used is 5
                                                          1 SNES Function norm 4.300598316851e-09
                                                          Nonlinear BackwardEuler-Equation_ solve converged due to CONVERGED_FNORM_ABS iterations 1
                                                        SNES Object: (BackwardEuler-Equation_) 832 MPI processes
                                                          type: newtonls
                                                          maximum iterations=50, maximum function evaluations=10000
                                                          tolerances: relative=1e-08, absolute=1e-08, solution=1e-08
                                                          total number of linear solver iterations=35
                                                          total number of function evaluations=2
                                                          norm schedule ALWAYS
                                                          SNESLineSearch Object: (BackwardEuler-Equation_) 832 MPI processes
                                                            type: bt
                                                              interpolation: cubic
                                                              alpha=1.000000e-04
                                                            maxlambda=1.000000e+00, minlambda=1.000000e-12
                                                            tolerances: relative=1.000000e-08, absolute=1.000000e-15, lambda=1.000000e-08
                                                            maximum iterations=40
                                                          KSP Object: (BackwardEuler-Equation_) 832 MPI processes
                                                            type: fgmres
                                                              restart=30, using classical (unmodified) Gram-Schmidt orthogonalization with no iterative refinement
                                                              happy breakdown tolerance=1e-30
                                                            maximum iterations=200, initial guess is zero
                                                            tolerances: relative=1e-06, absolute=1e-50, divergence=10000.
                                                            right preconditioning
                                                            using UNPRECONDITIONED norm type for convergence test
                                                          PC Object: (BackwardEuler-Equation_) 832 MPI processes
                                                            type: python
                                                              Python: solvers.vlumping.VerticallyLumpedPC
                                                            Firedrake custom preconditioner VerticallyLumpedPC
                                                              Vertically lumped MG: collapses vertical dimension on coarse level (cf. Kramer et al. 2010)
                                                              PC Object: (BackwardEuler-Equation_lumped_) 832 MPI processes
                                                                type: mg
                                                                  type is MULTIPLICATIVE, levels=2 cycles=v
                                                                    Cycles per PCApply=1
                                                                    Using Galerkin computed coarse grid matrices
                                                                Coarse grid solver -- level 0 -------------------------------
                                                                  KSP Object: (BackwardEuler-Equation_lumped_mg_coarse_) 832 MPI processes
                                                                    type: preonly
                                                                    maximum iterations=10000, initial guess is zero
                                                                    tolerances: relative=1e-05, absolute=1e-50, divergence=10000.
                                                                    left preconditioning
                                                                    not checking for convergence
                                                                  PC Object: (BackwardEuler-Equation_lumped_mg_coarse_) 832 MPI processes
                                                                    type: lu
                                                                      out-of-place factorization
                                                                      tolerance for zero pivot 2.22045e-14
                                                                      matrix ordering: external
                                                                      factor fill ratio given 0., needed 0.
                                                                        Factored matrix:
                                                                          Mat Object: (BackwardEuler-Equation_lumped_mg_coarse_) 832 MPI processes
                                                                            type: mumps
                                                                            rows=230400, cols=230400
                                                                            package used to perform factorization: mumps
                                                                            total: nonzeros=53758496, allocated nonzeros=53758496
                                                                              MUMPS run parameters:
                                                                                Use -BackwardEuler-Equation_lumped_mg_coarse_ksp_view ::ascii_info_detail to display information for all processes
                                                                                RINFOG(1) (global estimated flops for the elimination after analysis): 2.22887e+10
                                                                                RINFOG(2) (global estimated flops for the assembly after factorization): 8.66561e+07
                                                                                RINFOG(3) (global estimated flops for the elimination after factorization): 2.22887e+10
                                                                                (RINFOG(12) RINFOG(13))*2^INFOG(34) (determinant): (0.,0.)*(2^0)
                                                                                INFOG(3) (estimated real workspace for factors on all processors after analysis): 132305132
                                                                                INFOG(4) (estimated integer workspace for factors on all processors after analysis): 3276560
                                                                                INFOG(5) (estimated maximum front size in the complete tree): 1604
                                                                                INFOG(6) (number of nodes in the complete tree): 12693
                                                                                INFOG(7) (ordering option effectively used after analysis): 5
                                                                                INFOG(8) (structural symmetry in percent of the permuted matrix after analysis): -1
                                                                                INFOG(9) (total real/complex workspace to store the matrix factors after factorization): 53758496
                                                                                INFOG(10) (total integer space store the matrix factors after factorization): 2959272
                                                                                INFOG(11) (order of largest frontal matrix after factorization): 1604
                                                                                INFOG(12) (number of off-diagonal pivots): 0
                                                                                INFOG(13) (number of delayed pivots after factorization): 0
                                                                                INFOG(14) (number of memory compress after factorization): 0
                                                                                INFOG(15) (number of steps of iterative refinement after solution): 0
                                                                                INFOG(16) (estimated size (in MB) of all MUMPS internal data for factorization after analysis: value on the most memory consuming processor): 292
                                                                                INFOG(17) (estimated size of all MUMPS internal data for factorization after analysis: sum over all processors): 230028
                                                                                INFOG(18) (size of all MUMPS internal data allocated during factorization: value on the most memory consuming processor): 292
                                                                                INFOG(19) (size of all MUMPS internal data allocated during factorization: sum over all processors): 229983
                                                                                INFOG(20) (estimated number of entries in the factors): 53758496
                                                                                INFOG(21) (size in MB of memory effectively used during factorization - value on the most memory consuming processor): 286
                                                                                INFOG(22) (size in MB of memory effectively used during factorization - sum over all processors): 225248
                                                                                INFOG(23) (after analysis: value of ICNTL(6) effectively used): 0
                                                                                INFOG(24) (after analysis: value of ICNTL(12) effectively used): 1
                                                                                INFOG(25) (after factorization: number of pivots modified by static pivoting): 0
                                                                                INFOG(28) (after factorization: number of null pivots encountered): 0
                                                                                INFOG(29) (after factorization: effective number of entries in the factors (sum over all processors)): 53758496
                                                                                INFOG(30, 31) (after solution: size in Mbytes of memory used during solution phase): 52, 28284
                                                                                INFOG(32) (after analysis: type of analysis done): 1
                                                                                INFOG(33) (value used for ICNTL(8)): 7
                                                                                INFOG(34) (exponent of the determinant if determinant is requested): 0
                                                                                INFOG(35) (after factorization: number of entries taking into account BLR factor compression - sum over all processors): 53758496
                                                                                INFOG(36) (after analysis: estimated size of all MUMPS internal data for running BLR in-core - value on the most memory consuming processor): 0
                                                                                INFOG(37) (after analysis: estimated size of all MUMPS internal data for running BLR in-core - sum over all processors): 0
                                                                                INFOG(38) (after analysis: estimated size of all MUMPS internal data for running BLR out-of-core - value on the most memory consuming processor): 0
                                                                                INFOG(39) (after analysis: estimated size of all MUMPS internal data for running BLR out-of-core - sum over all processors): 0
                                                                    linear system matrix, which is also used to construct the preconditioner:
                                                                    Mat Object: 832 MPI processes
                                                                      type: mpiaij
                                                                      rows=230400, cols=230400
                                                                      total: nonzeros=4592640, allocated nonzeros=4592640
                                                                      total number of mallocs used during MatSetValues calls=0
                                                                        using nonscalable MatPtAP() implementation
                                                                        using I-node (on process 0) routines: found 70 nodes, limit used is 5
                                                                Down solver (pre-smoother) on level 1 -------------------------------
                                                                  KSP Object: (BackwardEuler-Equation_lumped_mg_levels_1_) 832 MPI processes
                                                                    type: chebyshev
                                                                      Chebyshev polynomial of first kind
                                                                      eigenvalue targets used: min 0.192086, max 2.11294
                                                                      eigenvalues estimated via gmres: min 0.0557349, max 1.92086
                                                                      eigenvalues estimated using gmres with transform: [0. 0.1; 0. 1.1]
                                                                      KSP Object: (BackwardEuler-Equation_lumped_mg_levels_1_esteig_) 832 MPI processes
                                                                        type: gmres
                                                                          restart=30, using classical (unmodified) Gram-Schmidt orthogonalization with no iterative refinement
                                                                          happy breakdown tolerance=1e-30
                                                                        maximum iterations=10, initial guess is zero
                                                                        tolerances: relative=1e-12, absolute=1e-50, divergence=10000.
                                                                        left preconditioning
                                                                        using PRECONDITIONED norm type for convergence test
                                                                      estimating eigenvalues using a noisy random number generated right-hand side
                                                                    maximum iterations=4, nonzero initial guess
                                                                    tolerances: relative=1e-05, absolute=1e-50, divergence=10000.
                                                                    left preconditioning
                                                                    not checking for convergence
                                                                  PC Object: (BackwardEuler-Equation_lumped_mg_levels_1_) 832 MPI processes
                                                                    type: bjacobi
                                                                      number of blocks = 832
                                                                      Local solver information for first block is in the following KSP and PC objects on rank 0:
                                                                      Use -BackwardEuler-Equation_lumped_mg_levels_1_ksp_view ::ascii_info_detail to display information for all blocks
                                                                      KSP Object: (BackwardEuler-Equation_lumped_mg_levels_1_sub_) 1 MPI process
                                                                        type: preonly
                                                                        maximum iterations=10000, initial guess is zero
                                                                        tolerances: relative=1e-05, absolute=1e-50, divergence=10000.
                                                                        left preconditioning
                                                                        not checking for convergence
                                                                      PC Object: (BackwardEuler-Equation_lumped_mg_levels_1_sub_) 1 MPI process
                                                                        type: ilu
                                                                          out-of-place factorization
                                                                          0 levels of fill
                                                                          tolerance for zero pivot 2.22045e-14
                                                                          matrix ordering: natural
                                                                          factor fill ratio given 1., needed 1.
                                                                            Factored matrix:
                                                                              Mat Object: (BackwardEuler-Equation_lumped_mg_levels_1_sub_) 1 MPI process
                                                                                type: seqaij
                                                                                rows=174720, cols=174720
                                                                                package used to perform factorization: petsc
                                                                                total: nonzeros=9096448, allocated nonzeros=9096448
                                                                                  using I-node routines: found 43680 nodes, limit used is 5
                                                                        linear system matrix, which is also used to construct the preconditioner:
                                                                        Mat Object: (BackwardEuler-Equation_lumped_mg_levels_1_sub_) 1 MPI process
                                                                          type: seqaij
                                                                          rows=174720, cols=174720
                                                                          total: nonzeros=9096448, allocated nonzeros=9096448
                                                                          total number of mallocs used during MatSetValues calls=0
                                                                            using I-node routines: found 43680 nodes, limit used is 5
                                                                    linear system matrix, which is also used to construct the preconditioner:
                                                                    Mat Object: (BackwardEuler-Equation_) 832 MPI processes
                                                                      type: mpiaij
                                                                      rows=143769600, cols=143769600
                                                                      total: nonzeros=8024555520, allocated nonzeros=8024555520
                                                                      total number of mallocs used during MatSetValues calls=0
                                                                        has attached near null space
                                                                        using I-node (on process 0) routines: found 43680 nodes, limit used is 5
                                                                Up solver (post-smoother) same as down solver (pre-smoother)
                                                                linear system matrix, which is also used to construct the preconditioner:
                                                                Mat Object: (BackwardEuler-Equation_) 832 MPI processes
                                                                  type: mpiaij
                                                                  rows=143769600, cols=143769600
                                                                  total: nonzeros=8024555520, allocated nonzeros=8024555520
                                                                  total number of mallocs used during MatSetValues calls=0
                                                                    has attached near null space
                                                                    using I-node (on process 0) routines: found 43680 nodes, limit used is 5
                                                              linear system matrix, which is also used to construct the preconditioner:
                                                              Mat Object: (BackwardEuler-Equation_) 832 MPI processes
                                                                type: mpiaij
                                                                rows=143769600, cols=143769600
                                                                total: nonzeros=8024555520, allocated nonzeros=8024555520
                                                                total number of mallocs used during MatSetValues calls=0
                                                                  has attached near null space
                                                                  using I-node (on process 0) routines: found 43680 nodes, limit used is 5
t = 8700.00 s | step 29/30 | wall 20.66 s | NL 1 | L 35
                                                            0 SNES Function norm 3.600905494391e-07
                                                                    Linear BackwardEuler-Equation_lumped_mg_coarse_ solve converged due to CONVERGED_ITS iterations 1
                                                                    Linear BackwardEuler-Equation_lumped_mg_coarse_ solve converged due to CONVERGED_ITS iterations 1
                                                                    Linear BackwardEuler-Equation_lumped_mg_coarse_ solve converged due to CONVERGED_ITS iterations 1
                                                                    Linear BackwardEuler-Equation_lumped_mg_coarse_ solve converged due to CONVERGED_ITS iterations 1
                                                                    Linear BackwardEuler-Equation_lumped_mg_coarse_ solve converged due to CONVERGED_ITS iterations 1
                                                                    Linear BackwardEuler-Equation_lumped_mg_coarse_ solve converged due to CONVERGED_ITS iterations 1
                                                                    Linear BackwardEuler-Equation_lumped_mg_coarse_ solve converged due to CONVERGED_ITS iterations 1
                                                                    Linear BackwardEuler-Equation_lumped_mg_coarse_ solve converged due to CONVERGED_ITS iterations 1
                                                                    Linear BackwardEuler-Equation_lumped_mg_coarse_ solve converged due to CONVERGED_ITS iterations 1
                                                                    Linear BackwardEuler-Equation_lumped_mg_coarse_ solve converged due to CONVERGED_ITS iterations 1
                                                                    Linear BackwardEuler-Equation_lumped_mg_coarse_ solve converged due to CONVERGED_ITS iterations 1
                                                                    Linear BackwardEuler-Equation_lumped_mg_coarse_ solve converged due to CONVERGED_ITS iterations 1
                                                                    Linear BackwardEuler-Equation_lumped_mg_coarse_ solve converged due to CONVERGED_ITS iterations 1
                                                                    Linear BackwardEuler-Equation_lumped_mg_coarse_ solve converged due to CONVERGED_ITS iterations 1
                                                                    Linear BackwardEuler-Equation_lumped_mg_coarse_ solve converged due to CONVERGED_ITS iterations 1
                                                                    Linear BackwardEuler-Equation_lumped_mg_coarse_ solve converged due to CONVERGED_ITS iterations 1
                                                                    Linear BackwardEuler-Equation_lumped_mg_coarse_ solve converged due to CONVERGED_ITS iterations 1
                                                                    Linear BackwardEuler-Equation_lumped_mg_coarse_ solve converged due to CONVERGED_ITS iterations 1
                                                                    Linear BackwardEuler-Equation_lumped_mg_coarse_ solve converged due to CONVERGED_ITS iterations 1
                                                                    Linear BackwardEuler-Equation_lumped_mg_coarse_ solve converged due to CONVERGED_ITS iterations 1
                                                                    Linear BackwardEuler-Equation_lumped_mg_coarse_ solve converged due to CONVERGED_ITS iterations 1
                                                                    Linear BackwardEuler-Equation_lumped_mg_coarse_ solve converged due to CONVERGED_ITS iterations 1
                                                                    Linear BackwardEuler-Equation_lumped_mg_coarse_ solve converged due to CONVERGED_ITS iterations 1
                                                                    Linear BackwardEuler-Equation_lumped_mg_coarse_ solve converged due to CONVERGED_ITS iterations 1
                                                                    Linear BackwardEuler-Equation_lumped_mg_coarse_ solve converged due to CONVERGED_ITS iterations 1
                                                                    Linear BackwardEuler-Equation_lumped_mg_coarse_ solve converged due to CONVERGED_ITS iterations 1
                                                                    Linear BackwardEuler-Equation_lumped_mg_coarse_ solve converged due to CONVERGED_ITS iterations 1
                                                                    Linear BackwardEuler-Equation_lumped_mg_coarse_ solve converged due to CONVERGED_ITS iterations 1
                                                                    Linear BackwardEuler-Equation_lumped_mg_coarse_ solve converged due to CONVERGED_ITS iterations 1
                                                                    Linear BackwardEuler-Equation_lumped_mg_coarse_ solve converged due to CONVERGED_ITS iterations 1
                                                                    Linear BackwardEuler-Equation_lumped_mg_coarse_ solve converged due to CONVERGED_ITS iterations 1
                                                                    Linear BackwardEuler-Equation_lumped_mg_coarse_ solve converged due to CONVERGED_ITS iterations 1
                                                                    Linear BackwardEuler-Equation_lumped_mg_coarse_ solve converged due to CONVERGED_ITS iterations 1
                                                                    Linear BackwardEuler-Equation_lumped_mg_coarse_ solve converged due to CONVERGED_ITS iterations 1
                                                                    Linear BackwardEuler-Equation_lumped_mg_coarse_ solve converged due to CONVERGED_ITS iterations 1
                                                              Linear BackwardEuler-Equation_ solve converged due to CONVERGED_RTOL iterations 35
                                                          Mat Object: (BackwardEuler-Equation_) 832 MPI processes
                                                            type: mpiaij
                                                            rows=143769600, cols=143769600
                                                            total: nonzeros=8024555520, allocated nonzeros=8024555520
                                                            total number of mallocs used during MatSetValues calls=0
                                                              has attached near null space
                                                              using I-node (on process 0) routines: found 43680 nodes, limit used is 5
                                                            1 SNES Function norm 4.264497710052e-09
                                                            Nonlinear BackwardEuler-Equation_ solve converged due to CONVERGED_FNORM_ABS iterations 1
                                                          SNES Object: (BackwardEuler-Equation_) 832 MPI processes
                                                            type: newtonls
                                                            maximum iterations=50, maximum function evaluations=10000
                                                            tolerances: relative=1e-08, absolute=1e-08, solution=1e-08
                                                            total number of linear solver iterations=35
                                                            total number of function evaluations=2
                                                            norm schedule ALWAYS
                                                            SNESLineSearch Object: (BackwardEuler-Equation_) 832 MPI processes
                                                              type: bt
                                                                interpolation: cubic
                                                                alpha=1.000000e-04
                                                              maxlambda=1.000000e+00, minlambda=1.000000e-12
                                                              tolerances: relative=1.000000e-08, absolute=1.000000e-15, lambda=1.000000e-08
                                                              maximum iterations=40
                                                            KSP Object: (BackwardEuler-Equation_) 832 MPI processes
                                                              type: fgmres
                                                                restart=30, using classical (unmodified) Gram-Schmidt orthogonalization with no iterative refinement
                                                                happy breakdown tolerance=1e-30
                                                              maximum iterations=200, initial guess is zero
                                                              tolerances: relative=1e-06, absolute=1e-50, divergence=10000.
                                                              right preconditioning
                                                              using UNPRECONDITIONED norm type for convergence test
                                                            PC Object: (BackwardEuler-Equation_) 832 MPI processes
                                                              type: python
                                                                Python: solvers.vlumping.VerticallyLumpedPC
                                                              Firedrake custom preconditioner VerticallyLumpedPC
                                                                Vertically lumped MG: collapses vertical dimension on coarse level (cf. Kramer et al. 2010)
                                                                PC Object: (BackwardEuler-Equation_lumped_) 832 MPI processes
                                                                  type: mg
                                                                    type is MULTIPLICATIVE, levels=2 cycles=v
                                                                      Cycles per PCApply=1
                                                                      Using Galerkin computed coarse grid matrices
                                                                  Coarse grid solver -- level 0 -------------------------------
                                                                    KSP Object: (BackwardEuler-Equation_lumped_mg_coarse_) 832 MPI processes
                                                                      type: preonly
                                                                      maximum iterations=10000, initial guess is zero
                                                                      tolerances: relative=1e-05, absolute=1e-50, divergence=10000.
                                                                      left preconditioning
                                                                      not checking for convergence
                                                                    PC Object: (BackwardEuler-Equation_lumped_mg_coarse_) 832 MPI processes
                                                                      type: lu
                                                                        out-of-place factorization
                                                                        tolerance for zero pivot 2.22045e-14
                                                                        matrix ordering: external
                                                                        factor fill ratio given 0., needed 0.
                                                                          Factored matrix:
                                                                            Mat Object: (BackwardEuler-Equation_lumped_mg_coarse_) 832 MPI processes
                                                                              type: mumps
                                                                              rows=230400, cols=230400
                                                                              package used to perform factorization: mumps
                                                                              total: nonzeros=53758496, allocated nonzeros=53758496
                                                                                MUMPS run parameters:
                                                                                  Use -BackwardEuler-Equation_lumped_mg_coarse_ksp_view ::ascii_info_detail to display information for all processes
                                                                                  RINFOG(1) (global estimated flops for the elimination after analysis): 2.22887e+10
                                                                                  RINFOG(2) (global estimated flops for the assembly after factorization): 8.66561e+07
                                                                                  RINFOG(3) (global estimated flops for the elimination after factorization): 2.22887e+10
                                                                                  (RINFOG(12) RINFOG(13))*2^INFOG(34) (determinant): (0.,0.)*(2^0)
                                                                                  INFOG(3) (estimated real workspace for factors on all processors after analysis): 132305132
                                                                                  INFOG(4) (estimated integer workspace for factors on all processors after analysis): 3276560
                                                                                  INFOG(5) (estimated maximum front size in the complete tree): 1604
                                                                                  INFOG(6) (number of nodes in the complete tree): 12693
                                                                                  INFOG(7) (ordering option effectively used after analysis): 5
                                                                                  INFOG(8) (structural symmetry in percent of the permuted matrix after analysis): -1
                                                                                  INFOG(9) (total real/complex workspace to store the matrix factors after factorization): 53758496
                                                                                  INFOG(10) (total integer space store the matrix factors after factorization): 2959272
                                                                                  INFOG(11) (order of largest frontal matrix after factorization): 1604
                                                                                  INFOG(12) (number of off-diagonal pivots): 0
                                                                                  INFOG(13) (number of delayed pivots after factorization): 0
                                                                                  INFOG(14) (number of memory compress after factorization): 0
                                                                                  INFOG(15) (number of steps of iterative refinement after solution): 0
                                                                                  INFOG(16) (estimated size (in MB) of all MUMPS internal data for factorization after analysis: value on the most memory consuming processor): 292
                                                                                  INFOG(17) (estimated size of all MUMPS internal data for factorization after analysis: sum over all processors): 230028
                                                                                  INFOG(18) (size of all MUMPS internal data allocated during factorization: value on the most memory consuming processor): 292
                                                                                  INFOG(19) (size of all MUMPS internal data allocated during factorization: sum over all processors): 229983
                                                                                  INFOG(20) (estimated number of entries in the factors): 53758496
                                                                                  INFOG(21) (size in MB of memory effectively used during factorization - value on the most memory consuming processor): 286
                                                                                  INFOG(22) (size in MB of memory effectively used during factorization - sum over all processors): 225254
                                                                                  INFOG(23) (after analysis: value of ICNTL(6) effectively used): 0
                                                                                  INFOG(24) (after analysis: value of ICNTL(12) effectively used): 1
                                                                                  INFOG(25) (after factorization: number of pivots modified by static pivoting): 0
                                                                                  INFOG(28) (after factorization: number of null pivots encountered): 0
                                                                                  INFOG(29) (after factorization: effective number of entries in the factors (sum over all processors)): 53758496
                                                                                  INFOG(30, 31) (after solution: size in Mbytes of memory used during solution phase): 52, 28284
                                                                                  INFOG(32) (after analysis: type of analysis done): 1
                                                                                  INFOG(33) (value used for ICNTL(8)): 7
                                                                                  INFOG(34) (exponent of the determinant if determinant is requested): 0
                                                                                  INFOG(35) (after factorization: number of entries taking into account BLR factor compression - sum over all processors): 53758496
                                                                                  INFOG(36) (after analysis: estimated size of all MUMPS internal data for running BLR in-core - value on the most memory consuming processor): 0
                                                                                  INFOG(37) (after analysis: estimated size of all MUMPS internal data for running BLR in-core - sum over all processors): 0
                                                                                  INFOG(38) (after analysis: estimated size of all MUMPS internal data for running BLR out-of-core - value on the most memory consuming processor): 0
                                                                                  INFOG(39) (after analysis: estimated size of all MUMPS internal data for running BLR out-of-core - sum over all processors): 0
                                                                      linear system matrix, which is also used to construct the preconditioner:
                                                                      Mat Object: 832 MPI processes
                                                                        type: mpiaij
                                                                        rows=230400, cols=230400
                                                                        total: nonzeros=4592640, allocated nonzeros=4592640
                                                                        total number of mallocs used during MatSetValues calls=0
                                                                          using nonscalable MatPtAP() implementation
                                                                          using I-node (on process 0) routines: found 70 nodes, limit used is 5
                                                                  Down solver (pre-smoother) on level 1 -------------------------------
                                                                    KSP Object: (BackwardEuler-Equation_lumped_mg_levels_1_) 832 MPI processes
                                                                      type: chebyshev
                                                                        Chebyshev polynomial of first kind
                                                                        eigenvalue targets used: min 0.192086, max 2.11294
                                                                        eigenvalues estimated via gmres: min 0.0557373, max 1.92086
                                                                        eigenvalues estimated using gmres with transform: [0. 0.1; 0. 1.1]
                                                                        KSP Object: (BackwardEuler-Equation_lumped_mg_levels_1_esteig_) 832 MPI processes
                                                                          type: gmres
                                                                            restart=30, using classical (unmodified) Gram-Schmidt orthogonalization with no iterative refinement
                                                                            happy breakdown tolerance=1e-30
                                                                          maximum iterations=10, initial guess is zero
                                                                          tolerances: relative=1e-12, absolute=1e-50, divergence=10000.
                                                                          left preconditioning
                                                                          using PRECONDITIONED norm type for convergence test
                                                                        estimating eigenvalues using a noisy random number generated right-hand side
                                                                      maximum iterations=4, nonzero initial guess
                                                                      tolerances: relative=1e-05, absolute=1e-50, divergence=10000.
                                                                      left preconditioning
                                                                      not checking for convergence
                                                                    PC Object: (BackwardEuler-Equation_lumped_mg_levels_1_) 832 MPI processes
                                                                      type: bjacobi
                                                                        number of blocks = 832
                                                                        Local solver information for first block is in the following KSP and PC objects on rank 0:
                                                                        Use -BackwardEuler-Equation_lumped_mg_levels_1_ksp_view ::ascii_info_detail to display information for all blocks
                                                                        KSP Object: (BackwardEuler-Equation_lumped_mg_levels_1_sub_) 1 MPI process
                                                                          type: preonly
                                                                          maximum iterations=10000, initial guess is zero
                                                                          tolerances: relative=1e-05, absolute=1e-50, divergence=10000.
                                                                          left preconditioning
                                                                          not checking for convergence
                                                                        PC Object: (BackwardEuler-Equation_lumped_mg_levels_1_sub_) 1 MPI process
                                                                          type: ilu
                                                                            out-of-place factorization
                                                                            0 levels of fill
                                                                            tolerance for zero pivot 2.22045e-14
                                                                            matrix ordering: natural
                                                                            factor fill ratio given 1., needed 1.
                                                                              Factored matrix:
                                                                                Mat Object: (BackwardEuler-Equation_lumped_mg_levels_1_sub_) 1 MPI process
                                                                                  type: seqaij
                                                                                  rows=174720, cols=174720
                                                                                  package used to perform factorization: petsc
                                                                                  total: nonzeros=9096448, allocated nonzeros=9096448
                                                                                    using I-node routines: found 43680 nodes, limit used is 5
                                                                          linear system matrix, which is also used to construct the preconditioner:
                                                                          Mat Object: (BackwardEuler-Equation_lumped_mg_levels_1_sub_) 1 MPI process
                                                                            type: seqaij
                                                                            rows=174720, cols=174720
                                                                            total: nonzeros=9096448, allocated nonzeros=9096448
                                                                            total number of mallocs used during MatSetValues calls=0
                                                                              using I-node routines: found 43680 nodes, limit used is 5
                                                                      linear system matrix, which is also used to construct the preconditioner:
                                                                      Mat Object: (BackwardEuler-Equation_) 832 MPI processes
                                                                        type: mpiaij
                                                                        rows=143769600, cols=143769600
                                                                        total: nonzeros=8024555520, allocated nonzeros=8024555520
                                                                        total number of mallocs used during MatSetValues calls=0
                                                                          has attached near null space
                                                                          using I-node (on process 0) routines: found 43680 nodes, limit used is 5
                                                                  Up solver (post-smoother) same as down solver (pre-smoother)
                                                                  linear system matrix, which is also used to construct the preconditioner:
                                                                  Mat Object: (BackwardEuler-Equation_) 832 MPI processes
                                                                    type: mpiaij
                                                                    rows=143769600, cols=143769600
                                                                    total: nonzeros=8024555520, allocated nonzeros=8024555520
                                                                    total number of mallocs used during MatSetValues calls=0
                                                                      has attached near null space
                                                                      using I-node (on process 0) routines: found 43680 nodes, limit used is 5
                                                                linear system matrix, which is also used to construct the preconditioner:
                                                                Mat Object: (BackwardEuler-Equation_) 832 MPI processes
                                                                  type: mpiaij
                                                                  rows=143769600, cols=143769600
                                                                  total: nonzeros=8024555520, allocated nonzeros=8024555520
                                                                  total number of mallocs used during MatSetValues calls=0
                                                                    has attached near null space
                                                                    using I-node (on process 0) routines: found 43680 nodes, limit used is 5
t = 9000.00 s | step 30/30 | wall 20.67 s | NL 1 | L 35
Done | total NL 35 | total L 1081 | mean wall/step 22.82 s | peak RSS 1265 MB
=== Job completed: Wed Apr 15 16:18:32 AEST 2026 ===

======================================================================================
                  Resource Usage on 2026-04-15 16:18:37:
   Job Id:             165722960.gadi-pbs
   Project:            xd2
   Exit Status:        0
   Service Units:      351.29
   NCPUs Requested:    832                 CPU Time Used: 165:01:56       
   Memory Requested:   3.91TB                Memory Used: 752.61GB        
   Walltime Requested: 03:00:00            Walltime Used: 00:12:40        
   JobFS Requested:    400.0GB                JobFS Used: 55.84MB         
======================================================================================
