=== Job info ===
Case: cockett
Solver: ngmres_gmg
Scale: sweep
Nodes: 1
CPUs: 104
Date: Fri Apr 17 09:37:16 AEST 2026
================
Could not save font_manager cache Lock error: Matplotlib failed to acquire the following lock file:
    /jobfs/166270604.gadi-pbs/matplotlib/fontlist-v390.json.matplotlib-lock
This maybe due to another process holding this lock file.  If you are sure no
other Matplotlib process is running, remove this file and try again.
Could not save font_manager cache Lock error: Matplotlib failed to acquire the following lock file:
    /jobfs/166270604.gadi-pbs/matplotlib/fontlist-v390.json.matplotlib-lock
This maybe due to another process holding this lock file.  If you are sure no
other Matplotlib process is running, remove this file and try again.
Could not save font_manager cache Lock error: Matplotlib failed to acquire the following lock file:
    /jobfs/166270604.gadi-pbs/matplotlib/fontlist-v390.json.matplotlib-lock
This maybe due to another process holding this lock file.  If you are sure no
other Matplotlib process is running, remove this file and try again.
Could not save font_manager cache Lock error: Matplotlib failed to acquire the following lock file:
    /jobfs/166270604.gadi-pbs/matplotlib/fontlist-v390.json.matplotlib-lock
This maybe due to another process holding this lock file.  If you are sure no
other Matplotlib process is running, remove this file and try again.
Could not save font_manager cache Lock error: Matplotlib failed to acquire the following lock file:
    /jobfs/166270604.gadi-pbs/matplotlib/fontlist-v390.json.matplotlib-lock
This maybe due to another process holding this lock file.  If you are sure no
other Matplotlib process is running, remove this file and try again.
Could not save font_manager cache Lock error: Matplotlib failed to acquire the following lock file:
    /jobfs/166270604.gadi-pbs/matplotlib/fontlist-v390.json.matplotlib-lock
This maybe due to another process holding this lock file.  If you are sure no
other Matplotlib process is running, remove this file and try again.
Could not save font_manager cache Lock error: Matplotlib failed to acquire the following lock file:
    /jobfs/166270604.gadi-pbs/matplotlib/fontlist-v390.json.matplotlib-lock
This maybe due to another process holding this lock file.  If you are sure no
other Matplotlib process is running, remove this file and try again.
Could not save font_manager cache Lock error: Matplotlib failed to acquire the following lock file:
    /jobfs/166270604.gadi-pbs/matplotlib/fontlist-v390.json.matplotlib-lock
This maybe due to another process holding this lock file.  If you are sure no
other Matplotlib process is running, remove this file and try again.
Could not save font_manager cache Lock error: Matplotlib failed to acquire the following lock file:
    /jobfs/166270604.gadi-pbs/matplotlib/fontlist-v390.json.matplotlib-lock
This maybe due to another process holding this lock file.  If you are sure no
other Matplotlib process is running, remove this file and try again.
Could not save font_manager cache Lock error: Matplotlib failed to acquire the following lock file:
    /jobfs/166270604.gadi-pbs/matplotlib/fontlist-v390.json.matplotlib-lock
This maybe due to another process holding this lock file.  If you are sure no
other Matplotlib process is running, remove this file and try again.
Could not save font_manager cache Lock error: Matplotlib failed to acquire the following lock file:
    /jobfs/166270604.gadi-pbs/matplotlib/fontlist-v390.json.matplotlib-lock
This maybe due to another process holding this lock file.  If you are sure no
other Matplotlib process is running, remove this file and try again.
Could not save font_manager cache Lock error: Matplotlib failed to acquire the following lock file:
    /jobfs/166270604.gadi-pbs/matplotlib/fontlist-v390.json.matplotlib-lock
This maybe due to another process holding this lock file.  If you are sure no
other Matplotlib process is running, remove this file and try again.
Could not save font_manager cache Lock error: Matplotlib failed to acquire the following lock file:
    /jobfs/166270604.gadi-pbs/matplotlib/fontlist-v390.json.matplotlib-lock
This maybe due to another process holding this lock file.  If you are sure no
other Matplotlib process is running, remove this file and try again.
Could not save font_manager cache Lock error: Matplotlib failed to acquire the following lock file:
    /jobfs/166270604.gadi-pbs/matplotlib/fontlist-v390.json.matplotlib-lock
This maybe due to another process holding this lock file.  If you are sure no
other Matplotlib process is running, remove this file and try again.
Could not save font_manager cache Lock error: Matplotlib failed to acquire the following lock file:
    /jobfs/166270604.gadi-pbs/matplotlib/fontlist-v390.json.matplotlib-lock
This maybe due to another process holding this lock file.  If you are sure no
other Matplotlib process is running, remove this file and try again.
Could not save font_manager cache Lock error: Matplotlib failed to acquire the following lock file:
    /jobfs/166270604.gadi-pbs/matplotlib/fontlist-v390.json.matplotlib-lock
This maybe due to another process holding this lock file.  If you are sure no
other Matplotlib process is running, remove this file and try again.
Could not save font_manager cache Lock error: Matplotlib failed to acquire the following lock file:
    /jobfs/166270604.gadi-pbs/matplotlib/fontlist-v390.json.matplotlib-lock
This maybe due to another process holding this lock file.  If you are sure no
other Matplotlib process is running, remove this file and try again.
Could not save font_manager cache Lock error: Matplotlib failed to acquire the following lock file:
    /jobfs/166270604.gadi-pbs/matplotlib/fontlist-v390.json.matplotlib-lock
This maybe due to another process holding this lock file.  If you are sure no
other Matplotlib process is running, remove this file and try again.
Could not save font_manager cache Lock error: Matplotlib failed to acquire the following lock file:
    /jobfs/166270604.gadi-pbs/matplotlib/fontlist-v390.json.matplotlib-lock
This maybe due to another process holding this lock file.  If you are sure no
other Matplotlib process is running, remove this file and try again.
Could not save font_manager cache Lock error: Matplotlib failed to acquire the following lock file:
    /jobfs/166270604.gadi-pbs/matplotlib/fontlist-v390.json.matplotlib-lock
This maybe due to another process holding this lock file.  If you are sure no
other Matplotlib process is running, remove this file and try again.
Could not save font_manager cache Lock error: Matplotlib failed to acquire the following lock file:
    /jobfs/166270604.gadi-pbs/matplotlib/fontlist-v390.json.matplotlib-lock
This maybe due to another process holding this lock file.  If you are sure no
other Matplotlib process is running, remove this file and try again.
Could not save font_manager cache Lock error: Matplotlib failed to acquire the following lock file:
    /jobfs/166270604.gadi-pbs/matplotlib/fontlist-v390.json.matplotlib-lock
This maybe due to another process holding this lock file.  If you are sure no
other Matplotlib process is running, remove this file and try again.
Could not save font_manager cache Lock error: Matplotlib failed to acquire the following lock file:
    /jobfs/166270604.gadi-pbs/matplotlib/fontlist-v390.json.matplotlib-lock
This maybe due to another process holding this lock file.  If you are sure no
other Matplotlib process is running, remove this file and try again.
Could not save font_manager cache Lock error: Matplotlib failed to acquire the following lock file:
    /jobfs/166270604.gadi-pbs/matplotlib/fontlist-v390.json.matplotlib-lock
This maybe due to another process holding this lock file.  If you are sure no
other Matplotlib process is running, remove this file and try again.
Could not save font_manager cache Lock error: Matplotlib failed to acquire the following lock file:
    /jobfs/166270604.gadi-pbs/matplotlib/fontlist-v390.json.matplotlib-lock
This maybe due to another process holding this lock file.  If you are sure no
other Matplotlib process is running, remove this file and try again.
Could not save font_manager cache Lock error: Matplotlib failed to acquire the following lock file:
    /jobfs/166270604.gadi-pbs/matplotlib/fontlist-v390.json.matplotlib-lock
This maybe due to another process holding this lock file.  If you are sure no
other Matplotlib process is running, remove this file and try again.
Could not save font_manager cache Lock error: Matplotlib failed to acquire the following lock file:
    /jobfs/166270604.gadi-pbs/matplotlib/fontlist-v390.json.matplotlib-lock
This maybe due to another process holding this lock file.  If you are sure no
other Matplotlib process is running, remove this file and try again.
Could not save font_manager cache Lock error: Matplotlib failed to acquire the following lock file:
    /jobfs/166270604.gadi-pbs/matplotlib/fontlist-v390.json.matplotlib-lock
This maybe due to another process holding this lock file.  If you are sure no
other Matplotlib process is running, remove this file and try again.
Could not save font_manager cache Lock error: Matplotlib failed to acquire the following lock file:
    /jobfs/166270604.gadi-pbs/matplotlib/fontlist-v390.json.matplotlib-lock
This maybe due to another process holding this lock file.  If you are sure no
other Matplotlib process is running, remove this file and try again.
Could not save font_manager cache Lock error: Matplotlib failed to acquire the following lock file:
    /jobfs/166270604.gadi-pbs/matplotlib/fontlist-v390.json.matplotlib-lock
This maybe due to another process holding this lock file.  If you are sure no
other Matplotlib process is running, remove this file and try again.
Could not save font_manager cache Lock error: Matplotlib failed to acquire the following lock file:
    /jobfs/166270604.gadi-pbs/matplotlib/fontlist-v390.json.matplotlib-lock
This maybe due to another process holding this lock file.  If you are sure no
other Matplotlib process is running, remove this file and try again.
Could not save font_manager cache Lock error: Matplotlib failed to acquire the following lock file:
    /jobfs/166270604.gadi-pbs/matplotlib/fontlist-v390.json.matplotlib-lock
This maybe due to another process holding this lock file.  If you are sure no
other Matplotlib process is running, remove this file and try again.
Could not save font_manager cache Lock error: Matplotlib failed to acquire the following lock file:
    /jobfs/166270604.gadi-pbs/matplotlib/fontlist-v390.json.matplotlib-lock
This maybe due to another process holding this lock file.  If you are sure no
other Matplotlib process is running, remove this file and try again.
Could not save font_manager cache Lock error: Matplotlib failed to acquire the following lock file:
    /jobfs/166270604.gadi-pbs/matplotlib/fontlist-v390.json.matplotlib-lock
This maybe due to another process holding this lock file.  If you are sure no
other Matplotlib process is running, remove this file and try again.
Could not save font_manager cache Lock error: Matplotlib failed to acquire the following lock file:
    /jobfs/166270604.gadi-pbs/matplotlib/fontlist-v390.json.matplotlib-lock
This maybe due to another process holding this lock file.  If you are sure no
other Matplotlib process is running, remove this file and try again.
Could not save font_manager cache Lock error: Matplotlib failed to acquire the following lock file:
    /jobfs/166270604.gadi-pbs/matplotlib/fontlist-v390.json.matplotlib-lock
This maybe due to another process holding this lock file.  If you are sure no
other Matplotlib process is running, remove this file and try again.
Could not save font_manager cache Lock error: Matplotlib failed to acquire the following lock file:
    /jobfs/166270604.gadi-pbs/matplotlib/fontlist-v390.json.matplotlib-lock
This maybe due to another process holding this lock file.  If you are sure no
other Matplotlib process is running, remove this file and try again.
Could not save font_manager cache Lock error: Matplotlib failed to acquire the following lock file:
    /jobfs/166270604.gadi-pbs/matplotlib/fontlist-v390.json.matplotlib-lock
This maybe due to another process holding this lock file.  If you are sure no
other Matplotlib process is running, remove this file and try again.
Could not save font_manager cache Lock error: Matplotlib failed to acquire the following lock file:
    /jobfs/166270604.gadi-pbs/matplotlib/fontlist-v390.json.matplotlib-lock
This maybe due to another process holding this lock file.  If you are sure no
other Matplotlib process is running, remove this file and try again.
Could not save font_manager cache Lock error: Matplotlib failed to acquire the following lock file:
    /jobfs/166270604.gadi-pbs/matplotlib/fontlist-v390.json.matplotlib-lock
This maybe due to another process holding this lock file.  If you are sure no
other Matplotlib process is running, remove this file and try again.
Could not save font_manager cache Lock error: Matplotlib failed to acquire the following lock file:
    /jobfs/166270604.gadi-pbs/matplotlib/fontlist-v390.json.matplotlib-lock
This maybe due to another process holding this lock file.  If you are sure no
other Matplotlib process is running, remove this file and try again.
Could not save font_manager cache Lock error: Matplotlib failed to acquire the following lock file:
    /jobfs/166270604.gadi-pbs/matplotlib/fontlist-v390.json.matplotlib-lock
This maybe due to another process holding this lock file.  If you are sure no
other Matplotlib process is running, remove this file and try again.
Could not save font_manager cache Lock error: Matplotlib failed to acquire the following lock file:
    /jobfs/166270604.gadi-pbs/matplotlib/fontlist-v390.json.matplotlib-lock
This maybe due to another process holding this lock file.  If you are sure no
other Matplotlib process is running, remove this file and try again.
Could not save font_manager cache Lock error: Matplotlib failed to acquire the following lock file:
    /jobfs/166270604.gadi-pbs/matplotlib/fontlist-v390.json.matplotlib-lock
This maybe due to another process holding this lock file.  If you are sure no
other Matplotlib process is running, remove this file and try again.
Could not save font_manager cache Lock error: Matplotlib failed to acquire the following lock file:
    /jobfs/166270604.gadi-pbs/matplotlib/fontlist-v390.json.matplotlib-lock
This maybe due to another process holding this lock file.  If you are sure no
other Matplotlib process is running, remove this file and try again.
Could not save font_manager cache Lock error: Matplotlib failed to acquire the following lock file:
    /jobfs/166270604.gadi-pbs/matplotlib/fontlist-v390.json.matplotlib-lock
This maybe due to another process holding this lock file.  If you are sure no
other Matplotlib process is running, remove this file and try again.
Number of degrees of freedom: 17971200
Mesh: 120x120x156, DQ1
Time stepper: BackwardEuler, dt = 300.0 s, steps = 30
Solver: ngmres_gmg
Solver parameters: {'snes_type': 'ngmres', 'snes_rtol': 1e-08, 'snes_atol': 1e-08, 'snes_max_it': 50, 'snes_ngmres_m': 30, 'snes_ngmres_restart': 30, 'snes_ngmres_select_type': 'difference', 'snes_ngmres_restart_type': 'difference', 'snes_ngmres_gammaA': 2.0, 'snes_ngmres_gammaC': 2.0, 'npc_snes_type': 'newtonls', 'npc_snes_linesearch_type': 'bt', 'npc_snes_max_it': 1, 'ksp_type': 'fgmres', 'ksp_rtol': 1e-06, 'ksp_max_it': 200, 'ksp_gmres_restart': 30, 'pc_type': 'mg', 'pc_mg_cycle_type': 'v', 'mg_levels_ksp_type': 'chebyshev', 'mg_levels_ksp_max_it': 1, 'mg_levels_ksp_convergence_test': 'skip', 'mg_levels_pc_type': 'bjacobi', 'mg_levels_sub_pc_type': 'ilu', 'mg_levels_sub_pc_factor_levels': 0, 'mg_coarse_ksp_type': 'gmres', 'mg_coarse_ksp_max_it': 30, 'mg_coarse_pc_type': 'bjacobi', 'mg_coarse_sub_pc_type': 'ilu'}
  0 SNES Function norm 3.471807577015e-06
  1 SNES Function norm 1.954118123119e-07
  2 SNES Function norm 6.875084888483e-10
  Nonlinear BackwardEuler-Equation_ solve converged due to CONVERGED_FNORM_ABS iterations 2
SNES Object: (BackwardEuler-Equation_) 104 MPI processes
  type: ngmres
    Number of stored past updates: 30
    Residual selection: gammaA=2e+00, gammaC=2e+00
    Difference restart: epsilonB=1e-01, deltaB=9e-01
    Restart on F_M residual increase: FALSE
  maximum iterations=50, maximum function evaluations=30000
  tolerances: relative=1e-08, absolute=1e-08, solution=1e-08
  total number of function evaluations=3
  norm schedule ALWAYS
  SNESLineSearch Object: (BackwardEuler-Equation_) 104 MPI processes
    type: basic
    maxlambda=1.000000e+00, minlambda=1.000000e-12
    tolerances: relative=1.000000e-08, absolute=1.000000e-15, lambda=1.000000e-08
    maximum iterations=1
  SNES Object: (BackwardEuler-Equation_npc_) 104 MPI processes
    type: newtonls
    maximum iterations=1, maximum function evaluations=10000
    tolerances: relative=0., absolute=0., solution=0.
    total number of linear solver iterations=127
    total number of function evaluations=2
    norm schedule FINALONLY
    SNESLineSearch Object: (BackwardEuler-Equation_npc_) 104 MPI processes
      type: bt
        interpolation: cubic
        alpha=1.000000e-04
      maxlambda=1.000000e+00, minlambda=1.000000e-12
      tolerances: relative=1.000000e-08, absolute=1.000000e-15, lambda=1.000000e-08
      maximum iterations=40
    KSP Object: (BackwardEuler-Equation_npc_) 104 MPI processes
      type: gmres
        restart=30, using classical (unmodified) Gram-Schmidt orthogonalization with no iterative refinement
        happy breakdown tolerance=1e-30
      maximum iterations=10000, initial guess is zero
      tolerances: relative=1e-05, absolute=1e-50, divergence=10000.
      left preconditioning
      using PRECONDITIONED norm type for convergence test
    PC Object: (BackwardEuler-Equation_npc_) 104 MPI processes
      type: bjacobi
        number of blocks = 104
        Local solver information for first block is in the following KSP and PC objects on rank 0:
        Use -BackwardEuler-Equation_npc_ksp_view ::ascii_info_detail to display information for all blocks
        KSP Object: (BackwardEuler-Equation_npc_sub_) 1 MPI process
          type: preonly
          maximum iterations=10000, initial guess is zero
          tolerances: relative=1e-05, absolute=1e-50, divergence=10000.
          left preconditioning
          not checking for convergence
        PC Object: (BackwardEuler-Equation_npc_sub_) 1 MPI process
          type: ilu
            out-of-place factorization
            0 levels of fill
            tolerance for zero pivot 2.22045e-14
            matrix ordering: natural
            factor fill ratio given 1., needed 1.
              Factored matrix:
                Mat Object: (BackwardEuler-Equation_npc_sub_) 1 MPI process
                  type: seqaij
                  rows=239616, cols=239616
                  package used to perform factorization: petsc
                  total: nonzeros=12754944, allocated nonzeros=12754944
                    using I-node routines: found 59904 nodes, limit used is 5
          linear system matrix, which is also used to construct the preconditioner:
          Mat Object: (BackwardEuler-Equation_npc_sub_) 1 MPI process
            type: seqaij
            rows=239616, cols=239616
            total: nonzeros=12754944, allocated nonzeros=12754944
            total number of mallocs used during MatSetValues calls=0
              using I-node routines: found 59904 nodes, limit used is 5
      linear system matrix, which is also used to construct the preconditioner:
      Mat Object: (BackwardEuler-Equation_) 104 MPI processes
        type: mpiaij
        rows=17971200, cols=17971200
        total: nonzeros=999751680, allocated nonzeros=999751680
        total number of mallocs used during MatSetValues calls=0
          has attached near null space
          using I-node (on process 0) routines: found 59904 nodes, limit used is 5
t = 300.00 s | step 1/30 | wall 47.58 s | NL 2 | L 0
  0 SNES Function norm 1.964902482367e-06
  1 SNES Function norm 5.162819548014e-08
  2 SNES Function norm 5.532513594268e-11
  Nonlinear BackwardEuler-Equation_ solve converged due to CONVERGED_FNORM_ABS iterations 2
SNES Object: (BackwardEuler-Equation_) 104 MPI processes
  type: ngmres
    Number of stored past updates: 30
    Residual selection: gammaA=2e+00, gammaC=2e+00
    Difference restart: epsilonB=1e-01, deltaB=9e-01
    Restart on F_M residual increase: FALSE
  maximum iterations=50, maximum function evaluations=30000
  tolerances: relative=1e-08, absolute=1e-08, solution=1e-08
  total number of function evaluations=3
  norm schedule ALWAYS
  SNESLineSearch Object: (BackwardEuler-Equation_) 104 MPI processes
    type: basic
    maxlambda=1.000000e+00, minlambda=1.000000e-12
    tolerances: relative=1.000000e-08, absolute=1.000000e-15, lambda=1.000000e-08
    maximum iterations=1
  SNES Object: (BackwardEuler-Equation_npc_) 104 MPI processes
    type: newtonls
    maximum iterations=1, maximum function evaluations=10000
    tolerances: relative=0., absolute=0., solution=0.
    total number of linear solver iterations=251
    total number of function evaluations=4
    norm schedule FINALONLY
    SNESLineSearch Object: (BackwardEuler-Equation_npc_) 104 MPI processes
      type: bt
        interpolation: cubic
        alpha=1.000000e-04
      maxlambda=1.000000e+00, minlambda=1.000000e-12
      tolerances: relative=1.000000e-08, absolute=1.000000e-15, lambda=1.000000e-08
      maximum iterations=40
    KSP Object: (BackwardEuler-Equation_npc_) 104 MPI processes
      type: gmres
        restart=30, using classical (unmodified) Gram-Schmidt orthogonalization with no iterative refinement
        happy breakdown tolerance=1e-30
      maximum iterations=10000, initial guess is zero
      tolerances: relative=1e-05, absolute=1e-50, divergence=10000.
      left preconditioning
      using PRECONDITIONED norm type for convergence test
    PC Object: (BackwardEuler-Equation_npc_) 104 MPI processes
      type: bjacobi
        number of blocks = 104
        Local solver information for first block is in the following KSP and PC objects on rank 0:
        Use -BackwardEuler-Equation_npc_ksp_view ::ascii_info_detail to display information for all blocks
        KSP Object: (BackwardEuler-Equation_npc_sub_) 1 MPI process
          type: preonly
          maximum iterations=10000, initial guess is zero
          tolerances: relative=1e-05, absolute=1e-50, divergence=10000.
          left preconditioning
          not checking for convergence
        PC Object: (BackwardEuler-Equation_npc_sub_) 1 MPI process
          type: ilu
            out-of-place factorization
            0 levels of fill
            tolerance for zero pivot 2.22045e-14
            matrix ordering: natural
            factor fill ratio given 1., needed 1.
              Factored matrix:
                Mat Object: (BackwardEuler-Equation_npc_sub_) 1 MPI process
                  type: seqaij
                  rows=239616, cols=239616
                  package used to perform factorization: petsc
                  total: nonzeros=12754944, allocated nonzeros=12754944
                    using I-node routines: found 59904 nodes, limit used is 5
          linear system matrix, which is also used to construct the preconditioner:
          Mat Object: (BackwardEuler-Equation_npc_sub_) 1 MPI process
            type: seqaij
            rows=239616, cols=239616
            total: nonzeros=12754944, allocated nonzeros=12754944
            total number of mallocs used during MatSetValues calls=0
              using I-node routines: found 59904 nodes, limit used is 5
      linear system matrix, which is also used to construct the preconditioner:
      Mat Object: (BackwardEuler-Equation_) 104 MPI processes
        type: mpiaij
        rows=17971200, cols=17971200
        total: nonzeros=999751680, allocated nonzeros=999751680
        total number of mallocs used during MatSetValues calls=0
          has attached near null space
          using I-node (on process 0) routines: found 59904 nodes, limit used is 5
t = 600.00 s | step 2/30 | wall 12.86 s | NL 2 | L 0
  0 SNES Function norm 1.684860974032e-06
  1 SNES Function norm 2.848331545316e-08
  2 SNES Function norm 1.811990016131e-11
  Nonlinear BackwardEuler-Equation_ solve converged due to CONVERGED_FNORM_ABS iterations 2
SNES Object: (BackwardEuler-Equation_) 104 MPI processes
  type: ngmres
    Number of stored past updates: 30
    Residual selection: gammaA=2e+00, gammaC=2e+00
    Difference restart: epsilonB=1e-01, deltaB=9e-01
    Restart on F_M residual increase: FALSE
  maximum iterations=50, maximum function evaluations=30000
  tolerances: relative=1e-08, absolute=1e-08, solution=1e-08
  total number of function evaluations=3
  norm schedule ALWAYS
  SNESLineSearch Object: (BackwardEuler-Equation_) 104 MPI processes
    type: basic
    maxlambda=1.000000e+00, minlambda=1.000000e-12
    tolerances: relative=1.000000e-08, absolute=1.000000e-15, lambda=1.000000e-08
    maximum iterations=1
  SNES Object: (BackwardEuler-Equation_npc_) 104 MPI processes
    type: newtonls
    maximum iterations=1, maximum function evaluations=10000
    tolerances: relative=0., absolute=0., solution=0.
    total number of linear solver iterations=371
    total number of function evaluations=6
    norm schedule FINALONLY
    SNESLineSearch Object: (BackwardEuler-Equation_npc_) 104 MPI processes
      type: bt
        interpolation: cubic
        alpha=1.000000e-04
      maxlambda=1.000000e+00, minlambda=1.000000e-12
      tolerances: relative=1.000000e-08, absolute=1.000000e-15, lambda=1.000000e-08
      maximum iterations=40
    KSP Object: (BackwardEuler-Equation_npc_) 104 MPI processes
      type: gmres
        restart=30, using classical (unmodified) Gram-Schmidt orthogonalization with no iterative refinement
        happy breakdown tolerance=1e-30
      maximum iterations=10000, initial guess is zero
      tolerances: relative=1e-05, absolute=1e-50, divergence=10000.
      left preconditioning
      using PRECONDITIONED norm type for convergence test
    PC Object: (BackwardEuler-Equation_npc_) 104 MPI processes
      type: bjacobi
        number of blocks = 104
        Local solver information for first block is in the following KSP and PC objects on rank 0:
        Use -BackwardEuler-Equation_npc_ksp_view ::ascii_info_detail to display information for all blocks
        KSP Object: (BackwardEuler-Equation_npc_sub_) 1 MPI process
          type: preonly
          maximum iterations=10000, initial guess is zero
          tolerances: relative=1e-05, absolute=1e-50, divergence=10000.
          left preconditioning
          not checking for convergence
        PC Object: (BackwardEuler-Equation_npc_sub_) 1 MPI process
          type: ilu
            out-of-place factorization
            0 levels of fill
            tolerance for zero pivot 2.22045e-14
            matrix ordering: natural
            factor fill ratio given 1., needed 1.
              Factored matrix:
                Mat Object: (BackwardEuler-Equation_npc_sub_) 1 MPI process
                  type: seqaij
                  rows=239616, cols=239616
                  package used to perform factorization: petsc
                  total: nonzeros=12754944, allocated nonzeros=12754944
                    using I-node routines: found 59904 nodes, limit used is 5
          linear system matrix, which is also used to construct the preconditioner:
          Mat Object: (BackwardEuler-Equation_npc_sub_) 1 MPI process
            type: seqaij
            rows=239616, cols=239616
            total: nonzeros=12754944, allocated nonzeros=12754944
            total number of mallocs used during MatSetValues calls=0
              using I-node routines: found 59904 nodes, limit used is 5
      linear system matrix, which is also used to construct the preconditioner:
      Mat Object: (BackwardEuler-Equation_) 104 MPI processes
        type: mpiaij
        rows=17971200, cols=17971200
        total: nonzeros=999751680, allocated nonzeros=999751680
        total number of mallocs used during MatSetValues calls=0
          has attached near null space
          using I-node (on process 0) routines: found 59904 nodes, limit used is 5
t = 900.00 s | step 3/30 | wall 12.48 s | NL 2 | L 0
  0 SNES Function norm 1.540388722214e-06
  1 SNES Function norm 2.002246217261e-08
  2 SNES Function norm 9.049094137652e-12
  Nonlinear BackwardEuler-Equation_ solve converged due to CONVERGED_FNORM_ABS iterations 2
SNES Object: (BackwardEuler-Equation_) 104 MPI processes
  type: ngmres
    Number of stored past updates: 30
    Residual selection: gammaA=2e+00, gammaC=2e+00
    Difference restart: epsilonB=1e-01, deltaB=9e-01
    Restart on F_M residual increase: FALSE
  maximum iterations=50, maximum function evaluations=30000
  tolerances: relative=1e-08, absolute=1e-08, solution=1e-08
  total number of function evaluations=3
  norm schedule ALWAYS
  SNESLineSearch Object: (BackwardEuler-Equation_) 104 MPI processes
    type: basic
    maxlambda=1.000000e+00, minlambda=1.000000e-12
    tolerances: relative=1.000000e-08, absolute=1.000000e-15, lambda=1.000000e-08
    maximum iterations=1
  SNES Object: (BackwardEuler-Equation_npc_) 104 MPI processes
    type: newtonls
    maximum iterations=1, maximum function evaluations=10000
    tolerances: relative=0., absolute=0., solution=0.
    total number of linear solver iterations=493
    total number of function evaluations=8
    norm schedule FINALONLY
    SNESLineSearch Object: (BackwardEuler-Equation_npc_) 104 MPI processes
      type: bt
        interpolation: cubic
        alpha=1.000000e-04
      maxlambda=1.000000e+00, minlambda=1.000000e-12
      tolerances: relative=1.000000e-08, absolute=1.000000e-15, lambda=1.000000e-08
      maximum iterations=40
    KSP Object: (BackwardEuler-Equation_npc_) 104 MPI processes
      type: gmres
        restart=30, using classical (unmodified) Gram-Schmidt orthogonalization with no iterative refinement
        happy breakdown tolerance=1e-30
      maximum iterations=10000, initial guess is zero
      tolerances: relative=1e-05, absolute=1e-50, divergence=10000.
      left preconditioning
      using PRECONDITIONED norm type for convergence test
    PC Object: (BackwardEuler-Equation_npc_) 104 MPI processes
      type: bjacobi
        number of blocks = 104
        Local solver information for first block is in the following KSP and PC objects on rank 0:
        Use -BackwardEuler-Equation_npc_ksp_view ::ascii_info_detail to display information for all blocks
        KSP Object: (BackwardEuler-Equation_npc_sub_) 1 MPI process
          type: preonly
          maximum iterations=10000, initial guess is zero
          tolerances: relative=1e-05, absolute=1e-50, divergence=10000.
          left preconditioning
          not checking for convergence
        PC Object: (BackwardEuler-Equation_npc_sub_) 1 MPI process
          type: ilu
            out-of-place factorization
            0 levels of fill
            tolerance for zero pivot 2.22045e-14
            matrix ordering: natural
            factor fill ratio given 1., needed 1.
              Factored matrix:
                Mat Object: (BackwardEuler-Equation_npc_sub_) 1 MPI process
                  type: seqaij
                  rows=239616, cols=239616
                  package used to perform factorization: petsc
                  total: nonzeros=12754944, allocated nonzeros=12754944
                    using I-node routines: found 59904 nodes, limit used is 5
          linear system matrix, which is also used to construct the preconditioner:
          Mat Object: (BackwardEuler-Equation_npc_sub_) 1 MPI process
            type: seqaij
            rows=239616, cols=239616
            total: nonzeros=12754944, allocated nonzeros=12754944
            total number of mallocs used during MatSetValues calls=0
              using I-node routines: found 59904 nodes, limit used is 5
      linear system matrix, which is also used to construct the preconditioner:
      Mat Object: (BackwardEuler-Equation_) 104 MPI processes
        type: mpiaij
        rows=17971200, cols=17971200
        total: nonzeros=999751680, allocated nonzeros=999751680
        total number of mallocs used during MatSetValues calls=0
          has attached near null space
          using I-node (on process 0) routines: found 59904 nodes, limit used is 5
t = 1200.00 s | step 4/30 | wall 12.64 s | NL 2 | L 0
  0 SNES Function norm 1.446863694521e-06
  1 SNES Function norm 1.571405840564e-08
  2 SNES Function norm 5.576698241719e-12
  Nonlinear BackwardEuler-Equation_ solve converged due to CONVERGED_FNORM_ABS iterations 2
SNES Object: (BackwardEuler-Equation_) 104 MPI processes
  type: ngmres
    Number of stored past updates: 30
    Residual selection: gammaA=2e+00, gammaC=2e+00
    Difference restart: epsilonB=1e-01, deltaB=9e-01
    Restart on F_M residual increase: FALSE
  maximum iterations=50, maximum function evaluations=30000
  tolerances: relative=1e-08, absolute=1e-08, solution=1e-08
  total number of function evaluations=3
  norm schedule ALWAYS
  SNESLineSearch Object: (BackwardEuler-Equation_) 104 MPI processes
    type: basic
    maxlambda=1.000000e+00, minlambda=1.000000e-12
    tolerances: relative=1.000000e-08, absolute=1.000000e-15, lambda=1.000000e-08
    maximum iterations=1
  SNES Object: (BackwardEuler-Equation_npc_) 104 MPI processes
    type: newtonls
    maximum iterations=1, maximum function evaluations=10000
    tolerances: relative=0., absolute=0., solution=0.
    total number of linear solver iterations=619
    total number of function evaluations=10
    norm schedule FINALONLY
    SNESLineSearch Object: (BackwardEuler-Equation_npc_) 104 MPI processes
      type: bt
        interpolation: cubic
        alpha=1.000000e-04
      maxlambda=1.000000e+00, minlambda=1.000000e-12
      tolerances: relative=1.000000e-08, absolute=1.000000e-15, lambda=1.000000e-08
      maximum iterations=40
    KSP Object: (BackwardEuler-Equation_npc_) 104 MPI processes
      type: gmres
        restart=30, using classical (unmodified) Gram-Schmidt orthogonalization with no iterative refinement
        happy breakdown tolerance=1e-30
      maximum iterations=10000, initial guess is zero
      tolerances: relative=1e-05, absolute=1e-50, divergence=10000.
      left preconditioning
      using PRECONDITIONED norm type for convergence test
    PC Object: (BackwardEuler-Equation_npc_) 104 MPI processes
      type: bjacobi
        number of blocks = 104
        Local solver information for first block is in the following KSP and PC objects on rank 0:
        Use -BackwardEuler-Equation_npc_ksp_view ::ascii_info_detail to display information for all blocks
        KSP Object: (BackwardEuler-Equation_npc_sub_) 1 MPI process
          type: preonly
          maximum iterations=10000, initial guess is zero
          tolerances: relative=1e-05, absolute=1e-50, divergence=10000.
          left preconditioning
          not checking for convergence
        PC Object: (BackwardEuler-Equation_npc_sub_) 1 MPI process
          type: ilu
            out-of-place factorization
            0 levels of fill
            tolerance for zero pivot 2.22045e-14
            matrix ordering: natural
            factor fill ratio given 1., needed 1.
              Factored matrix:
                Mat Object: (BackwardEuler-Equation_npc_sub_) 1 MPI process
                  type: seqaij
                  rows=239616, cols=239616
                  package used to perform factorization: petsc
                  total: nonzeros=12754944, allocated nonzeros=12754944
                    using I-node routines: found 59904 nodes, limit used is 5
          linear system matrix, which is also used to construct the preconditioner:
          Mat Object: (BackwardEuler-Equation_npc_sub_) 1 MPI process
            type: seqaij
            rows=239616, cols=239616
            total: nonzeros=12754944, allocated nonzeros=12754944
            total number of mallocs used during MatSetValues calls=0
              using I-node routines: found 59904 nodes, limit used is 5
      linear system matrix, which is also used to construct the preconditioner:
      Mat Object: (BackwardEuler-Equation_) 104 MPI processes
        type: mpiaij
        rows=17971200, cols=17971200
        total: nonzeros=999751680, allocated nonzeros=999751680
        total number of mallocs used during MatSetValues calls=0
          has attached near null space
          using I-node (on process 0) routines: found 59904 nodes, limit used is 5
t = 1500.00 s | step 5/30 | wall 12.92 s | NL 2 | L 0
  0 SNES Function norm 1.379398616344e-06
  1 SNES Function norm 1.310237620628e-08
  2 SNES Function norm 3.893109853237e-12
  Nonlinear BackwardEuler-Equation_ solve converged due to CONVERGED_FNORM_ABS iterations 2
SNES Object: (BackwardEuler-Equation_) 104 MPI processes
  type: ngmres
    Number of stored past updates: 30
    Residual selection: gammaA=2e+00, gammaC=2e+00
    Difference restart: epsilonB=1e-01, deltaB=9e-01
    Restart on F_M residual increase: FALSE
  maximum iterations=50, maximum function evaluations=30000
  tolerances: relative=1e-08, absolute=1e-08, solution=1e-08
  total number of function evaluations=3
  norm schedule ALWAYS
  SNESLineSearch Object: (BackwardEuler-Equation_) 104 MPI processes
    type: basic
    maxlambda=1.000000e+00, minlambda=1.000000e-12
    tolerances: relative=1.000000e-08, absolute=1.000000e-15, lambda=1.000000e-08
    maximum iterations=1
  SNES Object: (BackwardEuler-Equation_npc_) 104 MPI processes
    type: newtonls
    maximum iterations=1, maximum function evaluations=10000
    tolerances: relative=0., absolute=0., solution=0.
    total number of linear solver iterations=746
    total number of function evaluations=12
    norm schedule FINALONLY
    SNESLineSearch Object: (BackwardEuler-Equation_npc_) 104 MPI processes
      type: bt
        interpolation: cubic
        alpha=1.000000e-04
      maxlambda=1.000000e+00, minlambda=1.000000e-12
      tolerances: relative=1.000000e-08, absolute=1.000000e-15, lambda=1.000000e-08
      maximum iterations=40
    KSP Object: (BackwardEuler-Equation_npc_) 104 MPI processes
      type: gmres
        restart=30, using classical (unmodified) Gram-Schmidt orthogonalization with no iterative refinement
        happy breakdown tolerance=1e-30
      maximum iterations=10000, initial guess is zero
      tolerances: relative=1e-05, absolute=1e-50, divergence=10000.
      left preconditioning
      using PRECONDITIONED norm type for convergence test
    PC Object: (BackwardEuler-Equation_npc_) 104 MPI processes
      type: bjacobi
        number of blocks = 104
        Local solver information for first block is in the following KSP and PC objects on rank 0:
        Use -BackwardEuler-Equation_npc_ksp_view ::ascii_info_detail to display information for all blocks
        KSP Object: (BackwardEuler-Equation_npc_sub_) 1 MPI process
          type: preonly
          maximum iterations=10000, initial guess is zero
          tolerances: relative=1e-05, absolute=1e-50, divergence=10000.
          left preconditioning
          not checking for convergence
        PC Object: (BackwardEuler-Equation_npc_sub_) 1 MPI process
          type: ilu
            out-of-place factorization
            0 levels of fill
            tolerance for zero pivot 2.22045e-14
            matrix ordering: natural
            factor fill ratio given 1., needed 1.
              Factored matrix:
                Mat Object: (BackwardEuler-Equation_npc_sub_) 1 MPI process
                  type: seqaij
                  rows=239616, cols=239616
                  package used to perform factorization: petsc
                  total: nonzeros=12754944, allocated nonzeros=12754944
                    using I-node routines: found 59904 nodes, limit used is 5
          linear system matrix, which is also used to construct the preconditioner:
          Mat Object: (BackwardEuler-Equation_npc_sub_) 1 MPI process
            type: seqaij
            rows=239616, cols=239616
            total: nonzeros=12754944, allocated nonzeros=12754944
            total number of mallocs used during MatSetValues calls=0
              using I-node routines: found 59904 nodes, limit used is 5
      linear system matrix, which is also used to construct the preconditioner:
      Mat Object: (BackwardEuler-Equation_) 104 MPI processes
        type: mpiaij
        rows=17971200, cols=17971200
        total: nonzeros=999751680, allocated nonzeros=999751680
        total number of mallocs used during MatSetValues calls=0
          has attached near null space
          using I-node (on process 0) routines: found 59904 nodes, limit used is 5
t = 1800.00 s | step 6/30 | wall 12.99 s | NL 2 | L 0
  0 SNES Function norm 1.327568381199e-06
  1 SNES Function norm 1.134579629261e-08
  2 SNES Function norm 2.938579394221e-12
  Nonlinear BackwardEuler-Equation_ solve converged due to CONVERGED_FNORM_ABS iterations 2
SNES Object: (BackwardEuler-Equation_) 104 MPI processes
  type: ngmres
    Number of stored past updates: 30
    Residual selection: gammaA=2e+00, gammaC=2e+00
    Difference restart: epsilonB=1e-01, deltaB=9e-01
    Restart on F_M residual increase: FALSE
  maximum iterations=50, maximum function evaluations=30000
  tolerances: relative=1e-08, absolute=1e-08, solution=1e-08
  total number of function evaluations=3
  norm schedule ALWAYS
  SNESLineSearch Object: (BackwardEuler-Equation_) 104 MPI processes
    type: basic
    maxlambda=1.000000e+00, minlambda=1.000000e-12
    tolerances: relative=1.000000e-08, absolute=1.000000e-15, lambda=1.000000e-08
    maximum iterations=1
  SNES Object: (BackwardEuler-Equation_npc_) 104 MPI processes
    type: newtonls
    maximum iterations=1, maximum function evaluations=10000
    tolerances: relative=0., absolute=0., solution=0.
    total number of linear solver iterations=873
    total number of function evaluations=14
    norm schedule FINALONLY
    SNESLineSearch Object: (BackwardEuler-Equation_npc_) 104 MPI processes
      type: bt
        interpolation: cubic
        alpha=1.000000e-04
      maxlambda=1.000000e+00, minlambda=1.000000e-12
      tolerances: relative=1.000000e-08, absolute=1.000000e-15, lambda=1.000000e-08
      maximum iterations=40
    KSP Object: (BackwardEuler-Equation_npc_) 104 MPI processes
      type: gmres
        restart=30, using classical (unmodified) Gram-Schmidt orthogonalization with no iterative refinement
        happy breakdown tolerance=1e-30
      maximum iterations=10000, initial guess is zero
      tolerances: relative=1e-05, absolute=1e-50, divergence=10000.
      left preconditioning
      using PRECONDITIONED norm type for convergence test
    PC Object: (BackwardEuler-Equation_npc_) 104 MPI processes
      type: bjacobi
        number of blocks = 104
        Local solver information for first block is in the following KSP and PC objects on rank 0:
        Use -BackwardEuler-Equation_npc_ksp_view ::ascii_info_detail to display information for all blocks
        KSP Object: (BackwardEuler-Equation_npc_sub_) 1 MPI process
          type: preonly
          maximum iterations=10000, initial guess is zero
          tolerances: relative=1e-05, absolute=1e-50, divergence=10000.
          left preconditioning
          not checking for convergence
        PC Object: (BackwardEuler-Equation_npc_sub_) 1 MPI process
          type: ilu
            out-of-place factorization
            0 levels of fill
            tolerance for zero pivot 2.22045e-14
            matrix ordering: natural
            factor fill ratio given 1., needed 1.
              Factored matrix:
                Mat Object: (BackwardEuler-Equation_npc_sub_) 1 MPI process
                  type: seqaij
                  rows=239616, cols=239616
                  package used to perform factorization: petsc
                  total: nonzeros=12754944, allocated nonzeros=12754944
                    using I-node routines: found 59904 nodes, limit used is 5
          linear system matrix, which is also used to construct the preconditioner:
          Mat Object: (BackwardEuler-Equation_npc_sub_) 1 MPI process
            type: seqaij
            rows=239616, cols=239616
            total: nonzeros=12754944, allocated nonzeros=12754944
            total number of mallocs used during MatSetValues calls=0
              using I-node routines: found 59904 nodes, limit used is 5
      linear system matrix, which is also used to construct the preconditioner:
      Mat Object: (BackwardEuler-Equation_) 104 MPI processes
        type: mpiaij
        rows=17971200, cols=17971200
        total: nonzeros=999751680, allocated nonzeros=999751680
        total number of mallocs used during MatSetValues calls=0
          has attached near null space
          using I-node (on process 0) routines: found 59904 nodes, limit used is 5
t = 2100.00 s | step 7/30 | wall 12.97 s | NL 2 | L 0
  0 SNES Function norm 1.286080644659e-06
  1 SNES Function norm 1.008259339325e-08
  2 SNES Function norm 2.301167061202e-12
  Nonlinear BackwardEuler-Equation_ solve converged due to CONVERGED_FNORM_ABS iterations 2
SNES Object: (BackwardEuler-Equation_) 104 MPI processes
  type: ngmres
    Number of stored past updates: 30
    Residual selection: gammaA=2e+00, gammaC=2e+00
    Difference restart: epsilonB=1e-01, deltaB=9e-01
    Restart on F_M residual increase: FALSE
  maximum iterations=50, maximum function evaluations=30000
  tolerances: relative=1e-08, absolute=1e-08, solution=1e-08
  total number of function evaluations=3
  norm schedule ALWAYS
  SNESLineSearch Object: (BackwardEuler-Equation_) 104 MPI processes
    type: basic
    maxlambda=1.000000e+00, minlambda=1.000000e-12
    tolerances: relative=1.000000e-08, absolute=1.000000e-15, lambda=1.000000e-08
    maximum iterations=1
  SNES Object: (BackwardEuler-Equation_npc_) 104 MPI processes
    type: newtonls
    maximum iterations=1, maximum function evaluations=10000
    tolerances: relative=0., absolute=0., solution=0.
    total number of linear solver iterations=1001
    total number of function evaluations=16
    norm schedule FINALONLY
    SNESLineSearch Object: (BackwardEuler-Equation_npc_) 104 MPI processes
      type: bt
        interpolation: cubic
        alpha=1.000000e-04
      maxlambda=1.000000e+00, minlambda=1.000000e-12
      tolerances: relative=1.000000e-08, absolute=1.000000e-15, lambda=1.000000e-08
      maximum iterations=40
    KSP Object: (BackwardEuler-Equation_npc_) 104 MPI processes
      type: gmres
        restart=30, using classical (unmodified) Gram-Schmidt orthogonalization with no iterative refinement
        happy breakdown tolerance=1e-30
      maximum iterations=10000, initial guess is zero
      tolerances: relative=1e-05, absolute=1e-50, divergence=10000.
      left preconditioning
      using PRECONDITIONED norm type for convergence test
    PC Object: (BackwardEuler-Equation_npc_) 104 MPI processes
      type: bjacobi
        number of blocks = 104
        Local solver information for first block is in the following KSP and PC objects on rank 0:
        Use -BackwardEuler-Equation_npc_ksp_view ::ascii_info_detail to display information for all blocks
        KSP Object: (BackwardEuler-Equation_npc_sub_) 1 MPI process
          type: preonly
          maximum iterations=10000, initial guess is zero
          tolerances: relative=1e-05, absolute=1e-50, divergence=10000.
          left preconditioning
          not checking for convergence
        PC Object: (BackwardEuler-Equation_npc_sub_) 1 MPI process
          type: ilu
            out-of-place factorization
            0 levels of fill
            tolerance for zero pivot 2.22045e-14
            matrix ordering: natural
            factor fill ratio given 1., needed 1.
              Factored matrix:
                Mat Object: (BackwardEuler-Equation_npc_sub_) 1 MPI process
                  type: seqaij
                  rows=239616, cols=239616
                  package used to perform factorization: petsc
                  total: nonzeros=12754944, allocated nonzeros=12754944
                    using I-node routines: found 59904 nodes, limit used is 5
          linear system matrix, which is also used to construct the preconditioner:
          Mat Object: (BackwardEuler-Equation_npc_sub_) 1 MPI process
            type: seqaij
            rows=239616, cols=239616
            total: nonzeros=12754944, allocated nonzeros=12754944
            total number of mallocs used during MatSetValues calls=0
              using I-node routines: found 59904 nodes, limit used is 5
      linear system matrix, which is also used to construct the preconditioner:
      Mat Object: (BackwardEuler-Equation_) 104 MPI processes
        type: mpiaij
        rows=17971200, cols=17971200
        total: nonzeros=999751680, allocated nonzeros=999751680
        total number of mallocs used during MatSetValues calls=0
          has attached near null space
          using I-node (on process 0) routines: found 59904 nodes, limit used is 5
t = 2400.00 s | step 8/30 | wall 13.04 s | NL 2 | L 0
  0 SNES Function norm 1.251902211659e-06
  1 SNES Function norm 9.132041840209e-09
  Nonlinear BackwardEuler-Equation_ solve converged due to CONVERGED_FNORM_ABS iterations 1
SNES Object: (BackwardEuler-Equation_) 104 MPI processes
  type: ngmres
    Number of stored past updates: 30
    Residual selection: gammaA=2e+00, gammaC=2e+00
    Difference restart: epsilonB=1e-01, deltaB=9e-01
    Restart on F_M residual increase: FALSE
  maximum iterations=50, maximum function evaluations=30000
  tolerances: relative=1e-08, absolute=1e-08, solution=1e-08
  total number of function evaluations=2
  norm schedule ALWAYS
  SNESLineSearch Object: (BackwardEuler-Equation_) 104 MPI processes
    type: basic
    maxlambda=1.000000e+00, minlambda=1.000000e-12
    tolerances: relative=1.000000e-08, absolute=1.000000e-15, lambda=1.000000e-08
    maximum iterations=1
  SNES Object: (BackwardEuler-Equation_npc_) 104 MPI processes
    type: newtonls
    maximum iterations=1, maximum function evaluations=10000
    tolerances: relative=0., absolute=0., solution=0.
    total number of linear solver iterations=1064
    total number of function evaluations=17
    norm schedule FINALONLY
    SNESLineSearch Object: (BackwardEuler-Equation_npc_) 104 MPI processes
      type: bt
        interpolation: cubic
        alpha=1.000000e-04
      maxlambda=1.000000e+00, minlambda=1.000000e-12
      tolerances: relative=1.000000e-08, absolute=1.000000e-15, lambda=1.000000e-08
      maximum iterations=40
    KSP Object: (BackwardEuler-Equation_npc_) 104 MPI processes
      type: gmres
        restart=30, using classical (unmodified) Gram-Schmidt orthogonalization with no iterative refinement
        happy breakdown tolerance=1e-30
      maximum iterations=10000, initial guess is zero
      tolerances: relative=1e-05, absolute=1e-50, divergence=10000.
      left preconditioning
      using PRECONDITIONED norm type for convergence test
    PC Object: (BackwardEuler-Equation_npc_) 104 MPI processes
      type: bjacobi
        number of blocks = 104
        Local solver information for first block is in the following KSP and PC objects on rank 0:
        Use -BackwardEuler-Equation_npc_ksp_view ::ascii_info_detail to display information for all blocks
        KSP Object: (BackwardEuler-Equation_npc_sub_) 1 MPI process
          type: preonly
          maximum iterations=10000, initial guess is zero
          tolerances: relative=1e-05, absolute=1e-50, divergence=10000.
          left preconditioning
          not checking for convergence
        PC Object: (BackwardEuler-Equation_npc_sub_) 1 MPI process
          type: ilu
            out-of-place factorization
            0 levels of fill
            tolerance for zero pivot 2.22045e-14
            matrix ordering: natural
            factor fill ratio given 1., needed 1.
              Factored matrix:
                Mat Object: (BackwardEuler-Equation_npc_sub_) 1 MPI process
                  type: seqaij
                  rows=239616, cols=239616
                  package used to perform factorization: petsc
                  total: nonzeros=12754944, allocated nonzeros=12754944
                    using I-node routines: found 59904 nodes, limit used is 5
          linear system matrix, which is also used to construct the preconditioner:
          Mat Object: (BackwardEuler-Equation_npc_sub_) 1 MPI process
            type: seqaij
            rows=239616, cols=239616
            total: nonzeros=12754944, allocated nonzeros=12754944
            total number of mallocs used during MatSetValues calls=0
              using I-node routines: found 59904 nodes, limit used is 5
      linear system matrix, which is also used to construct the preconditioner:
      Mat Object: (BackwardEuler-Equation_) 104 MPI processes
        type: mpiaij
        rows=17971200, cols=17971200
        total: nonzeros=999751680, allocated nonzeros=999751680
        total number of mallocs used during MatSetValues calls=0
          has attached near null space
          using I-node (on process 0) routines: found 59904 nodes, limit used is 5
t = 2700.00 s | step 9/30 | wall 6.61 s | NL 1 | L 0
  0 SNES Function norm 1.222723012893e-06
  1 SNES Function norm 8.339301912512e-09
  Nonlinear BackwardEuler-Equation_ solve converged due to CONVERGED_FNORM_ABS iterations 1
SNES Object: (BackwardEuler-Equation_) 104 MPI processes
  type: ngmres
    Number of stored past updates: 30
    Residual selection: gammaA=2e+00, gammaC=2e+00
    Difference restart: epsilonB=1e-01, deltaB=9e-01
    Restart on F_M residual increase: FALSE
  maximum iterations=50, maximum function evaluations=30000
  tolerances: relative=1e-08, absolute=1e-08, solution=1e-08
  total number of function evaluations=2
  norm schedule ALWAYS
  SNESLineSearch Object: (BackwardEuler-Equation_) 104 MPI processes
    type: basic
    maxlambda=1.000000e+00, minlambda=1.000000e-12
    tolerances: relative=1.000000e-08, absolute=1.000000e-15, lambda=1.000000e-08
    maximum iterations=1
  SNES Object: (BackwardEuler-Equation_npc_) 104 MPI processes
    type: newtonls
    maximum iterations=1, maximum function evaluations=10000
    tolerances: relative=0., absolute=0., solution=0.
    total number of linear solver iterations=1127
    total number of function evaluations=18
    norm schedule FINALONLY
    SNESLineSearch Object: (BackwardEuler-Equation_npc_) 104 MPI processes
      type: bt
        interpolation: cubic
        alpha=1.000000e-04
      maxlambda=1.000000e+00, minlambda=1.000000e-12
      tolerances: relative=1.000000e-08, absolute=1.000000e-15, lambda=1.000000e-08
      maximum iterations=40
    KSP Object: (BackwardEuler-Equation_npc_) 104 MPI processes
      type: gmres
        restart=30, using classical (unmodified) Gram-Schmidt orthogonalization with no iterative refinement
        happy breakdown tolerance=1e-30
      maximum iterations=10000, initial guess is zero
      tolerances: relative=1e-05, absolute=1e-50, divergence=10000.
      left preconditioning
      using PRECONDITIONED norm type for convergence test
    PC Object: (BackwardEuler-Equation_npc_) 104 MPI processes
      type: bjacobi
        number of blocks = 104
        Local solver information for first block is in the following KSP and PC objects on rank 0:
        Use -BackwardEuler-Equation_npc_ksp_view ::ascii_info_detail to display information for all blocks
        KSP Object: (BackwardEuler-Equation_npc_sub_) 1 MPI process
          type: preonly
          maximum iterations=10000, initial guess is zero
          tolerances: relative=1e-05, absolute=1e-50, divergence=10000.
          left preconditioning
          not checking for convergence
        PC Object: (BackwardEuler-Equation_npc_sub_) 1 MPI process
          type: ilu
            out-of-place factorization
            0 levels of fill
            tolerance for zero pivot 2.22045e-14
            matrix ordering: natural
            factor fill ratio given 1., needed 1.
              Factored matrix:
                Mat Object: (BackwardEuler-Equation_npc_sub_) 1 MPI process
                  type: seqaij
                  rows=239616, cols=239616
                  package used to perform factorization: petsc
                  total: nonzeros=12754944, allocated nonzeros=12754944
                    using I-node routines: found 59904 nodes, limit used is 5
          linear system matrix, which is also used to construct the preconditioner:
          Mat Object: (BackwardEuler-Equation_npc_sub_) 1 MPI process
            type: seqaij
            rows=239616, cols=239616
            total: nonzeros=12754944, allocated nonzeros=12754944
            total number of mallocs used during MatSetValues calls=0
              using I-node routines: found 59904 nodes, limit used is 5
      linear system matrix, which is also used to construct the preconditioner:
      Mat Object: (BackwardEuler-Equation_) 104 MPI processes
        type: mpiaij
        rows=17971200, cols=17971200
        total: nonzeros=999751680, allocated nonzeros=999751680
        total number of mallocs used during MatSetValues calls=0
          has attached near null space
          using I-node (on process 0) routines: found 59904 nodes, limit used is 5
t = 3000.00 s | step 10/30 | wall 6.63 s | NL 1 | L 0
  0 SNES Function norm 1.197932915888e-06
  1 SNES Function norm 7.735432315524e-09
  Nonlinear BackwardEuler-Equation_ solve converged due to CONVERGED_FNORM_ABS iterations 1
SNES Object: (BackwardEuler-Equation_) 104 MPI processes
  type: ngmres
    Number of stored past updates: 30
    Residual selection: gammaA=2e+00, gammaC=2e+00
    Difference restart: epsilonB=1e-01, deltaB=9e-01
    Restart on F_M residual increase: FALSE
  maximum iterations=50, maximum function evaluations=30000
  tolerances: relative=1e-08, absolute=1e-08, solution=1e-08
  total number of function evaluations=2
  norm schedule ALWAYS
  SNESLineSearch Object: (BackwardEuler-Equation_) 104 MPI processes
    type: basic
    maxlambda=1.000000e+00, minlambda=1.000000e-12
    tolerances: relative=1.000000e-08, absolute=1.000000e-15, lambda=1.000000e-08
    maximum iterations=1
  SNES Object: (BackwardEuler-Equation_npc_) 104 MPI processes
    type: newtonls
    maximum iterations=1, maximum function evaluations=10000
    tolerances: relative=0., absolute=0., solution=0.
    total number of linear solver iterations=1191
    total number of function evaluations=19
    norm schedule FINALONLY
    SNESLineSearch Object: (BackwardEuler-Equation_npc_) 104 MPI processes
      type: bt
        interpolation: cubic
        alpha=1.000000e-04
      maxlambda=1.000000e+00, minlambda=1.000000e-12
      tolerances: relative=1.000000e-08, absolute=1.000000e-15, lambda=1.000000e-08
      maximum iterations=40
    KSP Object: (BackwardEuler-Equation_npc_) 104 MPI processes
      type: gmres
        restart=30, using classical (unmodified) Gram-Schmidt orthogonalization with no iterative refinement
        happy breakdown tolerance=1e-30
      maximum iterations=10000, initial guess is zero
      tolerances: relative=1e-05, absolute=1e-50, divergence=10000.
      left preconditioning
      using PRECONDITIONED norm type for convergence test
    PC Object: (BackwardEuler-Equation_npc_) 104 MPI processes
      type: bjacobi
        number of blocks = 104
        Local solver information for first block is in the following KSP and PC objects on rank 0:
        Use -BackwardEuler-Equation_npc_ksp_view ::ascii_info_detail to display information for all blocks
        KSP Object: (BackwardEuler-Equation_npc_sub_) 1 MPI process
          type: preonly
          maximum iterations=10000, initial guess is zero
          tolerances: relative=1e-05, absolute=1e-50, divergence=10000.
          left preconditioning
          not checking for convergence
        PC Object: (BackwardEuler-Equation_npc_sub_) 1 MPI process
          type: ilu
            out-of-place factorization
            0 levels of fill
            tolerance for zero pivot 2.22045e-14
            matrix ordering: natural
            factor fill ratio given 1., needed 1.
              Factored matrix:
                Mat Object: (BackwardEuler-Equation_npc_sub_) 1 MPI process
                  type: seqaij
                  rows=239616, cols=239616
                  package used to perform factorization: petsc
                  total: nonzeros=12754944, allocated nonzeros=12754944
                    using I-node routines: found 59904 nodes, limit used is 5
          linear system matrix, which is also used to construct the preconditioner:
          Mat Object: (BackwardEuler-Equation_npc_sub_) 1 MPI process
            type: seqaij
            rows=239616, cols=239616
            total: nonzeros=12754944, allocated nonzeros=12754944
            total number of mallocs used during MatSetValues calls=0
              using I-node routines: found 59904 nodes, limit used is 5
      linear system matrix, which is also used to construct the preconditioner:
      Mat Object: (BackwardEuler-Equation_) 104 MPI processes
        type: mpiaij
        rows=17971200, cols=17971200
        total: nonzeros=999751680, allocated nonzeros=999751680
        total number of mallocs used during MatSetValues calls=0
          has attached near null space
          using I-node (on process 0) routines: found 59904 nodes, limit used is 5
t = 3300.00 s | step 11/30 | wall 6.70 s | NL 1 | L 0
  0 SNES Function norm 1.176536766399e-06
  1 SNES Function norm 7.254012622231e-09
  Nonlinear BackwardEuler-Equation_ solve converged due to CONVERGED_FNORM_ABS iterations 1
SNES Object: (BackwardEuler-Equation_) 104 MPI processes
  type: ngmres
    Number of stored past updates: 30
    Residual selection: gammaA=2e+00, gammaC=2e+00
    Difference restart: epsilonB=1e-01, deltaB=9e-01
    Restart on F_M residual increase: FALSE
  maximum iterations=50, maximum function evaluations=30000
  tolerances: relative=1e-08, absolute=1e-08, solution=1e-08
  total number of function evaluations=2
  norm schedule ALWAYS
  SNESLineSearch Object: (BackwardEuler-Equation_) 104 MPI processes
    type: basic
    maxlambda=1.000000e+00, minlambda=1.000000e-12
    tolerances: relative=1.000000e-08, absolute=1.000000e-15, lambda=1.000000e-08
    maximum iterations=1
  SNES Object: (BackwardEuler-Equation_npc_) 104 MPI processes
    type: newtonls
    maximum iterations=1, maximum function evaluations=10000
    tolerances: relative=0., absolute=0., solution=0.
    total number of linear solver iterations=1255
    total number of function evaluations=20
    norm schedule FINALONLY
    SNESLineSearch Object: (BackwardEuler-Equation_npc_) 104 MPI processes
      type: bt
        interpolation: cubic
        alpha=1.000000e-04
      maxlambda=1.000000e+00, minlambda=1.000000e-12
      tolerances: relative=1.000000e-08, absolute=1.000000e-15, lambda=1.000000e-08
      maximum iterations=40
    KSP Object: (BackwardEuler-Equation_npc_) 104 MPI processes
      type: gmres
        restart=30, using classical (unmodified) Gram-Schmidt orthogonalization with no iterative refinement
        happy breakdown tolerance=1e-30
      maximum iterations=10000, initial guess is zero
      tolerances: relative=1e-05, absolute=1e-50, divergence=10000.
      left preconditioning
      using PRECONDITIONED norm type for convergence test
    PC Object: (BackwardEuler-Equation_npc_) 104 MPI processes
      type: bjacobi
        number of blocks = 104
        Local solver information for first block is in the following KSP and PC objects on rank 0:
        Use -BackwardEuler-Equation_npc_ksp_view ::ascii_info_detail to display information for all blocks
        KSP Object: (BackwardEuler-Equation_npc_sub_) 1 MPI process
          type: preonly
          maximum iterations=10000, initial guess is zero
          tolerances: relative=1e-05, absolute=1e-50, divergence=10000.
          left preconditioning
          not checking for convergence
        PC Object: (BackwardEuler-Equation_npc_sub_) 1 MPI process
          type: ilu
            out-of-place factorization
            0 levels of fill
            tolerance for zero pivot 2.22045e-14
            matrix ordering: natural
            factor fill ratio given 1., needed 1.
              Factored matrix:
                Mat Object: (BackwardEuler-Equation_npc_sub_) 1 MPI process
                  type: seqaij
                  rows=239616, cols=239616
                  package used to perform factorization: petsc
                  total: nonzeros=12754944, allocated nonzeros=12754944
                    using I-node routines: found 59904 nodes, limit used is 5
          linear system matrix, which is also used to construct the preconditioner:
          Mat Object: (BackwardEuler-Equation_npc_sub_) 1 MPI process
            type: seqaij
            rows=239616, cols=239616
            total: nonzeros=12754944, allocated nonzeros=12754944
            total number of mallocs used during MatSetValues calls=0
              using I-node routines: found 59904 nodes, limit used is 5
      linear system matrix, which is also used to construct the preconditioner:
      Mat Object: (BackwardEuler-Equation_) 104 MPI processes
        type: mpiaij
        rows=17971200, cols=17971200
        total: nonzeros=999751680, allocated nonzeros=999751680
        total number of mallocs used during MatSetValues calls=0
          has attached near null space
          using I-node (on process 0) routines: found 59904 nodes, limit used is 5
t = 3600.00 s | step 12/30 | wall 6.68 s | NL 1 | L 0
  0 SNES Function norm 1.157849193036e-06
  1 SNES Function norm 6.860936368029e-09
  Nonlinear BackwardEuler-Equation_ solve converged due to CONVERGED_FNORM_ABS iterations 1
SNES Object: (BackwardEuler-Equation_) 104 MPI processes
  type: ngmres
    Number of stored past updates: 30
    Residual selection: gammaA=2e+00, gammaC=2e+00
    Difference restart: epsilonB=1e-01, deltaB=9e-01
    Restart on F_M residual increase: FALSE
  maximum iterations=50, maximum function evaluations=30000
  tolerances: relative=1e-08, absolute=1e-08, solution=1e-08
  total number of function evaluations=2
  norm schedule ALWAYS
  SNESLineSearch Object: (BackwardEuler-Equation_) 104 MPI processes
    type: basic
    maxlambda=1.000000e+00, minlambda=1.000000e-12
    tolerances: relative=1.000000e-08, absolute=1.000000e-15, lambda=1.000000e-08
    maximum iterations=1
  SNES Object: (BackwardEuler-Equation_npc_) 104 MPI processes
    type: newtonls
    maximum iterations=1, maximum function evaluations=10000
    tolerances: relative=0., absolute=0., solution=0.
    total number of linear solver iterations=1319
    total number of function evaluations=21
    norm schedule FINALONLY
    SNESLineSearch Object: (BackwardEuler-Equation_npc_) 104 MPI processes
      type: bt
        interpolation: cubic
        alpha=1.000000e-04
      maxlambda=1.000000e+00, minlambda=1.000000e-12
      tolerances: relative=1.000000e-08, absolute=1.000000e-15, lambda=1.000000e-08
      maximum iterations=40
    KSP Object: (BackwardEuler-Equation_npc_) 104 MPI processes
      type: gmres
        restart=30, using classical (unmodified) Gram-Schmidt orthogonalization with no iterative refinement
        happy breakdown tolerance=1e-30
      maximum iterations=10000, initial guess is zero
      tolerances: relative=1e-05, absolute=1e-50, divergence=10000.
      left preconditioning
      using PRECONDITIONED norm type for convergence test
    PC Object: (BackwardEuler-Equation_npc_) 104 MPI processes
      type: bjacobi
        number of blocks = 104
        Local solver information for first block is in the following KSP and PC objects on rank 0:
        Use -BackwardEuler-Equation_npc_ksp_view ::ascii_info_detail to display information for all blocks
        KSP Object: (BackwardEuler-Equation_npc_sub_) 1 MPI process
          type: preonly
          maximum iterations=10000, initial guess is zero
          tolerances: relative=1e-05, absolute=1e-50, divergence=10000.
          left preconditioning
          not checking for convergence
        PC Object: (BackwardEuler-Equation_npc_sub_) 1 MPI process
          type: ilu
            out-of-place factorization
            0 levels of fill
            tolerance for zero pivot 2.22045e-14
            matrix ordering: natural
            factor fill ratio given 1., needed 1.
              Factored matrix:
                Mat Object: (BackwardEuler-Equation_npc_sub_) 1 MPI process
                  type: seqaij
                  rows=239616, cols=239616
                  package used to perform factorization: petsc
                  total: nonzeros=12754944, allocated nonzeros=12754944
                    using I-node routines: found 59904 nodes, limit used is 5
          linear system matrix, which is also used to construct the preconditioner:
          Mat Object: (BackwardEuler-Equation_npc_sub_) 1 MPI process
            type: seqaij
            rows=239616, cols=239616
            total: nonzeros=12754944, allocated nonzeros=12754944
            total number of mallocs used during MatSetValues calls=0
              using I-node routines: found 59904 nodes, limit used is 5
      linear system matrix, which is also used to construct the preconditioner:
      Mat Object: (BackwardEuler-Equation_) 104 MPI processes
        type: mpiaij
        rows=17971200, cols=17971200
        total: nonzeros=999751680, allocated nonzeros=999751680
        total number of mallocs used during MatSetValues calls=0
          has attached near null space
          using I-node (on process 0) routines: found 59904 nodes, limit used is 5
t = 3900.00 s | step 13/30 | wall 6.68 s | NL 1 | L 0
  0 SNES Function norm 1.141371999502e-06
  1 SNES Function norm 6.534209906223e-09
  Nonlinear BackwardEuler-Equation_ solve converged due to CONVERGED_FNORM_ABS iterations 1
SNES Object: (BackwardEuler-Equation_) 104 MPI processes
  type: ngmres
    Number of stored past updates: 30
    Residual selection: gammaA=2e+00, gammaC=2e+00
    Difference restart: epsilonB=1e-01, deltaB=9e-01
    Restart on F_M residual increase: FALSE
  maximum iterations=50, maximum function evaluations=30000
  tolerances: relative=1e-08, absolute=1e-08, solution=1e-08
  total number of function evaluations=2
  norm schedule ALWAYS
  SNESLineSearch Object: (BackwardEuler-Equation_) 104 MPI processes
    type: basic
    maxlambda=1.000000e+00, minlambda=1.000000e-12
    tolerances: relative=1.000000e-08, absolute=1.000000e-15, lambda=1.000000e-08
    maximum iterations=1
  SNES Object: (BackwardEuler-Equation_npc_) 104 MPI processes
    type: newtonls
    maximum iterations=1, maximum function evaluations=10000
    tolerances: relative=0., absolute=0., solution=0.
    total number of linear solver iterations=1383
    total number of function evaluations=22
    norm schedule FINALONLY
    SNESLineSearch Object: (BackwardEuler-Equation_npc_) 104 MPI processes
      type: bt
        interpolation: cubic
        alpha=1.000000e-04
      maxlambda=1.000000e+00, minlambda=1.000000e-12
      tolerances: relative=1.000000e-08, absolute=1.000000e-15, lambda=1.000000e-08
      maximum iterations=40
    KSP Object: (BackwardEuler-Equation_npc_) 104 MPI processes
      type: gmres
        restart=30, using classical (unmodified) Gram-Schmidt orthogonalization with no iterative refinement
        happy breakdown tolerance=1e-30
      maximum iterations=10000, initial guess is zero
      tolerances: relative=1e-05, absolute=1e-50, divergence=10000.
      left preconditioning
      using PRECONDITIONED norm type for convergence test
    PC Object: (BackwardEuler-Equation_npc_) 104 MPI processes
      type: bjacobi
        number of blocks = 104
        Local solver information for first block is in the following KSP and PC objects on rank 0:
        Use -BackwardEuler-Equation_npc_ksp_view ::ascii_info_detail to display information for all blocks
        KSP Object: (BackwardEuler-Equation_npc_sub_) 1 MPI process
          type: preonly
          maximum iterations=10000, initial guess is zero
          tolerances: relative=1e-05, absolute=1e-50, divergence=10000.
          left preconditioning
          not checking for convergence
        PC Object: (BackwardEuler-Equation_npc_sub_) 1 MPI process
          type: ilu
            out-of-place factorization
            0 levels of fill
            tolerance for zero pivot 2.22045e-14
            matrix ordering: natural
            factor fill ratio given 1., needed 1.
              Factored matrix:
                Mat Object: (BackwardEuler-Equation_npc_sub_) 1 MPI process
                  type: seqaij
                  rows=239616, cols=239616
                  package used to perform factorization: petsc
                  total: nonzeros=12754944, allocated nonzeros=12754944
                    using I-node routines: found 59904 nodes, limit used is 5
          linear system matrix, which is also used to construct the preconditioner:
          Mat Object: (BackwardEuler-Equation_npc_sub_) 1 MPI process
            type: seqaij
            rows=239616, cols=239616
            total: nonzeros=12754944, allocated nonzeros=12754944
            total number of mallocs used during MatSetValues calls=0
              using I-node routines: found 59904 nodes, limit used is 5
      linear system matrix, which is also used to construct the preconditioner:
      Mat Object: (BackwardEuler-Equation_) 104 MPI processes
        type: mpiaij
        rows=17971200, cols=17971200
        total: nonzeros=999751680, allocated nonzeros=999751680
        total number of mallocs used during MatSetValues calls=0
          has attached near null space
          using I-node (on process 0) routines: found 59904 nodes, limit used is 5
t = 4200.00 s | step 14/30 | wall 6.68 s | NL 1 | L 0
  0 SNES Function norm 1.126731039730e-06
  1 SNES Function norm 6.258923796366e-09
  Nonlinear BackwardEuler-Equation_ solve converged due to CONVERGED_FNORM_ABS iterations 1
SNES Object: (BackwardEuler-Equation_) 104 MPI processes
  type: ngmres
    Number of stored past updates: 30
    Residual selection: gammaA=2e+00, gammaC=2e+00
    Difference restart: epsilonB=1e-01, deltaB=9e-01
    Restart on F_M residual increase: FALSE
  maximum iterations=50, maximum function evaluations=30000
  tolerances: relative=1e-08, absolute=1e-08, solution=1e-08
  total number of function evaluations=2
  norm schedule ALWAYS
  SNESLineSearch Object: (BackwardEuler-Equation_) 104 MPI processes
    type: basic
    maxlambda=1.000000e+00, minlambda=1.000000e-12
    tolerances: relative=1.000000e-08, absolute=1.000000e-15, lambda=1.000000e-08
    maximum iterations=1
  SNES Object: (BackwardEuler-Equation_npc_) 104 MPI processes
    type: newtonls
    maximum iterations=1, maximum function evaluations=10000
    tolerances: relative=0., absolute=0., solution=0.
    total number of linear solver iterations=1447
    total number of function evaluations=23
    norm schedule FINALONLY
    SNESLineSearch Object: (BackwardEuler-Equation_npc_) 104 MPI processes
      type: bt
        interpolation: cubic
        alpha=1.000000e-04
      maxlambda=1.000000e+00, minlambda=1.000000e-12
      tolerances: relative=1.000000e-08, absolute=1.000000e-15, lambda=1.000000e-08
      maximum iterations=40
    KSP Object: (BackwardEuler-Equation_npc_) 104 MPI processes
      type: gmres
        restart=30, using classical (unmodified) Gram-Schmidt orthogonalization with no iterative refinement
        happy breakdown tolerance=1e-30
      maximum iterations=10000, initial guess is zero
      tolerances: relative=1e-05, absolute=1e-50, divergence=10000.
      left preconditioning
      using PRECONDITIONED norm type for convergence test
    PC Object: (BackwardEuler-Equation_npc_) 104 MPI processes
      type: bjacobi
        number of blocks = 104
        Local solver information for first block is in the following KSP and PC objects on rank 0:
        Use -BackwardEuler-Equation_npc_ksp_view ::ascii_info_detail to display information for all blocks
        KSP Object: (BackwardEuler-Equation_npc_sub_) 1 MPI process
          type: preonly
          maximum iterations=10000, initial guess is zero
          tolerances: relative=1e-05, absolute=1e-50, divergence=10000.
          left preconditioning
          not checking for convergence
        PC Object: (BackwardEuler-Equation_npc_sub_) 1 MPI process
          type: ilu
            out-of-place factorization
            0 levels of fill
            tolerance for zero pivot 2.22045e-14
            matrix ordering: natural
            factor fill ratio given 1., needed 1.
              Factored matrix:
                Mat Object: (BackwardEuler-Equation_npc_sub_) 1 MPI process
                  type: seqaij
                  rows=239616, cols=239616
                  package used to perform factorization: petsc
                  total: nonzeros=12754944, allocated nonzeros=12754944
                    using I-node routines: found 59904 nodes, limit used is 5
          linear system matrix, which is also used to construct the preconditioner:
          Mat Object: (BackwardEuler-Equation_npc_sub_) 1 MPI process
            type: seqaij
            rows=239616, cols=239616
            total: nonzeros=12754944, allocated nonzeros=12754944
            total number of mallocs used during MatSetValues calls=0
              using I-node routines: found 59904 nodes, limit used is 5
      linear system matrix, which is also used to construct the preconditioner:
      Mat Object: (BackwardEuler-Equation_) 104 MPI processes
        type: mpiaij
        rows=17971200, cols=17971200
        total: nonzeros=999751680, allocated nonzeros=999751680
        total number of mallocs used during MatSetValues calls=0
          has attached near null space
          using I-node (on process 0) routines: found 59904 nodes, limit used is 5
t = 4500.00 s | step 15/30 | wall 6.69 s | NL 1 | L 0
  0 SNES Function norm 1.113637739240e-06
  1 SNES Function norm 6.024435125431e-09
  Nonlinear BackwardEuler-Equation_ solve converged due to CONVERGED_FNORM_ABS iterations 1
SNES Object: (BackwardEuler-Equation_) 104 MPI processes
  type: ngmres
    Number of stored past updates: 30
    Residual selection: gammaA=2e+00, gammaC=2e+00
    Difference restart: epsilonB=1e-01, deltaB=9e-01
    Restart on F_M residual increase: FALSE
  maximum iterations=50, maximum function evaluations=30000
  tolerances: relative=1e-08, absolute=1e-08, solution=1e-08
  total number of function evaluations=2
  norm schedule ALWAYS
  SNESLineSearch Object: (BackwardEuler-Equation_) 104 MPI processes
    type: basic
    maxlambda=1.000000e+00, minlambda=1.000000e-12
    tolerances: relative=1.000000e-08, absolute=1.000000e-15, lambda=1.000000e-08
    maximum iterations=1
  SNES Object: (BackwardEuler-Equation_npc_) 104 MPI processes
    type: newtonls
    maximum iterations=1, maximum function evaluations=10000
    tolerances: relative=0., absolute=0., solution=0.
    total number of linear solver iterations=1511
    total number of function evaluations=24
    norm schedule FINALONLY
    SNESLineSearch Object: (BackwardEuler-Equation_npc_) 104 MPI processes
      type: bt
        interpolation: cubic
        alpha=1.000000e-04
      maxlambda=1.000000e+00, minlambda=1.000000e-12
      tolerances: relative=1.000000e-08, absolute=1.000000e-15, lambda=1.000000e-08
      maximum iterations=40
    KSP Object: (BackwardEuler-Equation_npc_) 104 MPI processes
      type: gmres
        restart=30, using classical (unmodified) Gram-Schmidt orthogonalization with no iterative refinement
        happy breakdown tolerance=1e-30
      maximum iterations=10000, initial guess is zero
      tolerances: relative=1e-05, absolute=1e-50, divergence=10000.
      left preconditioning
      using PRECONDITIONED norm type for convergence test
    PC Object: (BackwardEuler-Equation_npc_) 104 MPI processes
      type: bjacobi
        number of blocks = 104
        Local solver information for first block is in the following KSP and PC objects on rank 0:
        Use -BackwardEuler-Equation_npc_ksp_view ::ascii_info_detail to display information for all blocks
        KSP Object: (BackwardEuler-Equation_npc_sub_) 1 MPI process
          type: preonly
          maximum iterations=10000, initial guess is zero
          tolerances: relative=1e-05, absolute=1e-50, divergence=10000.
          left preconditioning
          not checking for convergence
        PC Object: (BackwardEuler-Equation_npc_sub_) 1 MPI process
          type: ilu
            out-of-place factorization
            0 levels of fill
            tolerance for zero pivot 2.22045e-14
            matrix ordering: natural
            factor fill ratio given 1., needed 1.
              Factored matrix:
                Mat Object: (BackwardEuler-Equation_npc_sub_) 1 MPI process
                  type: seqaij
                  rows=239616, cols=239616
                  package used to perform factorization: petsc
                  total: nonzeros=12754944, allocated nonzeros=12754944
                    using I-node routines: found 59904 nodes, limit used is 5
          linear system matrix, which is also used to construct the preconditioner:
          Mat Object: (BackwardEuler-Equation_npc_sub_) 1 MPI process
            type: seqaij
            rows=239616, cols=239616
            total: nonzeros=12754944, allocated nonzeros=12754944
            total number of mallocs used during MatSetValues calls=0
              using I-node routines: found 59904 nodes, limit used is 5
      linear system matrix, which is also used to construct the preconditioner:
      Mat Object: (BackwardEuler-Equation_) 104 MPI processes
        type: mpiaij
        rows=17971200, cols=17971200
        total: nonzeros=999751680, allocated nonzeros=999751680
        total number of mallocs used during MatSetValues calls=0
          has attached near null space
          using I-node (on process 0) routines: found 59904 nodes, limit used is 5
t = 4800.00 s | step 16/30 | wall 6.69 s | NL 1 | L 0
  0 SNES Function norm 1.101864662968e-06
  1 SNES Function norm 5.822880556142e-09
  Nonlinear BackwardEuler-Equation_ solve converged due to CONVERGED_FNORM_ABS iterations 1
SNES Object: (BackwardEuler-Equation_) 104 MPI processes
  type: ngmres
    Number of stored past updates: 30
    Residual selection: gammaA=2e+00, gammaC=2e+00
    Difference restart: epsilonB=1e-01, deltaB=9e-01
    Restart on F_M residual increase: FALSE
  maximum iterations=50, maximum function evaluations=30000
  tolerances: relative=1e-08, absolute=1e-08, solution=1e-08
  total number of function evaluations=2
  norm schedule ALWAYS
  SNESLineSearch Object: (BackwardEuler-Equation_) 104 MPI processes
    type: basic
    maxlambda=1.000000e+00, minlambda=1.000000e-12
    tolerances: relative=1.000000e-08, absolute=1.000000e-15, lambda=1.000000e-08
    maximum iterations=1
  SNES Object: (BackwardEuler-Equation_npc_) 104 MPI processes
    type: newtonls
    maximum iterations=1, maximum function evaluations=10000
    tolerances: relative=0., absolute=0., solution=0.
    total number of linear solver iterations=1575
    total number of function evaluations=25
    norm schedule FINALONLY
    SNESLineSearch Object: (BackwardEuler-Equation_npc_) 104 MPI processes
      type: bt
        interpolation: cubic
        alpha=1.000000e-04
      maxlambda=1.000000e+00, minlambda=1.000000e-12
      tolerances: relative=1.000000e-08, absolute=1.000000e-15, lambda=1.000000e-08
      maximum iterations=40
    KSP Object: (BackwardEuler-Equation_npc_) 104 MPI processes
      type: gmres
        restart=30, using classical (unmodified) Gram-Schmidt orthogonalization with no iterative refinement
        happy breakdown tolerance=1e-30
      maximum iterations=10000, initial guess is zero
      tolerances: relative=1e-05, absolute=1e-50, divergence=10000.
      left preconditioning
      using PRECONDITIONED norm type for convergence test
    PC Object: (BackwardEuler-Equation_npc_) 104 MPI processes
      type: bjacobi
        number of blocks = 104
        Local solver information for first block is in the following KSP and PC objects on rank 0:
        Use -BackwardEuler-Equation_npc_ksp_view ::ascii_info_detail to display information for all blocks
        KSP Object: (BackwardEuler-Equation_npc_sub_) 1 MPI process
          type: preonly
          maximum iterations=10000, initial guess is zero
          tolerances: relative=1e-05, absolute=1e-50, divergence=10000.
          left preconditioning
          not checking for convergence
        PC Object: (BackwardEuler-Equation_npc_sub_) 1 MPI process
          type: ilu
            out-of-place factorization
            0 levels of fill
            tolerance for zero pivot 2.22045e-14
            matrix ordering: natural
            factor fill ratio given 1., needed 1.
              Factored matrix:
                Mat Object: (BackwardEuler-Equation_npc_sub_) 1 MPI process
                  type: seqaij
                  rows=239616, cols=239616
                  package used to perform factorization: petsc
                  total: nonzeros=12754944, allocated nonzeros=12754944
                    using I-node routines: found 59904 nodes, limit used is 5
          linear system matrix, which is also used to construct the preconditioner:
          Mat Object: (BackwardEuler-Equation_npc_sub_) 1 MPI process
            type: seqaij
            rows=239616, cols=239616
            total: nonzeros=12754944, allocated nonzeros=12754944
            total number of mallocs used during MatSetValues calls=0
              using I-node routines: found 59904 nodes, limit used is 5
      linear system matrix, which is also used to construct the preconditioner:
      Mat Object: (BackwardEuler-Equation_) 104 MPI processes
        type: mpiaij
        rows=17971200, cols=17971200
        total: nonzeros=999751680, allocated nonzeros=999751680
        total number of mallocs used during MatSetValues calls=0
          has attached near null space
          using I-node (on process 0) routines: found 59904 nodes, limit used is 5
t = 5100.00 s | step 17/30 | wall 6.71 s | NL 1 | L 0
  0 SNES Function norm 1.091229302719e-06
  1 SNES Function norm 5.648302026609e-09
  Nonlinear BackwardEuler-Equation_ solve converged due to CONVERGED_FNORM_ABS iterations 1
SNES Object: (BackwardEuler-Equation_) 104 MPI processes
  type: ngmres
    Number of stored past updates: 30
    Residual selection: gammaA=2e+00, gammaC=2e+00
    Difference restart: epsilonB=1e-01, deltaB=9e-01
    Restart on F_M residual increase: FALSE
  maximum iterations=50, maximum function evaluations=30000
  tolerances: relative=1e-08, absolute=1e-08, solution=1e-08
  total number of function evaluations=2
  norm schedule ALWAYS
  SNESLineSearch Object: (BackwardEuler-Equation_) 104 MPI processes
    type: basic
    maxlambda=1.000000e+00, minlambda=1.000000e-12
    tolerances: relative=1.000000e-08, absolute=1.000000e-15, lambda=1.000000e-08
    maximum iterations=1
  SNES Object: (BackwardEuler-Equation_npc_) 104 MPI processes
    type: newtonls
    maximum iterations=1, maximum function evaluations=10000
    tolerances: relative=0., absolute=0., solution=0.
    total number of linear solver iterations=1640
    total number of function evaluations=26
    norm schedule FINALONLY
    SNESLineSearch Object: (BackwardEuler-Equation_npc_) 104 MPI processes
      type: bt
        interpolation: cubic
        alpha=1.000000e-04
      maxlambda=1.000000e+00, minlambda=1.000000e-12
      tolerances: relative=1.000000e-08, absolute=1.000000e-15, lambda=1.000000e-08
      maximum iterations=40
    KSP Object: (BackwardEuler-Equation_npc_) 104 MPI processes
      type: gmres
        restart=30, using classical (unmodified) Gram-Schmidt orthogonalization with no iterative refinement
        happy breakdown tolerance=1e-30
      maximum iterations=10000, initial guess is zero
      tolerances: relative=1e-05, absolute=1e-50, divergence=10000.
      left preconditioning
      using PRECONDITIONED norm type for convergence test
    PC Object: (BackwardEuler-Equation_npc_) 104 MPI processes
      type: bjacobi
        number of blocks = 104
        Local solver information for first block is in the following KSP and PC objects on rank 0:
        Use -BackwardEuler-Equation_npc_ksp_view ::ascii_info_detail to display information for all blocks
        KSP Object: (BackwardEuler-Equation_npc_sub_) 1 MPI process
          type: preonly
          maximum iterations=10000, initial guess is zero
          tolerances: relative=1e-05, absolute=1e-50, divergence=10000.
          left preconditioning
          not checking for convergence
        PC Object: (BackwardEuler-Equation_npc_sub_) 1 MPI process
          type: ilu
            out-of-place factorization
            0 levels of fill
            tolerance for zero pivot 2.22045e-14
            matrix ordering: natural
            factor fill ratio given 1., needed 1.
              Factored matrix:
                Mat Object: (BackwardEuler-Equation_npc_sub_) 1 MPI process
                  type: seqaij
                  rows=239616, cols=239616
                  package used to perform factorization: petsc
                  total: nonzeros=12754944, allocated nonzeros=12754944
                    using I-node routines: found 59904 nodes, limit used is 5
          linear system matrix, which is also used to construct the preconditioner:
          Mat Object: (BackwardEuler-Equation_npc_sub_) 1 MPI process
            type: seqaij
            rows=239616, cols=239616
            total: nonzeros=12754944, allocated nonzeros=12754944
            total number of mallocs used during MatSetValues calls=0
              using I-node routines: found 59904 nodes, limit used is 5
      linear system matrix, which is also used to construct the preconditioner:
      Mat Object: (BackwardEuler-Equation_) 104 MPI processes
        type: mpiaij
        rows=17971200, cols=17971200
        total: nonzeros=999751680, allocated nonzeros=999751680
        total number of mallocs used during MatSetValues calls=0
          has attached near null space
          using I-node (on process 0) routines: found 59904 nodes, limit used is 5
t = 5400.00 s | step 18/30 | wall 6.75 s | NL 1 | L 0
  0 SNES Function norm 1.081582845883e-06
  1 SNES Function norm 5.495981091687e-09
  Nonlinear BackwardEuler-Equation_ solve converged due to CONVERGED_FNORM_ABS iterations 1
SNES Object: (BackwardEuler-Equation_) 104 MPI processes
  type: ngmres
    Number of stored past updates: 30
    Residual selection: gammaA=2e+00, gammaC=2e+00
    Difference restart: epsilonB=1e-01, deltaB=9e-01
    Restart on F_M residual increase: FALSE
  maximum iterations=50, maximum function evaluations=30000
  tolerances: relative=1e-08, absolute=1e-08, solution=1e-08
  total number of function evaluations=2
  norm schedule ALWAYS
  SNESLineSearch Object: (BackwardEuler-Equation_) 104 MPI processes
    type: basic
    maxlambda=1.000000e+00, minlambda=1.000000e-12
    tolerances: relative=1.000000e-08, absolute=1.000000e-15, lambda=1.000000e-08
    maximum iterations=1
  SNES Object: (BackwardEuler-Equation_npc_) 104 MPI processes
    type: newtonls
    maximum iterations=1, maximum function evaluations=10000
    tolerances: relative=0., absolute=0., solution=0.
    total number of linear solver iterations=1705
    total number of function evaluations=27
    norm schedule FINALONLY
    SNESLineSearch Object: (BackwardEuler-Equation_npc_) 104 MPI processes
      type: bt
        interpolation: cubic
        alpha=1.000000e-04
      maxlambda=1.000000e+00, minlambda=1.000000e-12
      tolerances: relative=1.000000e-08, absolute=1.000000e-15, lambda=1.000000e-08
      maximum iterations=40
    KSP Object: (BackwardEuler-Equation_npc_) 104 MPI processes
      type: gmres
        restart=30, using classical (unmodified) Gram-Schmidt orthogonalization with no iterative refinement
        happy breakdown tolerance=1e-30
      maximum iterations=10000, initial guess is zero
      tolerances: relative=1e-05, absolute=1e-50, divergence=10000.
      left preconditioning
      using PRECONDITIONED norm type for convergence test
    PC Object: (BackwardEuler-Equation_npc_) 104 MPI processes
      type: bjacobi
        number of blocks = 104
        Local solver information for first block is in the following KSP and PC objects on rank 0:
        Use -BackwardEuler-Equation_npc_ksp_view ::ascii_info_detail to display information for all blocks
        KSP Object: (BackwardEuler-Equation_npc_sub_) 1 MPI process
          type: preonly
          maximum iterations=10000, initial guess is zero
          tolerances: relative=1e-05, absolute=1e-50, divergence=10000.
          left preconditioning
          not checking for convergence
        PC Object: (BackwardEuler-Equation_npc_sub_) 1 MPI process
          type: ilu
            out-of-place factorization
            0 levels of fill
            tolerance for zero pivot 2.22045e-14
            matrix ordering: natural
            factor fill ratio given 1., needed 1.
              Factored matrix:
                Mat Object: (BackwardEuler-Equation_npc_sub_) 1 MPI process
                  type: seqaij
                  rows=239616, cols=239616
                  package used to perform factorization: petsc
                  total: nonzeros=12754944, allocated nonzeros=12754944
                    using I-node routines: found 59904 nodes, limit used is 5
          linear system matrix, which is also used to construct the preconditioner:
          Mat Object: (BackwardEuler-Equation_npc_sub_) 1 MPI process
            type: seqaij
            rows=239616, cols=239616
            total: nonzeros=12754944, allocated nonzeros=12754944
            total number of mallocs used during MatSetValues calls=0
              using I-node routines: found 59904 nodes, limit used is 5
      linear system matrix, which is also used to construct the preconditioner:
      Mat Object: (BackwardEuler-Equation_) 104 MPI processes
        type: mpiaij
        rows=17971200, cols=17971200
        total: nonzeros=999751680, allocated nonzeros=999751680
        total number of mallocs used during MatSetValues calls=0
          has attached near null space
          using I-node (on process 0) routines: found 59904 nodes, limit used is 5
t = 5700.00 s | step 19/30 | wall 6.75 s | NL 1 | L 0
  0 SNES Function norm 1.072802651056e-06
  1 SNES Function norm 5.362350988399e-09
  Nonlinear BackwardEuler-Equation_ solve converged due to CONVERGED_FNORM_ABS iterations 1
SNES Object: (BackwardEuler-Equation_) 104 MPI processes
  type: ngmres
    Number of stored past updates: 30
    Residual selection: gammaA=2e+00, gammaC=2e+00
    Difference restart: epsilonB=1e-01, deltaB=9e-01
    Restart on F_M residual increase: FALSE
  maximum iterations=50, maximum function evaluations=30000
  tolerances: relative=1e-08, absolute=1e-08, solution=1e-08
  total number of function evaluations=2
  norm schedule ALWAYS
  SNESLineSearch Object: (BackwardEuler-Equation_) 104 MPI processes
    type: basic
    maxlambda=1.000000e+00, minlambda=1.000000e-12
    tolerances: relative=1.000000e-08, absolute=1.000000e-15, lambda=1.000000e-08
    maximum iterations=1
  SNES Object: (BackwardEuler-Equation_npc_) 104 MPI processes
    type: newtonls
    maximum iterations=1, maximum function evaluations=10000
    tolerances: relative=0., absolute=0., solution=0.
    total number of linear solver iterations=1770
    total number of function evaluations=28
    norm schedule FINALONLY
    SNESLineSearch Object: (BackwardEuler-Equation_npc_) 104 MPI processes
      type: bt
        interpolation: cubic
        alpha=1.000000e-04
      maxlambda=1.000000e+00, minlambda=1.000000e-12
      tolerances: relative=1.000000e-08, absolute=1.000000e-15, lambda=1.000000e-08
      maximum iterations=40
    KSP Object: (BackwardEuler-Equation_npc_) 104 MPI processes
      type: gmres
        restart=30, using classical (unmodified) Gram-Schmidt orthogonalization with no iterative refinement
        happy breakdown tolerance=1e-30
      maximum iterations=10000, initial guess is zero
      tolerances: relative=1e-05, absolute=1e-50, divergence=10000.
      left preconditioning
      using PRECONDITIONED norm type for convergence test
    PC Object: (BackwardEuler-Equation_npc_) 104 MPI processes
      type: bjacobi
        number of blocks = 104
        Local solver information for first block is in the following KSP and PC objects on rank 0:
        Use -BackwardEuler-Equation_npc_ksp_view ::ascii_info_detail to display information for all blocks
        KSP Object: (BackwardEuler-Equation_npc_sub_) 1 MPI process
          type: preonly
          maximum iterations=10000, initial guess is zero
          tolerances: relative=1e-05, absolute=1e-50, divergence=10000.
          left preconditioning
          not checking for convergence
        PC Object: (BackwardEuler-Equation_npc_sub_) 1 MPI process
          type: ilu
            out-of-place factorization
            0 levels of fill
            tolerance for zero pivot 2.22045e-14
            matrix ordering: natural
            factor fill ratio given 1., needed 1.
              Factored matrix:
                Mat Object: (BackwardEuler-Equation_npc_sub_) 1 MPI process
                  type: seqaij
                  rows=239616, cols=239616
                  package used to perform factorization: petsc
                  total: nonzeros=12754944, allocated nonzeros=12754944
                    using I-node routines: found 59904 nodes, limit used is 5
          linear system matrix, which is also used to construct the preconditioner:
          Mat Object: (BackwardEuler-Equation_npc_sub_) 1 MPI process
            type: seqaij
            rows=239616, cols=239616
            total: nonzeros=12754944, allocated nonzeros=12754944
            total number of mallocs used during MatSetValues calls=0
              using I-node routines: found 59904 nodes, limit used is 5
      linear system matrix, which is also used to construct the preconditioner:
      Mat Object: (BackwardEuler-Equation_) 104 MPI processes
        type: mpiaij
        rows=17971200, cols=17971200
        total: nonzeros=999751680, allocated nonzeros=999751680
        total number of mallocs used during MatSetValues calls=0
          has attached near null space
          using I-node (on process 0) routines: found 59904 nodes, limit used is 5
t = 6000.00 s | step 20/30 | wall 6.75 s | NL 1 | L 0
  0 SNES Function norm 1.064786218171e-06
  1 SNES Function norm 5.244489480495e-09
  Nonlinear BackwardEuler-Equation_ solve converged due to CONVERGED_FNORM_ABS iterations 1
SNES Object: (BackwardEuler-Equation_) 104 MPI processes
  type: ngmres
    Number of stored past updates: 30
    Residual selection: gammaA=2e+00, gammaC=2e+00
    Difference restart: epsilonB=1e-01, deltaB=9e-01
    Restart on F_M residual increase: FALSE
  maximum iterations=50, maximum function evaluations=30000
  tolerances: relative=1e-08, absolute=1e-08, solution=1e-08
  total number of function evaluations=2
  norm schedule ALWAYS
  SNESLineSearch Object: (BackwardEuler-Equation_) 104 MPI processes
    type: basic
    maxlambda=1.000000e+00, minlambda=1.000000e-12
    tolerances: relative=1.000000e-08, absolute=1.000000e-15, lambda=1.000000e-08
    maximum iterations=1
  SNES Object: (BackwardEuler-Equation_npc_) 104 MPI processes
    type: newtonls
    maximum iterations=1, maximum function evaluations=10000
    tolerances: relative=0., absolute=0., solution=0.
    total number of linear solver iterations=1835
    total number of function evaluations=29
    norm schedule FINALONLY
    SNESLineSearch Object: (BackwardEuler-Equation_npc_) 104 MPI processes
      type: bt
        interpolation: cubic
        alpha=1.000000e-04
      maxlambda=1.000000e+00, minlambda=1.000000e-12
      tolerances: relative=1.000000e-08, absolute=1.000000e-15, lambda=1.000000e-08
      maximum iterations=40
    KSP Object: (BackwardEuler-Equation_npc_) 104 MPI processes
      type: gmres
        restart=30, using classical (unmodified) Gram-Schmidt orthogonalization with no iterative refinement
        happy breakdown tolerance=1e-30
      maximum iterations=10000, initial guess is zero
      tolerances: relative=1e-05, absolute=1e-50, divergence=10000.
      left preconditioning
      using PRECONDITIONED norm type for convergence test
    PC Object: (BackwardEuler-Equation_npc_) 104 MPI processes
      type: bjacobi
        number of blocks = 104
        Local solver information for first block is in the following KSP and PC objects on rank 0:
        Use -BackwardEuler-Equation_npc_ksp_view ::ascii_info_detail to display information for all blocks
        KSP Object: (BackwardEuler-Equation_npc_sub_) 1 MPI process
          type: preonly
          maximum iterations=10000, initial guess is zero
          tolerances: relative=1e-05, absolute=1e-50, divergence=10000.
          left preconditioning
          not checking for convergence
        PC Object: (BackwardEuler-Equation_npc_sub_) 1 MPI process
          type: ilu
            out-of-place factorization
            0 levels of fill
            tolerance for zero pivot 2.22045e-14
            matrix ordering: natural
            factor fill ratio given 1., needed 1.
              Factored matrix:
                Mat Object: (BackwardEuler-Equation_npc_sub_) 1 MPI process
                  type: seqaij
                  rows=239616, cols=239616
                  package used to perform factorization: petsc
                  total: nonzeros=12754944, allocated nonzeros=12754944
                    using I-node routines: found 59904 nodes, limit used is 5
          linear system matrix, which is also used to construct the preconditioner:
          Mat Object: (BackwardEuler-Equation_npc_sub_) 1 MPI process
            type: seqaij
            rows=239616, cols=239616
            total: nonzeros=12754944, allocated nonzeros=12754944
            total number of mallocs used during MatSetValues calls=0
              using I-node routines: found 59904 nodes, limit used is 5
      linear system matrix, which is also used to construct the preconditioner:
      Mat Object: (BackwardEuler-Equation_) 104 MPI processes
        type: mpiaij
        rows=17971200, cols=17971200
        total: nonzeros=999751680, allocated nonzeros=999751680
        total number of mallocs used during MatSetValues calls=0
          has attached near null space
          using I-node (on process 0) routines: found 59904 nodes, limit used is 5
t = 6300.00 s | step 21/30 | wall 6.75 s | NL 1 | L 0
  0 SNES Function norm 1.057447139370e-06
  1 SNES Function norm 5.140053176218e-09
  Nonlinear BackwardEuler-Equation_ solve converged due to CONVERGED_FNORM_ABS iterations 1
SNES Object: (BackwardEuler-Equation_) 104 MPI processes
  type: ngmres
    Number of stored past updates: 30
    Residual selection: gammaA=2e+00, gammaC=2e+00
    Difference restart: epsilonB=1e-01, deltaB=9e-01
    Restart on F_M residual increase: FALSE
  maximum iterations=50, maximum function evaluations=30000
  tolerances: relative=1e-08, absolute=1e-08, solution=1e-08
  total number of function evaluations=2
  norm schedule ALWAYS
  SNESLineSearch Object: (BackwardEuler-Equation_) 104 MPI processes
    type: basic
    maxlambda=1.000000e+00, minlambda=1.000000e-12
    tolerances: relative=1.000000e-08, absolute=1.000000e-15, lambda=1.000000e-08
    maximum iterations=1
  SNES Object: (BackwardEuler-Equation_npc_) 104 MPI processes
    type: newtonls
    maximum iterations=1, maximum function evaluations=10000
    tolerances: relative=0., absolute=0., solution=0.
    total number of linear solver iterations=1900
    total number of function evaluations=30
    norm schedule FINALONLY
    SNESLineSearch Object: (BackwardEuler-Equation_npc_) 104 MPI processes
      type: bt
        interpolation: cubic
        alpha=1.000000e-04
      maxlambda=1.000000e+00, minlambda=1.000000e-12
      tolerances: relative=1.000000e-08, absolute=1.000000e-15, lambda=1.000000e-08
      maximum iterations=40
    KSP Object: (BackwardEuler-Equation_npc_) 104 MPI processes
      type: gmres
        restart=30, using classical (unmodified) Gram-Schmidt orthogonalization with no iterative refinement
        happy breakdown tolerance=1e-30
      maximum iterations=10000, initial guess is zero
      tolerances: relative=1e-05, absolute=1e-50, divergence=10000.
      left preconditioning
      using PRECONDITIONED norm type for convergence test
    PC Object: (BackwardEuler-Equation_npc_) 104 MPI processes
      type: bjacobi
        number of blocks = 104
        Local solver information for first block is in the following KSP and PC objects on rank 0:
        Use -BackwardEuler-Equation_npc_ksp_view ::ascii_info_detail to display information for all blocks
        KSP Object: (BackwardEuler-Equation_npc_sub_) 1 MPI process
          type: preonly
          maximum iterations=10000, initial guess is zero
          tolerances: relative=1e-05, absolute=1e-50, divergence=10000.
          left preconditioning
          not checking for convergence
        PC Object: (BackwardEuler-Equation_npc_sub_) 1 MPI process
          type: ilu
            out-of-place factorization
            0 levels of fill
            tolerance for zero pivot 2.22045e-14
            matrix ordering: natural
            factor fill ratio given 1., needed 1.
              Factored matrix:
                Mat Object: (BackwardEuler-Equation_npc_sub_) 1 MPI process
                  type: seqaij
                  rows=239616, cols=239616
                  package used to perform factorization: petsc
                  total: nonzeros=12754944, allocated nonzeros=12754944
                    using I-node routines: found 59904 nodes, limit used is 5
          linear system matrix, which is also used to construct the preconditioner:
          Mat Object: (BackwardEuler-Equation_npc_sub_) 1 MPI process
            type: seqaij
            rows=239616, cols=239616
            total: nonzeros=12754944, allocated nonzeros=12754944
            total number of mallocs used during MatSetValues calls=0
              using I-node routines: found 59904 nodes, limit used is 5
      linear system matrix, which is also used to construct the preconditioner:
      Mat Object: (BackwardEuler-Equation_) 104 MPI processes
        type: mpiaij
        rows=17971200, cols=17971200
        total: nonzeros=999751680, allocated nonzeros=999751680
        total number of mallocs used during MatSetValues calls=0
          has attached near null space
          using I-node (on process 0) routines: found 59904 nodes, limit used is 5
t = 6600.00 s | step 22/30 | wall 6.76 s | NL 1 | L 0
  0 SNES Function norm 1.050711954993e-06
  1 SNES Function norm 5.047138187860e-09
  Nonlinear BackwardEuler-Equation_ solve converged due to CONVERGED_FNORM_ABS iterations 1
SNES Object: (BackwardEuler-Equation_) 104 MPI processes
  type: ngmres
    Number of stored past updates: 30
    Residual selection: gammaA=2e+00, gammaC=2e+00
    Difference restart: epsilonB=1e-01, deltaB=9e-01
    Restart on F_M residual increase: FALSE
  maximum iterations=50, maximum function evaluations=30000
  tolerances: relative=1e-08, absolute=1e-08, solution=1e-08
  total number of function evaluations=2
  norm schedule ALWAYS
  SNESLineSearch Object: (BackwardEuler-Equation_) 104 MPI processes
    type: basic
    maxlambda=1.000000e+00, minlambda=1.000000e-12
    tolerances: relative=1.000000e-08, absolute=1.000000e-15, lambda=1.000000e-08
    maximum iterations=1
  SNES Object: (BackwardEuler-Equation_npc_) 104 MPI processes
    type: newtonls
    maximum iterations=1, maximum function evaluations=10000
    tolerances: relative=0., absolute=0., solution=0.
    total number of linear solver iterations=1965
    total number of function evaluations=31
    norm schedule FINALONLY
    SNESLineSearch Object: (BackwardEuler-Equation_npc_) 104 MPI processes
      type: bt
        interpolation: cubic
        alpha=1.000000e-04
      maxlambda=1.000000e+00, minlambda=1.000000e-12
      tolerances: relative=1.000000e-08, absolute=1.000000e-15, lambda=1.000000e-08
      maximum iterations=40
    KSP Object: (BackwardEuler-Equation_npc_) 104 MPI processes
      type: gmres
        restart=30, using classical (unmodified) Gram-Schmidt orthogonalization with no iterative refinement
        happy breakdown tolerance=1e-30
      maximum iterations=10000, initial guess is zero
      tolerances: relative=1e-05, absolute=1e-50, divergence=10000.
      left preconditioning
      using PRECONDITIONED norm type for convergence test
    PC Object: (BackwardEuler-Equation_npc_) 104 MPI processes
      type: bjacobi
        number of blocks = 104
        Local solver information for first block is in the following KSP and PC objects on rank 0:
        Use -BackwardEuler-Equation_npc_ksp_view ::ascii_info_detail to display information for all blocks
        KSP Object: (BackwardEuler-Equation_npc_sub_) 1 MPI process
          type: preonly
          maximum iterations=10000, initial guess is zero
          tolerances: relative=1e-05, absolute=1e-50, divergence=10000.
          left preconditioning
          not checking for convergence
        PC Object: (BackwardEuler-Equation_npc_sub_) 1 MPI process
          type: ilu
            out-of-place factorization
            0 levels of fill
            tolerance for zero pivot 2.22045e-14
            matrix ordering: natural
            factor fill ratio given 1., needed 1.
              Factored matrix:
                Mat Object: (BackwardEuler-Equation_npc_sub_) 1 MPI process
                  type: seqaij
                  rows=239616, cols=239616
                  package used to perform factorization: petsc
                  total: nonzeros=12754944, allocated nonzeros=12754944
                    using I-node routines: found 59904 nodes, limit used is 5
          linear system matrix, which is also used to construct the preconditioner:
          Mat Object: (BackwardEuler-Equation_npc_sub_) 1 MPI process
            type: seqaij
            rows=239616, cols=239616
            total: nonzeros=12754944, allocated nonzeros=12754944
            total number of mallocs used during MatSetValues calls=0
              using I-node routines: found 59904 nodes, limit used is 5
      linear system matrix, which is also used to construct the preconditioner:
      Mat Object: (BackwardEuler-Equation_) 104 MPI processes
        type: mpiaij
        rows=17971200, cols=17971200
        total: nonzeros=999751680, allocated nonzeros=999751680
        total number of mallocs used during MatSetValues calls=0
          has attached near null space
          using I-node (on process 0) routines: found 59904 nodes, limit used is 5
t = 6900.00 s | step 23/30 | wall 6.74 s | NL 1 | L 0
  0 SNES Function norm 1.044517757278e-06
  1 SNES Function norm 4.964057993764e-09
  Nonlinear BackwardEuler-Equation_ solve converged due to CONVERGED_FNORM_ABS iterations 1
SNES Object: (BackwardEuler-Equation_) 104 MPI processes
  type: ngmres
    Number of stored past updates: 30
    Residual selection: gammaA=2e+00, gammaC=2e+00
    Difference restart: epsilonB=1e-01, deltaB=9e-01
    Restart on F_M residual increase: FALSE
  maximum iterations=50, maximum function evaluations=30000
  tolerances: relative=1e-08, absolute=1e-08, solution=1e-08
  total number of function evaluations=2
  norm schedule ALWAYS
  SNESLineSearch Object: (BackwardEuler-Equation_) 104 MPI processes
    type: basic
    maxlambda=1.000000e+00, minlambda=1.000000e-12
    tolerances: relative=1.000000e-08, absolute=1.000000e-15, lambda=1.000000e-08
    maximum iterations=1
  SNES Object: (BackwardEuler-Equation_npc_) 104 MPI processes
    type: newtonls
    maximum iterations=1, maximum function evaluations=10000
    tolerances: relative=0., absolute=0., solution=0.
    total number of linear solver iterations=2031
    total number of function evaluations=32
    norm schedule FINALONLY
    SNESLineSearch Object: (BackwardEuler-Equation_npc_) 104 MPI processes
      type: bt
        interpolation: cubic
        alpha=1.000000e-04
      maxlambda=1.000000e+00, minlambda=1.000000e-12
      tolerances: relative=1.000000e-08, absolute=1.000000e-15, lambda=1.000000e-08
      maximum iterations=40
    KSP Object: (BackwardEuler-Equation_npc_) 104 MPI processes
      type: gmres
        restart=30, using classical (unmodified) Gram-Schmidt orthogonalization with no iterative refinement
        happy breakdown tolerance=1e-30
      maximum iterations=10000, initial guess is zero
      tolerances: relative=1e-05, absolute=1e-50, divergence=10000.
      left preconditioning
      using PRECONDITIONED norm type for convergence test
    PC Object: (BackwardEuler-Equation_npc_) 104 MPI processes
      type: bjacobi
        number of blocks = 104
        Local solver information for first block is in the following KSP and PC objects on rank 0:
        Use -BackwardEuler-Equation_npc_ksp_view ::ascii_info_detail to display information for all blocks
        KSP Object: (BackwardEuler-Equation_npc_sub_) 1 MPI process
          type: preonly
          maximum iterations=10000, initial guess is zero
          tolerances: relative=1e-05, absolute=1e-50, divergence=10000.
          left preconditioning
          not checking for convergence
        PC Object: (BackwardEuler-Equation_npc_sub_) 1 MPI process
          type: ilu
            out-of-place factorization
            0 levels of fill
            tolerance for zero pivot 2.22045e-14
            matrix ordering: natural
            factor fill ratio given 1., needed 1.
              Factored matrix:
                Mat Object: (BackwardEuler-Equation_npc_sub_) 1 MPI process
                  type: seqaij
                  rows=239616, cols=239616
                  package used to perform factorization: petsc
                  total: nonzeros=12754944, allocated nonzeros=12754944
                    using I-node routines: found 59904 nodes, limit used is 5
          linear system matrix, which is also used to construct the preconditioner:
          Mat Object: (BackwardEuler-Equation_npc_sub_) 1 MPI process
            type: seqaij
            rows=239616, cols=239616
            total: nonzeros=12754944, allocated nonzeros=12754944
            total number of mallocs used during MatSetValues calls=0
              using I-node routines: found 59904 nodes, limit used is 5
      linear system matrix, which is also used to construct the preconditioner:
      Mat Object: (BackwardEuler-Equation_) 104 MPI processes
        type: mpiaij
        rows=17971200, cols=17971200
        total: nonzeros=999751680, allocated nonzeros=999751680
        total number of mallocs used during MatSetValues calls=0
          has attached near null space
          using I-node (on process 0) routines: found 59904 nodes, limit used is 5
t = 7200.00 s | step 24/30 | wall 6.81 s | NL 1 | L 0
  0 SNES Function norm 1.038810265328e-06
  1 SNES Function norm 4.889776784916e-09
  Nonlinear BackwardEuler-Equation_ solve converged due to CONVERGED_FNORM_ABS iterations 1
SNES Object: (BackwardEuler-Equation_) 104 MPI processes
  type: ngmres
    Number of stored past updates: 30
    Residual selection: gammaA=2e+00, gammaC=2e+00
    Difference restart: epsilonB=1e-01, deltaB=9e-01
    Restart on F_M residual increase: FALSE
  maximum iterations=50, maximum function evaluations=30000
  tolerances: relative=1e-08, absolute=1e-08, solution=1e-08
  total number of function evaluations=2
  norm schedule ALWAYS
  SNESLineSearch Object: (BackwardEuler-Equation_) 104 MPI processes
    type: basic
    maxlambda=1.000000e+00, minlambda=1.000000e-12
    tolerances: relative=1.000000e-08, absolute=1.000000e-15, lambda=1.000000e-08
    maximum iterations=1
  SNES Object: (BackwardEuler-Equation_npc_) 104 MPI processes
    type: newtonls
    maximum iterations=1, maximum function evaluations=10000
    tolerances: relative=0., absolute=0., solution=0.
    total number of linear solver iterations=2097
    total number of function evaluations=33
    norm schedule FINALONLY
    SNESLineSearch Object: (BackwardEuler-Equation_npc_) 104 MPI processes
      type: bt
        interpolation: cubic
        alpha=1.000000e-04
      maxlambda=1.000000e+00, minlambda=1.000000e-12
      tolerances: relative=1.000000e-08, absolute=1.000000e-15, lambda=1.000000e-08
      maximum iterations=40
    KSP Object: (BackwardEuler-Equation_npc_) 104 MPI processes
      type: gmres
        restart=30, using classical (unmodified) Gram-Schmidt orthogonalization with no iterative refinement
        happy breakdown tolerance=1e-30
      maximum iterations=10000, initial guess is zero
      tolerances: relative=1e-05, absolute=1e-50, divergence=10000.
      left preconditioning
      using PRECONDITIONED norm type for convergence test
    PC Object: (BackwardEuler-Equation_npc_) 104 MPI processes
      type: bjacobi
        number of blocks = 104
        Local solver information for first block is in the following KSP and PC objects on rank 0:
        Use -BackwardEuler-Equation_npc_ksp_view ::ascii_info_detail to display information for all blocks
        KSP Object: (BackwardEuler-Equation_npc_sub_) 1 MPI process
          type: preonly
          maximum iterations=10000, initial guess is zero
          tolerances: relative=1e-05, absolute=1e-50, divergence=10000.
          left preconditioning
          not checking for convergence
        PC Object: (BackwardEuler-Equation_npc_sub_) 1 MPI process
          type: ilu
            out-of-place factorization
            0 levels of fill
            tolerance for zero pivot 2.22045e-14
            matrix ordering: natural
            factor fill ratio given 1., needed 1.
              Factored matrix:
                Mat Object: (BackwardEuler-Equation_npc_sub_) 1 MPI process
                  type: seqaij
                  rows=239616, cols=239616
                  package used to perform factorization: petsc
                  total: nonzeros=12754944, allocated nonzeros=12754944
                    using I-node routines: found 59904 nodes, limit used is 5
          linear system matrix, which is also used to construct the preconditioner:
          Mat Object: (BackwardEuler-Equation_npc_sub_) 1 MPI process
            type: seqaij
            rows=239616, cols=239616
            total: nonzeros=12754944, allocated nonzeros=12754944
            total number of mallocs used during MatSetValues calls=0
              using I-node routines: found 59904 nodes, limit used is 5
      linear system matrix, which is also used to construct the preconditioner:
      Mat Object: (BackwardEuler-Equation_) 104 MPI processes
        type: mpiaij
        rows=17971200, cols=17971200
        total: nonzeros=999751680, allocated nonzeros=999751680
        total number of mallocs used during MatSetValues calls=0
          has attached near null space
          using I-node (on process 0) routines: found 59904 nodes, limit used is 5
t = 7500.00 s | step 25/30 | wall 6.81 s | NL 1 | L 0
  0 SNES Function norm 1.033542556678e-06
  1 SNES Function norm 4.823131133116e-09
  Nonlinear BackwardEuler-Equation_ solve converged due to CONVERGED_FNORM_ABS iterations 1
SNES Object: (BackwardEuler-Equation_) 104 MPI processes
  type: ngmres
    Number of stored past updates: 30
    Residual selection: gammaA=2e+00, gammaC=2e+00
    Difference restart: epsilonB=1e-01, deltaB=9e-01
    Restart on F_M residual increase: FALSE
  maximum iterations=50, maximum function evaluations=30000
  tolerances: relative=1e-08, absolute=1e-08, solution=1e-08
  total number of function evaluations=2
  norm schedule ALWAYS
  SNESLineSearch Object: (BackwardEuler-Equation_) 104 MPI processes
    type: basic
    maxlambda=1.000000e+00, minlambda=1.000000e-12
    tolerances: relative=1.000000e-08, absolute=1.000000e-15, lambda=1.000000e-08
    maximum iterations=1
  SNES Object: (BackwardEuler-Equation_npc_) 104 MPI processes
    type: newtonls
    maximum iterations=1, maximum function evaluations=10000
    tolerances: relative=0., absolute=0., solution=0.
    total number of linear solver iterations=2163
    total number of function evaluations=34
    norm schedule FINALONLY
    SNESLineSearch Object: (BackwardEuler-Equation_npc_) 104 MPI processes
      type: bt
        interpolation: cubic
        alpha=1.000000e-04
      maxlambda=1.000000e+00, minlambda=1.000000e-12
      tolerances: relative=1.000000e-08, absolute=1.000000e-15, lambda=1.000000e-08
      maximum iterations=40
    KSP Object: (BackwardEuler-Equation_npc_) 104 MPI processes
      type: gmres
        restart=30, using classical (unmodified) Gram-Schmidt orthogonalization with no iterative refinement
        happy breakdown tolerance=1e-30
      maximum iterations=10000, initial guess is zero
      tolerances: relative=1e-05, absolute=1e-50, divergence=10000.
      left preconditioning
      using PRECONDITIONED norm type for convergence test
    PC Object: (BackwardEuler-Equation_npc_) 104 MPI processes
      type: bjacobi
        number of blocks = 104
        Local solver information for first block is in the following KSP and PC objects on rank 0:
        Use -BackwardEuler-Equation_npc_ksp_view ::ascii_info_detail to display information for all blocks
        KSP Object: (BackwardEuler-Equation_npc_sub_) 1 MPI process
          type: preonly
          maximum iterations=10000, initial guess is zero
          tolerances: relative=1e-05, absolute=1e-50, divergence=10000.
          left preconditioning
          not checking for convergence
        PC Object: (BackwardEuler-Equation_npc_sub_) 1 MPI process
          type: ilu
            out-of-place factorization
            0 levels of fill
            tolerance for zero pivot 2.22045e-14
            matrix ordering: natural
            factor fill ratio given 1., needed 1.
              Factored matrix:
                Mat Object: (BackwardEuler-Equation_npc_sub_) 1 MPI process
                  type: seqaij
                  rows=239616, cols=239616
                  package used to perform factorization: petsc
                  total: nonzeros=12754944, allocated nonzeros=12754944
                    using I-node routines: found 59904 nodes, limit used is 5
          linear system matrix, which is also used to construct the preconditioner:
          Mat Object: (BackwardEuler-Equation_npc_sub_) 1 MPI process
            type: seqaij
            rows=239616, cols=239616
            total: nonzeros=12754944, allocated nonzeros=12754944
            total number of mallocs used during MatSetValues calls=0
              using I-node routines: found 59904 nodes, limit used is 5
      linear system matrix, which is also used to construct the preconditioner:
      Mat Object: (BackwardEuler-Equation_) 104 MPI processes
        type: mpiaij
        rows=17971200, cols=17971200
        total: nonzeros=999751680, allocated nonzeros=999751680
        total number of mallocs used during MatSetValues calls=0
          has attached near null space
          using I-node (on process 0) routines: found 59904 nodes, limit used is 5
t = 7800.00 s | step 26/30 | wall 6.81 s | NL 1 | L 0
  0 SNES Function norm 1.028673727566e-06
  1 SNES Function norm 4.763243573763e-09
  Nonlinear BackwardEuler-Equation_ solve converged due to CONVERGED_FNORM_ABS iterations 1
SNES Object: (BackwardEuler-Equation_) 104 MPI processes
  type: ngmres
    Number of stored past updates: 30
    Residual selection: gammaA=2e+00, gammaC=2e+00
    Difference restart: epsilonB=1e-01, deltaB=9e-01
    Restart on F_M residual increase: FALSE
  maximum iterations=50, maximum function evaluations=30000
  tolerances: relative=1e-08, absolute=1e-08, solution=1e-08
  total number of function evaluations=2
  norm schedule ALWAYS
  SNESLineSearch Object: (BackwardEuler-Equation_) 104 MPI processes
    type: basic
    maxlambda=1.000000e+00, minlambda=1.000000e-12
    tolerances: relative=1.000000e-08, absolute=1.000000e-15, lambda=1.000000e-08
    maximum iterations=1
  SNES Object: (BackwardEuler-Equation_npc_) 104 MPI processes
    type: newtonls
    maximum iterations=1, maximum function evaluations=10000
    tolerances: relative=0., absolute=0., solution=0.
    total number of linear solver iterations=2229
    total number of function evaluations=35
    norm schedule FINALONLY
    SNESLineSearch Object: (BackwardEuler-Equation_npc_) 104 MPI processes
      type: bt
        interpolation: cubic
        alpha=1.000000e-04
      maxlambda=1.000000e+00, minlambda=1.000000e-12
      tolerances: relative=1.000000e-08, absolute=1.000000e-15, lambda=1.000000e-08
      maximum iterations=40
    KSP Object: (BackwardEuler-Equation_npc_) 104 MPI processes
      type: gmres
        restart=30, using classical (unmodified) Gram-Schmidt orthogonalization with no iterative refinement
        happy breakdown tolerance=1e-30
      maximum iterations=10000, initial guess is zero
      tolerances: relative=1e-05, absolute=1e-50, divergence=10000.
      left preconditioning
      using PRECONDITIONED norm type for convergence test
    PC Object: (BackwardEuler-Equation_npc_) 104 MPI processes
      type: bjacobi
        number of blocks = 104
        Local solver information for first block is in the following KSP and PC objects on rank 0:
        Use -BackwardEuler-Equation_npc_ksp_view ::ascii_info_detail to display information for all blocks
        KSP Object: (BackwardEuler-Equation_npc_sub_) 1 MPI process
          type: preonly
          maximum iterations=10000, initial guess is zero
          tolerances: relative=1e-05, absolute=1e-50, divergence=10000.
          left preconditioning
          not checking for convergence
        PC Object: (BackwardEuler-Equation_npc_sub_) 1 MPI process
          type: ilu
            out-of-place factorization
            0 levels of fill
            tolerance for zero pivot 2.22045e-14
            matrix ordering: natural
            factor fill ratio given 1., needed 1.
              Factored matrix:
                Mat Object: (BackwardEuler-Equation_npc_sub_) 1 MPI process
                  type: seqaij
                  rows=239616, cols=239616
                  package used to perform factorization: petsc
                  total: nonzeros=12754944, allocated nonzeros=12754944
                    using I-node routines: found 59904 nodes, limit used is 5
          linear system matrix, which is also used to construct the preconditioner:
          Mat Object: (BackwardEuler-Equation_npc_sub_) 1 MPI process
            type: seqaij
            rows=239616, cols=239616
            total: nonzeros=12754944, allocated nonzeros=12754944
            total number of mallocs used during MatSetValues calls=0
              using I-node routines: found 59904 nodes, limit used is 5
      linear system matrix, which is also used to construct the preconditioner:
      Mat Object: (BackwardEuler-Equation_) 104 MPI processes
        type: mpiaij
        rows=17971200, cols=17971200
        total: nonzeros=999751680, allocated nonzeros=999751680
        total number of mallocs used during MatSetValues calls=0
          has attached near null space
          using I-node (on process 0) routines: found 59904 nodes, limit used is 5
t = 8100.00 s | step 27/30 | wall 6.81 s | NL 1 | L 0
  0 SNES Function norm 1.024167977909e-06
  1 SNES Function norm 4.709196927942e-09
  Nonlinear BackwardEuler-Equation_ solve converged due to CONVERGED_FNORM_ABS iterations 1
SNES Object: (BackwardEuler-Equation_) 104 MPI processes
  type: ngmres
    Number of stored past updates: 30
    Residual selection: gammaA=2e+00, gammaC=2e+00
    Difference restart: epsilonB=1e-01, deltaB=9e-01
    Restart on F_M residual increase: FALSE
  maximum iterations=50, maximum function evaluations=30000
  tolerances: relative=1e-08, absolute=1e-08, solution=1e-08
  total number of function evaluations=2
  norm schedule ALWAYS
  SNESLineSearch Object: (BackwardEuler-Equation_) 104 MPI processes
    type: basic
    maxlambda=1.000000e+00, minlambda=1.000000e-12
    tolerances: relative=1.000000e-08, absolute=1.000000e-15, lambda=1.000000e-08
    maximum iterations=1
  SNES Object: (BackwardEuler-Equation_npc_) 104 MPI processes
    type: newtonls
    maximum iterations=1, maximum function evaluations=10000
    tolerances: relative=0., absolute=0., solution=0.
    total number of linear solver iterations=2296
    total number of function evaluations=36
    norm schedule FINALONLY
    SNESLineSearch Object: (BackwardEuler-Equation_npc_) 104 MPI processes
      type: bt
        interpolation: cubic
        alpha=1.000000e-04
      maxlambda=1.000000e+00, minlambda=1.000000e-12
      tolerances: relative=1.000000e-08, absolute=1.000000e-15, lambda=1.000000e-08
      maximum iterations=40
    KSP Object: (BackwardEuler-Equation_npc_) 104 MPI processes
      type: gmres
        restart=30, using classical (unmodified) Gram-Schmidt orthogonalization with no iterative refinement
        happy breakdown tolerance=1e-30
      maximum iterations=10000, initial guess is zero
      tolerances: relative=1e-05, absolute=1e-50, divergence=10000.
      left preconditioning
      using PRECONDITIONED norm type for convergence test
    PC Object: (BackwardEuler-Equation_npc_) 104 MPI processes
      type: bjacobi
        number of blocks = 104
        Local solver information for first block is in the following KSP and PC objects on rank 0:
        Use -BackwardEuler-Equation_npc_ksp_view ::ascii_info_detail to display information for all blocks
        KSP Object: (BackwardEuler-Equation_npc_sub_) 1 MPI process
          type: preonly
          maximum iterations=10000, initial guess is zero
          tolerances: relative=1e-05, absolute=1e-50, divergence=10000.
          left preconditioning
          not checking for convergence
        PC Object: (BackwardEuler-Equation_npc_sub_) 1 MPI process
          type: ilu
            out-of-place factorization
            0 levels of fill
            tolerance for zero pivot 2.22045e-14
            matrix ordering: natural
            factor fill ratio given 1., needed 1.
              Factored matrix:
                Mat Object: (BackwardEuler-Equation_npc_sub_) 1 MPI process
                  type: seqaij
                  rows=239616, cols=239616
                  package used to perform factorization: petsc
                  total: nonzeros=12754944, allocated nonzeros=12754944
                    using I-node routines: found 59904 nodes, limit used is 5
          linear system matrix, which is also used to construct the preconditioner:
          Mat Object: (BackwardEuler-Equation_npc_sub_) 1 MPI process
            type: seqaij
            rows=239616, cols=239616
            total: nonzeros=12754944, allocated nonzeros=12754944
            total number of mallocs used during MatSetValues calls=0
              using I-node routines: found 59904 nodes, limit used is 5
      linear system matrix, which is also used to construct the preconditioner:
      Mat Object: (BackwardEuler-Equation_) 104 MPI processes
        type: mpiaij
        rows=17971200, cols=17971200
        total: nonzeros=999751680, allocated nonzeros=999751680
        total number of mallocs used during MatSetValues calls=0
          has attached near null space
          using I-node (on process 0) routines: found 59904 nodes, limit used is 5
t = 8400.00 s | step 28/30 | wall 6.87 s | NL 1 | L 0
  0 SNES Function norm 1.019993795130e-06
  1 SNES Function norm 4.660707515799e-09
  Nonlinear BackwardEuler-Equation_ solve converged due to CONVERGED_FNORM_ABS iterations 1
SNES Object: (BackwardEuler-Equation_) 104 MPI processes
  type: ngmres
    Number of stored past updates: 30
    Residual selection: gammaA=2e+00, gammaC=2e+00
    Difference restart: epsilonB=1e-01, deltaB=9e-01
    Restart on F_M residual increase: FALSE
  maximum iterations=50, maximum function evaluations=30000
  tolerances: relative=1e-08, absolute=1e-08, solution=1e-08
  total number of function evaluations=2
  norm schedule ALWAYS
  SNESLineSearch Object: (BackwardEuler-Equation_) 104 MPI processes
    type: basic
    maxlambda=1.000000e+00, minlambda=1.000000e-12
    tolerances: relative=1.000000e-08, absolute=1.000000e-15, lambda=1.000000e-08
    maximum iterations=1
  SNES Object: (BackwardEuler-Equation_npc_) 104 MPI processes
    type: newtonls
    maximum iterations=1, maximum function evaluations=10000
    tolerances: relative=0., absolute=0., solution=0.
    total number of linear solver iterations=2363
    total number of function evaluations=37
    norm schedule FINALONLY
    SNESLineSearch Object: (BackwardEuler-Equation_npc_) 104 MPI processes
      type: bt
        interpolation: cubic
        alpha=1.000000e-04
      maxlambda=1.000000e+00, minlambda=1.000000e-12
      tolerances: relative=1.000000e-08, absolute=1.000000e-15, lambda=1.000000e-08
      maximum iterations=40
    KSP Object: (BackwardEuler-Equation_npc_) 104 MPI processes
      type: gmres
        restart=30, using classical (unmodified) Gram-Schmidt orthogonalization with no iterative refinement
        happy breakdown tolerance=1e-30
      maximum iterations=10000, initial guess is zero
      tolerances: relative=1e-05, absolute=1e-50, divergence=10000.
      left preconditioning
      using PRECONDITIONED norm type for convergence test
    PC Object: (BackwardEuler-Equation_npc_) 104 MPI processes
      type: bjacobi
        number of blocks = 104
        Local solver information for first block is in the following KSP and PC objects on rank 0:
        Use -BackwardEuler-Equation_npc_ksp_view ::ascii_info_detail to display information for all blocks
        KSP Object: (BackwardEuler-Equation_npc_sub_) 1 MPI process
          type: preonly
          maximum iterations=10000, initial guess is zero
          tolerances: relative=1e-05, absolute=1e-50, divergence=10000.
          left preconditioning
          not checking for convergence
        PC Object: (BackwardEuler-Equation_npc_sub_) 1 MPI process
          type: ilu
            out-of-place factorization
            0 levels of fill
            tolerance for zero pivot 2.22045e-14
            matrix ordering: natural
            factor fill ratio given 1., needed 1.
              Factored matrix:
                Mat Object: (BackwardEuler-Equation_npc_sub_) 1 MPI process
                  type: seqaij
                  rows=239616, cols=239616
                  package used to perform factorization: petsc
                  total: nonzeros=12754944, allocated nonzeros=12754944
                    using I-node routines: found 59904 nodes, limit used is 5
          linear system matrix, which is also used to construct the preconditioner:
          Mat Object: (BackwardEuler-Equation_npc_sub_) 1 MPI process
            type: seqaij
            rows=239616, cols=239616
            total: nonzeros=12754944, allocated nonzeros=12754944
            total number of mallocs used during MatSetValues calls=0
              using I-node routines: found 59904 nodes, limit used is 5
      linear system matrix, which is also used to construct the preconditioner:
      Mat Object: (BackwardEuler-Equation_) 104 MPI processes
        type: mpiaij
        rows=17971200, cols=17971200
        total: nonzeros=999751680, allocated nonzeros=999751680
        total number of mallocs used during MatSetValues calls=0
          has attached near null space
          using I-node (on process 0) routines: found 59904 nodes, limit used is 5
t = 8700.00 s | step 29/30 | wall 6.89 s | NL 1 | L 0
  0 SNES Function norm 1.016123499766e-06
  1 SNES Function norm 4.617097278567e-09
  Nonlinear BackwardEuler-Equation_ solve converged due to CONVERGED_FNORM_ABS iterations 1
SNES Object: (BackwardEuler-Equation_) 104 MPI processes
  type: ngmres
    Number of stored past updates: 30
    Residual selection: gammaA=2e+00, gammaC=2e+00
    Difference restart: epsilonB=1e-01, deltaB=9e-01
    Restart on F_M residual increase: FALSE
  maximum iterations=50, maximum function evaluations=30000
  tolerances: relative=1e-08, absolute=1e-08, solution=1e-08
  total number of function evaluations=2
  norm schedule ALWAYS
  SNESLineSearch Object: (BackwardEuler-Equation_) 104 MPI processes
    type: basic
    maxlambda=1.000000e+00, minlambda=1.000000e-12
    tolerances: relative=1.000000e-08, absolute=1.000000e-15, lambda=1.000000e-08
    maximum iterations=1
  SNES Object: (BackwardEuler-Equation_npc_) 104 MPI processes
    type: newtonls
    maximum iterations=1, maximum function evaluations=10000
    tolerances: relative=0., absolute=0., solution=0.
    total number of linear solver iterations=2430
    total number of function evaluations=38
    norm schedule FINALONLY
    SNESLineSearch Object: (BackwardEuler-Equation_npc_) 104 MPI processes
      type: bt
        interpolation: cubic
        alpha=1.000000e-04
      maxlambda=1.000000e+00, minlambda=1.000000e-12
      tolerances: relative=1.000000e-08, absolute=1.000000e-15, lambda=1.000000e-08
      maximum iterations=40
    KSP Object: (BackwardEuler-Equation_npc_) 104 MPI processes
      type: gmres
        restart=30, using classical (unmodified) Gram-Schmidt orthogonalization with no iterative refinement
        happy breakdown tolerance=1e-30
      maximum iterations=10000, initial guess is zero
      tolerances: relative=1e-05, absolute=1e-50, divergence=10000.
      left preconditioning
      using PRECONDITIONED norm type for convergence test
    PC Object: (BackwardEuler-Equation_npc_) 104 MPI processes
      type: bjacobi
        number of blocks = 104
        Local solver information for first block is in the following KSP and PC objects on rank 0:
        Use -BackwardEuler-Equation_npc_ksp_view ::ascii_info_detail to display information for all blocks
        KSP Object: (BackwardEuler-Equation_npc_sub_) 1 MPI process
          type: preonly
          maximum iterations=10000, initial guess is zero
          tolerances: relative=1e-05, absolute=1e-50, divergence=10000.
          left preconditioning
          not checking for convergence
        PC Object: (BackwardEuler-Equation_npc_sub_) 1 MPI process
          type: ilu
            out-of-place factorization
            0 levels of fill
            tolerance for zero pivot 2.22045e-14
            matrix ordering: natural
            factor fill ratio given 1., needed 1.
              Factored matrix:
                Mat Object: (BackwardEuler-Equation_npc_sub_) 1 MPI process
                  type: seqaij
                  rows=239616, cols=239616
                  package used to perform factorization: petsc
                  total: nonzeros=12754944, allocated nonzeros=12754944
                    using I-node routines: found 59904 nodes, limit used is 5
          linear system matrix, which is also used to construct the preconditioner:
          Mat Object: (BackwardEuler-Equation_npc_sub_) 1 MPI process
            type: seqaij
            rows=239616, cols=239616
            total: nonzeros=12754944, allocated nonzeros=12754944
            total number of mallocs used during MatSetValues calls=0
              using I-node routines: found 59904 nodes, limit used is 5
      linear system matrix, which is also used to construct the preconditioner:
      Mat Object: (BackwardEuler-Equation_) 104 MPI processes
        type: mpiaij
        rows=17971200, cols=17971200
        total: nonzeros=999751680, allocated nonzeros=999751680
        total number of mallocs used during MatSetValues calls=0
          has attached near null space
          using I-node (on process 0) routines: found 59904 nodes, limit used is 5
t = 9000.00 s | step 30/30 | wall 6.87 s | NL 1 | L 0
Done | total NL 38 | total L 0 | mean wall/step 9.53 s | peak RSS 1180 MB
=== Job completed: Fri Apr 17 09:42:45 AEST 2026 ===

======================================================================================
                  Resource Usage on 2026-04-17 09:42:49:
   Job Id:             166270604.gadi-pbs
   Project:            xd2
   Exit Status:        0
   Service Units:      19.18
   NCPUs Requested:    104                 CPU Time Used: 09:08:54        
   Memory Requested:   500.0GB               Memory Used: 81.88GB         
   Walltime Requested: 03:00:00            Walltime Used: 00:05:32        
   JobFS Requested:    400.0GB                JobFS Used: 55.79MB         
======================================================================================
