=== Job info ===
Case: cockett
Solver: gamg
Scale: large
Degree: 1
Nodes: 4
CPUs: 416
Date: Tue Aug 25 22:04:25 AEST 2026
G-ADOPT commit: 3ab20fabc820d68b6d1f820b80149bc8e452a7f4
Morrow commit: b153bd39bb0aa4da6fa4255ec076a2a14fc030fc
Driver SHA256: ba6abf3ce3388755b35208a104650d19c9d308d9f781cba9ec25e899ad444bb4
Solver SHA256: 0fae5ccb0c585016f61e4feecd9cd967f5a8c692c278ca3772963440bddc11b7
Firedrake module: singularity:intel-compiler-llvm/2024.2.1:petsc/main-20260815:firedrake/main-20260806
PETSC_OPTIONS: -log_view :/scratch/xd2/sg8812/morrow2026/parallel_scaling/results/cockett/gamg/large.profile
================
Matplotlib is building the font cache; this may take a moment.
Matplotlib is building the font cache; this may take a moment.
Matplotlib is building the font cache; this may take a moment.
Matplotlib is building the font cache; this may take a moment.
Matplotlib is building the font cache; this may take a moment.
Matplotlib is building the font cache; this may take a moment.
Matplotlib is building the font cache; this may take a moment.
Matplotlib is building the font cache; this may take a moment.
Matplotlib is building the font cache; this may take a moment.
Matplotlib is building the font cache; this may take a moment.
Matplotlib is building the font cache; this may take a moment.
Matplotlib is building the font cache; this may take a moment.
Matplotlib is building the font cache; this may take a moment.
Matplotlib is building the font cache; this may take a moment.
Matplotlib is building the font cache; this may take a moment.
Matplotlib is building the font cache; this may take a moment.
Matplotlib is building the font cache; this may take a moment.
Matplotlib is building the font cache; this may take a moment.
Matplotlib is building the font cache; this may take a moment.
Matplotlib is building the font cache; this may take a moment.
Matplotlib is building the font cache; this may take a moment.
Matplotlib is building the font cache; this may take a moment.
Matplotlib is building the font cache; this may take a moment.
Matplotlib is building the font cache; this may take a moment.
Matplotlib is building the font cache; this may take a moment.
Matplotlib is building the font cache; this may take a moment.
Matplotlib is building the font cache; this may take a moment.
Matplotlib is building the font cache; this may take a moment.
Matplotlib is building the font cache; this may take a moment.
Matplotlib is building the font cache; this may take a moment.
Matplotlib is building the font cache; this may take a moment.
Matplotlib is building the font cache; this may take a moment.
Matplotlib is building the font cache; this may take a moment.
Matplotlib is building the font cache; this may take a moment.
Matplotlib is building the font cache; this may take a moment.
Matplotlib is building the font cache; this may take a moment.
Matplotlib is building the font cache; this may take a moment.
Matplotlib is building the font cache; this may take a moment.
Matplotlib is building the font cache; this may take a moment.
Matplotlib is building the font cache; this may take a moment.
Matplotlib is building the font cache; this may take a moment.
Matplotlib is building the font cache; this may take a moment.
Matplotlib is building the font cache; this may take a moment.
Matplotlib is building the font cache; this may take a moment.
Matplotlib is building the font cache; this may take a moment.
Matplotlib is building the font cache; this may take a moment.
Matplotlib is building the font cache; this may take a moment.
Matplotlib is building the font cache; this may take a moment.
Matplotlib is building the font cache; this may take a moment.
Matplotlib is building the font cache; this may take a moment.
Matplotlib is building the font cache; this may take a moment.
Matplotlib is building the font cache; this may take a moment.
Matplotlib is building the font cache; this may take a moment.
Matplotlib is building the font cache; this may take a moment.
Matplotlib is building the font cache; this may take a moment.
Matplotlib is building the font cache; this may take a moment.
Matplotlib is building the font cache; this may take a moment.
Matplotlib is building the font cache; this may take a moment.
Matplotlib is building the font cache; this may take a moment.
Matplotlib is building the font cache; this may take a moment.
Matplotlib is building the font cache; this may take a moment.
Matplotlib is building the font cache; this may take a moment.
Matplotlib is building the font cache; this may take a moment.
Matplotlib is building the font cache; this may take a moment.
Matplotlib is building the font cache; this may take a moment.
Matplotlib is building the font cache; this may take a moment.
Matplotlib is building the font cache; this may take a moment.
Matplotlib is building the font cache; this may take a moment.
Matplotlib is building the font cache; this may take a moment.
Matplotlib is building the font cache; this may take a moment.
Matplotlib is building the font cache; this may take a moment.
Matplotlib is building the font cache; this may take a moment.
Matplotlib is building the font cache; this may take a moment.
Matplotlib is building the font cache; this may take a moment.
Matplotlib is building the font cache; this may take a moment.
Matplotlib is building the font cache; this may take a moment.
Matplotlib is building the font cache; this may take a moment.
Matplotlib is building the font cache; this may take a moment.
Matplotlib is building the font cache; this may take a moment.
Matplotlib is building the font cache; this may take a moment.
Matplotlib is building the font cache; this may take a moment.
Matplotlib is building the font cache; this may take a moment.
Matplotlib is building the font cache; this may take a moment.
Matplotlib is building the font cache; this may take a moment.
Matplotlib is building the font cache; this may take a moment.
Matplotlib is building the font cache; this may take a moment.
Matplotlib is building the font cache; this may take a moment.
Matplotlib is building the font cache; this may take a moment.
Matplotlib is building the font cache; this may take a moment.
Matplotlib is building the font cache; this may take a moment.
Matplotlib is building the font cache; this may take a moment.
Matplotlib is building the font cache; this may take a moment.
Matplotlib is building the font cache; this may take a moment.
Matplotlib is building the font cache; this may take a moment.
Matplotlib is building the font cache; this may take a moment.
Matplotlib is building the font cache; this may take a moment.
Matplotlib is building the font cache; this may take a moment.
Matplotlib is building the font cache; this may take a moment.
Matplotlib is building the font cache; this may take a moment.
Matplotlib is building the font cache; this may take a moment.
Matplotlib is building the font cache; this may take a moment.
Matplotlib is building the font cache; this may take a moment.
Matplotlib is building the font cache; this may take a moment.
Matplotlib is building the font cache; this may take a moment.
Matplotlib is building the font cache; this may take a moment.
Matplotlib is building the font cache; this may take a moment.
Matplotlib is building the font cache; this may take a moment.
Matplotlib is building the font cache; this may take a moment.
Matplotlib is building the font cache; this may take a moment.
Matplotlib is building the font cache; this may take a moment.
Matplotlib is building the font cache; this may take a moment.
Matplotlib is building the font cache; this may take a moment.
Matplotlib is building the font cache; this may take a moment.
Matplotlib is building the font cache; this may take a moment.
Matplotlib is building the font cache; this may take a moment.
Matplotlib is building the font cache; this may take a moment.
Matplotlib is building the font cache; this may take a moment.
Matplotlib is building the font cache; this may take a moment.
Matplotlib is building the font cache; this may take a moment.
Matplotlib is building the font cache; this may take a moment.
Matplotlib is building the font cache; this may take a moment.
Matplotlib is building the font cache; this may take a moment.
Matplotlib is building the font cache; this may take a moment.
Matplotlib is building the font cache; this may take a moment.
Matplotlib is building the font cache; this may take a moment.
Matplotlib is building the font cache; this may take a moment.
Matplotlib is building the font cache; this may take a moment.
Matplotlib is building the font cache; this may take a moment.
Matplotlib is building the font cache; this may take a moment.
Matplotlib is building the font cache; this may take a moment.
Matplotlib is building the font cache; this may take a moment.
Matplotlib is building the font cache; this may take a moment.
Matplotlib is building the font cache; this may take a moment.
Matplotlib is building the font cache; this may take a moment.
Matplotlib is building the font cache; this may take a moment.
Matplotlib is building the font cache; this may take a moment.
Matplotlib is building the font cache; this may take a moment.
Matplotlib is building the font cache; this may take a moment.
Matplotlib is building the font cache; this may take a moment.
Matplotlib is building the font cache; this may take a moment.
Matplotlib is building the font cache; this may take a moment.
Matplotlib is building the font cache; this may take a moment.
Matplotlib is building the font cache; this may take a moment.
Matplotlib is building the font cache; this may take a moment.
Matplotlib is building the font cache; this may take a moment.
Matplotlib is building the font cache; this may take a moment.
Matplotlib is building the font cache; this may take a moment.
Matplotlib is building the font cache; this may take a moment.
Matplotlib is building the font cache; this may take a moment.
Matplotlib is building the font cache; this may take a moment.
Matplotlib is building the font cache; this may take a moment.
Matplotlib is building the font cache; this may take a moment.
Matplotlib is building the font cache; this may take a moment.
Matplotlib is building the font cache; this may take a moment.
Matplotlib is building the font cache; this may take a moment.
Matplotlib is building the font cache; this may take a moment.
Matplotlib is building the font cache; this may take a moment.
Matplotlib is building the font cache; this may take a moment.
Matplotlib is building the font cache; this may take a moment.
Matplotlib is building the font cache; this may take a moment.
Matplotlib is building the font cache; this may take a moment.
Matplotlib is building the font cache; this may take a moment.
Matplotlib is building the font cache; this may take a moment.
Matplotlib is building the font cache; this may take a moment.
Matplotlib is building the font cache; this may take a moment.
Matplotlib is building the font cache; this may take a moment.
Matplotlib is building the font cache; this may take a moment.
Matplotlib is building the font cache; this may take a moment.
Matplotlib is building the font cache; this may take a moment.
Matplotlib is building the font cache; this may take a moment.
Matplotlib is building the font cache; this may take a moment.
Matplotlib is building the font cache; this may take a moment.
Matplotlib is building the font cache; this may take a moment.
Matplotlib is building the font cache; this may take a moment.
Matplotlib is building the font cache; this may take a moment.
Matplotlib is building the font cache; this may take a moment.
Matplotlib is building the font cache; this may take a moment.
Matplotlib is building the font cache; this may take a moment.
Matplotlib is building the font cache; this may take a moment.
Matplotlib is building the font cache; this may take a moment.
Matplotlib is building the font cache; this may take a moment.
Matplotlib is building the font cache; this may take a moment.
Matplotlib is building the font cache; this may take a moment.
Matplotlib is building the font cache; this may take a moment.
Matplotlib is building the font cache; this may take a moment.
Matplotlib is building the font cache; this may take a moment.
Matplotlib is building the font cache; this may take a moment.
Matplotlib is building the font cache; this may take a moment.
Matplotlib is building the font cache; this may take a moment.
Matplotlib is building the font cache; this may take a moment.
Matplotlib is building the font cache; this may take a moment.
Matplotlib is building the font cache; this may take a moment.
Matplotlib is building the font cache; this may take a moment.
Matplotlib is building the font cache; this may take a moment.
Matplotlib is building the font cache; this may take a moment.
Matplotlib is building the font cache; this may take a moment.
Matplotlib is building the font cache; this may take a moment.
Matplotlib is building the font cache; this may take a moment.
Matplotlib is building the font cache; this may take a moment.
Matplotlib is building the font cache; this may take a moment.
Matplotlib is building the font cache; this may take a moment.
Matplotlib is building the font cache; this may take a moment.
Matplotlib is building the font cache; this may take a moment.
Matplotlib is building the font cache; this may take a moment.
Matplotlib is building the font cache; this may take a moment.
Matplotlib is building the font cache; this may take a moment.
Matplotlib is building the font cache; this may take a moment.
Matplotlib is building the font cache; this may take a moment.
Matplotlib is building the font cache; this may take a moment.
Matplotlib is building the font cache; this may take a moment.
Matplotlib is building the font cache; this may take a moment.
Matplotlib is building the font cache; this may take a moment.
Matplotlib is building the font cache; this may take a moment.
Matplotlib is building the font cache; this may take a moment.
Matplotlib is building the font cache; this may take a moment.
Matplotlib is building the font cache; this may take a moment.
Matplotlib is building the font cache; this may take a moment.
Matplotlib is building the font cache; this may take a moment.
Matplotlib is building the font cache; this may take a moment.
Matplotlib is building the font cache; this may take a moment.
Matplotlib is building the font cache; this may take a moment.
Matplotlib is building the font cache; this may take a moment.
Matplotlib is building the font cache; this may take a moment.
Matplotlib is building the font cache; this may take a moment.
Matplotlib is building the font cache; this may take a moment.
Matplotlib is building the font cache; this may take a moment.
Matplotlib is building the font cache; this may take a moment.
Matplotlib is building the font cache; this may take a moment.
Matplotlib is building the font cache; this may take a moment.
Matplotlib is building the font cache; this may take a moment.
Matplotlib is building the font cache; this may take a moment.
Matplotlib is building the font cache; this may take a moment.
Matplotlib is building the font cache; this may take a moment.
Matplotlib is building the font cache; this may take a moment.
Matplotlib is building the font cache; this may take a moment.
Matplotlib is building the font cache; this may take a moment.
Matplotlib is building the font cache; this may take a moment.
Matplotlib is building the font cache; this may take a moment.
Matplotlib is building the font cache; this may take a moment.
Matplotlib is building the font cache; this may take a moment.
Matplotlib is building the font cache; this may take a moment.
Matplotlib is building the font cache; this may take a moment.
Matplotlib is building the font cache; this may take a moment.
Matplotlib is building the font cache; this may take a moment.
Matplotlib is building the font cache; this may take a moment.
Matplotlib is building the font cache; this may take a moment.
Matplotlib is building the font cache; this may take a moment.
Matplotlib is building the font cache; this may take a moment.
Matplotlib is building the font cache; this may take a moment.
Matplotlib is building the font cache; this may take a moment.
Matplotlib is building the font cache; this may take a moment.
Matplotlib is building the font cache; this may take a moment.
Matplotlib is building the font cache; this may take a moment.
Matplotlib is building the font cache; this may take a moment.
Matplotlib is building the font cache; this may take a moment.
Matplotlib is building the font cache; this may take a moment.
Matplotlib is building the font cache; this may take a moment.
Matplotlib is building the font cache; this may take a moment.
Matplotlib is building the font cache; this may take a moment.
Matplotlib is building the font cache; this may take a moment.
Matplotlib is building the font cache; this may take a moment.
Matplotlib is building the font cache; this may take a moment.
Matplotlib is building the font cache; this may take a moment.
Matplotlib is building the font cache; this may take a moment.
Matplotlib is building the font cache; this may take a moment.
Matplotlib is building the font cache; this may take a moment.
Matplotlib is building the font cache; this may take a moment.
Matplotlib is building the font cache; this may take a moment.
Matplotlib is building the font cache; this may take a moment.
Matplotlib is building the font cache; this may take a moment.
Matplotlib is building the font cache; this may take a moment.
Matplotlib is building the font cache; this may take a moment.
Matplotlib is building the font cache; this may take a moment.
Matplotlib is building the font cache; this may take a moment.
Matplotlib is building the font cache; this may take a moment.
Matplotlib is building the font cache; this may take a moment.
Matplotlib is building the font cache; this may take a moment.
Matplotlib is building the font cache; this may take a moment.
Matplotlib is building the font cache; this may take a moment.
Matplotlib is building the font cache; this may take a moment.
Matplotlib is building the font cache; this may take a moment.
Matplotlib is building the font cache; this may take a moment.
Matplotlib is building the font cache; this may take a moment.
Matplotlib is building the font cache; this may take a moment.
Matplotlib is building the font cache; this may take a moment.
Matplotlib is building the font cache; this may take a moment.
Matplotlib is building the font cache; this may take a moment.
Matplotlib is building the font cache; this may take a moment.
Matplotlib is building the font cache; this may take a moment.
Matplotlib is building the font cache; this may take a moment.
Matplotlib is building the font cache; this may take a moment.
Matplotlib is building the font cache; this may take a moment.
Matplotlib is building the font cache; this may take a moment.
Matplotlib is building the font cache; this may take a moment.
Matplotlib is building the font cache; this may take a moment.
Matplotlib is building the font cache; this may take a moment.
Matplotlib is building the font cache; this may take a moment.
Matplotlib is building the font cache; this may take a moment.
Matplotlib is building the font cache; this may take a moment.
Matplotlib is building the font cache; this may take a moment.
Matplotlib is building the font cache; this may take a moment.
Number of degrees of freedom: 72843264
Mesh: 192x192x247, DQ1
Time stepper: BackwardEuler, dt = 300.0 s, steps = 30
Solver: gamg
Solver parameters: {'ksp_type': 'gmres', 'ksp_pc_side': 'right', 'ksp_rtol': 0.0001, 'ksp_max_it': 200, 'ksp_gmres_restart': 30, 'pc_type': 'gamg', 'pc_gamg_type': 'agg', 'pc_gamg_threshold': 0.02, 'pc_gamg_aggressive_coarsening': 1, 'pc_gamg_coarse_eq_limit': 1000, 'pc_gamg_process_eq_limit': 50, 'pc_gamg_agg_nsmooths': 1, 'pc_gamg_reuse_interpolation': True, 'mg_levels_ksp_type': 'chebyshev', 'mg_levels_ksp_max_it': 2, 'mg_levels_ksp_convergence_test': 'skip', 'mg_levels_pc_type': 'bjacobi', 'mg_levels_sub_pc_type': 'ilu', 'mg_levels_sub_pc_factor_levels': 0, 'mg_coarse_ksp_type': 'gmres', 'mg_coarse_ksp_max_it': 30, 'mg_coarse_pc_type': 'bjacobi', 'mg_coarse_sub_pc_type': 'ilu', 'snes_type': 'newtonls', 'snes_linesearch_type': 'bt', 'snes_rtol': 1e-08, 'snes_atol': 1e-12, 'snes_stol': 1e-08, 'snes_max_it': 50}
                  Linear BackwardEuler-Equation_mg_coarse_ solve did not converge due to DIVERGED_ITS iterations 30
                  Linear BackwardEuler-Equation_mg_coarse_ solve did not converge due to DIVERGED_ITS iterations 30
                  Linear BackwardEuler-Equation_mg_coarse_ solve did not converge due to DIVERGED_ITS iterations 30
                  Linear BackwardEuler-Equation_mg_coarse_ solve did not converge due to DIVERGED_ITS iterations 30
                  Linear BackwardEuler-Equation_mg_coarse_ solve did not converge due to DIVERGED_ITS iterations 30
                  Linear BackwardEuler-Equation_mg_coarse_ solve did not converge due to DIVERGED_ITS iterations 30
                  Linear BackwardEuler-Equation_mg_coarse_ solve did not converge due to DIVERGED_ITS iterations 30
                  Linear BackwardEuler-Equation_mg_coarse_ solve did not converge due to DIVERGED_ITS iterations 30
                  Linear BackwardEuler-Equation_mg_coarse_ solve did not converge due to DIVERGED_ITS iterations 30
                  Linear BackwardEuler-Equation_mg_coarse_ solve did not converge due to DIVERGED_ITS iterations 30
                  Linear BackwardEuler-Equation_mg_coarse_ solve did not converge due to DIVERGED_ITS iterations 30
                  Linear BackwardEuler-Equation_mg_coarse_ solve did not converge due to DIVERGED_ITS iterations 30
                  Linear BackwardEuler-Equation_mg_coarse_ solve did not converge due to DIVERGED_ITS iterations 30
                  Linear BackwardEuler-Equation_mg_coarse_ solve did not converge due to DIVERGED_ITS iterations 30
                  Linear BackwardEuler-Equation_mg_coarse_ solve did not converge due to DIVERGED_ITS iterations 30
                  Linear BackwardEuler-Equation_mg_coarse_ solve did not converge due to DIVERGED_ITS iterations 30
                  Linear BackwardEuler-Equation_mg_coarse_ solve did not converge due to DIVERGED_ITS iterations 30
                  Linear BackwardEuler-Equation_mg_coarse_ solve did not converge due to DIVERGED_ITS iterations 30
                  Linear BackwardEuler-Equation_mg_coarse_ solve did not converge due to DIVERGED_ITS iterations 30
    Linear BackwardEuler-Equation_ solve converged due to CONVERGED_RTOL iterations 18
                  Linear BackwardEuler-Equation_mg_coarse_ solve did not converge due to DIVERGED_ITS iterations 30
                  Linear BackwardEuler-Equation_mg_coarse_ solve did not converge due to DIVERGED_ITS iterations 30
                  Linear BackwardEuler-Equation_mg_coarse_ solve did not converge due to DIVERGED_ITS iterations 30
                  Linear BackwardEuler-Equation_mg_coarse_ solve did not converge due to DIVERGED_ITS iterations 30
                  Linear BackwardEuler-Equation_mg_coarse_ solve did not converge due to DIVERGED_ITS iterations 30
                  Linear BackwardEuler-Equation_mg_coarse_ solve did not converge due to DIVERGED_ITS iterations 30
                  Linear BackwardEuler-Equation_mg_coarse_ solve did not converge due to DIVERGED_ITS iterations 30
                  Linear BackwardEuler-Equation_mg_coarse_ solve did not converge due to DIVERGED_ITS iterations 30
                  Linear BackwardEuler-Equation_mg_coarse_ solve did not converge due to DIVERGED_ITS iterations 30
                  Linear BackwardEuler-Equation_mg_coarse_ solve did not converge due to DIVERGED_ITS iterations 30
                  Linear BackwardEuler-Equation_mg_coarse_ solve did not converge due to DIVERGED_ITS iterations 30
                  Linear BackwardEuler-Equation_mg_coarse_ solve did not converge due to DIVERGED_ITS iterations 30
                  Linear BackwardEuler-Equation_mg_coarse_ solve did not converge due to DIVERGED_ITS iterations 30
                  Linear BackwardEuler-Equation_mg_coarse_ solve did not converge due to DIVERGED_ITS iterations 30
                  Linear BackwardEuler-Equation_mg_coarse_ solve did not converge due to DIVERGED_ITS iterations 30
                  Linear BackwardEuler-Equation_mg_coarse_ solve did not converge due to DIVERGED_ITS iterations 30
                  Linear BackwardEuler-Equation_mg_coarse_ solve did not converge due to DIVERGED_ITS iterations 30
                  Linear BackwardEuler-Equation_mg_coarse_ solve did not converge due to DIVERGED_ITS iterations 30
                  Linear BackwardEuler-Equation_mg_coarse_ solve did not converge due to DIVERGED_ITS iterations 30
    Linear BackwardEuler-Equation_ solve converged due to CONVERGED_RTOL iterations 18
                  Linear BackwardEuler-Equation_mg_coarse_ solve did not converge due to DIVERGED_ITS iterations 30
                  Linear BackwardEuler-Equation_mg_coarse_ solve did not converge due to DIVERGED_ITS iterations 30
                  Linear BackwardEuler-Equation_mg_coarse_ solve did not converge due to DIVERGED_ITS iterations 30
                  Linear BackwardEuler-Equation_mg_coarse_ solve did not converge due to DIVERGED_ITS iterations 30
                  Linear BackwardEuler-Equation_mg_coarse_ solve did not converge due to DIVERGED_ITS iterations 30
                  Linear BackwardEuler-Equation_mg_coarse_ solve did not converge due to DIVERGED_ITS iterations 30
                  Linear BackwardEuler-Equation_mg_coarse_ solve did not converge due to DIVERGED_ITS iterations 30
                  Linear BackwardEuler-Equation_mg_coarse_ solve did not converge due to DIVERGED_ITS iterations 30
                  Linear BackwardEuler-Equation_mg_coarse_ solve did not converge due to DIVERGED_ITS iterations 30
                  Linear BackwardEuler-Equation_mg_coarse_ solve did not converge due to DIVERGED_ITS iterations 30
                  Linear BackwardEuler-Equation_mg_coarse_ solve did not converge due to DIVERGED_ITS iterations 30
                  Linear BackwardEuler-Equation_mg_coarse_ solve did not converge due to DIVERGED_ITS iterations 30
                  Linear BackwardEuler-Equation_mg_coarse_ solve did not converge due to DIVERGED_ITS iterations 30
                  Linear BackwardEuler-Equation_mg_coarse_ solve did not converge due to DIVERGED_ITS iterations 30
                  Linear BackwardEuler-Equation_mg_coarse_ solve did not converge due to DIVERGED_ITS iterations 30
                  Linear BackwardEuler-Equation_mg_coarse_ solve did not converge due to DIVERGED_ITS iterations 30
                  Linear BackwardEuler-Equation_mg_coarse_ solve did not converge due to DIVERGED_ITS iterations 30
    Linear BackwardEuler-Equation_ solve converged due to CONVERGED_RTOL iterations 16
                  Linear BackwardEuler-Equation_mg_coarse_ solve did not converge due to DIVERGED_ITS iterations 30
                  Linear BackwardEuler-Equation_mg_coarse_ solve did not converge due to DIVERGED_ITS iterations 30
                  Linear BackwardEuler-Equation_mg_coarse_ solve did not converge due to DIVERGED_ITS iterations 30
                  Linear BackwardEuler-Equation_mg_coarse_ solve did not converge due to DIVERGED_ITS iterations 30
                  Linear BackwardEuler-Equation_mg_coarse_ solve did not converge due to DIVERGED_ITS iterations 30
                  Linear BackwardEuler-Equation_mg_coarse_ solve did not converge due to DIVERGED_ITS iterations 30
                  Linear BackwardEuler-Equation_mg_coarse_ solve did not converge due to DIVERGED_ITS iterations 30
                  Linear BackwardEuler-Equation_mg_coarse_ solve did not converge due to DIVERGED_ITS iterations 30
                  Linear BackwardEuler-Equation_mg_coarse_ solve did not converge due to DIVERGED_ITS iterations 30
                  Linear BackwardEuler-Equation_mg_coarse_ solve did not converge due to DIVERGED_ITS iterations 30
                  Linear BackwardEuler-Equation_mg_coarse_ solve did not converge due to DIVERGED_ITS iterations 30
                  Linear BackwardEuler-Equation_mg_coarse_ solve did not converge due to DIVERGED_ITS iterations 30
                  Linear BackwardEuler-Equation_mg_coarse_ solve did not converge due to DIVERGED_ITS iterations 30
                  Linear BackwardEuler-Equation_mg_coarse_ solve did not converge due to DIVERGED_ITS iterations 30
                  Linear BackwardEuler-Equation_mg_coarse_ solve did not converge due to DIVERGED_ITS iterations 30
                  Linear BackwardEuler-Equation_mg_coarse_ solve did not converge due to DIVERGED_ITS iterations 30
    Linear BackwardEuler-Equation_ solve converged due to CONVERGED_RTOL iterations 15
  Nonlinear BackwardEuler-Equation_ solve converged due to CONVERGED_FNORM_ABS iterations 4
t = 300.00 s | step 1/30 | wall 202.18 s | NL 4 | L 67
                  Linear BackwardEuler-Equation_mg_coarse_ solve did not converge due to DIVERGED_ITS iterations 30
                  Linear BackwardEuler-Equation_mg_coarse_ solve did not converge due to DIVERGED_ITS iterations 30
                  Linear BackwardEuler-Equation_mg_coarse_ solve did not converge due to DIVERGED_ITS iterations 30
                  Linear BackwardEuler-Equation_mg_coarse_ solve did not converge due to DIVERGED_ITS iterations 30
                  Linear BackwardEuler-Equation_mg_coarse_ solve did not converge due to DIVERGED_ITS iterations 30
                  Linear BackwardEuler-Equation_mg_coarse_ solve did not converge due to DIVERGED_ITS iterations 30
                  Linear BackwardEuler-Equation_mg_coarse_ solve did not converge due to DIVERGED_ITS iterations 30
                  Linear BackwardEuler-Equation_mg_coarse_ solve did not converge due to DIVERGED_ITS iterations 30
                  Linear BackwardEuler-Equation_mg_coarse_ solve did not converge due to DIVERGED_ITS iterations 30
                  Linear BackwardEuler-Equation_mg_coarse_ solve did not converge due to DIVERGED_ITS iterations 30
                  Linear BackwardEuler-Equation_mg_coarse_ solve did not converge due to DIVERGED_ITS iterations 30
                  Linear BackwardEuler-Equation_mg_coarse_ solve did not converge due to DIVERGED_ITS iterations 30
                  Linear BackwardEuler-Equation_mg_coarse_ solve did not converge due to DIVERGED_ITS iterations 30
                  Linear BackwardEuler-Equation_mg_coarse_ solve did not converge due to DIVERGED_ITS iterations 30
                  Linear BackwardEuler-Equation_mg_coarse_ solve did not converge due to DIVERGED_ITS iterations 30
                  Linear BackwardEuler-Equation_mg_coarse_ solve did not converge due to DIVERGED_ITS iterations 30
                  Linear BackwardEuler-Equation_mg_coarse_ solve did not converge due to DIVERGED_ITS iterations 30
                  Linear BackwardEuler-Equation_mg_coarse_ solve did not converge due to DIVERGED_ITS iterations 30
                  Linear BackwardEuler-Equation_mg_coarse_ solve did not converge due to DIVERGED_ITS iterations 30
                  Linear BackwardEuler-Equation_mg_coarse_ solve did not converge due to DIVERGED_ITS iterations 30
    Linear BackwardEuler-Equation_ solve converged due to CONVERGED_RTOL iterations 19
                  Linear BackwardEuler-Equation_mg_coarse_ solve did not converge due to DIVERGED_ITS iterations 30
                  Linear BackwardEuler-Equation_mg_coarse_ solve did not converge due to DIVERGED_ITS iterations 30
                  Linear BackwardEuler-Equation_mg_coarse_ solve did not converge due to DIVERGED_ITS iterations 30
                  Linear BackwardEuler-Equation_mg_coarse_ solve did not converge due to DIVERGED_ITS iterations 30
                  Linear BackwardEuler-Equation_mg_coarse_ solve did not converge due to DIVERGED_ITS iterations 30
                  Linear BackwardEuler-Equation_mg_coarse_ solve did not converge due to DIVERGED_ITS iterations 30
                  Linear BackwardEuler-Equation_mg_coarse_ solve did not converge due to DIVERGED_ITS iterations 30
                  Linear BackwardEuler-Equation_mg_coarse_ solve did not converge due to DIVERGED_ITS iterations 30
                  Linear BackwardEuler-Equation_mg_coarse_ solve did not converge due to DIVERGED_ITS iterations 30
                  Linear BackwardEuler-Equation_mg_coarse_ solve did not converge due to DIVERGED_ITS iterations 30
                  Linear BackwardEuler-Equation_mg_coarse_ solve did not converge due to DIVERGED_ITS iterations 30
                  Linear BackwardEuler-Equation_mg_coarse_ solve did not converge due to DIVERGED_ITS iterations 30
                  Linear BackwardEuler-Equation_mg_coarse_ solve did not converge due to DIVERGED_ITS iterations 30
                  Linear BackwardEuler-Equation_mg_coarse_ solve did not converge due to DIVERGED_ITS iterations 30
                  Linear BackwardEuler-Equation_mg_coarse_ solve did not converge due to DIVERGED_ITS iterations 30
                  Linear BackwardEuler-Equation_mg_coarse_ solve did not converge due to DIVERGED_ITS iterations 30
                  Linear BackwardEuler-Equation_mg_coarse_ solve did not converge due to DIVERGED_ITS iterations 30
                  Linear BackwardEuler-Equation_mg_coarse_ solve did not converge due to DIVERGED_ITS iterations 30
                  Linear BackwardEuler-Equation_mg_coarse_ solve did not converge due to DIVERGED_ITS iterations 30
                  Linear BackwardEuler-Equation_mg_coarse_ solve did not converge due to DIVERGED_ITS iterations 30
    Linear BackwardEuler-Equation_ solve converged due to CONVERGED_RTOL iterations 19
                  Linear BackwardEuler-Equation_mg_coarse_ solve did not converge due to DIVERGED_ITS iterations 30
                  Linear BackwardEuler-Equation_mg_coarse_ solve did not converge due to DIVERGED_ITS iterations 30
                  Linear BackwardEuler-Equation_mg_coarse_ solve did not converge due to DIVERGED_ITS iterations 30
                  Linear BackwardEuler-Equation_mg_coarse_ solve did not converge due to DIVERGED_ITS iterations 30
                  Linear BackwardEuler-Equation_mg_coarse_ solve did not converge due to DIVERGED_ITS iterations 30
                  Linear BackwardEuler-Equation_mg_coarse_ solve did not converge due to DIVERGED_ITS iterations 30
                  Linear BackwardEuler-Equation_mg_coarse_ solve did not converge due to DIVERGED_ITS iterations 30
                  Linear BackwardEuler-Equation_mg_coarse_ solve did not converge due to DIVERGED_ITS iterations 30
                  Linear BackwardEuler-Equation_mg_coarse_ solve did not converge due to DIVERGED_ITS iterations 30
                  Linear BackwardEuler-Equation_mg_coarse_ solve did not converge due to DIVERGED_ITS iterations 30
                  Linear BackwardEuler-Equation_mg_coarse_ solve did not converge due to DIVERGED_ITS iterations 30
                  Linear BackwardEuler-Equation_mg_coarse_ solve did not converge due to DIVERGED_ITS iterations 30
                  Linear BackwardEuler-Equation_mg_coarse_ solve did not converge due to DIVERGED_ITS iterations 30
                  Linear BackwardEuler-Equation_mg_coarse_ solve did not converge due to DIVERGED_ITS iterations 30
                  Linear BackwardEuler-Equation_mg_coarse_ solve did not converge due to DIVERGED_ITS iterations 30
                  Linear BackwardEuler-Equation_mg_coarse_ solve did not converge due to DIVERGED_ITS iterations 30
                  Linear BackwardEuler-Equation_mg_coarse_ solve did not converge due to DIVERGED_ITS iterations 30
                  Linear BackwardEuler-Equation_mg_coarse_ solve did not converge due to DIVERGED_ITS iterations 30
                  Linear BackwardEuler-Equation_mg_coarse_ solve did not converge due to DIVERGED_ITS iterations 30
                  Linear BackwardEuler-Equation_mg_coarse_ solve did not converge due to DIVERGED_ITS iterations 30
    Linear BackwardEuler-Equation_ solve converged due to CONVERGED_RTOL iterations 19
  Nonlinear BackwardEuler-Equation_ solve converged due to CONVERGED_FNORM_ABS iterations 3
t = 600.00 s | step 2/30 | wall 112.28 s | NL 3 | L 57
                  Linear BackwardEuler-Equation_mg_coarse_ solve did not converge due to DIVERGED_ITS iterations 30
                  Linear BackwardEuler-Equation_mg_coarse_ solve did not converge due to DIVERGED_ITS iterations 30
                  Linear BackwardEuler-Equation_mg_coarse_ solve did not converge due to DIVERGED_ITS iterations 30
                  Linear BackwardEuler-Equation_mg_coarse_ solve did not converge due to DIVERGED_ITS iterations 30
                  Linear BackwardEuler-Equation_mg_coarse_ solve did not converge due to DIVERGED_ITS iterations 30
                  Linear BackwardEuler-Equation_mg_coarse_ solve did not converge due to DIVERGED_ITS iterations 30
                  Linear BackwardEuler-Equation_mg_coarse_ solve did not converge due to DIVERGED_ITS iterations 30
                  Linear BackwardEuler-Equation_mg_coarse_ solve did not converge due to DIVERGED_ITS iterations 30
                  Linear BackwardEuler-Equation_mg_coarse_ solve did not converge due to DIVERGED_ITS iterations 30
                  Linear BackwardEuler-Equation_mg_coarse_ solve did not converge due to DIVERGED_ITS iterations 30
                  Linear BackwardEuler-Equation_mg_coarse_ solve did not converge due to DIVERGED_ITS iterations 30
                  Linear BackwardEuler-Equation_mg_coarse_ solve did not converge due to DIVERGED_ITS iterations 30
                  Linear BackwardEuler-Equation_mg_coarse_ solve did not converge due to DIVERGED_ITS iterations 30
                  Linear BackwardEuler-Equation_mg_coarse_ solve did not converge due to DIVERGED_ITS iterations 30
                  Linear BackwardEuler-Equation_mg_coarse_ solve did not converge due to DIVERGED_ITS iterations 30
                  Linear BackwardEuler-Equation_mg_coarse_ solve did not converge due to DIVERGED_ITS iterations 30
                  Linear BackwardEuler-Equation_mg_coarse_ solve did not converge due to DIVERGED_ITS iterations 30
                  Linear BackwardEuler-Equation_mg_coarse_ solve did not converge due to DIVERGED_ITS iterations 30
                  Linear BackwardEuler-Equation_mg_coarse_ solve did not converge due to DIVERGED_ITS iterations 30
                  Linear BackwardEuler-Equation_mg_coarse_ solve did not converge due to DIVERGED_ITS iterations 30
    Linear BackwardEuler-Equation_ solve converged due to CONVERGED_RTOL iterations 19
                  Linear BackwardEuler-Equation_mg_coarse_ solve did not converge due to DIVERGED_ITS iterations 30
                  Linear BackwardEuler-Equation_mg_coarse_ solve did not converge due to DIVERGED_ITS iterations 30
                  Linear BackwardEuler-Equation_mg_coarse_ solve did not converge due to DIVERGED_ITS iterations 30
                  Linear BackwardEuler-Equation_mg_coarse_ solve did not converge due to DIVERGED_ITS iterations 30
                  Linear BackwardEuler-Equation_mg_coarse_ solve did not converge due to DIVERGED_ITS iterations 30
                  Linear BackwardEuler-Equation_mg_coarse_ solve did not converge due to DIVERGED_ITS iterations 30
                  Linear BackwardEuler-Equation_mg_coarse_ solve did not converge due to DIVERGED_ITS iterations 30
                  Linear BackwardEuler-Equation_mg_coarse_ solve did not converge due to DIVERGED_ITS iterations 30
                  Linear BackwardEuler-Equation_mg_coarse_ solve did not converge due to DIVERGED_ITS iterations 30
                  Linear BackwardEuler-Equation_mg_coarse_ solve did not converge due to DIVERGED_ITS iterations 30
                  Linear BackwardEuler-Equation_mg_coarse_ solve did not converge due to DIVERGED_ITS iterations 30
                  Linear BackwardEuler-Equation_mg_coarse_ solve did not converge due to DIVERGED_ITS iterations 30
                  Linear BackwardEuler-Equation_mg_coarse_ solve did not converge due to DIVERGED_ITS iterations 30
                  Linear BackwardEuler-Equation_mg_coarse_ solve did not converge due to DIVERGED_ITS iterations 30
                  Linear BackwardEuler-Equation_mg_coarse_ solve did not converge due to DIVERGED_ITS iterations 30
                  Linear BackwardEuler-Equation_mg_coarse_ solve did not converge due to DIVERGED_ITS iterations 30
                  Linear BackwardEuler-Equation_mg_coarse_ solve did not converge due to DIVERGED_ITS iterations 30
                  Linear BackwardEuler-Equation_mg_coarse_ solve did not converge due to DIVERGED_ITS iterations 30
                  Linear BackwardEuler-Equation_mg_coarse_ solve did not converge due to DIVERGED_ITS iterations 30
                  Linear BackwardEuler-Equation_mg_coarse_ solve did not converge due to DIVERGED_ITS iterations 30
    Linear BackwardEuler-Equation_ solve converged due to CONVERGED_RTOL iterations 19
                  Linear BackwardEuler-Equation_mg_coarse_ solve did not converge due to DIVERGED_ITS iterations 30
                  Linear BackwardEuler-Equation_mg_coarse_ solve did not converge due to DIVERGED_ITS iterations 30
                  Linear BackwardEuler-Equation_mg_coarse_ solve did not converge due to DIVERGED_ITS iterations 30
                  Linear BackwardEuler-Equation_mg_coarse_ solve did not converge due to DIVERGED_ITS iterations 30
                  Linear BackwardEuler-Equation_mg_coarse_ solve did not converge due to DIVERGED_ITS iterations 30
                  Linear BackwardEuler-Equation_mg_coarse_ solve did not converge due to DIVERGED_ITS iterations 30
                  Linear BackwardEuler-Equation_mg_coarse_ solve did not converge due to DIVERGED_ITS iterations 30
                  Linear BackwardEuler-Equation_mg_coarse_ solve did not converge due to DIVERGED_ITS iterations 30
                  Linear BackwardEuler-Equation_mg_coarse_ solve did not converge due to DIVERGED_ITS iterations 30
                  Linear BackwardEuler-Equation_mg_coarse_ solve did not converge due to DIVERGED_ITS iterations 30
                  Linear BackwardEuler-Equation_mg_coarse_ solve did not converge due to DIVERGED_ITS iterations 30
                  Linear BackwardEuler-Equation_mg_coarse_ solve did not converge due to DIVERGED_ITS iterations 30
                  Linear BackwardEuler-Equation_mg_coarse_ solve did not converge due to DIVERGED_ITS iterations 30
                  Linear BackwardEuler-Equation_mg_coarse_ solve did not converge due to DIVERGED_ITS iterations 30
                  Linear BackwardEuler-Equation_mg_coarse_ solve did not converge due to DIVERGED_ITS iterations 30
                  Linear BackwardEuler-Equation_mg_coarse_ solve did not converge due to DIVERGED_ITS iterations 30
                  Linear BackwardEuler-Equation_mg_coarse_ solve did not converge due to DIVERGED_ITS iterations 30
                  Linear BackwardEuler-Equation_mg_coarse_ solve did not converge due to DIVERGED_ITS iterations 30
                  Linear BackwardEuler-Equation_mg_coarse_ solve did not converge due to DIVERGED_ITS iterations 30
                  Linear BackwardEuler-Equation_mg_coarse_ solve did not converge due to DIVERGED_ITS iterations 30
    Linear BackwardEuler-Equation_ solve converged due to CONVERGED_RTOL iterations 19
  Nonlinear BackwardEuler-Equation_ solve converged due to CONVERGED_FNORM_ABS iterations 3
t = 900.00 s | step 3/30 | wall 112.78 s | NL 3 | L 57
                  Linear BackwardEuler-Equation_mg_coarse_ solve did not converge due to DIVERGED_ITS iterations 30
                  Linear BackwardEuler-Equation_mg_coarse_ solve did not converge due to DIVERGED_ITS iterations 30
                  Linear BackwardEuler-Equation_mg_coarse_ solve did not converge due to DIVERGED_ITS iterations 30
                  Linear BackwardEuler-Equation_mg_coarse_ solve did not converge due to DIVERGED_ITS iterations 30
                  Linear BackwardEuler-Equation_mg_coarse_ solve did not converge due to DIVERGED_ITS iterations 30
                  Linear BackwardEuler-Equation_mg_coarse_ solve did not converge due to DIVERGED_ITS iterations 30
                  Linear BackwardEuler-Equation_mg_coarse_ solve did not converge due to DIVERGED_ITS iterations 30
                  Linear BackwardEuler-Equation_mg_coarse_ solve did not converge due to DIVERGED_ITS iterations 30
                  Linear BackwardEuler-Equation_mg_coarse_ solve did not converge due to DIVERGED_ITS iterations 30
                  Linear BackwardEuler-Equation_mg_coarse_ solve did not converge due to DIVERGED_ITS iterations 30
                  Linear BackwardEuler-Equation_mg_coarse_ solve did not converge due to DIVERGED_ITS iterations 30
                  Linear BackwardEuler-Equation_mg_coarse_ solve did not converge due to DIVERGED_ITS iterations 30
                  Linear BackwardEuler-Equation_mg_coarse_ solve did not converge due to DIVERGED_ITS iterations 30
                  Linear BackwardEuler-Equation_mg_coarse_ solve did not converge due to DIVERGED_ITS iterations 30
                  Linear BackwardEuler-Equation_mg_coarse_ solve did not converge due to DIVERGED_ITS iterations 30
                  Linear BackwardEuler-Equation_mg_coarse_ solve did not converge due to DIVERGED_ITS iterations 30
                  Linear BackwardEuler-Equation_mg_coarse_ solve did not converge due to DIVERGED_ITS iterations 30
                  Linear BackwardEuler-Equation_mg_coarse_ solve did not converge due to DIVERGED_ITS iterations 30
                  Linear BackwardEuler-Equation_mg_coarse_ solve did not converge due to DIVERGED_ITS iterations 30
                  Linear BackwardEuler-Equation_mg_coarse_ solve did not converge due to DIVERGED_ITS iterations 30
    Linear BackwardEuler-Equation_ solve converged due to CONVERGED_RTOL iterations 19
                  Linear BackwardEuler-Equation_mg_coarse_ solve did not converge due to DIVERGED_ITS iterations 30
                  Linear BackwardEuler-Equation_mg_coarse_ solve did not converge due to DIVERGED_ITS iterations 30
                  Linear BackwardEuler-Equation_mg_coarse_ solve did not converge due to DIVERGED_ITS iterations 30
                  Linear BackwardEuler-Equation_mg_coarse_ solve did not converge due to DIVERGED_ITS iterations 30
                  Linear BackwardEuler-Equation_mg_coarse_ solve did not converge due to DIVERGED_ITS iterations 30
                  Linear BackwardEuler-Equation_mg_coarse_ solve did not converge due to DIVERGED_ITS iterations 30
                  Linear BackwardEuler-Equation_mg_coarse_ solve did not converge due to DIVERGED_ITS iterations 30
                  Linear BackwardEuler-Equation_mg_coarse_ solve did not converge due to DIVERGED_ITS iterations 30
                  Linear BackwardEuler-Equation_mg_coarse_ solve did not converge due to DIVERGED_ITS iterations 30
                  Linear BackwardEuler-Equation_mg_coarse_ solve did not converge due to DIVERGED_ITS iterations 30
                  Linear BackwardEuler-Equation_mg_coarse_ solve did not converge due to DIVERGED_ITS iterations 30
                  Linear BackwardEuler-Equation_mg_coarse_ solve did not converge due to DIVERGED_ITS iterations 30
                  Linear BackwardEuler-Equation_mg_coarse_ solve did not converge due to DIVERGED_ITS iterations 30
                  Linear BackwardEuler-Equation_mg_coarse_ solve did not converge due to DIVERGED_ITS iterations 30
                  Linear BackwardEuler-Equation_mg_coarse_ solve did not converge due to DIVERGED_ITS iterations 30
                  Linear BackwardEuler-Equation_mg_coarse_ solve did not converge due to DIVERGED_ITS iterations 30
                  Linear BackwardEuler-Equation_mg_coarse_ solve did not converge due to DIVERGED_ITS iterations 30
                  Linear BackwardEuler-Equation_mg_coarse_ solve did not converge due to DIVERGED_ITS iterations 30
                  Linear BackwardEuler-Equation_mg_coarse_ solve did not converge due to DIVERGED_ITS iterations 30
                  Linear BackwardEuler-Equation_mg_coarse_ solve did not converge due to DIVERGED_ITS iterations 30
                  Linear BackwardEuler-Equation_mg_coarse_ solve did not converge due to DIVERGED_ITS iterations 30
    Linear BackwardEuler-Equation_ solve converged due to CONVERGED_RTOL iterations 20
                  Linear BackwardEuler-Equation_mg_coarse_ solve did not converge due to DIVERGED_ITS iterations 30
                  Linear BackwardEuler-Equation_mg_coarse_ solve did not converge due to DIVERGED_ITS iterations 30
                  Linear BackwardEuler-Equation_mg_coarse_ solve did not converge due to DIVERGED_ITS iterations 30
                  Linear BackwardEuler-Equation_mg_coarse_ solve did not converge due to DIVERGED_ITS iterations 30
                  Linear BackwardEuler-Equation_mg_coarse_ solve did not converge due to DIVERGED_ITS iterations 30
                  Linear BackwardEuler-Equation_mg_coarse_ solve did not converge due to DIVERGED_ITS iterations 30
                  Linear BackwardEuler-Equation_mg_coarse_ solve did not converge due to DIVERGED_ITS iterations 30
                  Linear BackwardEuler-Equation_mg_coarse_ solve did not converge due to DIVERGED_ITS iterations 30
                  Linear BackwardEuler-Equation_mg_coarse_ solve did not converge due to DIVERGED_ITS iterations 30
                  Linear BackwardEuler-Equation_mg_coarse_ solve did not converge due to DIVERGED_ITS iterations 30
                  Linear BackwardEuler-Equation_mg_coarse_ solve did not converge due to DIVERGED_ITS iterations 30
                  Linear BackwardEuler-Equation_mg_coarse_ solve did not converge due to DIVERGED_ITS iterations 30
                  Linear BackwardEuler-Equation_mg_coarse_ solve did not converge due to DIVERGED_ITS iterations 30
                  Linear BackwardEuler-Equation_mg_coarse_ solve did not converge due to DIVERGED_ITS iterations 30
                  Linear BackwardEuler-Equation_mg_coarse_ solve did not converge due to DIVERGED_ITS iterations 30
                  Linear BackwardEuler-Equation_mg_coarse_ solve did not converge due to DIVERGED_ITS iterations 30
                  Linear BackwardEuler-Equation_mg_coarse_ solve did not converge due to DIVERGED_ITS iterations 30
                  Linear BackwardEuler-Equation_mg_coarse_ solve did not converge due to DIVERGED_ITS iterations 30
                  Linear BackwardEuler-Equation_mg_coarse_ solve did not converge due to DIVERGED_ITS iterations 30
                  Linear BackwardEuler-Equation_mg_coarse_ solve did not converge due to DIVERGED_ITS iterations 30
                  Linear BackwardEuler-Equation_mg_coarse_ solve did not converge due to DIVERGED_ITS iterations 30
    Linear BackwardEuler-Equation_ solve converged due to CONVERGED_RTOL iterations 20
  Nonlinear BackwardEuler-Equation_ solve converged due to CONVERGED_FNORM_ABS iterations 3
t = 1200.00 s | step 4/30 | wall 113.86 s | NL 3 | L 59
                  Linear BackwardEuler-Equation_mg_coarse_ solve did not converge due to DIVERGED_ITS iterations 30
                  Linear BackwardEuler-Equation_mg_coarse_ solve did not converge due to DIVERGED_ITS iterations 30
                  Linear BackwardEuler-Equation_mg_coarse_ solve did not converge due to DIVERGED_ITS iterations 30
                  Linear BackwardEuler-Equation_mg_coarse_ solve did not converge due to DIVERGED_ITS iterations 30
                  Linear BackwardEuler-Equation_mg_coarse_ solve did not converge due to DIVERGED_ITS iterations 30
                  Linear BackwardEuler-Equation_mg_coarse_ solve did not converge due to DIVERGED_ITS iterations 30
                  Linear BackwardEuler-Equation_mg_coarse_ solve did not converge due to DIVERGED_ITS iterations 30
                  Linear BackwardEuler-Equation_mg_coarse_ solve did not converge due to DIVERGED_ITS iterations 30
                  Linear BackwardEuler-Equation_mg_coarse_ solve did not converge due to DIVERGED_ITS iterations 30
                  Linear BackwardEuler-Equation_mg_coarse_ solve did not converge due to DIVERGED_ITS iterations 30
                  Linear BackwardEuler-Equation_mg_coarse_ solve did not converge due to DIVERGED_ITS iterations 30
                  Linear BackwardEuler-Equation_mg_coarse_ solve did not converge due to DIVERGED_ITS iterations 30
                  Linear BackwardEuler-Equation_mg_coarse_ solve did not converge due to DIVERGED_ITS iterations 30
                  Linear BackwardEuler-Equation_mg_coarse_ solve did not converge due to DIVERGED_ITS iterations 30
                  Linear BackwardEuler-Equation_mg_coarse_ solve did not converge due to DIVERGED_ITS iterations 30
                  Linear BackwardEuler-Equation_mg_coarse_ solve did not converge due to DIVERGED_ITS iterations 30
                  Linear BackwardEuler-Equation_mg_coarse_ solve did not converge due to DIVERGED_ITS iterations 30
                  Linear BackwardEuler-Equation_mg_coarse_ solve did not converge due to DIVERGED_ITS iterations 30
                  Linear BackwardEuler-Equation_mg_coarse_ solve did not converge due to DIVERGED_ITS iterations 30
                  Linear BackwardEuler-Equation_mg_coarse_ solve did not converge due to DIVERGED_ITS iterations 30
    Linear BackwardEuler-Equation_ solve converged due to CONVERGED_RTOL iterations 19
                  Linear BackwardEuler-Equation_mg_coarse_ solve did not converge due to DIVERGED_ITS iterations 30
                  Linear BackwardEuler-Equation_mg_coarse_ solve did not converge due to DIVERGED_ITS iterations 30
                  Linear BackwardEuler-Equation_mg_coarse_ solve did not converge due to DIVERGED_ITS iterations 30
                  Linear BackwardEuler-Equation_mg_coarse_ solve did not converge due to DIVERGED_ITS iterations 30
                  Linear BackwardEuler-Equation_mg_coarse_ solve did not converge due to DIVERGED_ITS iterations 30
                  Linear BackwardEuler-Equation_mg_coarse_ solve did not converge due to DIVERGED_ITS iterations 30
                  Linear BackwardEuler-Equation_mg_coarse_ solve did not converge due to DIVERGED_ITS iterations 30
                  Linear BackwardEuler-Equation_mg_coarse_ solve did not converge due to DIVERGED_ITS iterations 30
                  Linear BackwardEuler-Equation_mg_coarse_ solve did not converge due to DIVERGED_ITS iterations 30
                  Linear BackwardEuler-Equation_mg_coarse_ solve did not converge due to DIVERGED_ITS iterations 30
                  Linear BackwardEuler-Equation_mg_coarse_ solve did not converge due to DIVERGED_ITS iterations 30
                  Linear BackwardEuler-Equation_mg_coarse_ solve did not converge due to DIVERGED_ITS iterations 30
                  Linear BackwardEuler-Equation_mg_coarse_ solve did not converge due to DIVERGED_ITS iterations 30
                  Linear BackwardEuler-Equation_mg_coarse_ solve did not converge due to DIVERGED_ITS iterations 30
                  Linear BackwardEuler-Equation_mg_coarse_ solve did not converge due to DIVERGED_ITS iterations 30
                  Linear BackwardEuler-Equation_mg_coarse_ solve did not converge due to DIVERGED_ITS iterations 30
                  Linear BackwardEuler-Equation_mg_coarse_ solve did not converge due to DIVERGED_ITS iterations 30
                  Linear BackwardEuler-Equation_mg_coarse_ solve did not converge due to DIVERGED_ITS iterations 30
                  Linear BackwardEuler-Equation_mg_coarse_ solve did not converge due to DIVERGED_ITS iterations 30
                  Linear BackwardEuler-Equation_mg_coarse_ solve did not converge due to DIVERGED_ITS iterations 30
                  Linear BackwardEuler-Equation_mg_coarse_ solve did not converge due to DIVERGED_ITS iterations 30
    Linear BackwardEuler-Equation_ solve converged due to CONVERGED_RTOL iterations 20
                  Linear BackwardEuler-Equation_mg_coarse_ solve did not converge due to DIVERGED_ITS iterations 30
                  Linear BackwardEuler-Equation_mg_coarse_ solve did not converge due to DIVERGED_ITS iterations 30
                  Linear BackwardEuler-Equation_mg_coarse_ solve did not converge due to DIVERGED_ITS iterations 30
                  Linear BackwardEuler-Equation_mg_coarse_ solve did not converge due to DIVERGED_ITS iterations 30
                  Linear BackwardEuler-Equation_mg_coarse_ solve did not converge due to DIVERGED_ITS iterations 30
                  Linear BackwardEuler-Equation_mg_coarse_ solve did not converge due to DIVERGED_ITS iterations 30
                  Linear BackwardEuler-Equation_mg_coarse_ solve did not converge due to DIVERGED_ITS iterations 30
                  Linear BackwardEuler-Equation_mg_coarse_ solve did not converge due to DIVERGED_ITS iterations 30
                  Linear BackwardEuler-Equation_mg_coarse_ solve did not converge due to DIVERGED_ITS iterations 30
                  Linear BackwardEuler-Equation_mg_coarse_ solve did not converge due to DIVERGED_ITS iterations 30
                  Linear BackwardEuler-Equation_mg_coarse_ solve did not converge due to DIVERGED_ITS iterations 30
                  Linear BackwardEuler-Equation_mg_coarse_ solve did not converge due to DIVERGED_ITS iterations 30
                  Linear BackwardEuler-Equation_mg_coarse_ solve did not converge due to DIVERGED_ITS iterations 30
                  Linear BackwardEuler-Equation_mg_coarse_ solve did not converge due to DIVERGED_ITS iterations 30
                  Linear BackwardEuler-Equation_mg_coarse_ solve did not converge due to DIVERGED_ITS iterations 30
                  Linear BackwardEuler-Equation_mg_coarse_ solve did not converge due to DIVERGED_ITS iterations 30
                  Linear BackwardEuler-Equation_mg_coarse_ solve did not converge due to DIVERGED_ITS iterations 30
                  Linear BackwardEuler-Equation_mg_coarse_ solve did not converge due to DIVERGED_ITS iterations 30
                  Linear BackwardEuler-Equation_mg_coarse_ solve did not converge due to DIVERGED_ITS iterations 30
                  Linear BackwardEuler-Equation_mg_coarse_ solve did not converge due to DIVERGED_ITS iterations 30
                  Linear BackwardEuler-Equation_mg_coarse_ solve did not converge due to DIVERGED_ITS iterations 30
    Linear BackwardEuler-Equation_ solve converged due to CONVERGED_RTOL iterations 20
  Nonlinear BackwardEuler-Equation_ solve converged due to CONVERGED_FNORM_ABS iterations 3
t = 1500.00 s | step 5/30 | wall 113.49 s | NL 3 | L 59
                  Linear BackwardEuler-Equation_mg_coarse_ solve did not converge due to DIVERGED_ITS iterations 30
                  Linear BackwardEuler-Equation_mg_coarse_ solve did not converge due to DIVERGED_ITS iterations 30
                  Linear BackwardEuler-Equation_mg_coarse_ solve did not converge due to DIVERGED_ITS iterations 30
                  Linear BackwardEuler-Equation_mg_coarse_ solve did not converge due to DIVERGED_ITS iterations 30
                  Linear BackwardEuler-Equation_mg_coarse_ solve did not converge due to DIVERGED_ITS iterations 30
                  Linear BackwardEuler-Equation_mg_coarse_ solve did not converge due to DIVERGED_ITS iterations 30
                  Linear BackwardEuler-Equation_mg_coarse_ solve did not converge due to DIVERGED_ITS iterations 30
                  Linear BackwardEuler-Equation_mg_coarse_ solve did not converge due to DIVERGED_ITS iterations 30
                  Linear BackwardEuler-Equation_mg_coarse_ solve did not converge due to DIVERGED_ITS iterations 30
                  Linear BackwardEuler-Equation_mg_coarse_ solve did not converge due to DIVERGED_ITS iterations 30
                  Linear BackwardEuler-Equation_mg_coarse_ solve did not converge due to DIVERGED_ITS iterations 30
                  Linear BackwardEuler-Equation_mg_coarse_ solve did not converge due to DIVERGED_ITS iterations 30
                  Linear BackwardEuler-Equation_mg_coarse_ solve did not converge due to DIVERGED_ITS iterations 30
                  Linear BackwardEuler-Equation_mg_coarse_ solve did not converge due to DIVERGED_ITS iterations 30
                  Linear BackwardEuler-Equation_mg_coarse_ solve did not converge due to DIVERGED_ITS iterations 30
                  Linear BackwardEuler-Equation_mg_coarse_ solve did not converge due to DIVERGED_ITS iterations 30
                  Linear BackwardEuler-Equation_mg_coarse_ solve did not converge due to DIVERGED_ITS iterations 30
                  Linear BackwardEuler-Equation_mg_coarse_ solve did not converge due to DIVERGED_ITS iterations 30
                  Linear BackwardEuler-Equation_mg_coarse_ solve did not converge due to DIVERGED_ITS iterations 30
                  Linear BackwardEuler-Equation_mg_coarse_ solve did not converge due to DIVERGED_ITS iterations 30
    Linear BackwardEuler-Equation_ solve converged due to CONVERGED_RTOL iterations 19
                  Linear BackwardEuler-Equation_mg_coarse_ solve did not converge due to DIVERGED_ITS iterations 30
                  Linear BackwardEuler-Equation_mg_coarse_ solve did not converge due to DIVERGED_ITS iterations 30
                  Linear BackwardEuler-Equation_mg_coarse_ solve did not converge due to DIVERGED_ITS iterations 30
                  Linear BackwardEuler-Equation_mg_coarse_ solve did not converge due to DIVERGED_ITS iterations 30
                  Linear BackwardEuler-Equation_mg_coarse_ solve did not converge due to DIVERGED_ITS iterations 30
                  Linear BackwardEuler-Equation_mg_coarse_ solve did not converge due to DIVERGED_ITS iterations 30
                  Linear BackwardEuler-Equation_mg_coarse_ solve did not converge due to DIVERGED_ITS iterations 30
                  Linear BackwardEuler-Equation_mg_coarse_ solve did not converge due to DIVERGED_ITS iterations 30
                  Linear BackwardEuler-Equation_mg_coarse_ solve did not converge due to DIVERGED_ITS iterations 30
                  Linear BackwardEuler-Equation_mg_coarse_ solve did not converge due to DIVERGED_ITS iterations 30
                  Linear BackwardEuler-Equation_mg_coarse_ solve did not converge due to DIVERGED_ITS iterations 30
                  Linear BackwardEuler-Equation_mg_coarse_ solve did not converge due to DIVERGED_ITS iterations 30
                  Linear BackwardEuler-Equation_mg_coarse_ solve did not converge due to DIVERGED_ITS iterations 30
                  Linear BackwardEuler-Equation_mg_coarse_ solve did not converge due to DIVERGED_ITS iterations 30
                  Linear BackwardEuler-Equation_mg_coarse_ solve did not converge due to DIVERGED_ITS iterations 30
                  Linear BackwardEuler-Equation_mg_coarse_ solve did not converge due to DIVERGED_ITS iterations 30
                  Linear BackwardEuler-Equation_mg_coarse_ solve did not converge due to DIVERGED_ITS iterations 30
                  Linear BackwardEuler-Equation_mg_coarse_ solve did not converge due to DIVERGED_ITS iterations 30
                  Linear BackwardEuler-Equation_mg_coarse_ solve did not converge due to DIVERGED_ITS iterations 30
                  Linear BackwardEuler-Equation_mg_coarse_ solve did not converge due to DIVERGED_ITS iterations 30
                  Linear BackwardEuler-Equation_mg_coarse_ solve did not converge due to DIVERGED_ITS iterations 30
    Linear BackwardEuler-Equation_ solve converged due to CONVERGED_RTOL iterations 20
                  Linear BackwardEuler-Equation_mg_coarse_ solve did not converge due to DIVERGED_ITS iterations 30
                  Linear BackwardEuler-Equation_mg_coarse_ solve did not converge due to DIVERGED_ITS iterations 30
                  Linear BackwardEuler-Equation_mg_coarse_ solve did not converge due to DIVERGED_ITS iterations 30
                  Linear BackwardEuler-Equation_mg_coarse_ solve did not converge due to DIVERGED_ITS iterations 30
                  Linear BackwardEuler-Equation_mg_coarse_ solve did not converge due to DIVERGED_ITS iterations 30
                  Linear BackwardEuler-Equation_mg_coarse_ solve did not converge due to DIVERGED_ITS iterations 30
                  Linear BackwardEuler-Equation_mg_coarse_ solve did not converge due to DIVERGED_ITS iterations 30
                  Linear BackwardEuler-Equation_mg_coarse_ solve did not converge due to DIVERGED_ITS iterations 30
                  Linear BackwardEuler-Equation_mg_coarse_ solve did not converge due to DIVERGED_ITS iterations 30
                  Linear BackwardEuler-Equation_mg_coarse_ solve did not converge due to DIVERGED_ITS iterations 30
                  Linear BackwardEuler-Equation_mg_coarse_ solve did not converge due to DIVERGED_ITS iterations 30
                  Linear BackwardEuler-Equation_mg_coarse_ solve did not converge due to DIVERGED_ITS iterations 30
                  Linear BackwardEuler-Equation_mg_coarse_ solve did not converge due to DIVERGED_ITS iterations 30
                  Linear BackwardEuler-Equation_mg_coarse_ solve did not converge due to DIVERGED_ITS iterations 30
                  Linear BackwardEuler-Equation_mg_coarse_ solve did not converge due to DIVERGED_ITS iterations 30
                  Linear BackwardEuler-Equation_mg_coarse_ solve did not converge due to DIVERGED_ITS iterations 30
                  Linear BackwardEuler-Equation_mg_coarse_ solve did not converge due to DIVERGED_ITS iterations 30
                  Linear BackwardEuler-Equation_mg_coarse_ solve did not converge due to DIVERGED_ITS iterations 30
                  Linear BackwardEuler-Equation_mg_coarse_ solve did not converge due to DIVERGED_ITS iterations 30
                  Linear BackwardEuler-Equation_mg_coarse_ solve did not converge due to DIVERGED_ITS iterations 30
                  Linear BackwardEuler-Equation_mg_coarse_ solve did not converge due to DIVERGED_ITS iterations 30
    Linear BackwardEuler-Equation_ solve converged due to CONVERGED_RTOL iterations 20
  Nonlinear BackwardEuler-Equation_ solve converged due to CONVERGED_FNORM_ABS iterations 3
t = 1800.00 s | step 6/30 | wall 112.25 s | NL 3 | L 59
                  Linear BackwardEuler-Equation_mg_coarse_ solve did not converge due to DIVERGED_ITS iterations 30
                  Linear BackwardEuler-Equation_mg_coarse_ solve did not converge due to DIVERGED_ITS iterations 30
                  Linear BackwardEuler-Equation_mg_coarse_ solve did not converge due to DIVERGED_ITS iterations 30
                  Linear BackwardEuler-Equation_mg_coarse_ solve did not converge due to DIVERGED_ITS iterations 30
                  Linear BackwardEuler-Equation_mg_coarse_ solve did not converge due to DIVERGED_ITS iterations 30
                  Linear BackwardEuler-Equation_mg_coarse_ solve did not converge due to DIVERGED_ITS iterations 30
                  Linear BackwardEuler-Equation_mg_coarse_ solve did not converge due to DIVERGED_ITS iterations 30
                  Linear BackwardEuler-Equation_mg_coarse_ solve did not converge due to DIVERGED_ITS iterations 30
                  Linear BackwardEuler-Equation_mg_coarse_ solve did not converge due to DIVERGED_ITS iterations 30
                  Linear BackwardEuler-Equation_mg_coarse_ solve did not converge due to DIVERGED_ITS iterations 30
                  Linear BackwardEuler-Equation_mg_coarse_ solve did not converge due to DIVERGED_ITS iterations 30
                  Linear BackwardEuler-Equation_mg_coarse_ solve did not converge due to DIVERGED_ITS iterations 30
                  Linear BackwardEuler-Equation_mg_coarse_ solve did not converge due to DIVERGED_ITS iterations 30
                  Linear BackwardEuler-Equation_mg_coarse_ solve did not converge due to DIVERGED_ITS iterations 30
                  Linear BackwardEuler-Equation_mg_coarse_ solve did not converge due to DIVERGED_ITS iterations 30
                  Linear BackwardEuler-Equation_mg_coarse_ solve did not converge due to DIVERGED_ITS iterations 30
                  Linear BackwardEuler-Equation_mg_coarse_ solve did not converge due to DIVERGED_ITS iterations 30
                  Linear BackwardEuler-Equation_mg_coarse_ solve did not converge due to DIVERGED_ITS iterations 30
                  Linear BackwardEuler-Equation_mg_coarse_ solve did not converge due to DIVERGED_ITS iterations 30
                  Linear BackwardEuler-Equation_mg_coarse_ solve did not converge due to DIVERGED_ITS iterations 30
    Linear BackwardEuler-Equation_ solve converged due to CONVERGED_RTOL iterations 19
                  Linear BackwardEuler-Equation_mg_coarse_ solve did not converge due to DIVERGED_ITS iterations 30
                  Linear BackwardEuler-Equation_mg_coarse_ solve did not converge due to DIVERGED_ITS iterations 30
                  Linear BackwardEuler-Equation_mg_coarse_ solve did not converge due to DIVERGED_ITS iterations 30
                  Linear BackwardEuler-Equation_mg_coarse_ solve did not converge due to DIVERGED_ITS iterations 30
                  Linear BackwardEuler-Equation_mg_coarse_ solve did not converge due to DIVERGED_ITS iterations 30
                  Linear BackwardEuler-Equation_mg_coarse_ solve did not converge due to DIVERGED_ITS iterations 30
                  Linear BackwardEuler-Equation_mg_coarse_ solve did not converge due to DIVERGED_ITS iterations 30
                  Linear BackwardEuler-Equation_mg_coarse_ solve did not converge due to DIVERGED_ITS iterations 30
                  Linear BackwardEuler-Equation_mg_coarse_ solve did not converge due to DIVERGED_ITS iterations 30
                  Linear BackwardEuler-Equation_mg_coarse_ solve did not converge due to DIVERGED_ITS iterations 30
                  Linear BackwardEuler-Equation_mg_coarse_ solve did not converge due to DIVERGED_ITS iterations 30
                  Linear BackwardEuler-Equation_mg_coarse_ solve did not converge due to DIVERGED_ITS iterations 30
                  Linear BackwardEuler-Equation_mg_coarse_ solve did not converge due to DIVERGED_ITS iterations 30
                  Linear BackwardEuler-Equation_mg_coarse_ solve did not converge due to DIVERGED_ITS iterations 30
                  Linear BackwardEuler-Equation_mg_coarse_ solve did not converge due to DIVERGED_ITS iterations 30
                  Linear BackwardEuler-Equation_mg_coarse_ solve did not converge due to DIVERGED_ITS iterations 30
                  Linear BackwardEuler-Equation_mg_coarse_ solve did not converge due to DIVERGED_ITS iterations 30
                  Linear BackwardEuler-Equation_mg_coarse_ solve did not converge due to DIVERGED_ITS iterations 30
                  Linear BackwardEuler-Equation_mg_coarse_ solve did not converge due to DIVERGED_ITS iterations 30
                  Linear BackwardEuler-Equation_mg_coarse_ solve did not converge due to DIVERGED_ITS iterations 30
                  Linear BackwardEuler-Equation_mg_coarse_ solve did not converge due to DIVERGED_ITS iterations 30
    Linear BackwardEuler-Equation_ solve converged due to CONVERGED_RTOL iterations 20
                  Linear BackwardEuler-Equation_mg_coarse_ solve did not converge due to DIVERGED_ITS iterations 30
                  Linear BackwardEuler-Equation_mg_coarse_ solve did not converge due to DIVERGED_ITS iterations 30
                  Linear BackwardEuler-Equation_mg_coarse_ solve did not converge due to DIVERGED_ITS iterations 30
                  Linear BackwardEuler-Equation_mg_coarse_ solve did not converge due to DIVERGED_ITS iterations 30
                  Linear BackwardEuler-Equation_mg_coarse_ solve did not converge due to DIVERGED_ITS iterations 30
                  Linear BackwardEuler-Equation_mg_coarse_ solve did not converge due to DIVERGED_ITS iterations 30
                  Linear BackwardEuler-Equation_mg_coarse_ solve did not converge due to DIVERGED_ITS iterations 30
                  Linear BackwardEuler-Equation_mg_coarse_ solve did not converge due to DIVERGED_ITS iterations 30
                  Linear BackwardEuler-Equation_mg_coarse_ solve did not converge due to DIVERGED_ITS iterations 30
                  Linear BackwardEuler-Equation_mg_coarse_ solve did not converge due to DIVERGED_ITS iterations 30
                  Linear BackwardEuler-Equation_mg_coarse_ solve did not converge due to DIVERGED_ITS iterations 30
                  Linear BackwardEuler-Equation_mg_coarse_ solve did not converge due to DIVERGED_ITS iterations 30
                  Linear BackwardEuler-Equation_mg_coarse_ solve did not converge due to DIVERGED_ITS iterations 30
                  Linear BackwardEuler-Equation_mg_coarse_ solve did not converge due to DIVERGED_ITS iterations 30
                  Linear BackwardEuler-Equation_mg_coarse_ solve did not converge due to DIVERGED_ITS iterations 30
                  Linear BackwardEuler-Equation_mg_coarse_ solve did not converge due to DIVERGED_ITS iterations 30
                  Linear BackwardEuler-Equation_mg_coarse_ solve did not converge due to DIVERGED_ITS iterations 30
                  Linear BackwardEuler-Equation_mg_coarse_ solve did not converge due to DIVERGED_ITS iterations 30
                  Linear BackwardEuler-Equation_mg_coarse_ solve did not converge due to DIVERGED_ITS iterations 30
                  Linear BackwardEuler-Equation_mg_coarse_ solve did not converge due to DIVERGED_ITS iterations 30
                  Linear BackwardEuler-Equation_mg_coarse_ solve did not converge due to DIVERGED_ITS iterations 30
    Linear BackwardEuler-Equation_ solve converged due to CONVERGED_RTOL iterations 20
  Nonlinear BackwardEuler-Equation_ solve converged due to CONVERGED_FNORM_ABS iterations 3
t = 2100.00 s | step 7/30 | wall 113.80 s | NL 3 | L 59
                  Linear BackwardEuler-Equation_mg_coarse_ solve did not converge due to DIVERGED_ITS iterations 30
                  Linear BackwardEuler-Equation_mg_coarse_ solve did not converge due to DIVERGED_ITS iterations 30
                  Linear BackwardEuler-Equation_mg_coarse_ solve did not converge due to DIVERGED_ITS iterations 30
                  Linear BackwardEuler-Equation_mg_coarse_ solve did not converge due to DIVERGED_ITS iterations 30
                  Linear BackwardEuler-Equation_mg_coarse_ solve did not converge due to DIVERGED_ITS iterations 30
                  Linear BackwardEuler-Equation_mg_coarse_ solve did not converge due to DIVERGED_ITS iterations 30
                  Linear BackwardEuler-Equation_mg_coarse_ solve did not converge due to DIVERGED_ITS iterations 30
                  Linear BackwardEuler-Equation_mg_coarse_ solve did not converge due to DIVERGED_ITS iterations 30
                  Linear BackwardEuler-Equation_mg_coarse_ solve did not converge due to DIVERGED_ITS iterations 30
                  Linear BackwardEuler-Equation_mg_coarse_ solve did not converge due to DIVERGED_ITS iterations 30
                  Linear BackwardEuler-Equation_mg_coarse_ solve did not converge due to DIVERGED_ITS iterations 30
                  Linear BackwardEuler-Equation_mg_coarse_ solve did not converge due to DIVERGED_ITS iterations 30
                  Linear BackwardEuler-Equation_mg_coarse_ solve did not converge due to DIVERGED_ITS iterations 30
                  Linear BackwardEuler-Equation_mg_coarse_ solve did not converge due to DIVERGED_ITS iterations 30
                  Linear BackwardEuler-Equation_mg_coarse_ solve did not converge due to DIVERGED_ITS iterations 30
                  Linear BackwardEuler-Equation_mg_coarse_ solve did not converge due to DIVERGED_ITS iterations 30
                  Linear BackwardEuler-Equation_mg_coarse_ solve did not converge due to DIVERGED_ITS iterations 30
                  Linear BackwardEuler-Equation_mg_coarse_ solve did not converge due to DIVERGED_ITS iterations 30
                  Linear BackwardEuler-Equation_mg_coarse_ solve did not converge due to DIVERGED_ITS iterations 30
                  Linear BackwardEuler-Equation_mg_coarse_ solve did not converge due to DIVERGED_ITS iterations 30
    Linear BackwardEuler-Equation_ solve converged due to CONVERGED_RTOL iterations 19
                  Linear BackwardEuler-Equation_mg_coarse_ solve did not converge due to DIVERGED_ITS iterations 30
                  Linear BackwardEuler-Equation_mg_coarse_ solve did not converge due to DIVERGED_ITS iterations 30
                  Linear BackwardEuler-Equation_mg_coarse_ solve did not converge due to DIVERGED_ITS iterations 30
                  Linear BackwardEuler-Equation_mg_coarse_ solve did not converge due to DIVERGED_ITS iterations 30
                  Linear BackwardEuler-Equation_mg_coarse_ solve did not converge due to DIVERGED_ITS iterations 30
                  Linear BackwardEuler-Equation_mg_coarse_ solve did not converge due to DIVERGED_ITS iterations 30
                  Linear BackwardEuler-Equation_mg_coarse_ solve did not converge due to DIVERGED_ITS iterations 30
                  Linear BackwardEuler-Equation_mg_coarse_ solve did not converge due to DIVERGED_ITS iterations 30
                  Linear BackwardEuler-Equation_mg_coarse_ solve did not converge due to DIVERGED_ITS iterations 30
                  Linear BackwardEuler-Equation_mg_coarse_ solve did not converge due to DIVERGED_ITS iterations 30
                  Linear BackwardEuler-Equation_mg_coarse_ solve did not converge due to DIVERGED_ITS iterations 30
                  Linear BackwardEuler-Equation_mg_coarse_ solve did not converge due to DIVERGED_ITS iterations 30
                  Linear BackwardEuler-Equation_mg_coarse_ solve did not converge due to DIVERGED_ITS iterations 30
                  Linear BackwardEuler-Equation_mg_coarse_ solve did not converge due to DIVERGED_ITS iterations 30
                  Linear BackwardEuler-Equation_mg_coarse_ solve did not converge due to DIVERGED_ITS iterations 30
                  Linear BackwardEuler-Equation_mg_coarse_ solve did not converge due to DIVERGED_ITS iterations 30
                  Linear BackwardEuler-Equation_mg_coarse_ solve did not converge due to DIVERGED_ITS iterations 30
                  Linear BackwardEuler-Equation_mg_coarse_ solve did not converge due to DIVERGED_ITS iterations 30
                  Linear BackwardEuler-Equation_mg_coarse_ solve did not converge due to DIVERGED_ITS iterations 30
                  Linear BackwardEuler-Equation_mg_coarse_ solve did not converge due to DIVERGED_ITS iterations 30
                  Linear BackwardEuler-Equation_mg_coarse_ solve did not converge due to DIVERGED_ITS iterations 30
    Linear BackwardEuler-Equation_ solve converged due to CONVERGED_RTOL iterations 20
                  Linear BackwardEuler-Equation_mg_coarse_ solve did not converge due to DIVERGED_ITS iterations 30
                  Linear BackwardEuler-Equation_mg_coarse_ solve did not converge due to DIVERGED_ITS iterations 30
                  Linear BackwardEuler-Equation_mg_coarse_ solve did not converge due to DIVERGED_ITS iterations 30
                  Linear BackwardEuler-Equation_mg_coarse_ solve did not converge due to DIVERGED_ITS iterations 30
                  Linear BackwardEuler-Equation_mg_coarse_ solve did not converge due to DIVERGED_ITS iterations 30
                  Linear BackwardEuler-Equation_mg_coarse_ solve did not converge due to DIVERGED_ITS iterations 30
                  Linear BackwardEuler-Equation_mg_coarse_ solve did not converge due to DIVERGED_ITS iterations 30
                  Linear BackwardEuler-Equation_mg_coarse_ solve did not converge due to DIVERGED_ITS iterations 30
                  Linear BackwardEuler-Equation_mg_coarse_ solve did not converge due to DIVERGED_ITS iterations 30
                  Linear BackwardEuler-Equation_mg_coarse_ solve did not converge due to DIVERGED_ITS iterations 30
                  Linear BackwardEuler-Equation_mg_coarse_ solve did not converge due to DIVERGED_ITS iterations 30
                  Linear BackwardEuler-Equation_mg_coarse_ solve did not converge due to DIVERGED_ITS iterations 30
                  Linear BackwardEuler-Equation_mg_coarse_ solve did not converge due to DIVERGED_ITS iterations 30
                  Linear BackwardEuler-Equation_mg_coarse_ solve did not converge due to DIVERGED_ITS iterations 30
                  Linear BackwardEuler-Equation_mg_coarse_ solve did not converge due to DIVERGED_ITS iterations 30
                  Linear BackwardEuler-Equation_mg_coarse_ solve did not converge due to DIVERGED_ITS iterations 30
                  Linear BackwardEuler-Equation_mg_coarse_ solve did not converge due to DIVERGED_ITS iterations 30
                  Linear BackwardEuler-Equation_mg_coarse_ solve did not converge due to DIVERGED_ITS iterations 30
                  Linear BackwardEuler-Equation_mg_coarse_ solve did not converge due to DIVERGED_ITS iterations 30
                  Linear BackwardEuler-Equation_mg_coarse_ solve did not converge due to DIVERGED_ITS iterations 30
                  Linear BackwardEuler-Equation_mg_coarse_ solve did not converge due to DIVERGED_ITS iterations 30
    Linear BackwardEuler-Equation_ solve converged due to CONVERGED_RTOL iterations 20
  Nonlinear BackwardEuler-Equation_ solve converged due to CONVERGED_FNORM_ABS iterations 3
t = 2400.00 s | step 8/30 | wall 112.05 s | NL 3 | L 59
                  Linear BackwardEuler-Equation_mg_coarse_ solve did not converge due to DIVERGED_ITS iterations 30
                  Linear BackwardEuler-Equation_mg_coarse_ solve did not converge due to DIVERGED_ITS iterations 30
                  Linear BackwardEuler-Equation_mg_coarse_ solve did not converge due to DIVERGED_ITS iterations 30
                  Linear BackwardEuler-Equation_mg_coarse_ solve did not converge due to DIVERGED_ITS iterations 30
                  Linear BackwardEuler-Equation_mg_coarse_ solve did not converge due to DIVERGED_ITS iterations 30
                  Linear BackwardEuler-Equation_mg_coarse_ solve did not converge due to DIVERGED_ITS iterations 30
                  Linear BackwardEuler-Equation_mg_coarse_ solve did not converge due to DIVERGED_ITS iterations 30
                  Linear BackwardEuler-Equation_mg_coarse_ solve did not converge due to DIVERGED_ITS iterations 30
                  Linear BackwardEuler-Equation_mg_coarse_ solve did not converge due to DIVERGED_ITS iterations 30
                  Linear BackwardEuler-Equation_mg_coarse_ solve did not converge due to DIVERGED_ITS iterations 30
                  Linear BackwardEuler-Equation_mg_coarse_ solve did not converge due to DIVERGED_ITS iterations 30
                  Linear BackwardEuler-Equation_mg_coarse_ solve did not converge due to DIVERGED_ITS iterations 30
                  Linear BackwardEuler-Equation_mg_coarse_ solve did not converge due to DIVERGED_ITS iterations 30
                  Linear BackwardEuler-Equation_mg_coarse_ solve did not converge due to DIVERGED_ITS iterations 30
                  Linear BackwardEuler-Equation_mg_coarse_ solve did not converge due to DIVERGED_ITS iterations 30
                  Linear BackwardEuler-Equation_mg_coarse_ solve did not converge due to DIVERGED_ITS iterations 30
                  Linear BackwardEuler-Equation_mg_coarse_ solve did not converge due to DIVERGED_ITS iterations 30
                  Linear BackwardEuler-Equation_mg_coarse_ solve did not converge due to DIVERGED_ITS iterations 30
                  Linear BackwardEuler-Equation_mg_coarse_ solve did not converge due to DIVERGED_ITS iterations 30
                  Linear BackwardEuler-Equation_mg_coarse_ solve did not converge due to DIVERGED_ITS iterations 30
    Linear BackwardEuler-Equation_ solve converged due to CONVERGED_RTOL iterations 19
                  Linear BackwardEuler-Equation_mg_coarse_ solve did not converge due to DIVERGED_ITS iterations 30
                  Linear BackwardEuler-Equation_mg_coarse_ solve did not converge due to DIVERGED_ITS iterations 30
                  Linear BackwardEuler-Equation_mg_coarse_ solve did not converge due to DIVERGED_ITS iterations 30
                  Linear BackwardEuler-Equation_mg_coarse_ solve did not converge due to DIVERGED_ITS iterations 30
                  Linear BackwardEuler-Equation_mg_coarse_ solve did not converge due to DIVERGED_ITS iterations 30
                  Linear BackwardEuler-Equation_mg_coarse_ solve did not converge due to DIVERGED_ITS iterations 30
                  Linear BackwardEuler-Equation_mg_coarse_ solve did not converge due to DIVERGED_ITS iterations 30
                  Linear BackwardEuler-Equation_mg_coarse_ solve did not converge due to DIVERGED_ITS iterations 30
                  Linear BackwardEuler-Equation_mg_coarse_ solve did not converge due to DIVERGED_ITS iterations 30
                  Linear BackwardEuler-Equation_mg_coarse_ solve did not converge due to DIVERGED_ITS iterations 30
                  Linear BackwardEuler-Equation_mg_coarse_ solve did not converge due to DIVERGED_ITS iterations 30
                  Linear BackwardEuler-Equation_mg_coarse_ solve did not converge due to DIVERGED_ITS iterations 30
                  Linear BackwardEuler-Equation_mg_coarse_ solve did not converge due to DIVERGED_ITS iterations 30
                  Linear BackwardEuler-Equation_mg_coarse_ solve did not converge due to DIVERGED_ITS iterations 30
                  Linear BackwardEuler-Equation_mg_coarse_ solve did not converge due to DIVERGED_ITS iterations 30
                  Linear BackwardEuler-Equation_mg_coarse_ solve did not converge due to DIVERGED_ITS iterations 30
                  Linear BackwardEuler-Equation_mg_coarse_ solve did not converge due to DIVERGED_ITS iterations 30
                  Linear BackwardEuler-Equation_mg_coarse_ solve did not converge due to DIVERGED_ITS iterations 30
                  Linear BackwardEuler-Equation_mg_coarse_ solve did not converge due to DIVERGED_ITS iterations 30
                  Linear BackwardEuler-Equation_mg_coarse_ solve did not converge due to DIVERGED_ITS iterations 30
                  Linear BackwardEuler-Equation_mg_coarse_ solve did not converge due to DIVERGED_ITS iterations 30
    Linear BackwardEuler-Equation_ solve converged due to CONVERGED_RTOL iterations 20
                  Linear BackwardEuler-Equation_mg_coarse_ solve did not converge due to DIVERGED_ITS iterations 30
                  Linear BackwardEuler-Equation_mg_coarse_ solve did not converge due to DIVERGED_ITS iterations 30
                  Linear BackwardEuler-Equation_mg_coarse_ solve did not converge due to DIVERGED_ITS iterations 30
                  Linear BackwardEuler-Equation_mg_coarse_ solve did not converge due to DIVERGED_ITS iterations 30
                  Linear BackwardEuler-Equation_mg_coarse_ solve did not converge due to DIVERGED_ITS iterations 30
                  Linear BackwardEuler-Equation_mg_coarse_ solve did not converge due to DIVERGED_ITS iterations 30
                  Linear BackwardEuler-Equation_mg_coarse_ solve did not converge due to DIVERGED_ITS iterations 30
                  Linear BackwardEuler-Equation_mg_coarse_ solve did not converge due to DIVERGED_ITS iterations 30
                  Linear BackwardEuler-Equation_mg_coarse_ solve did not converge due to DIVERGED_ITS iterations 30
                  Linear BackwardEuler-Equation_mg_coarse_ solve did not converge due to DIVERGED_ITS iterations 30
                  Linear BackwardEuler-Equation_mg_coarse_ solve did not converge due to DIVERGED_ITS iterations 30
                  Linear BackwardEuler-Equation_mg_coarse_ solve did not converge due to DIVERGED_ITS iterations 30
                  Linear BackwardEuler-Equation_mg_coarse_ solve did not converge due to DIVERGED_ITS iterations 30
                  Linear BackwardEuler-Equation_mg_coarse_ solve did not converge due to DIVERGED_ITS iterations 30
                  Linear BackwardEuler-Equation_mg_coarse_ solve did not converge due to DIVERGED_ITS iterations 30
                  Linear BackwardEuler-Equation_mg_coarse_ solve did not converge due to DIVERGED_ITS iterations 30
                  Linear BackwardEuler-Equation_mg_coarse_ solve did not converge due to DIVERGED_ITS iterations 30
                  Linear BackwardEuler-Equation_mg_coarse_ solve did not converge due to DIVERGED_ITS iterations 30
                  Linear BackwardEuler-Equation_mg_coarse_ solve did not converge due to DIVERGED_ITS iterations 30
                  Linear BackwardEuler-Equation_mg_coarse_ solve did not converge due to DIVERGED_ITS iterations 30
                  Linear BackwardEuler-Equation_mg_coarse_ solve did not converge due to DIVERGED_ITS iterations 30
    Linear BackwardEuler-Equation_ solve converged due to CONVERGED_RTOL iterations 20
  Nonlinear BackwardEuler-Equation_ solve converged due to CONVERGED_FNORM_ABS iterations 3
t = 2700.00 s | step 9/30 | wall 113.47 s | NL 3 | L 59
                  Linear BackwardEuler-Equation_mg_coarse_ solve did not converge due to DIVERGED_ITS iterations 30
                  Linear BackwardEuler-Equation_mg_coarse_ solve did not converge due to DIVERGED_ITS iterations 30
                  Linear BackwardEuler-Equation_mg_coarse_ solve did not converge due to DIVERGED_ITS iterations 30
                  Linear BackwardEuler-Equation_mg_coarse_ solve did not converge due to DIVERGED_ITS iterations 30
                  Linear BackwardEuler-Equation_mg_coarse_ solve did not converge due to DIVERGED_ITS iterations 30
                  Linear BackwardEuler-Equation_mg_coarse_ solve did not converge due to DIVERGED_ITS iterations 30
                  Linear BackwardEuler-Equation_mg_coarse_ solve did not converge due to DIVERGED_ITS iterations 30
                  Linear BackwardEuler-Equation_mg_coarse_ solve did not converge due to DIVERGED_ITS iterations 30
                  Linear BackwardEuler-Equation_mg_coarse_ solve did not converge due to DIVERGED_ITS iterations 30
                  Linear BackwardEuler-Equation_mg_coarse_ solve did not converge due to DIVERGED_ITS iterations 30
                  Linear BackwardEuler-Equation_mg_coarse_ solve did not converge due to DIVERGED_ITS iterations 30
                  Linear BackwardEuler-Equation_mg_coarse_ solve did not converge due to DIVERGED_ITS iterations 30
                  Linear BackwardEuler-Equation_mg_coarse_ solve did not converge due to DIVERGED_ITS iterations 30
                  Linear BackwardEuler-Equation_mg_coarse_ solve did not converge due to DIVERGED_ITS iterations 30
                  Linear BackwardEuler-Equation_mg_coarse_ solve did not converge due to DIVERGED_ITS iterations 30
                  Linear BackwardEuler-Equation_mg_coarse_ solve did not converge due to DIVERGED_ITS iterations 30
                  Linear BackwardEuler-Equation_mg_coarse_ solve did not converge due to DIVERGED_ITS iterations 30
                  Linear BackwardEuler-Equation_mg_coarse_ solve did not converge due to DIVERGED_ITS iterations 30
                  Linear BackwardEuler-Equation_mg_coarse_ solve did not converge due to DIVERGED_ITS iterations 30
                  Linear BackwardEuler-Equation_mg_coarse_ solve did not converge due to DIVERGED_ITS iterations 30
    Linear BackwardEuler-Equation_ solve converged due to CONVERGED_RTOL iterations 19
                  Linear BackwardEuler-Equation_mg_coarse_ solve did not converge due to DIVERGED_ITS iterations 30
                  Linear BackwardEuler-Equation_mg_coarse_ solve did not converge due to DIVERGED_ITS iterations 30
                  Linear BackwardEuler-Equation_mg_coarse_ solve did not converge due to DIVERGED_ITS iterations 30
                  Linear BackwardEuler-Equation_mg_coarse_ solve did not converge due to DIVERGED_ITS iterations 30
                  Linear BackwardEuler-Equation_mg_coarse_ solve did not converge due to DIVERGED_ITS iterations 30
                  Linear BackwardEuler-Equation_mg_coarse_ solve did not converge due to DIVERGED_ITS iterations 30
                  Linear BackwardEuler-Equation_mg_coarse_ solve did not converge due to DIVERGED_ITS iterations 30
                  Linear BackwardEuler-Equation_mg_coarse_ solve did not converge due to DIVERGED_ITS iterations 30
                  Linear BackwardEuler-Equation_mg_coarse_ solve did not converge due to DIVERGED_ITS iterations 30
                  Linear BackwardEuler-Equation_mg_coarse_ solve did not converge due to DIVERGED_ITS iterations 30
                  Linear BackwardEuler-Equation_mg_coarse_ solve did not converge due to DIVERGED_ITS iterations 30
                  Linear BackwardEuler-Equation_mg_coarse_ solve did not converge due to DIVERGED_ITS iterations 30
                  Linear BackwardEuler-Equation_mg_coarse_ solve did not converge due to DIVERGED_ITS iterations 30
                  Linear BackwardEuler-Equation_mg_coarse_ solve did not converge due to DIVERGED_ITS iterations 30
                  Linear BackwardEuler-Equation_mg_coarse_ solve did not converge due to DIVERGED_ITS iterations 30
                  Linear BackwardEuler-Equation_mg_coarse_ solve did not converge due to DIVERGED_ITS iterations 30
                  Linear BackwardEuler-Equation_mg_coarse_ solve did not converge due to DIVERGED_ITS iterations 30
                  Linear BackwardEuler-Equation_mg_coarse_ solve did not converge due to DIVERGED_ITS iterations 30
                  Linear BackwardEuler-Equation_mg_coarse_ solve did not converge due to DIVERGED_ITS iterations 30
                  Linear BackwardEuler-Equation_mg_coarse_ solve did not converge due to DIVERGED_ITS iterations 30
                  Linear BackwardEuler-Equation_mg_coarse_ solve did not converge due to DIVERGED_ITS iterations 30
    Linear BackwardEuler-Equation_ solve converged due to CONVERGED_RTOL iterations 20
                  Linear BackwardEuler-Equation_mg_coarse_ solve did not converge due to DIVERGED_ITS iterations 30
                  Linear BackwardEuler-Equation_mg_coarse_ solve did not converge due to DIVERGED_ITS iterations 30
                  Linear BackwardEuler-Equation_mg_coarse_ solve did not converge due to DIVERGED_ITS iterations 30
                  Linear BackwardEuler-Equation_mg_coarse_ solve did not converge due to DIVERGED_ITS iterations 30
                  Linear BackwardEuler-Equation_mg_coarse_ solve did not converge due to DIVERGED_ITS iterations 30
                  Linear BackwardEuler-Equation_mg_coarse_ solve did not converge due to DIVERGED_ITS iterations 30
                  Linear BackwardEuler-Equation_mg_coarse_ solve did not converge due to DIVERGED_ITS iterations 30
                  Linear BackwardEuler-Equation_mg_coarse_ solve did not converge due to DIVERGED_ITS iterations 30
                  Linear BackwardEuler-Equation_mg_coarse_ solve did not converge due to DIVERGED_ITS iterations 30
                  Linear BackwardEuler-Equation_mg_coarse_ solve did not converge due to DIVERGED_ITS iterations 30
                  Linear BackwardEuler-Equation_mg_coarse_ solve did not converge due to DIVERGED_ITS iterations 30
                  Linear BackwardEuler-Equation_mg_coarse_ solve did not converge due to DIVERGED_ITS iterations 30
                  Linear BackwardEuler-Equation_mg_coarse_ solve did not converge due to DIVERGED_ITS iterations 30
                  Linear BackwardEuler-Equation_mg_coarse_ solve did not converge due to DIVERGED_ITS iterations 30
                  Linear BackwardEuler-Equation_mg_coarse_ solve did not converge due to DIVERGED_ITS iterations 30
                  Linear BackwardEuler-Equation_mg_coarse_ solve did not converge due to DIVERGED_ITS iterations 30
                  Linear BackwardEuler-Equation_mg_coarse_ solve did not converge due to DIVERGED_ITS iterations 30
                  Linear BackwardEuler-Equation_mg_coarse_ solve did not converge due to DIVERGED_ITS iterations 30
                  Linear BackwardEuler-Equation_mg_coarse_ solve did not converge due to DIVERGED_ITS iterations 30
                  Linear BackwardEuler-Equation_mg_coarse_ solve did not converge due to DIVERGED_ITS iterations 30
                  Linear BackwardEuler-Equation_mg_coarse_ solve did not converge due to DIVERGED_ITS iterations 30
    Linear BackwardEuler-Equation_ solve converged due to CONVERGED_RTOL iterations 20
  Nonlinear BackwardEuler-Equation_ solve converged due to CONVERGED_FNORM_ABS iterations 3
t = 3000.00 s | step 10/30 | wall 112.51 s | NL 3 | L 59
                  Linear BackwardEuler-Equation_mg_coarse_ solve did not converge due to DIVERGED_ITS iterations 30
                  Linear BackwardEuler-Equation_mg_coarse_ solve did not converge due to DIVERGED_ITS iterations 30
                  Linear BackwardEuler-Equation_mg_coarse_ solve did not converge due to DIVERGED_ITS iterations 30
                  Linear BackwardEuler-Equation_mg_coarse_ solve did not converge due to DIVERGED_ITS iterations 30
                  Linear BackwardEuler-Equation_mg_coarse_ solve did not converge due to DIVERGED_ITS iterations 30
                  Linear BackwardEuler-Equation_mg_coarse_ solve did not converge due to DIVERGED_ITS iterations 30
                  Linear BackwardEuler-Equation_mg_coarse_ solve did not converge due to DIVERGED_ITS iterations 30
                  Linear BackwardEuler-Equation_mg_coarse_ solve did not converge due to DIVERGED_ITS iterations 30
                  Linear BackwardEuler-Equation_mg_coarse_ solve did not converge due to DIVERGED_ITS iterations 30
                  Linear BackwardEuler-Equation_mg_coarse_ solve did not converge due to DIVERGED_ITS iterations 30
                  Linear BackwardEuler-Equation_mg_coarse_ solve did not converge due to DIVERGED_ITS iterations 30
                  Linear BackwardEuler-Equation_mg_coarse_ solve did not converge due to DIVERGED_ITS iterations 30
                  Linear BackwardEuler-Equation_mg_coarse_ solve did not converge due to DIVERGED_ITS iterations 30
                  Linear BackwardEuler-Equation_mg_coarse_ solve did not converge due to DIVERGED_ITS iterations 30
                  Linear BackwardEuler-Equation_mg_coarse_ solve did not converge due to DIVERGED_ITS iterations 30
                  Linear BackwardEuler-Equation_mg_coarse_ solve did not converge due to DIVERGED_ITS iterations 30
                  Linear BackwardEuler-Equation_mg_coarse_ solve did not converge due to DIVERGED_ITS iterations 30
                  Linear BackwardEuler-Equation_mg_coarse_ solve did not converge due to DIVERGED_ITS iterations 30
                  Linear BackwardEuler-Equation_mg_coarse_ solve did not converge due to DIVERGED_ITS iterations 30
                  Linear BackwardEuler-Equation_mg_coarse_ solve did not converge due to DIVERGED_ITS iterations 30
    Linear BackwardEuler-Equation_ solve converged due to CONVERGED_RTOL iterations 19
                  Linear BackwardEuler-Equation_mg_coarse_ solve did not converge due to DIVERGED_ITS iterations 30
                  Linear BackwardEuler-Equation_mg_coarse_ solve did not converge due to DIVERGED_ITS iterations 30
                  Linear BackwardEuler-Equation_mg_coarse_ solve did not converge due to DIVERGED_ITS iterations 30
                  Linear BackwardEuler-Equation_mg_coarse_ solve did not converge due to DIVERGED_ITS iterations 30
                  Linear BackwardEuler-Equation_mg_coarse_ solve did not converge due to DIVERGED_ITS iterations 30
                  Linear BackwardEuler-Equation_mg_coarse_ solve did not converge due to DIVERGED_ITS iterations 30
                  Linear BackwardEuler-Equation_mg_coarse_ solve did not converge due to DIVERGED_ITS iterations 30
                  Linear BackwardEuler-Equation_mg_coarse_ solve did not converge due to DIVERGED_ITS iterations 30
                  Linear BackwardEuler-Equation_mg_coarse_ solve did not converge due to DIVERGED_ITS iterations 30
                  Linear BackwardEuler-Equation_mg_coarse_ solve did not converge due to DIVERGED_ITS iterations 30
                  Linear BackwardEuler-Equation_mg_coarse_ solve did not converge due to DIVERGED_ITS iterations 30
                  Linear BackwardEuler-Equation_mg_coarse_ solve did not converge due to DIVERGED_ITS iterations 30
                  Linear BackwardEuler-Equation_mg_coarse_ solve did not converge due to DIVERGED_ITS iterations 30
                  Linear BackwardEuler-Equation_mg_coarse_ solve did not converge due to DIVERGED_ITS iterations 30
                  Linear BackwardEuler-Equation_mg_coarse_ solve did not converge due to DIVERGED_ITS iterations 30
                  Linear BackwardEuler-Equation_mg_coarse_ solve did not converge due to DIVERGED_ITS iterations 30
                  Linear BackwardEuler-Equation_mg_coarse_ solve did not converge due to DIVERGED_ITS iterations 30
                  Linear BackwardEuler-Equation_mg_coarse_ solve did not converge due to DIVERGED_ITS iterations 30
                  Linear BackwardEuler-Equation_mg_coarse_ solve did not converge due to DIVERGED_ITS iterations 30
                  Linear BackwardEuler-Equation_mg_coarse_ solve did not converge due to DIVERGED_ITS iterations 30
                  Linear BackwardEuler-Equation_mg_coarse_ solve did not converge due to DIVERGED_ITS iterations 30
    Linear BackwardEuler-Equation_ solve converged due to CONVERGED_RTOL iterations 20
                  Linear BackwardEuler-Equation_mg_coarse_ solve did not converge due to DIVERGED_ITS iterations 30
                  Linear BackwardEuler-Equation_mg_coarse_ solve did not converge due to DIVERGED_ITS iterations 30
                  Linear BackwardEuler-Equation_mg_coarse_ solve did not converge due to DIVERGED_ITS iterations 30
                  Linear BackwardEuler-Equation_mg_coarse_ solve did not converge due to DIVERGED_ITS iterations 30
                  Linear BackwardEuler-Equation_mg_coarse_ solve did not converge due to DIVERGED_ITS iterations 30
                  Linear BackwardEuler-Equation_mg_coarse_ solve did not converge due to DIVERGED_ITS iterations 30
                  Linear BackwardEuler-Equation_mg_coarse_ solve did not converge due to DIVERGED_ITS iterations 30
                  Linear BackwardEuler-Equation_mg_coarse_ solve did not converge due to DIVERGED_ITS iterations 30
                  Linear BackwardEuler-Equation_mg_coarse_ solve did not converge due to DIVERGED_ITS iterations 30
                  Linear BackwardEuler-Equation_mg_coarse_ solve did not converge due to DIVERGED_ITS iterations 30
                  Linear BackwardEuler-Equation_mg_coarse_ solve did not converge due to DIVERGED_ITS iterations 30
                  Linear BackwardEuler-Equation_mg_coarse_ solve did not converge due to DIVERGED_ITS iterations 30
                  Linear BackwardEuler-Equation_mg_coarse_ solve did not converge due to DIVERGED_ITS iterations 30
                  Linear BackwardEuler-Equation_mg_coarse_ solve did not converge due to DIVERGED_ITS iterations 30
                  Linear BackwardEuler-Equation_mg_coarse_ solve did not converge due to DIVERGED_ITS iterations 30
                  Linear BackwardEuler-Equation_mg_coarse_ solve did not converge due to DIVERGED_ITS iterations 30
                  Linear BackwardEuler-Equation_mg_coarse_ solve did not converge due to DIVERGED_ITS iterations 30
                  Linear BackwardEuler-Equation_mg_coarse_ solve did not converge due to DIVERGED_ITS iterations 30
                  Linear BackwardEuler-Equation_mg_coarse_ solve did not converge due to DIVERGED_ITS iterations 30
                  Linear BackwardEuler-Equation_mg_coarse_ solve did not converge due to DIVERGED_ITS iterations 30
                  Linear BackwardEuler-Equation_mg_coarse_ solve did not converge due to DIVERGED_ITS iterations 30
    Linear BackwardEuler-Equation_ solve converged due to CONVERGED_RTOL iterations 20
  Nonlinear BackwardEuler-Equation_ solve converged due to CONVERGED_FNORM_ABS iterations 3
t = 3300.00 s | step 11/30 | wall 113.26 s | NL 3 | L 59
                  Linear BackwardEuler-Equation_mg_coarse_ solve did not converge due to DIVERGED_ITS iterations 30
                  Linear BackwardEuler-Equation_mg_coarse_ solve did not converge due to DIVERGED_ITS iterations 30
                  Linear BackwardEuler-Equation_mg_coarse_ solve did not converge due to DIVERGED_ITS iterations 30
                  Linear BackwardEuler-Equation_mg_coarse_ solve did not converge due to DIVERGED_ITS iterations 30
                  Linear BackwardEuler-Equation_mg_coarse_ solve did not converge due to DIVERGED_ITS iterations 30
                  Linear BackwardEuler-Equation_mg_coarse_ solve did not converge due to DIVERGED_ITS iterations 30
                  Linear BackwardEuler-Equation_mg_coarse_ solve did not converge due to DIVERGED_ITS iterations 30
                  Linear BackwardEuler-Equation_mg_coarse_ solve did not converge due to DIVERGED_ITS iterations 30
                  Linear BackwardEuler-Equation_mg_coarse_ solve did not converge due to DIVERGED_ITS iterations 30
                  Linear BackwardEuler-Equation_mg_coarse_ solve did not converge due to DIVERGED_ITS iterations 30
                  Linear BackwardEuler-Equation_mg_coarse_ solve did not converge due to DIVERGED_ITS iterations 30
                  Linear BackwardEuler-Equation_mg_coarse_ solve did not converge due to DIVERGED_ITS iterations 30
                  Linear BackwardEuler-Equation_mg_coarse_ solve did not converge due to DIVERGED_ITS iterations 30
                  Linear BackwardEuler-Equation_mg_coarse_ solve did not converge due to DIVERGED_ITS iterations 30
                  Linear BackwardEuler-Equation_mg_coarse_ solve did not converge due to DIVERGED_ITS iterations 30
                  Linear BackwardEuler-Equation_mg_coarse_ solve did not converge due to DIVERGED_ITS iterations 30
                  Linear BackwardEuler-Equation_mg_coarse_ solve did not converge due to DIVERGED_ITS iterations 30
                  Linear BackwardEuler-Equation_mg_coarse_ solve did not converge due to DIVERGED_ITS iterations 30
                  Linear BackwardEuler-Equation_mg_coarse_ solve did not converge due to DIVERGED_ITS iterations 30
                  Linear BackwardEuler-Equation_mg_coarse_ solve did not converge due to DIVERGED_ITS iterations 30
    Linear BackwardEuler-Equation_ solve converged due to CONVERGED_RTOL iterations 19
                  Linear BackwardEuler-Equation_mg_coarse_ solve did not converge due to DIVERGED_ITS iterations 30
                  Linear BackwardEuler-Equation_mg_coarse_ solve did not converge due to DIVERGED_ITS iterations 30
                  Linear BackwardEuler-Equation_mg_coarse_ solve did not converge due to DIVERGED_ITS iterations 30
                  Linear BackwardEuler-Equation_mg_coarse_ solve did not converge due to DIVERGED_ITS iterations 30
                  Linear BackwardEuler-Equation_mg_coarse_ solve did not converge due to DIVERGED_ITS iterations 30
                  Linear BackwardEuler-Equation_mg_coarse_ solve did not converge due to DIVERGED_ITS iterations 30
                  Linear BackwardEuler-Equation_mg_coarse_ solve did not converge due to DIVERGED_ITS iterations 30
                  Linear BackwardEuler-Equation_mg_coarse_ solve did not converge due to DIVERGED_ITS iterations 30
                  Linear BackwardEuler-Equation_mg_coarse_ solve did not converge due to DIVERGED_ITS iterations 30
                  Linear BackwardEuler-Equation_mg_coarse_ solve did not converge due to DIVERGED_ITS iterations 30
                  Linear BackwardEuler-Equation_mg_coarse_ solve did not converge due to DIVERGED_ITS iterations 30
                  Linear BackwardEuler-Equation_mg_coarse_ solve did not converge due to DIVERGED_ITS iterations 30
                  Linear BackwardEuler-Equation_mg_coarse_ solve did not converge due to DIVERGED_ITS iterations 30
                  Linear BackwardEuler-Equation_mg_coarse_ solve did not converge due to DIVERGED_ITS iterations 30
                  Linear BackwardEuler-Equation_mg_coarse_ solve did not converge due to DIVERGED_ITS iterations 30
                  Linear BackwardEuler-Equation_mg_coarse_ solve did not converge due to DIVERGED_ITS iterations 30
                  Linear BackwardEuler-Equation_mg_coarse_ solve did not converge due to DIVERGED_ITS iterations 30
                  Linear BackwardEuler-Equation_mg_coarse_ solve did not converge due to DIVERGED_ITS iterations 30
                  Linear BackwardEuler-Equation_mg_coarse_ solve did not converge due to DIVERGED_ITS iterations 30
                  Linear BackwardEuler-Equation_mg_coarse_ solve did not converge due to DIVERGED_ITS iterations 30
                  Linear BackwardEuler-Equation_mg_coarse_ solve did not converge due to DIVERGED_ITS iterations 30
    Linear BackwardEuler-Equation_ solve converged due to CONVERGED_RTOL iterations 20
                  Linear BackwardEuler-Equation_mg_coarse_ solve did not converge due to DIVERGED_ITS iterations 30
                  Linear BackwardEuler-Equation_mg_coarse_ solve did not converge due to DIVERGED_ITS iterations 30
                  Linear BackwardEuler-Equation_mg_coarse_ solve did not converge due to DIVERGED_ITS iterations 30
                  Linear BackwardEuler-Equation_mg_coarse_ solve did not converge due to DIVERGED_ITS iterations 30
                  Linear BackwardEuler-Equation_mg_coarse_ solve did not converge due to DIVERGED_ITS iterations 30
                  Linear BackwardEuler-Equation_mg_coarse_ solve did not converge due to DIVERGED_ITS iterations 30
                  Linear BackwardEuler-Equation_mg_coarse_ solve did not converge due to DIVERGED_ITS iterations 30
                  Linear BackwardEuler-Equation_mg_coarse_ solve did not converge due to DIVERGED_ITS iterations 30
                  Linear BackwardEuler-Equation_mg_coarse_ solve did not converge due to DIVERGED_ITS iterations 30
                  Linear BackwardEuler-Equation_mg_coarse_ solve did not converge due to DIVERGED_ITS iterations 30
                  Linear BackwardEuler-Equation_mg_coarse_ solve did not converge due to DIVERGED_ITS iterations 30
                  Linear BackwardEuler-Equation_mg_coarse_ solve did not converge due to DIVERGED_ITS iterations 30
                  Linear BackwardEuler-Equation_mg_coarse_ solve did not converge due to DIVERGED_ITS iterations 30
                  Linear BackwardEuler-Equation_mg_coarse_ solve did not converge due to DIVERGED_ITS iterations 30
                  Linear BackwardEuler-Equation_mg_coarse_ solve did not converge due to DIVERGED_ITS iterations 30
                  Linear BackwardEuler-Equation_mg_coarse_ solve did not converge due to DIVERGED_ITS iterations 30
                  Linear BackwardEuler-Equation_mg_coarse_ solve did not converge due to DIVERGED_ITS iterations 30
                  Linear BackwardEuler-Equation_mg_coarse_ solve did not converge due to DIVERGED_ITS iterations 30
                  Linear BackwardEuler-Equation_mg_coarse_ solve did not converge due to DIVERGED_ITS iterations 30
                  Linear BackwardEuler-Equation_mg_coarse_ solve did not converge due to DIVERGED_ITS iterations 30
                  Linear BackwardEuler-Equation_mg_coarse_ solve did not converge due to DIVERGED_ITS iterations 30
    Linear BackwardEuler-Equation_ solve converged due to CONVERGED_RTOL iterations 20
  Nonlinear BackwardEuler-Equation_ solve converged due to CONVERGED_FNORM_ABS iterations 3
t = 3600.00 s | step 12/30 | wall 112.53 s | NL 3 | L 59
                  Linear BackwardEuler-Equation_mg_coarse_ solve did not converge due to DIVERGED_ITS iterations 30
                  Linear BackwardEuler-Equation_mg_coarse_ solve did not converge due to DIVERGED_ITS iterations 30
                  Linear BackwardEuler-Equation_mg_coarse_ solve did not converge due to DIVERGED_ITS iterations 30
                  Linear BackwardEuler-Equation_mg_coarse_ solve did not converge due to DIVERGED_ITS iterations 30
                  Linear BackwardEuler-Equation_mg_coarse_ solve did not converge due to DIVERGED_ITS iterations 30
                  Linear BackwardEuler-Equation_mg_coarse_ solve did not converge due to DIVERGED_ITS iterations 30
                  Linear BackwardEuler-Equation_mg_coarse_ solve did not converge due to DIVERGED_ITS iterations 30
                  Linear BackwardEuler-Equation_mg_coarse_ solve did not converge due to DIVERGED_ITS iterations 30
                  Linear BackwardEuler-Equation_mg_coarse_ solve did not converge due to DIVERGED_ITS iterations 30
                  Linear BackwardEuler-Equation_mg_coarse_ solve did not converge due to DIVERGED_ITS iterations 30
                  Linear BackwardEuler-Equation_mg_coarse_ solve did not converge due to DIVERGED_ITS iterations 30
                  Linear BackwardEuler-Equation_mg_coarse_ solve did not converge due to DIVERGED_ITS iterations 30
                  Linear BackwardEuler-Equation_mg_coarse_ solve did not converge due to DIVERGED_ITS iterations 30
                  Linear BackwardEuler-Equation_mg_coarse_ solve did not converge due to DIVERGED_ITS iterations 30
                  Linear BackwardEuler-Equation_mg_coarse_ solve did not converge due to DIVERGED_ITS iterations 30
                  Linear BackwardEuler-Equation_mg_coarse_ solve did not converge due to DIVERGED_ITS iterations 30
                  Linear BackwardEuler-Equation_mg_coarse_ solve did not converge due to DIVERGED_ITS iterations 30
                  Linear BackwardEuler-Equation_mg_coarse_ solve did not converge due to DIVERGED_ITS iterations 30
                  Linear BackwardEuler-Equation_mg_coarse_ solve did not converge due to DIVERGED_ITS iterations 30
                  Linear BackwardEuler-Equation_mg_coarse_ solve did not converge due to DIVERGED_ITS iterations 30
    Linear BackwardEuler-Equation_ solve converged due to CONVERGED_RTOL iterations 19
                  Linear BackwardEuler-Equation_mg_coarse_ solve did not converge due to DIVERGED_ITS iterations 30
                  Linear BackwardEuler-Equation_mg_coarse_ solve did not converge due to DIVERGED_ITS iterations 30
                  Linear BackwardEuler-Equation_mg_coarse_ solve did not converge due to DIVERGED_ITS iterations 30
                  Linear BackwardEuler-Equation_mg_coarse_ solve did not converge due to DIVERGED_ITS iterations 30
                  Linear BackwardEuler-Equation_mg_coarse_ solve did not converge due to DIVERGED_ITS iterations 30
                  Linear BackwardEuler-Equation_mg_coarse_ solve did not converge due to DIVERGED_ITS iterations 30
                  Linear BackwardEuler-Equation_mg_coarse_ solve did not converge due to DIVERGED_ITS iterations 30
                  Linear BackwardEuler-Equation_mg_coarse_ solve did not converge due to DIVERGED_ITS iterations 30
                  Linear BackwardEuler-Equation_mg_coarse_ solve did not converge due to DIVERGED_ITS iterations 30
                  Linear BackwardEuler-Equation_mg_coarse_ solve did not converge due to DIVERGED_ITS iterations 30
                  Linear BackwardEuler-Equation_mg_coarse_ solve did not converge due to DIVERGED_ITS iterations 30
                  Linear BackwardEuler-Equation_mg_coarse_ solve did not converge due to DIVERGED_ITS iterations 30
                  Linear BackwardEuler-Equation_mg_coarse_ solve did not converge due to DIVERGED_ITS iterations 30
                  Linear BackwardEuler-Equation_mg_coarse_ solve did not converge due to DIVERGED_ITS iterations 30
                  Linear BackwardEuler-Equation_mg_coarse_ solve did not converge due to DIVERGED_ITS iterations 30
                  Linear BackwardEuler-Equation_mg_coarse_ solve did not converge due to DIVERGED_ITS iterations 30
                  Linear BackwardEuler-Equation_mg_coarse_ solve did not converge due to DIVERGED_ITS iterations 30
                  Linear BackwardEuler-Equation_mg_coarse_ solve did not converge due to DIVERGED_ITS iterations 30
                  Linear BackwardEuler-Equation_mg_coarse_ solve did not converge due to DIVERGED_ITS iterations 30
                  Linear BackwardEuler-Equation_mg_coarse_ solve did not converge due to DIVERGED_ITS iterations 30
                  Linear BackwardEuler-Equation_mg_coarse_ solve did not converge due to DIVERGED_ITS iterations 30
    Linear BackwardEuler-Equation_ solve converged due to CONVERGED_RTOL iterations 20
                  Linear BackwardEuler-Equation_mg_coarse_ solve did not converge due to DIVERGED_ITS iterations 30
                  Linear BackwardEuler-Equation_mg_coarse_ solve did not converge due to DIVERGED_ITS iterations 30
                  Linear BackwardEuler-Equation_mg_coarse_ solve did not converge due to DIVERGED_ITS iterations 30
                  Linear BackwardEuler-Equation_mg_coarse_ solve did not converge due to DIVERGED_ITS iterations 30
                  Linear BackwardEuler-Equation_mg_coarse_ solve did not converge due to DIVERGED_ITS iterations 30
                  Linear BackwardEuler-Equation_mg_coarse_ solve did not converge due to DIVERGED_ITS iterations 30
                  Linear BackwardEuler-Equation_mg_coarse_ solve did not converge due to DIVERGED_ITS iterations 30
                  Linear BackwardEuler-Equation_mg_coarse_ solve did not converge due to DIVERGED_ITS iterations 30
                  Linear BackwardEuler-Equation_mg_coarse_ solve did not converge due to DIVERGED_ITS iterations 30
                  Linear BackwardEuler-Equation_mg_coarse_ solve did not converge due to DIVERGED_ITS iterations 30
                  Linear BackwardEuler-Equation_mg_coarse_ solve did not converge due to DIVERGED_ITS iterations 30
                  Linear BackwardEuler-Equation_mg_coarse_ solve did not converge due to DIVERGED_ITS iterations 30
                  Linear BackwardEuler-Equation_mg_coarse_ solve did not converge due to DIVERGED_ITS iterations 30
                  Linear BackwardEuler-Equation_mg_coarse_ solve did not converge due to DIVERGED_ITS iterations 30
                  Linear BackwardEuler-Equation_mg_coarse_ solve did not converge due to DIVERGED_ITS iterations 30
                  Linear BackwardEuler-Equation_mg_coarse_ solve did not converge due to DIVERGED_ITS iterations 30
                  Linear BackwardEuler-Equation_mg_coarse_ solve did not converge due to DIVERGED_ITS iterations 30
                  Linear BackwardEuler-Equation_mg_coarse_ solve did not converge due to DIVERGED_ITS iterations 30
                  Linear BackwardEuler-Equation_mg_coarse_ solve did not converge due to DIVERGED_ITS iterations 30
                  Linear BackwardEuler-Equation_mg_coarse_ solve did not converge due to DIVERGED_ITS iterations 30
                  Linear BackwardEuler-Equation_mg_coarse_ solve did not converge due to DIVERGED_ITS iterations 30
    Linear BackwardEuler-Equation_ solve converged due to CONVERGED_RTOL iterations 20
  Nonlinear BackwardEuler-Equation_ solve converged due to CONVERGED_FNORM_ABS iterations 3
t = 3900.00 s | step 13/30 | wall 113.44 s | NL 3 | L 59
                  Linear BackwardEuler-Equation_mg_coarse_ solve did not converge due to DIVERGED_ITS iterations 30
                  Linear BackwardEuler-Equation_mg_coarse_ solve did not converge due to DIVERGED_ITS iterations 30
                  Linear BackwardEuler-Equation_mg_coarse_ solve did not converge due to DIVERGED_ITS iterations 30
                  Linear BackwardEuler-Equation_mg_coarse_ solve did not converge due to DIVERGED_ITS iterations 30
                  Linear BackwardEuler-Equation_mg_coarse_ solve did not converge due to DIVERGED_ITS iterations 30
                  Linear BackwardEuler-Equation_mg_coarse_ solve did not converge due to DIVERGED_ITS iterations 30
                  Linear BackwardEuler-Equation_mg_coarse_ solve did not converge due to DIVERGED_ITS iterations 30
                  Linear BackwardEuler-Equation_mg_coarse_ solve did not converge due to DIVERGED_ITS iterations 30
                  Linear BackwardEuler-Equation_mg_coarse_ solve did not converge due to DIVERGED_ITS iterations 30
                  Linear BackwardEuler-Equation_mg_coarse_ solve did not converge due to DIVERGED_ITS iterations 30
                  Linear BackwardEuler-Equation_mg_coarse_ solve did not converge due to DIVERGED_ITS iterations 30
                  Linear BackwardEuler-Equation_mg_coarse_ solve did not converge due to DIVERGED_ITS iterations 30
                  Linear BackwardEuler-Equation_mg_coarse_ solve did not converge due to DIVERGED_ITS iterations 30
                  Linear BackwardEuler-Equation_mg_coarse_ solve did not converge due to DIVERGED_ITS iterations 30
                  Linear BackwardEuler-Equation_mg_coarse_ solve did not converge due to DIVERGED_ITS iterations 30
                  Linear BackwardEuler-Equation_mg_coarse_ solve did not converge due to DIVERGED_ITS iterations 30
                  Linear BackwardEuler-Equation_mg_coarse_ solve did not converge due to DIVERGED_ITS iterations 30
                  Linear BackwardEuler-Equation_mg_coarse_ solve did not converge due to DIVERGED_ITS iterations 30
                  Linear BackwardEuler-Equation_mg_coarse_ solve did not converge due to DIVERGED_ITS iterations 30
                  Linear BackwardEuler-Equation_mg_coarse_ solve did not converge due to DIVERGED_ITS iterations 30
    Linear BackwardEuler-Equation_ solve converged due to CONVERGED_RTOL iterations 19
                  Linear BackwardEuler-Equation_mg_coarse_ solve did not converge due to DIVERGED_ITS iterations 30
                  Linear BackwardEuler-Equation_mg_coarse_ solve did not converge due to DIVERGED_ITS iterations 30
                  Linear BackwardEuler-Equation_mg_coarse_ solve did not converge due to DIVERGED_ITS iterations 30
                  Linear BackwardEuler-Equation_mg_coarse_ solve did not converge due to DIVERGED_ITS iterations 30
                  Linear BackwardEuler-Equation_mg_coarse_ solve did not converge due to DIVERGED_ITS iterations 30
                  Linear BackwardEuler-Equation_mg_coarse_ solve did not converge due to DIVERGED_ITS iterations 30
                  Linear BackwardEuler-Equation_mg_coarse_ solve did not converge due to DIVERGED_ITS iterations 30
                  Linear BackwardEuler-Equation_mg_coarse_ solve did not converge due to DIVERGED_ITS iterations 30
                  Linear BackwardEuler-Equation_mg_coarse_ solve did not converge due to DIVERGED_ITS iterations 30
                  Linear BackwardEuler-Equation_mg_coarse_ solve did not converge due to DIVERGED_ITS iterations 30
                  Linear BackwardEuler-Equation_mg_coarse_ solve did not converge due to DIVERGED_ITS iterations 30
                  Linear BackwardEuler-Equation_mg_coarse_ solve did not converge due to DIVERGED_ITS iterations 30
                  Linear BackwardEuler-Equation_mg_coarse_ solve did not converge due to DIVERGED_ITS iterations 30
                  Linear BackwardEuler-Equation_mg_coarse_ solve did not converge due to DIVERGED_ITS iterations 30
                  Linear BackwardEuler-Equation_mg_coarse_ solve did not converge due to DIVERGED_ITS iterations 30
                  Linear BackwardEuler-Equation_mg_coarse_ solve did not converge due to DIVERGED_ITS iterations 30
                  Linear BackwardEuler-Equation_mg_coarse_ solve did not converge due to DIVERGED_ITS iterations 30
                  Linear BackwardEuler-Equation_mg_coarse_ solve did not converge due to DIVERGED_ITS iterations 30
                  Linear BackwardEuler-Equation_mg_coarse_ solve did not converge due to DIVERGED_ITS iterations 30
                  Linear BackwardEuler-Equation_mg_coarse_ solve did not converge due to DIVERGED_ITS iterations 30
                  Linear BackwardEuler-Equation_mg_coarse_ solve did not converge due to DIVERGED_ITS iterations 30
    Linear BackwardEuler-Equation_ solve converged due to CONVERGED_RTOL iterations 20
                  Linear BackwardEuler-Equation_mg_coarse_ solve did not converge due to DIVERGED_ITS iterations 30
                  Linear BackwardEuler-Equation_mg_coarse_ solve did not converge due to DIVERGED_ITS iterations 30
                  Linear BackwardEuler-Equation_mg_coarse_ solve did not converge due to DIVERGED_ITS iterations 30
                  Linear BackwardEuler-Equation_mg_coarse_ solve did not converge due to DIVERGED_ITS iterations 30
                  Linear BackwardEuler-Equation_mg_coarse_ solve did not converge due to DIVERGED_ITS iterations 30
                  Linear BackwardEuler-Equation_mg_coarse_ solve did not converge due to DIVERGED_ITS iterations 30
                  Linear BackwardEuler-Equation_mg_coarse_ solve did not converge due to DIVERGED_ITS iterations 30
                  Linear BackwardEuler-Equation_mg_coarse_ solve did not converge due to DIVERGED_ITS iterations 30
                  Linear BackwardEuler-Equation_mg_coarse_ solve did not converge due to DIVERGED_ITS iterations 30
                  Linear BackwardEuler-Equation_mg_coarse_ solve did not converge due to DIVERGED_ITS iterations 30
                  Linear BackwardEuler-Equation_mg_coarse_ solve did not converge due to DIVERGED_ITS iterations 30
                  Linear BackwardEuler-Equation_mg_coarse_ solve did not converge due to DIVERGED_ITS iterations 30
                  Linear BackwardEuler-Equation_mg_coarse_ solve did not converge due to DIVERGED_ITS iterations 30
                  Linear BackwardEuler-Equation_mg_coarse_ solve did not converge due to DIVERGED_ITS iterations 30
                  Linear BackwardEuler-Equation_mg_coarse_ solve did not converge due to DIVERGED_ITS iterations 30
                  Linear BackwardEuler-Equation_mg_coarse_ solve did not converge due to DIVERGED_ITS iterations 30
                  Linear BackwardEuler-Equation_mg_coarse_ solve did not converge due to DIVERGED_ITS iterations 30
                  Linear BackwardEuler-Equation_mg_coarse_ solve did not converge due to DIVERGED_ITS iterations 30
                  Linear BackwardEuler-Equation_mg_coarse_ solve did not converge due to DIVERGED_ITS iterations 30
                  Linear BackwardEuler-Equation_mg_coarse_ solve did not converge due to DIVERGED_ITS iterations 30
                  Linear BackwardEuler-Equation_mg_coarse_ solve did not converge due to DIVERGED_ITS iterations 30
    Linear BackwardEuler-Equation_ solve converged due to CONVERGED_RTOL iterations 20
  Nonlinear BackwardEuler-Equation_ solve converged due to CONVERGED_FNORM_ABS iterations 3
t = 4200.00 s | step 14/30 | wall 112.40 s | NL 3 | L 59
                  Linear BackwardEuler-Equation_mg_coarse_ solve did not converge due to DIVERGED_ITS iterations 30
                  Linear BackwardEuler-Equation_mg_coarse_ solve did not converge due to DIVERGED_ITS iterations 30
                  Linear BackwardEuler-Equation_mg_coarse_ solve did not converge due to DIVERGED_ITS iterations 30
                  Linear BackwardEuler-Equation_mg_coarse_ solve did not converge due to DIVERGED_ITS iterations 30
                  Linear BackwardEuler-Equation_mg_coarse_ solve did not converge due to DIVERGED_ITS iterations 30
                  Linear BackwardEuler-Equation_mg_coarse_ solve did not converge due to DIVERGED_ITS iterations 30
                  Linear BackwardEuler-Equation_mg_coarse_ solve did not converge due to DIVERGED_ITS iterations 30
                  Linear BackwardEuler-Equation_mg_coarse_ solve did not converge due to DIVERGED_ITS iterations 30
                  Linear BackwardEuler-Equation_mg_coarse_ solve did not converge due to DIVERGED_ITS iterations 30
                  Linear BackwardEuler-Equation_mg_coarse_ solve did not converge due to DIVERGED_ITS iterations 30
                  Linear BackwardEuler-Equation_mg_coarse_ solve did not converge due to DIVERGED_ITS iterations 30
                  Linear BackwardEuler-Equation_mg_coarse_ solve did not converge due to DIVERGED_ITS iterations 30
                  Linear BackwardEuler-Equation_mg_coarse_ solve did not converge due to DIVERGED_ITS iterations 30
                  Linear BackwardEuler-Equation_mg_coarse_ solve did not converge due to DIVERGED_ITS iterations 30
                  Linear BackwardEuler-Equation_mg_coarse_ solve did not converge due to DIVERGED_ITS iterations 30
                  Linear BackwardEuler-Equation_mg_coarse_ solve did not converge due to DIVERGED_ITS iterations 30
                  Linear BackwardEuler-Equation_mg_coarse_ solve did not converge due to DIVERGED_ITS iterations 30
                  Linear BackwardEuler-Equation_mg_coarse_ solve did not converge due to DIVERGED_ITS iterations 30
                  Linear BackwardEuler-Equation_mg_coarse_ solve did not converge due to DIVERGED_ITS iterations 30
                  Linear BackwardEuler-Equation_mg_coarse_ solve did not converge due to DIVERGED_ITS iterations 30
    Linear BackwardEuler-Equation_ solve converged due to CONVERGED_RTOL iterations 19
                  Linear BackwardEuler-Equation_mg_coarse_ solve did not converge due to DIVERGED_ITS iterations 30
                  Linear BackwardEuler-Equation_mg_coarse_ solve did not converge due to DIVERGED_ITS iterations 30
                  Linear BackwardEuler-Equation_mg_coarse_ solve did not converge due to DIVERGED_ITS iterations 30
                  Linear BackwardEuler-Equation_mg_coarse_ solve did not converge due to DIVERGED_ITS iterations 30
                  Linear BackwardEuler-Equation_mg_coarse_ solve did not converge due to DIVERGED_ITS iterations 30
                  Linear BackwardEuler-Equation_mg_coarse_ solve did not converge due to DIVERGED_ITS iterations 30
                  Linear BackwardEuler-Equation_mg_coarse_ solve did not converge due to DIVERGED_ITS iterations 30
                  Linear BackwardEuler-Equation_mg_coarse_ solve did not converge due to DIVERGED_ITS iterations 30
                  Linear BackwardEuler-Equation_mg_coarse_ solve did not converge due to DIVERGED_ITS iterations 30
                  Linear BackwardEuler-Equation_mg_coarse_ solve did not converge due to DIVERGED_ITS iterations 30
                  Linear BackwardEuler-Equation_mg_coarse_ solve did not converge due to DIVERGED_ITS iterations 30
                  Linear BackwardEuler-Equation_mg_coarse_ solve did not converge due to DIVERGED_ITS iterations 30
                  Linear BackwardEuler-Equation_mg_coarse_ solve did not converge due to DIVERGED_ITS iterations 30
                  Linear BackwardEuler-Equation_mg_coarse_ solve did not converge due to DIVERGED_ITS iterations 30
                  Linear BackwardEuler-Equation_mg_coarse_ solve did not converge due to DIVERGED_ITS iterations 30
                  Linear BackwardEuler-Equation_mg_coarse_ solve did not converge due to DIVERGED_ITS iterations 30
                  Linear BackwardEuler-Equation_mg_coarse_ solve did not converge due to DIVERGED_ITS iterations 30
                  Linear BackwardEuler-Equation_mg_coarse_ solve did not converge due to DIVERGED_ITS iterations 30
                  Linear BackwardEuler-Equation_mg_coarse_ solve did not converge due to DIVERGED_ITS iterations 30
                  Linear BackwardEuler-Equation_mg_coarse_ solve did not converge due to DIVERGED_ITS iterations 30
                  Linear BackwardEuler-Equation_mg_coarse_ solve did not converge due to DIVERGED_ITS iterations 30
    Linear BackwardEuler-Equation_ solve converged due to CONVERGED_RTOL iterations 20
                  Linear BackwardEuler-Equation_mg_coarse_ solve did not converge due to DIVERGED_ITS iterations 30
                  Linear BackwardEuler-Equation_mg_coarse_ solve did not converge due to DIVERGED_ITS iterations 30
                  Linear BackwardEuler-Equation_mg_coarse_ solve did not converge due to DIVERGED_ITS iterations 30
                  Linear BackwardEuler-Equation_mg_coarse_ solve did not converge due to DIVERGED_ITS iterations 30
                  Linear BackwardEuler-Equation_mg_coarse_ solve did not converge due to DIVERGED_ITS iterations 30
                  Linear BackwardEuler-Equation_mg_coarse_ solve did not converge due to DIVERGED_ITS iterations 30
                  Linear BackwardEuler-Equation_mg_coarse_ solve did not converge due to DIVERGED_ITS iterations 30
                  Linear BackwardEuler-Equation_mg_coarse_ solve did not converge due to DIVERGED_ITS iterations 30
                  Linear BackwardEuler-Equation_mg_coarse_ solve did not converge due to DIVERGED_ITS iterations 30
                  Linear BackwardEuler-Equation_mg_coarse_ solve did not converge due to DIVERGED_ITS iterations 30
                  Linear BackwardEuler-Equation_mg_coarse_ solve did not converge due to DIVERGED_ITS iterations 30
                  Linear BackwardEuler-Equation_mg_coarse_ solve did not converge due to DIVERGED_ITS iterations 30
                  Linear BackwardEuler-Equation_mg_coarse_ solve did not converge due to DIVERGED_ITS iterations 30
                  Linear BackwardEuler-Equation_mg_coarse_ solve did not converge due to DIVERGED_ITS iterations 30
                  Linear BackwardEuler-Equation_mg_coarse_ solve did not converge due to DIVERGED_ITS iterations 30
                  Linear BackwardEuler-Equation_mg_coarse_ solve did not converge due to DIVERGED_ITS iterations 30
                  Linear BackwardEuler-Equation_mg_coarse_ solve did not converge due to DIVERGED_ITS iterations 30
                  Linear BackwardEuler-Equation_mg_coarse_ solve did not converge due to DIVERGED_ITS iterations 30
                  Linear BackwardEuler-Equation_mg_coarse_ solve did not converge due to DIVERGED_ITS iterations 30
                  Linear BackwardEuler-Equation_mg_coarse_ solve did not converge due to DIVERGED_ITS iterations 30
                  Linear BackwardEuler-Equation_mg_coarse_ solve did not converge due to DIVERGED_ITS iterations 30
                  Linear BackwardEuler-Equation_mg_coarse_ solve did not converge due to DIVERGED_ITS iterations 30
    Linear BackwardEuler-Equation_ solve converged due to CONVERGED_RTOL iterations 21
  Nonlinear BackwardEuler-Equation_ solve converged due to CONVERGED_FNORM_ABS iterations 3
t = 4500.00 s | step 15/30 | wall 113.56 s | NL 3 | L 60
                  Linear BackwardEuler-Equation_mg_coarse_ solve did not converge due to DIVERGED_ITS iterations 30
                  Linear BackwardEuler-Equation_mg_coarse_ solve did not converge due to DIVERGED_ITS iterations 30
                  Linear BackwardEuler-Equation_mg_coarse_ solve did not converge due to DIVERGED_ITS iterations 30
                  Linear BackwardEuler-Equation_mg_coarse_ solve did not converge due to DIVERGED_ITS iterations 30
                  Linear BackwardEuler-Equation_mg_coarse_ solve did not converge due to DIVERGED_ITS iterations 30
                  Linear BackwardEuler-Equation_mg_coarse_ solve did not converge due to DIVERGED_ITS iterations 30
                  Linear BackwardEuler-Equation_mg_coarse_ solve did not converge due to DIVERGED_ITS iterations 30
                  Linear BackwardEuler-Equation_mg_coarse_ solve did not converge due to DIVERGED_ITS iterations 30
                  Linear BackwardEuler-Equation_mg_coarse_ solve did not converge due to DIVERGED_ITS iterations 30
                  Linear BackwardEuler-Equation_mg_coarse_ solve did not converge due to DIVERGED_ITS iterations 30
                  Linear BackwardEuler-Equation_mg_coarse_ solve did not converge due to DIVERGED_ITS iterations 30
                  Linear BackwardEuler-Equation_mg_coarse_ solve did not converge due to DIVERGED_ITS iterations 30
                  Linear BackwardEuler-Equation_mg_coarse_ solve did not converge due to DIVERGED_ITS iterations 30
                  Linear BackwardEuler-Equation_mg_coarse_ solve did not converge due to DIVERGED_ITS iterations 30
                  Linear BackwardEuler-Equation_mg_coarse_ solve did not converge due to DIVERGED_ITS iterations 30
                  Linear BackwardEuler-Equation_mg_coarse_ solve did not converge due to DIVERGED_ITS iterations 30
                  Linear BackwardEuler-Equation_mg_coarse_ solve did not converge due to DIVERGED_ITS iterations 30
                  Linear BackwardEuler-Equation_mg_coarse_ solve did not converge due to DIVERGED_ITS iterations 30
                  Linear BackwardEuler-Equation_mg_coarse_ solve did not converge due to DIVERGED_ITS iterations 30
                  Linear BackwardEuler-Equation_mg_coarse_ solve did not converge due to DIVERGED_ITS iterations 30
    Linear BackwardEuler-Equation_ solve converged due to CONVERGED_RTOL iterations 19
                  Linear BackwardEuler-Equation_mg_coarse_ solve did not converge due to DIVERGED_ITS iterations 30
                  Linear BackwardEuler-Equation_mg_coarse_ solve did not converge due to DIVERGED_ITS iterations 30
                  Linear BackwardEuler-Equation_mg_coarse_ solve did not converge due to DIVERGED_ITS iterations 30
                  Linear BackwardEuler-Equation_mg_coarse_ solve did not converge due to DIVERGED_ITS iterations 30
                  Linear BackwardEuler-Equation_mg_coarse_ solve did not converge due to DIVERGED_ITS iterations 30
                  Linear BackwardEuler-Equation_mg_coarse_ solve did not converge due to DIVERGED_ITS iterations 30
                  Linear BackwardEuler-Equation_mg_coarse_ solve did not converge due to DIVERGED_ITS iterations 30
                  Linear BackwardEuler-Equation_mg_coarse_ solve did not converge due to DIVERGED_ITS iterations 30
                  Linear BackwardEuler-Equation_mg_coarse_ solve did not converge due to DIVERGED_ITS iterations 30
                  Linear BackwardEuler-Equation_mg_coarse_ solve did not converge due to DIVERGED_ITS iterations 30
                  Linear BackwardEuler-Equation_mg_coarse_ solve did not converge due to DIVERGED_ITS iterations 30
                  Linear BackwardEuler-Equation_mg_coarse_ solve did not converge due to DIVERGED_ITS iterations 30
                  Linear BackwardEuler-Equation_mg_coarse_ solve did not converge due to DIVERGED_ITS iterations 30
                  Linear BackwardEuler-Equation_mg_coarse_ solve did not converge due to DIVERGED_ITS iterations 30
                  Linear BackwardEuler-Equation_mg_coarse_ solve did not converge due to DIVERGED_ITS iterations 30
                  Linear BackwardEuler-Equation_mg_coarse_ solve did not converge due to DIVERGED_ITS iterations 30
                  Linear BackwardEuler-Equation_mg_coarse_ solve did not converge due to DIVERGED_ITS iterations 30
                  Linear BackwardEuler-Equation_mg_coarse_ solve did not converge due to DIVERGED_ITS iterations 30
                  Linear BackwardEuler-Equation_mg_coarse_ solve did not converge due to DIVERGED_ITS iterations 30
                  Linear BackwardEuler-Equation_mg_coarse_ solve did not converge due to DIVERGED_ITS iterations 30
                  Linear BackwardEuler-Equation_mg_coarse_ solve did not converge due to DIVERGED_ITS iterations 30
    Linear BackwardEuler-Equation_ solve converged due to CONVERGED_RTOL iterations 20
                  Linear BackwardEuler-Equation_mg_coarse_ solve did not converge due to DIVERGED_ITS iterations 30
                  Linear BackwardEuler-Equation_mg_coarse_ solve did not converge due to DIVERGED_ITS iterations 30
                  Linear BackwardEuler-Equation_mg_coarse_ solve did not converge due to DIVERGED_ITS iterations 30
                  Linear BackwardEuler-Equation_mg_coarse_ solve did not converge due to DIVERGED_ITS iterations 30
                  Linear BackwardEuler-Equation_mg_coarse_ solve did not converge due to DIVERGED_ITS iterations 30
                  Linear BackwardEuler-Equation_mg_coarse_ solve did not converge due to DIVERGED_ITS iterations 30
                  Linear BackwardEuler-Equation_mg_coarse_ solve did not converge due to DIVERGED_ITS iterations 30
                  Linear BackwardEuler-Equation_mg_coarse_ solve did not converge due to DIVERGED_ITS iterations 30
                  Linear BackwardEuler-Equation_mg_coarse_ solve did not converge due to DIVERGED_ITS iterations 30
                  Linear BackwardEuler-Equation_mg_coarse_ solve did not converge due to DIVERGED_ITS iterations 30
                  Linear BackwardEuler-Equation_mg_coarse_ solve did not converge due to DIVERGED_ITS iterations 30
                  Linear BackwardEuler-Equation_mg_coarse_ solve did not converge due to DIVERGED_ITS iterations 30
                  Linear BackwardEuler-Equation_mg_coarse_ solve did not converge due to DIVERGED_ITS iterations 30
                  Linear BackwardEuler-Equation_mg_coarse_ solve did not converge due to DIVERGED_ITS iterations 30
                  Linear BackwardEuler-Equation_mg_coarse_ solve did not converge due to DIVERGED_ITS iterations 30
                  Linear BackwardEuler-Equation_mg_coarse_ solve did not converge due to DIVERGED_ITS iterations 30
                  Linear BackwardEuler-Equation_mg_coarse_ solve did not converge due to DIVERGED_ITS iterations 30
                  Linear BackwardEuler-Equation_mg_coarse_ solve did not converge due to DIVERGED_ITS iterations 30
                  Linear BackwardEuler-Equation_mg_coarse_ solve did not converge due to DIVERGED_ITS iterations 30
                  Linear BackwardEuler-Equation_mg_coarse_ solve did not converge due to DIVERGED_ITS iterations 30
                  Linear BackwardEuler-Equation_mg_coarse_ solve did not converge due to DIVERGED_ITS iterations 30
                  Linear BackwardEuler-Equation_mg_coarse_ solve did not converge due to DIVERGED_ITS iterations 30
    Linear BackwardEuler-Equation_ solve converged due to CONVERGED_RTOL iterations 21
  Nonlinear BackwardEuler-Equation_ solve converged due to CONVERGED_FNORM_ABS iterations 3
t = 4800.00 s | step 16/30 | wall 112.10 s | NL 3 | L 60
                  Linear BackwardEuler-Equation_mg_coarse_ solve did not converge due to DIVERGED_ITS iterations 30
                  Linear BackwardEuler-Equation_mg_coarse_ solve did not converge due to DIVERGED_ITS iterations 30
                  Linear BackwardEuler-Equation_mg_coarse_ solve did not converge due to DIVERGED_ITS iterations 30
                  Linear BackwardEuler-Equation_mg_coarse_ solve did not converge due to DIVERGED_ITS iterations 30
                  Linear BackwardEuler-Equation_mg_coarse_ solve did not converge due to DIVERGED_ITS iterations 30
                  Linear BackwardEuler-Equation_mg_coarse_ solve did not converge due to DIVERGED_ITS iterations 30
                  Linear BackwardEuler-Equation_mg_coarse_ solve did not converge due to DIVERGED_ITS iterations 30
                  Linear BackwardEuler-Equation_mg_coarse_ solve did not converge due to DIVERGED_ITS iterations 30
                  Linear BackwardEuler-Equation_mg_coarse_ solve did not converge due to DIVERGED_ITS iterations 30
                  Linear BackwardEuler-Equation_mg_coarse_ solve did not converge due to DIVERGED_ITS iterations 30
                  Linear BackwardEuler-Equation_mg_coarse_ solve did not converge due to DIVERGED_ITS iterations 30
                  Linear BackwardEuler-Equation_mg_coarse_ solve did not converge due to DIVERGED_ITS iterations 30
                  Linear BackwardEuler-Equation_mg_coarse_ solve did not converge due to DIVERGED_ITS iterations 30
                  Linear BackwardEuler-Equation_mg_coarse_ solve did not converge due to DIVERGED_ITS iterations 30
                  Linear BackwardEuler-Equation_mg_coarse_ solve did not converge due to DIVERGED_ITS iterations 30
                  Linear BackwardEuler-Equation_mg_coarse_ solve did not converge due to DIVERGED_ITS iterations 30
                  Linear BackwardEuler-Equation_mg_coarse_ solve did not converge due to DIVERGED_ITS iterations 30
                  Linear BackwardEuler-Equation_mg_coarse_ solve did not converge due to DIVERGED_ITS iterations 30
                  Linear BackwardEuler-Equation_mg_coarse_ solve did not converge due to DIVERGED_ITS iterations 30
                  Linear BackwardEuler-Equation_mg_coarse_ solve did not converge due to DIVERGED_ITS iterations 30
    Linear BackwardEuler-Equation_ solve converged due to CONVERGED_RTOL iterations 19
                  Linear BackwardEuler-Equation_mg_coarse_ solve did not converge due to DIVERGED_ITS iterations 30
                  Linear BackwardEuler-Equation_mg_coarse_ solve did not converge due to DIVERGED_ITS iterations 30
                  Linear BackwardEuler-Equation_mg_coarse_ solve did not converge due to DIVERGED_ITS iterations 30
                  Linear BackwardEuler-Equation_mg_coarse_ solve did not converge due to DIVERGED_ITS iterations 30
                  Linear BackwardEuler-Equation_mg_coarse_ solve did not converge due to DIVERGED_ITS iterations 30
                  Linear BackwardEuler-Equation_mg_coarse_ solve did not converge due to DIVERGED_ITS iterations 30
                  Linear BackwardEuler-Equation_mg_coarse_ solve did not converge due to DIVERGED_ITS iterations 30
                  Linear BackwardEuler-Equation_mg_coarse_ solve did not converge due to DIVERGED_ITS iterations 30
                  Linear BackwardEuler-Equation_mg_coarse_ solve did not converge due to DIVERGED_ITS iterations 30
                  Linear BackwardEuler-Equation_mg_coarse_ solve did not converge due to DIVERGED_ITS iterations 30
                  Linear BackwardEuler-Equation_mg_coarse_ solve did not converge due to DIVERGED_ITS iterations 30
                  Linear BackwardEuler-Equation_mg_coarse_ solve did not converge due to DIVERGED_ITS iterations 30
                  Linear BackwardEuler-Equation_mg_coarse_ solve did not converge due to DIVERGED_ITS iterations 30
                  Linear BackwardEuler-Equation_mg_coarse_ solve did not converge due to DIVERGED_ITS iterations 30
                  Linear BackwardEuler-Equation_mg_coarse_ solve did not converge due to DIVERGED_ITS iterations 30
                  Linear BackwardEuler-Equation_mg_coarse_ solve did not converge due to DIVERGED_ITS iterations 30
                  Linear BackwardEuler-Equation_mg_coarse_ solve did not converge due to DIVERGED_ITS iterations 30
                  Linear BackwardEuler-Equation_mg_coarse_ solve did not converge due to DIVERGED_ITS iterations 30
                  Linear BackwardEuler-Equation_mg_coarse_ solve did not converge due to DIVERGED_ITS iterations 30
                  Linear BackwardEuler-Equation_mg_coarse_ solve did not converge due to DIVERGED_ITS iterations 30
                  Linear BackwardEuler-Equation_mg_coarse_ solve did not converge due to DIVERGED_ITS iterations 30
    Linear BackwardEuler-Equation_ solve converged due to CONVERGED_RTOL iterations 20
                  Linear BackwardEuler-Equation_mg_coarse_ solve did not converge due to DIVERGED_ITS iterations 30
                  Linear BackwardEuler-Equation_mg_coarse_ solve did not converge due to DIVERGED_ITS iterations 30
                  Linear BackwardEuler-Equation_mg_coarse_ solve did not converge due to DIVERGED_ITS iterations 30
                  Linear BackwardEuler-Equation_mg_coarse_ solve did not converge due to DIVERGED_ITS iterations 30
                  Linear BackwardEuler-Equation_mg_coarse_ solve did not converge due to DIVERGED_ITS iterations 30
                  Linear BackwardEuler-Equation_mg_coarse_ solve did not converge due to DIVERGED_ITS iterations 30
                  Linear BackwardEuler-Equation_mg_coarse_ solve did not converge due to DIVERGED_ITS iterations 30
                  Linear BackwardEuler-Equation_mg_coarse_ solve did not converge due to DIVERGED_ITS iterations 30
                  Linear BackwardEuler-Equation_mg_coarse_ solve did not converge due to DIVERGED_ITS iterations 30
                  Linear BackwardEuler-Equation_mg_coarse_ solve did not converge due to DIVERGED_ITS iterations 30
                  Linear BackwardEuler-Equation_mg_coarse_ solve did not converge due to DIVERGED_ITS iterations 30
                  Linear BackwardEuler-Equation_mg_coarse_ solve did not converge due to DIVERGED_ITS iterations 30
                  Linear BackwardEuler-Equation_mg_coarse_ solve did not converge due to DIVERGED_ITS iterations 30
                  Linear BackwardEuler-Equation_mg_coarse_ solve did not converge due to DIVERGED_ITS iterations 30
                  Linear BackwardEuler-Equation_mg_coarse_ solve did not converge due to DIVERGED_ITS iterations 30
                  Linear BackwardEuler-Equation_mg_coarse_ solve did not converge due to DIVERGED_ITS iterations 30
                  Linear BackwardEuler-Equation_mg_coarse_ solve did not converge due to DIVERGED_ITS iterations 30
                  Linear BackwardEuler-Equation_mg_coarse_ solve did not converge due to DIVERGED_ITS iterations 30
                  Linear BackwardEuler-Equation_mg_coarse_ solve did not converge due to DIVERGED_ITS iterations 30
                  Linear BackwardEuler-Equation_mg_coarse_ solve did not converge due to DIVERGED_ITS iterations 30
                  Linear BackwardEuler-Equation_mg_coarse_ solve did not converge due to DIVERGED_ITS iterations 30
                  Linear BackwardEuler-Equation_mg_coarse_ solve did not converge due to DIVERGED_ITS iterations 30
    Linear BackwardEuler-Equation_ solve converged due to CONVERGED_RTOL iterations 21
  Nonlinear BackwardEuler-Equation_ solve converged due to CONVERGED_FNORM_ABS iterations 3
t = 5100.00 s | step 17/30 | wall 113.66 s | NL 3 | L 60
                  Linear BackwardEuler-Equation_mg_coarse_ solve did not converge due to DIVERGED_ITS iterations 30
                  Linear BackwardEuler-Equation_mg_coarse_ solve did not converge due to DIVERGED_ITS iterations 30
                  Linear BackwardEuler-Equation_mg_coarse_ solve did not converge due to DIVERGED_ITS iterations 30
                  Linear BackwardEuler-Equation_mg_coarse_ solve did not converge due to DIVERGED_ITS iterations 30
                  Linear BackwardEuler-Equation_mg_coarse_ solve did not converge due to DIVERGED_ITS iterations 30
                  Linear BackwardEuler-Equation_mg_coarse_ solve did not converge due to DIVERGED_ITS iterations 30
                  Linear BackwardEuler-Equation_mg_coarse_ solve did not converge due to DIVERGED_ITS iterations 30
                  Linear BackwardEuler-Equation_mg_coarse_ solve did not converge due to DIVERGED_ITS iterations 30
                  Linear BackwardEuler-Equation_mg_coarse_ solve did not converge due to DIVERGED_ITS iterations 30
                  Linear BackwardEuler-Equation_mg_coarse_ solve did not converge due to DIVERGED_ITS iterations 30
                  Linear BackwardEuler-Equation_mg_coarse_ solve did not converge due to DIVERGED_ITS iterations 30
                  Linear BackwardEuler-Equation_mg_coarse_ solve did not converge due to DIVERGED_ITS iterations 30
                  Linear BackwardEuler-Equation_mg_coarse_ solve did not converge due to DIVERGED_ITS iterations 30
                  Linear BackwardEuler-Equation_mg_coarse_ solve did not converge due to DIVERGED_ITS iterations 30
                  Linear BackwardEuler-Equation_mg_coarse_ solve did not converge due to DIVERGED_ITS iterations 30
                  Linear BackwardEuler-Equation_mg_coarse_ solve did not converge due to DIVERGED_ITS iterations 30
                  Linear BackwardEuler-Equation_mg_coarse_ solve did not converge due to DIVERGED_ITS iterations 30
                  Linear BackwardEuler-Equation_mg_coarse_ solve did not converge due to DIVERGED_ITS iterations 30
                  Linear BackwardEuler-Equation_mg_coarse_ solve did not converge due to DIVERGED_ITS iterations 30
                  Linear BackwardEuler-Equation_mg_coarse_ solve did not converge due to DIVERGED_ITS iterations 30
    Linear BackwardEuler-Equation_ solve converged due to CONVERGED_RTOL iterations 19
                  Linear BackwardEuler-Equation_mg_coarse_ solve did not converge due to DIVERGED_ITS iterations 30
                  Linear BackwardEuler-Equation_mg_coarse_ solve did not converge due to DIVERGED_ITS iterations 30
                  Linear BackwardEuler-Equation_mg_coarse_ solve did not converge due to DIVERGED_ITS iterations 30
                  Linear BackwardEuler-Equation_mg_coarse_ solve did not converge due to DIVERGED_ITS iterations 30
                  Linear BackwardEuler-Equation_mg_coarse_ solve did not converge due to DIVERGED_ITS iterations 30
                  Linear BackwardEuler-Equation_mg_coarse_ solve did not converge due to DIVERGED_ITS iterations 30
                  Linear BackwardEuler-Equation_mg_coarse_ solve did not converge due to DIVERGED_ITS iterations 30
                  Linear BackwardEuler-Equation_mg_coarse_ solve did not converge due to DIVERGED_ITS iterations 30
                  Linear BackwardEuler-Equation_mg_coarse_ solve did not converge due to DIVERGED_ITS iterations 30
                  Linear BackwardEuler-Equation_mg_coarse_ solve did not converge due to DIVERGED_ITS iterations 30
                  Linear BackwardEuler-Equation_mg_coarse_ solve did not converge due to DIVERGED_ITS iterations 30
                  Linear BackwardEuler-Equation_mg_coarse_ solve did not converge due to DIVERGED_ITS iterations 30
                  Linear BackwardEuler-Equation_mg_coarse_ solve did not converge due to DIVERGED_ITS iterations 30
                  Linear BackwardEuler-Equation_mg_coarse_ solve did not converge due to DIVERGED_ITS iterations 30
                  Linear BackwardEuler-Equation_mg_coarse_ solve did not converge due to DIVERGED_ITS iterations 30
                  Linear BackwardEuler-Equation_mg_coarse_ solve did not converge due to DIVERGED_ITS iterations 30
                  Linear BackwardEuler-Equation_mg_coarse_ solve did not converge due to DIVERGED_ITS iterations 30
                  Linear BackwardEuler-Equation_mg_coarse_ solve did not converge due to DIVERGED_ITS iterations 30
                  Linear BackwardEuler-Equation_mg_coarse_ solve did not converge due to DIVERGED_ITS iterations 30
                  Linear BackwardEuler-Equation_mg_coarse_ solve did not converge due to DIVERGED_ITS iterations 30
                  Linear BackwardEuler-Equation_mg_coarse_ solve did not converge due to DIVERGED_ITS iterations 30
    Linear BackwardEuler-Equation_ solve converged due to CONVERGED_RTOL iterations 20
                  Linear BackwardEuler-Equation_mg_coarse_ solve did not converge due to DIVERGED_ITS iterations 30
                  Linear BackwardEuler-Equation_mg_coarse_ solve did not converge due to DIVERGED_ITS iterations 30
                  Linear BackwardEuler-Equation_mg_coarse_ solve did not converge due to DIVERGED_ITS iterations 30
                  Linear BackwardEuler-Equation_mg_coarse_ solve did not converge due to DIVERGED_ITS iterations 30
                  Linear BackwardEuler-Equation_mg_coarse_ solve did not converge due to DIVERGED_ITS iterations 30
                  Linear BackwardEuler-Equation_mg_coarse_ solve did not converge due to DIVERGED_ITS iterations 30
                  Linear BackwardEuler-Equation_mg_coarse_ solve did not converge due to DIVERGED_ITS iterations 30
                  Linear BackwardEuler-Equation_mg_coarse_ solve did not converge due to DIVERGED_ITS iterations 30
                  Linear BackwardEuler-Equation_mg_coarse_ solve did not converge due to DIVERGED_ITS iterations 30
                  Linear BackwardEuler-Equation_mg_coarse_ solve did not converge due to DIVERGED_ITS iterations 30
                  Linear BackwardEuler-Equation_mg_coarse_ solve did not converge due to DIVERGED_ITS iterations 30
                  Linear BackwardEuler-Equation_mg_coarse_ solve did not converge due to DIVERGED_ITS iterations 30
                  Linear BackwardEuler-Equation_mg_coarse_ solve did not converge due to DIVERGED_ITS iterations 30
                  Linear BackwardEuler-Equation_mg_coarse_ solve did not converge due to DIVERGED_ITS iterations 30
                  Linear BackwardEuler-Equation_mg_coarse_ solve did not converge due to DIVERGED_ITS iterations 30
                  Linear BackwardEuler-Equation_mg_coarse_ solve did not converge due to DIVERGED_ITS iterations 30
                  Linear BackwardEuler-Equation_mg_coarse_ solve did not converge due to DIVERGED_ITS iterations 30
                  Linear BackwardEuler-Equation_mg_coarse_ solve did not converge due to DIVERGED_ITS iterations 30
                  Linear BackwardEuler-Equation_mg_coarse_ solve did not converge due to DIVERGED_ITS iterations 30
                  Linear BackwardEuler-Equation_mg_coarse_ solve did not converge due to DIVERGED_ITS iterations 30
                  Linear BackwardEuler-Equation_mg_coarse_ solve did not converge due to DIVERGED_ITS iterations 30
                  Linear BackwardEuler-Equation_mg_coarse_ solve did not converge due to DIVERGED_ITS iterations 30
    Linear BackwardEuler-Equation_ solve converged due to CONVERGED_RTOL iterations 21
  Nonlinear BackwardEuler-Equation_ solve converged due to CONVERGED_FNORM_ABS iterations 3
t = 5400.00 s | step 18/30 | wall 112.13 s | NL 3 | L 60
                  Linear BackwardEuler-Equation_mg_coarse_ solve did not converge due to DIVERGED_ITS iterations 30
                  Linear BackwardEuler-Equation_mg_coarse_ solve did not converge due to DIVERGED_ITS iterations 30
                  Linear BackwardEuler-Equation_mg_coarse_ solve did not converge due to DIVERGED_ITS iterations 30
                  Linear BackwardEuler-Equation_mg_coarse_ solve did not converge due to DIVERGED_ITS iterations 30
                  Linear BackwardEuler-Equation_mg_coarse_ solve did not converge due to DIVERGED_ITS iterations 30
                  Linear BackwardEuler-Equation_mg_coarse_ solve did not converge due to DIVERGED_ITS iterations 30
                  Linear BackwardEuler-Equation_mg_coarse_ solve did not converge due to DIVERGED_ITS iterations 30
                  Linear BackwardEuler-Equation_mg_coarse_ solve did not converge due to DIVERGED_ITS iterations 30
                  Linear BackwardEuler-Equation_mg_coarse_ solve did not converge due to DIVERGED_ITS iterations 30
                  Linear BackwardEuler-Equation_mg_coarse_ solve did not converge due to DIVERGED_ITS iterations 30
                  Linear BackwardEuler-Equation_mg_coarse_ solve did not converge due to DIVERGED_ITS iterations 30
                  Linear BackwardEuler-Equation_mg_coarse_ solve did not converge due to DIVERGED_ITS iterations 30
                  Linear BackwardEuler-Equation_mg_coarse_ solve did not converge due to DIVERGED_ITS iterations 30
                  Linear BackwardEuler-Equation_mg_coarse_ solve did not converge due to DIVERGED_ITS iterations 30
                  Linear BackwardEuler-Equation_mg_coarse_ solve did not converge due to DIVERGED_ITS iterations 30
                  Linear BackwardEuler-Equation_mg_coarse_ solve did not converge due to DIVERGED_ITS iterations 30
                  Linear BackwardEuler-Equation_mg_coarse_ solve did not converge due to DIVERGED_ITS iterations 30
                  Linear BackwardEuler-Equation_mg_coarse_ solve did not converge due to DIVERGED_ITS iterations 30
                  Linear BackwardEuler-Equation_mg_coarse_ solve did not converge due to DIVERGED_ITS iterations 30
                  Linear BackwardEuler-Equation_mg_coarse_ solve did not converge due to DIVERGED_ITS iterations 30
    Linear BackwardEuler-Equation_ solve converged due to CONVERGED_RTOL iterations 19
                  Linear BackwardEuler-Equation_mg_coarse_ solve did not converge due to DIVERGED_ITS iterations 30
                  Linear BackwardEuler-Equation_mg_coarse_ solve did not converge due to DIVERGED_ITS iterations 30
                  Linear BackwardEuler-Equation_mg_coarse_ solve did not converge due to DIVERGED_ITS iterations 30
                  Linear BackwardEuler-Equation_mg_coarse_ solve did not converge due to DIVERGED_ITS iterations 30
                  Linear BackwardEuler-Equation_mg_coarse_ solve did not converge due to DIVERGED_ITS iterations 30
                  Linear BackwardEuler-Equation_mg_coarse_ solve did not converge due to DIVERGED_ITS iterations 30
                  Linear BackwardEuler-Equation_mg_coarse_ solve did not converge due to DIVERGED_ITS iterations 30
                  Linear BackwardEuler-Equation_mg_coarse_ solve did not converge due to DIVERGED_ITS iterations 30
                  Linear BackwardEuler-Equation_mg_coarse_ solve did not converge due to DIVERGED_ITS iterations 30
                  Linear BackwardEuler-Equation_mg_coarse_ solve did not converge due to DIVERGED_ITS iterations 30
                  Linear BackwardEuler-Equation_mg_coarse_ solve did not converge due to DIVERGED_ITS iterations 30
                  Linear BackwardEuler-Equation_mg_coarse_ solve did not converge due to DIVERGED_ITS iterations 30
                  Linear BackwardEuler-Equation_mg_coarse_ solve did not converge due to DIVERGED_ITS iterations 30
                  Linear BackwardEuler-Equation_mg_coarse_ solve did not converge due to DIVERGED_ITS iterations 30
                  Linear BackwardEuler-Equation_mg_coarse_ solve did not converge due to DIVERGED_ITS iterations 30
                  Linear BackwardEuler-Equation_mg_coarse_ solve did not converge due to DIVERGED_ITS iterations 30
                  Linear BackwardEuler-Equation_mg_coarse_ solve did not converge due to DIVERGED_ITS iterations 30
                  Linear BackwardEuler-Equation_mg_coarse_ solve did not converge due to DIVERGED_ITS iterations 30
                  Linear BackwardEuler-Equation_mg_coarse_ solve did not converge due to DIVERGED_ITS iterations 30
                  Linear BackwardEuler-Equation_mg_coarse_ solve did not converge due to DIVERGED_ITS iterations 30
                  Linear BackwardEuler-Equation_mg_coarse_ solve did not converge due to DIVERGED_ITS iterations 30
    Linear BackwardEuler-Equation_ solve converged due to CONVERGED_RTOL iterations 20
                  Linear BackwardEuler-Equation_mg_coarse_ solve did not converge due to DIVERGED_ITS iterations 30
                  Linear BackwardEuler-Equation_mg_coarse_ solve did not converge due to DIVERGED_ITS iterations 30
                  Linear BackwardEuler-Equation_mg_coarse_ solve did not converge due to DIVERGED_ITS iterations 30
                  Linear BackwardEuler-Equation_mg_coarse_ solve did not converge due to DIVERGED_ITS iterations 30
                  Linear BackwardEuler-Equation_mg_coarse_ solve did not converge due to DIVERGED_ITS iterations 30
                  Linear BackwardEuler-Equation_mg_coarse_ solve did not converge due to DIVERGED_ITS iterations 30
                  Linear BackwardEuler-Equation_mg_coarse_ solve did not converge due to DIVERGED_ITS iterations 30
                  Linear BackwardEuler-Equation_mg_coarse_ solve did not converge due to DIVERGED_ITS iterations 30
                  Linear BackwardEuler-Equation_mg_coarse_ solve did not converge due to DIVERGED_ITS iterations 30
                  Linear BackwardEuler-Equation_mg_coarse_ solve did not converge due to DIVERGED_ITS iterations 30
                  Linear BackwardEuler-Equation_mg_coarse_ solve did not converge due to DIVERGED_ITS iterations 30
                  Linear BackwardEuler-Equation_mg_coarse_ solve did not converge due to DIVERGED_ITS iterations 30
                  Linear BackwardEuler-Equation_mg_coarse_ solve did not converge due to DIVERGED_ITS iterations 30
                  Linear BackwardEuler-Equation_mg_coarse_ solve did not converge due to DIVERGED_ITS iterations 30
                  Linear BackwardEuler-Equation_mg_coarse_ solve did not converge due to DIVERGED_ITS iterations 30
                  Linear BackwardEuler-Equation_mg_coarse_ solve did not converge due to DIVERGED_ITS iterations 30
                  Linear BackwardEuler-Equation_mg_coarse_ solve did not converge due to DIVERGED_ITS iterations 30
                  Linear BackwardEuler-Equation_mg_coarse_ solve did not converge due to DIVERGED_ITS iterations 30
                  Linear BackwardEuler-Equation_mg_coarse_ solve did not converge due to DIVERGED_ITS iterations 30
                  Linear BackwardEuler-Equation_mg_coarse_ solve did not converge due to DIVERGED_ITS iterations 30
                  Linear BackwardEuler-Equation_mg_coarse_ solve did not converge due to DIVERGED_ITS iterations 30
                  Linear BackwardEuler-Equation_mg_coarse_ solve did not converge due to DIVERGED_ITS iterations 30
    Linear BackwardEuler-Equation_ solve converged due to CONVERGED_RTOL iterations 21
  Nonlinear BackwardEuler-Equation_ solve converged due to CONVERGED_FNORM_ABS iterations 3
t = 5700.00 s | step 19/30 | wall 113.64 s | NL 3 | L 60
                  Linear BackwardEuler-Equation_mg_coarse_ solve did not converge due to DIVERGED_ITS iterations 30
                  Linear BackwardEuler-Equation_mg_coarse_ solve did not converge due to DIVERGED_ITS iterations 30
                  Linear BackwardEuler-Equation_mg_coarse_ solve did not converge due to DIVERGED_ITS iterations 30
                  Linear BackwardEuler-Equation_mg_coarse_ solve did not converge due to DIVERGED_ITS iterations 30
                  Linear BackwardEuler-Equation_mg_coarse_ solve did not converge due to DIVERGED_ITS iterations 30
                  Linear BackwardEuler-Equation_mg_coarse_ solve did not converge due to DIVERGED_ITS iterations 30
                  Linear BackwardEuler-Equation_mg_coarse_ solve did not converge due to DIVERGED_ITS iterations 30
                  Linear BackwardEuler-Equation_mg_coarse_ solve did not converge due to DIVERGED_ITS iterations 30
                  Linear BackwardEuler-Equation_mg_coarse_ solve did not converge due to DIVERGED_ITS iterations 30
                  Linear BackwardEuler-Equation_mg_coarse_ solve did not converge due to DIVERGED_ITS iterations 30
                  Linear BackwardEuler-Equation_mg_coarse_ solve did not converge due to DIVERGED_ITS iterations 30
                  Linear BackwardEuler-Equation_mg_coarse_ solve did not converge due to DIVERGED_ITS iterations 30
                  Linear BackwardEuler-Equation_mg_coarse_ solve did not converge due to DIVERGED_ITS iterations 30
                  Linear BackwardEuler-Equation_mg_coarse_ solve did not converge due to DIVERGED_ITS iterations 30
                  Linear BackwardEuler-Equation_mg_coarse_ solve did not converge due to DIVERGED_ITS iterations 30
                  Linear BackwardEuler-Equation_mg_coarse_ solve did not converge due to DIVERGED_ITS iterations 30
                  Linear BackwardEuler-Equation_mg_coarse_ solve did not converge due to DIVERGED_ITS iterations 30
                  Linear BackwardEuler-Equation_mg_coarse_ solve did not converge due to DIVERGED_ITS iterations 30
                  Linear BackwardEuler-Equation_mg_coarse_ solve did not converge due to DIVERGED_ITS iterations 30
                  Linear BackwardEuler-Equation_mg_coarse_ solve did not converge due to DIVERGED_ITS iterations 30
    Linear BackwardEuler-Equation_ solve converged due to CONVERGED_RTOL iterations 19
                  Linear BackwardEuler-Equation_mg_coarse_ solve did not converge due to DIVERGED_ITS iterations 30
                  Linear BackwardEuler-Equation_mg_coarse_ solve did not converge due to DIVERGED_ITS iterations 30
                  Linear BackwardEuler-Equation_mg_coarse_ solve did not converge due to DIVERGED_ITS iterations 30
                  Linear BackwardEuler-Equation_mg_coarse_ solve did not converge due to DIVERGED_ITS iterations 30
                  Linear BackwardEuler-Equation_mg_coarse_ solve did not converge due to DIVERGED_ITS iterations 30
                  Linear BackwardEuler-Equation_mg_coarse_ solve did not converge due to DIVERGED_ITS iterations 30
                  Linear BackwardEuler-Equation_mg_coarse_ solve did not converge due to DIVERGED_ITS iterations 30
                  Linear BackwardEuler-Equation_mg_coarse_ solve did not converge due to DIVERGED_ITS iterations 30
                  Linear BackwardEuler-Equation_mg_coarse_ solve did not converge due to DIVERGED_ITS iterations 30
                  Linear BackwardEuler-Equation_mg_coarse_ solve did not converge due to DIVERGED_ITS iterations 30
                  Linear BackwardEuler-Equation_mg_coarse_ solve did not converge due to DIVERGED_ITS iterations 30
                  Linear BackwardEuler-Equation_mg_coarse_ solve did not converge due to DIVERGED_ITS iterations 30
                  Linear BackwardEuler-Equation_mg_coarse_ solve did not converge due to DIVERGED_ITS iterations 30
                  Linear BackwardEuler-Equation_mg_coarse_ solve did not converge due to DIVERGED_ITS iterations 30
                  Linear BackwardEuler-Equation_mg_coarse_ solve did not converge due to DIVERGED_ITS iterations 30
                  Linear BackwardEuler-Equation_mg_coarse_ solve did not converge due to DIVERGED_ITS iterations 30
                  Linear BackwardEuler-Equation_mg_coarse_ solve did not converge due to DIVERGED_ITS iterations 30
                  Linear BackwardEuler-Equation_mg_coarse_ solve did not converge due to DIVERGED_ITS iterations 30
                  Linear BackwardEuler-Equation_mg_coarse_ solve did not converge due to DIVERGED_ITS iterations 30
                  Linear BackwardEuler-Equation_mg_coarse_ solve did not converge due to DIVERGED_ITS iterations 30
                  Linear BackwardEuler-Equation_mg_coarse_ solve did not converge due to DIVERGED_ITS iterations 30
    Linear BackwardEuler-Equation_ solve converged due to CONVERGED_RTOL iterations 20
                  Linear BackwardEuler-Equation_mg_coarse_ solve did not converge due to DIVERGED_ITS iterations 30
                  Linear BackwardEuler-Equation_mg_coarse_ solve did not converge due to DIVERGED_ITS iterations 30
                  Linear BackwardEuler-Equation_mg_coarse_ solve did not converge due to DIVERGED_ITS iterations 30
                  Linear BackwardEuler-Equation_mg_coarse_ solve did not converge due to DIVERGED_ITS iterations 30
                  Linear BackwardEuler-Equation_mg_coarse_ solve did not converge due to DIVERGED_ITS iterations 30
                  Linear BackwardEuler-Equation_mg_coarse_ solve did not converge due to DIVERGED_ITS iterations 30
                  Linear BackwardEuler-Equation_mg_coarse_ solve did not converge due to DIVERGED_ITS iterations 30
                  Linear BackwardEuler-Equation_mg_coarse_ solve did not converge due to DIVERGED_ITS iterations 30
                  Linear BackwardEuler-Equation_mg_coarse_ solve did not converge due to DIVERGED_ITS iterations 30
                  Linear BackwardEuler-Equation_mg_coarse_ solve did not converge due to DIVERGED_ITS iterations 30
                  Linear BackwardEuler-Equation_mg_coarse_ solve did not converge due to DIVERGED_ITS iterations 30
                  Linear BackwardEuler-Equation_mg_coarse_ solve did not converge due to DIVERGED_ITS iterations 30
                  Linear BackwardEuler-Equation_mg_coarse_ solve did not converge due to DIVERGED_ITS iterations 30
                  Linear BackwardEuler-Equation_mg_coarse_ solve did not converge due to DIVERGED_ITS iterations 30
                  Linear BackwardEuler-Equation_mg_coarse_ solve did not converge due to DIVERGED_ITS iterations 30
                  Linear BackwardEuler-Equation_mg_coarse_ solve did not converge due to DIVERGED_ITS iterations 30
                  Linear BackwardEuler-Equation_mg_coarse_ solve did not converge due to DIVERGED_ITS iterations 30
                  Linear BackwardEuler-Equation_mg_coarse_ solve did not converge due to DIVERGED_ITS iterations 30
                  Linear BackwardEuler-Equation_mg_coarse_ solve did not converge due to DIVERGED_ITS iterations 30
                  Linear BackwardEuler-Equation_mg_coarse_ solve did not converge due to DIVERGED_ITS iterations 30
                  Linear BackwardEuler-Equation_mg_coarse_ solve did not converge due to DIVERGED_ITS iterations 30
                  Linear BackwardEuler-Equation_mg_coarse_ solve did not converge due to DIVERGED_ITS iterations 30
    Linear BackwardEuler-Equation_ solve converged due to CONVERGED_RTOL iterations 21
  Nonlinear BackwardEuler-Equation_ solve converged due to CONVERGED_FNORM_ABS iterations 3
t = 6000.00 s | step 20/30 | wall 112.85 s | NL 3 | L 60
                  Linear BackwardEuler-Equation_mg_coarse_ solve did not converge due to DIVERGED_ITS iterations 30
                  Linear BackwardEuler-Equation_mg_coarse_ solve did not converge due to DIVERGED_ITS iterations 30
                  Linear BackwardEuler-Equation_mg_coarse_ solve did not converge due to DIVERGED_ITS iterations 30
                  Linear BackwardEuler-Equation_mg_coarse_ solve did not converge due to DIVERGED_ITS iterations 30
                  Linear BackwardEuler-Equation_mg_coarse_ solve did not converge due to DIVERGED_ITS iterations 30
                  Linear BackwardEuler-Equation_mg_coarse_ solve did not converge due to DIVERGED_ITS iterations 30
                  Linear BackwardEuler-Equation_mg_coarse_ solve did not converge due to DIVERGED_ITS iterations 30
                  Linear BackwardEuler-Equation_mg_coarse_ solve did not converge due to DIVERGED_ITS iterations 30
                  Linear BackwardEuler-Equation_mg_coarse_ solve did not converge due to DIVERGED_ITS iterations 30
                  Linear BackwardEuler-Equation_mg_coarse_ solve did not converge due to DIVERGED_ITS iterations 30
                  Linear BackwardEuler-Equation_mg_coarse_ solve did not converge due to DIVERGED_ITS iterations 30
                  Linear BackwardEuler-Equation_mg_coarse_ solve did not converge due to DIVERGED_ITS iterations 30
                  Linear BackwardEuler-Equation_mg_coarse_ solve did not converge due to DIVERGED_ITS iterations 30
                  Linear BackwardEuler-Equation_mg_coarse_ solve did not converge due to DIVERGED_ITS iterations 30
                  Linear BackwardEuler-Equation_mg_coarse_ solve did not converge due to DIVERGED_ITS iterations 30
                  Linear BackwardEuler-Equation_mg_coarse_ solve did not converge due to DIVERGED_ITS iterations 30
                  Linear BackwardEuler-Equation_mg_coarse_ solve did not converge due to DIVERGED_ITS iterations 30
                  Linear BackwardEuler-Equation_mg_coarse_ solve did not converge due to DIVERGED_ITS iterations 30
                  Linear BackwardEuler-Equation_mg_coarse_ solve did not converge due to DIVERGED_ITS iterations 30
                  Linear BackwardEuler-Equation_mg_coarse_ solve did not converge due to DIVERGED_ITS iterations 30
    Linear BackwardEuler-Equation_ solve converged due to CONVERGED_RTOL iterations 19
                  Linear BackwardEuler-Equation_mg_coarse_ solve did not converge due to DIVERGED_ITS iterations 30
                  Linear BackwardEuler-Equation_mg_coarse_ solve did not converge due to DIVERGED_ITS iterations 30
                  Linear BackwardEuler-Equation_mg_coarse_ solve did not converge due to DIVERGED_ITS iterations 30
                  Linear BackwardEuler-Equation_mg_coarse_ solve did not converge due to DIVERGED_ITS iterations 30
                  Linear BackwardEuler-Equation_mg_coarse_ solve did not converge due to DIVERGED_ITS iterations 30
                  Linear BackwardEuler-Equation_mg_coarse_ solve did not converge due to DIVERGED_ITS iterations 30
                  Linear BackwardEuler-Equation_mg_coarse_ solve did not converge due to DIVERGED_ITS iterations 30
                  Linear BackwardEuler-Equation_mg_coarse_ solve did not converge due to DIVERGED_ITS iterations 30
                  Linear BackwardEuler-Equation_mg_coarse_ solve did not converge due to DIVERGED_ITS iterations 30
                  Linear BackwardEuler-Equation_mg_coarse_ solve did not converge due to DIVERGED_ITS iterations 30
                  Linear BackwardEuler-Equation_mg_coarse_ solve did not converge due to DIVERGED_ITS iterations 30
                  Linear BackwardEuler-Equation_mg_coarse_ solve did not converge due to DIVERGED_ITS iterations 30
                  Linear BackwardEuler-Equation_mg_coarse_ solve did not converge due to DIVERGED_ITS iterations 30
                  Linear BackwardEuler-Equation_mg_coarse_ solve did not converge due to DIVERGED_ITS iterations 30
                  Linear BackwardEuler-Equation_mg_coarse_ solve did not converge due to DIVERGED_ITS iterations 30
                  Linear BackwardEuler-Equation_mg_coarse_ solve did not converge due to DIVERGED_ITS iterations 30
                  Linear BackwardEuler-Equation_mg_coarse_ solve did not converge due to DIVERGED_ITS iterations 30
                  Linear BackwardEuler-Equation_mg_coarse_ solve did not converge due to DIVERGED_ITS iterations 30
                  Linear BackwardEuler-Equation_mg_coarse_ solve did not converge due to DIVERGED_ITS iterations 30
                  Linear BackwardEuler-Equation_mg_coarse_ solve did not converge due to DIVERGED_ITS iterations 30
                  Linear BackwardEuler-Equation_mg_coarse_ solve did not converge due to DIVERGED_ITS iterations 30
    Linear BackwardEuler-Equation_ solve converged due to CONVERGED_RTOL iterations 20
                  Linear BackwardEuler-Equation_mg_coarse_ solve did not converge due to DIVERGED_ITS iterations 30
                  Linear BackwardEuler-Equation_mg_coarse_ solve did not converge due to DIVERGED_ITS iterations 30
                  Linear BackwardEuler-Equation_mg_coarse_ solve did not converge due to DIVERGED_ITS iterations 30
                  Linear BackwardEuler-Equation_mg_coarse_ solve did not converge due to DIVERGED_ITS iterations 30
                  Linear BackwardEuler-Equation_mg_coarse_ solve did not converge due to DIVERGED_ITS iterations 30
                  Linear BackwardEuler-Equation_mg_coarse_ solve did not converge due to DIVERGED_ITS iterations 30
                  Linear BackwardEuler-Equation_mg_coarse_ solve did not converge due to DIVERGED_ITS iterations 30
                  Linear BackwardEuler-Equation_mg_coarse_ solve did not converge due to DIVERGED_ITS iterations 30
                  Linear BackwardEuler-Equation_mg_coarse_ solve did not converge due to DIVERGED_ITS iterations 30
                  Linear BackwardEuler-Equation_mg_coarse_ solve did not converge due to DIVERGED_ITS iterations 30
                  Linear BackwardEuler-Equation_mg_coarse_ solve did not converge due to DIVERGED_ITS iterations 30
                  Linear BackwardEuler-Equation_mg_coarse_ solve did not converge due to DIVERGED_ITS iterations 30
                  Linear BackwardEuler-Equation_mg_coarse_ solve did not converge due to DIVERGED_ITS iterations 30
                  Linear BackwardEuler-Equation_mg_coarse_ solve did not converge due to DIVERGED_ITS iterations 30
                  Linear BackwardEuler-Equation_mg_coarse_ solve did not converge due to DIVERGED_ITS iterations 30
                  Linear BackwardEuler-Equation_mg_coarse_ solve did not converge due to DIVERGED_ITS iterations 30
                  Linear BackwardEuler-Equation_mg_coarse_ solve did not converge due to DIVERGED_ITS iterations 30
                  Linear BackwardEuler-Equation_mg_coarse_ solve did not converge due to DIVERGED_ITS iterations 30
                  Linear BackwardEuler-Equation_mg_coarse_ solve did not converge due to DIVERGED_ITS iterations 30
                  Linear BackwardEuler-Equation_mg_coarse_ solve did not converge due to DIVERGED_ITS iterations 30
                  Linear BackwardEuler-Equation_mg_coarse_ solve did not converge due to DIVERGED_ITS iterations 30
                  Linear BackwardEuler-Equation_mg_coarse_ solve did not converge due to DIVERGED_ITS iterations 30
    Linear BackwardEuler-Equation_ solve converged due to CONVERGED_RTOL iterations 21
  Nonlinear BackwardEuler-Equation_ solve converged due to CONVERGED_FNORM_ABS iterations 3
t = 6300.00 s | step 21/30 | wall 113.36 s | NL 3 | L 60
                  Linear BackwardEuler-Equation_mg_coarse_ solve did not converge due to DIVERGED_ITS iterations 30
                  Linear BackwardEuler-Equation_mg_coarse_ solve did not converge due to DIVERGED_ITS iterations 30
                  Linear BackwardEuler-Equation_mg_coarse_ solve did not converge due to DIVERGED_ITS iterations 30
                  Linear BackwardEuler-Equation_mg_coarse_ solve did not converge due to DIVERGED_ITS iterations 30
                  Linear BackwardEuler-Equation_mg_coarse_ solve did not converge due to DIVERGED_ITS iterations 30
                  Linear BackwardEuler-Equation_mg_coarse_ solve did not converge due to DIVERGED_ITS iterations 30
                  Linear BackwardEuler-Equation_mg_coarse_ solve did not converge due to DIVERGED_ITS iterations 30
                  Linear BackwardEuler-Equation_mg_coarse_ solve did not converge due to DIVERGED_ITS iterations 30
                  Linear BackwardEuler-Equation_mg_coarse_ solve did not converge due to DIVERGED_ITS iterations 30
                  Linear BackwardEuler-Equation_mg_coarse_ solve did not converge due to DIVERGED_ITS iterations 30
                  Linear BackwardEuler-Equation_mg_coarse_ solve did not converge due to DIVERGED_ITS iterations 30
                  Linear BackwardEuler-Equation_mg_coarse_ solve did not converge due to DIVERGED_ITS iterations 30
                  Linear BackwardEuler-Equation_mg_coarse_ solve did not converge due to DIVERGED_ITS iterations 30
                  Linear BackwardEuler-Equation_mg_coarse_ solve did not converge due to DIVERGED_ITS iterations 30
                  Linear BackwardEuler-Equation_mg_coarse_ solve did not converge due to DIVERGED_ITS iterations 30
                  Linear BackwardEuler-Equation_mg_coarse_ solve did not converge due to DIVERGED_ITS iterations 30
                  Linear BackwardEuler-Equation_mg_coarse_ solve did not converge due to DIVERGED_ITS iterations 30
                  Linear BackwardEuler-Equation_mg_coarse_ solve did not converge due to DIVERGED_ITS iterations 30
                  Linear BackwardEuler-Equation_mg_coarse_ solve did not converge due to DIVERGED_ITS iterations 30
                  Linear BackwardEuler-Equation_mg_coarse_ solve did not converge due to DIVERGED_ITS iterations 30
    Linear BackwardEuler-Equation_ solve converged due to CONVERGED_RTOL iterations 19
                  Linear BackwardEuler-Equation_mg_coarse_ solve did not converge due to DIVERGED_ITS iterations 30
                  Linear BackwardEuler-Equation_mg_coarse_ solve did not converge due to DIVERGED_ITS iterations 30
                  Linear BackwardEuler-Equation_mg_coarse_ solve did not converge due to DIVERGED_ITS iterations 30
                  Linear BackwardEuler-Equation_mg_coarse_ solve did not converge due to DIVERGED_ITS iterations 30
                  Linear BackwardEuler-Equation_mg_coarse_ solve did not converge due to DIVERGED_ITS iterations 30
                  Linear BackwardEuler-Equation_mg_coarse_ solve did not converge due to DIVERGED_ITS iterations 30
                  Linear BackwardEuler-Equation_mg_coarse_ solve did not converge due to DIVERGED_ITS iterations 30
                  Linear BackwardEuler-Equation_mg_coarse_ solve did not converge due to DIVERGED_ITS iterations 30
                  Linear BackwardEuler-Equation_mg_coarse_ solve did not converge due to DIVERGED_ITS iterations 30
                  Linear BackwardEuler-Equation_mg_coarse_ solve did not converge due to DIVERGED_ITS iterations 30
                  Linear BackwardEuler-Equation_mg_coarse_ solve did not converge due to DIVERGED_ITS iterations 30
                  Linear BackwardEuler-Equation_mg_coarse_ solve did not converge due to DIVERGED_ITS iterations 30
                  Linear BackwardEuler-Equation_mg_coarse_ solve did not converge due to DIVERGED_ITS iterations 30
                  Linear BackwardEuler-Equation_mg_coarse_ solve did not converge due to DIVERGED_ITS iterations 30
                  Linear BackwardEuler-Equation_mg_coarse_ solve did not converge due to DIVERGED_ITS iterations 30
                  Linear BackwardEuler-Equation_mg_coarse_ solve did not converge due to DIVERGED_ITS iterations 30
                  Linear BackwardEuler-Equation_mg_coarse_ solve did not converge due to DIVERGED_ITS iterations 30
                  Linear BackwardEuler-Equation_mg_coarse_ solve did not converge due to DIVERGED_ITS iterations 30
                  Linear BackwardEuler-Equation_mg_coarse_ solve did not converge due to DIVERGED_ITS iterations 30
                  Linear BackwardEuler-Equation_mg_coarse_ solve did not converge due to DIVERGED_ITS iterations 30
                  Linear BackwardEuler-Equation_mg_coarse_ solve did not converge due to DIVERGED_ITS iterations 30
    Linear BackwardEuler-Equation_ solve converged due to CONVERGED_RTOL iterations 20
                  Linear BackwardEuler-Equation_mg_coarse_ solve did not converge due to DIVERGED_ITS iterations 30
                  Linear BackwardEuler-Equation_mg_coarse_ solve did not converge due to DIVERGED_ITS iterations 30
                  Linear BackwardEuler-Equation_mg_coarse_ solve did not converge due to DIVERGED_ITS iterations 30
                  Linear BackwardEuler-Equation_mg_coarse_ solve did not converge due to DIVERGED_ITS iterations 30
                  Linear BackwardEuler-Equation_mg_coarse_ solve did not converge due to DIVERGED_ITS iterations 30
                  Linear BackwardEuler-Equation_mg_coarse_ solve did not converge due to DIVERGED_ITS iterations 30
                  Linear BackwardEuler-Equation_mg_coarse_ solve did not converge due to DIVERGED_ITS iterations 30
                  Linear BackwardEuler-Equation_mg_coarse_ solve did not converge due to DIVERGED_ITS iterations 30
                  Linear BackwardEuler-Equation_mg_coarse_ solve did not converge due to DIVERGED_ITS iterations 30
                  Linear BackwardEuler-Equation_mg_coarse_ solve did not converge due to DIVERGED_ITS iterations 30
                  Linear BackwardEuler-Equation_mg_coarse_ solve did not converge due to DIVERGED_ITS iterations 30
                  Linear BackwardEuler-Equation_mg_coarse_ solve did not converge due to DIVERGED_ITS iterations 30
                  Linear BackwardEuler-Equation_mg_coarse_ solve did not converge due to DIVERGED_ITS iterations 30
                  Linear BackwardEuler-Equation_mg_coarse_ solve did not converge due to DIVERGED_ITS iterations 30
                  Linear BackwardEuler-Equation_mg_coarse_ solve did not converge due to DIVERGED_ITS iterations 30
                  Linear BackwardEuler-Equation_mg_coarse_ solve did not converge due to DIVERGED_ITS iterations 30
                  Linear BackwardEuler-Equation_mg_coarse_ solve did not converge due to DIVERGED_ITS iterations 30
                  Linear BackwardEuler-Equation_mg_coarse_ solve did not converge due to DIVERGED_ITS iterations 30
                  Linear BackwardEuler-Equation_mg_coarse_ solve did not converge due to DIVERGED_ITS iterations 30
                  Linear BackwardEuler-Equation_mg_coarse_ solve did not converge due to DIVERGED_ITS iterations 30
                  Linear BackwardEuler-Equation_mg_coarse_ solve did not converge due to DIVERGED_ITS iterations 30
                  Linear BackwardEuler-Equation_mg_coarse_ solve did not converge due to DIVERGED_ITS iterations 30
    Linear BackwardEuler-Equation_ solve converged due to CONVERGED_RTOL iterations 21
  Nonlinear BackwardEuler-Equation_ solve converged due to CONVERGED_FNORM_ABS iterations 3
t = 6600.00 s | step 22/30 | wall 113.46 s | NL 3 | L 60
                  Linear BackwardEuler-Equation_mg_coarse_ solve did not converge due to DIVERGED_ITS iterations 30
                  Linear BackwardEuler-Equation_mg_coarse_ solve did not converge due to DIVERGED_ITS iterations 30
                  Linear BackwardEuler-Equation_mg_coarse_ solve did not converge due to DIVERGED_ITS iterations 30
                  Linear BackwardEuler-Equation_mg_coarse_ solve did not converge due to DIVERGED_ITS iterations 30
                  Linear BackwardEuler-Equation_mg_coarse_ solve did not converge due to DIVERGED_ITS iterations 30
                  Linear BackwardEuler-Equation_mg_coarse_ solve did not converge due to DIVERGED_ITS iterations 30
                  Linear BackwardEuler-Equation_mg_coarse_ solve did not converge due to DIVERGED_ITS iterations 30
                  Linear BackwardEuler-Equation_mg_coarse_ solve did not converge due to DIVERGED_ITS iterations 30
                  Linear BackwardEuler-Equation_mg_coarse_ solve did not converge due to DIVERGED_ITS iterations 30
                  Linear BackwardEuler-Equation_mg_coarse_ solve did not converge due to DIVERGED_ITS iterations 30
                  Linear BackwardEuler-Equation_mg_coarse_ solve did not converge due to DIVERGED_ITS iterations 30
                  Linear BackwardEuler-Equation_mg_coarse_ solve did not converge due to DIVERGED_ITS iterations 30
                  Linear BackwardEuler-Equation_mg_coarse_ solve did not converge due to DIVERGED_ITS iterations 30
                  Linear BackwardEuler-Equation_mg_coarse_ solve did not converge due to DIVERGED_ITS iterations 30
                  Linear BackwardEuler-Equation_mg_coarse_ solve did not converge due to DIVERGED_ITS iterations 30
                  Linear BackwardEuler-Equation_mg_coarse_ solve did not converge due to DIVERGED_ITS iterations 30
                  Linear BackwardEuler-Equation_mg_coarse_ solve did not converge due to DIVERGED_ITS iterations 30
                  Linear BackwardEuler-Equation_mg_coarse_ solve did not converge due to DIVERGED_ITS iterations 30
                  Linear BackwardEuler-Equation_mg_coarse_ solve did not converge due to DIVERGED_ITS iterations 30
                  Linear BackwardEuler-Equation_mg_coarse_ solve did not converge due to DIVERGED_ITS iterations 30
    Linear BackwardEuler-Equation_ solve converged due to CONVERGED_RTOL iterations 19
                  Linear BackwardEuler-Equation_mg_coarse_ solve did not converge due to DIVERGED_ITS iterations 30
                  Linear BackwardEuler-Equation_mg_coarse_ solve did not converge due to DIVERGED_ITS iterations 30
                  Linear BackwardEuler-Equation_mg_coarse_ solve did not converge due to DIVERGED_ITS iterations 30
                  Linear BackwardEuler-Equation_mg_coarse_ solve did not converge due to DIVERGED_ITS iterations 30
                  Linear BackwardEuler-Equation_mg_coarse_ solve did not converge due to DIVERGED_ITS iterations 30
                  Linear BackwardEuler-Equation_mg_coarse_ solve did not converge due to DIVERGED_ITS iterations 30
                  Linear BackwardEuler-Equation_mg_coarse_ solve did not converge due to DIVERGED_ITS iterations 30
                  Linear BackwardEuler-Equation_mg_coarse_ solve did not converge due to DIVERGED_ITS iterations 30
                  Linear BackwardEuler-Equation_mg_coarse_ solve did not converge due to DIVERGED_ITS iterations 30
                  Linear BackwardEuler-Equation_mg_coarse_ solve did not converge due to DIVERGED_ITS iterations 30
                  Linear BackwardEuler-Equation_mg_coarse_ solve did not converge due to DIVERGED_ITS iterations 30
                  Linear BackwardEuler-Equation_mg_coarse_ solve did not converge due to DIVERGED_ITS iterations 30
                  Linear BackwardEuler-Equation_mg_coarse_ solve did not converge due to DIVERGED_ITS iterations 30
                  Linear BackwardEuler-Equation_mg_coarse_ solve did not converge due to DIVERGED_ITS iterations 30
                  Linear BackwardEuler-Equation_mg_coarse_ solve did not converge due to DIVERGED_ITS iterations 30
                  Linear BackwardEuler-Equation_mg_coarse_ solve did not converge due to DIVERGED_ITS iterations 30
                  Linear BackwardEuler-Equation_mg_coarse_ solve did not converge due to DIVERGED_ITS iterations 30
                  Linear BackwardEuler-Equation_mg_coarse_ solve did not converge due to DIVERGED_ITS iterations 30
                  Linear BackwardEuler-Equation_mg_coarse_ solve did not converge due to DIVERGED_ITS iterations 30
                  Linear BackwardEuler-Equation_mg_coarse_ solve did not converge due to DIVERGED_ITS iterations 30
                  Linear BackwardEuler-Equation_mg_coarse_ solve did not converge due to DIVERGED_ITS iterations 30
    Linear BackwardEuler-Equation_ solve converged due to CONVERGED_RTOL iterations 20
                  Linear BackwardEuler-Equation_mg_coarse_ solve did not converge due to DIVERGED_ITS iterations 30
                  Linear BackwardEuler-Equation_mg_coarse_ solve did not converge due to DIVERGED_ITS iterations 30
                  Linear BackwardEuler-Equation_mg_coarse_ solve did not converge due to DIVERGED_ITS iterations 30
                  Linear BackwardEuler-Equation_mg_coarse_ solve did not converge due to DIVERGED_ITS iterations 30
                  Linear BackwardEuler-Equation_mg_coarse_ solve did not converge due to DIVERGED_ITS iterations 30
                  Linear BackwardEuler-Equation_mg_coarse_ solve did not converge due to DIVERGED_ITS iterations 30
                  Linear BackwardEuler-Equation_mg_coarse_ solve did not converge due to DIVERGED_ITS iterations 30
                  Linear BackwardEuler-Equation_mg_coarse_ solve did not converge due to DIVERGED_ITS iterations 30
                  Linear BackwardEuler-Equation_mg_coarse_ solve did not converge due to DIVERGED_ITS iterations 30
                  Linear BackwardEuler-Equation_mg_coarse_ solve did not converge due to DIVERGED_ITS iterations 30
                  Linear BackwardEuler-Equation_mg_coarse_ solve did not converge due to DIVERGED_ITS iterations 30
                  Linear BackwardEuler-Equation_mg_coarse_ solve did not converge due to DIVERGED_ITS iterations 30
                  Linear BackwardEuler-Equation_mg_coarse_ solve did not converge due to DIVERGED_ITS iterations 30
                  Linear BackwardEuler-Equation_mg_coarse_ solve did not converge due to DIVERGED_ITS iterations 30
                  Linear BackwardEuler-Equation_mg_coarse_ solve did not converge due to DIVERGED_ITS iterations 30
                  Linear BackwardEuler-Equation_mg_coarse_ solve did not converge due to DIVERGED_ITS iterations 30
                  Linear BackwardEuler-Equation_mg_coarse_ solve did not converge due to DIVERGED_ITS iterations 30
                  Linear BackwardEuler-Equation_mg_coarse_ solve did not converge due to DIVERGED_ITS iterations 30
                  Linear BackwardEuler-Equation_mg_coarse_ solve did not converge due to DIVERGED_ITS iterations 30
                  Linear BackwardEuler-Equation_mg_coarse_ solve did not converge due to DIVERGED_ITS iterations 30
                  Linear BackwardEuler-Equation_mg_coarse_ solve did not converge due to DIVERGED_ITS iterations 30
                  Linear BackwardEuler-Equation_mg_coarse_ solve did not converge due to DIVERGED_ITS iterations 30
    Linear BackwardEuler-Equation_ solve converged due to CONVERGED_RTOL iterations 21
  Nonlinear BackwardEuler-Equation_ solve converged due to CONVERGED_FNORM_ABS iterations 3
t = 6900.00 s | step 23/30 | wall 113.08 s | NL 3 | L 60
                  Linear BackwardEuler-Equation_mg_coarse_ solve did not converge due to DIVERGED_ITS iterations 30
                  Linear BackwardEuler-Equation_mg_coarse_ solve did not converge due to DIVERGED_ITS iterations 30
                  Linear BackwardEuler-Equation_mg_coarse_ solve did not converge due to DIVERGED_ITS iterations 30
                  Linear BackwardEuler-Equation_mg_coarse_ solve did not converge due to DIVERGED_ITS iterations 30
                  Linear BackwardEuler-Equation_mg_coarse_ solve did not converge due to DIVERGED_ITS iterations 30
                  Linear BackwardEuler-Equation_mg_coarse_ solve did not converge due to DIVERGED_ITS iterations 30
                  Linear BackwardEuler-Equation_mg_coarse_ solve did not converge due to DIVERGED_ITS iterations 30
                  Linear BackwardEuler-Equation_mg_coarse_ solve did not converge due to DIVERGED_ITS iterations 30
                  Linear BackwardEuler-Equation_mg_coarse_ solve did not converge due to DIVERGED_ITS iterations 30
                  Linear BackwardEuler-Equation_mg_coarse_ solve did not converge due to DIVERGED_ITS iterations 30
                  Linear BackwardEuler-Equation_mg_coarse_ solve did not converge due to DIVERGED_ITS iterations 30
                  Linear BackwardEuler-Equation_mg_coarse_ solve did not converge due to DIVERGED_ITS iterations 30
                  Linear BackwardEuler-Equation_mg_coarse_ solve did not converge due to DIVERGED_ITS iterations 30
                  Linear BackwardEuler-Equation_mg_coarse_ solve did not converge due to DIVERGED_ITS iterations 30
                  Linear BackwardEuler-Equation_mg_coarse_ solve did not converge due to DIVERGED_ITS iterations 30
                  Linear BackwardEuler-Equation_mg_coarse_ solve did not converge due to DIVERGED_ITS iterations 30
                  Linear BackwardEuler-Equation_mg_coarse_ solve did not converge due to DIVERGED_ITS iterations 30
                  Linear BackwardEuler-Equation_mg_coarse_ solve did not converge due to DIVERGED_ITS iterations 30
                  Linear BackwardEuler-Equation_mg_coarse_ solve did not converge due to DIVERGED_ITS iterations 30
                  Linear BackwardEuler-Equation_mg_coarse_ solve did not converge due to DIVERGED_ITS iterations 30
    Linear BackwardEuler-Equation_ solve converged due to CONVERGED_RTOL iterations 19
                  Linear BackwardEuler-Equation_mg_coarse_ solve did not converge due to DIVERGED_ITS iterations 30
                  Linear BackwardEuler-Equation_mg_coarse_ solve did not converge due to DIVERGED_ITS iterations 30
                  Linear BackwardEuler-Equation_mg_coarse_ solve did not converge due to DIVERGED_ITS iterations 30
                  Linear BackwardEuler-Equation_mg_coarse_ solve did not converge due to DIVERGED_ITS iterations 30
                  Linear BackwardEuler-Equation_mg_coarse_ solve did not converge due to DIVERGED_ITS iterations 30
                  Linear BackwardEuler-Equation_mg_coarse_ solve did not converge due to DIVERGED_ITS iterations 30
                  Linear BackwardEuler-Equation_mg_coarse_ solve did not converge due to DIVERGED_ITS iterations 30
                  Linear BackwardEuler-Equation_mg_coarse_ solve did not converge due to DIVERGED_ITS iterations 30
                  Linear BackwardEuler-Equation_mg_coarse_ solve did not converge due to DIVERGED_ITS iterations 30
                  Linear BackwardEuler-Equation_mg_coarse_ solve did not converge due to DIVERGED_ITS iterations 30
                  Linear BackwardEuler-Equation_mg_coarse_ solve did not converge due to DIVERGED_ITS iterations 30
                  Linear BackwardEuler-Equation_mg_coarse_ solve did not converge due to DIVERGED_ITS iterations 30
                  Linear BackwardEuler-Equation_mg_coarse_ solve did not converge due to DIVERGED_ITS iterations 30
                  Linear BackwardEuler-Equation_mg_coarse_ solve did not converge due to DIVERGED_ITS iterations 30
                  Linear BackwardEuler-Equation_mg_coarse_ solve did not converge due to DIVERGED_ITS iterations 30
                  Linear BackwardEuler-Equation_mg_coarse_ solve did not converge due to DIVERGED_ITS iterations 30
                  Linear BackwardEuler-Equation_mg_coarse_ solve did not converge due to DIVERGED_ITS iterations 30
                  Linear BackwardEuler-Equation_mg_coarse_ solve did not converge due to DIVERGED_ITS iterations 30
                  Linear BackwardEuler-Equation_mg_coarse_ solve did not converge due to DIVERGED_ITS iterations 30
                  Linear BackwardEuler-Equation_mg_coarse_ solve did not converge due to DIVERGED_ITS iterations 30
                  Linear BackwardEuler-Equation_mg_coarse_ solve did not converge due to DIVERGED_ITS iterations 30
    Linear BackwardEuler-Equation_ solve converged due to CONVERGED_RTOL iterations 20
                  Linear BackwardEuler-Equation_mg_coarse_ solve did not converge due to DIVERGED_ITS iterations 30
                  Linear BackwardEuler-Equation_mg_coarse_ solve did not converge due to DIVERGED_ITS iterations 30
                  Linear BackwardEuler-Equation_mg_coarse_ solve did not converge due to DIVERGED_ITS iterations 30
                  Linear BackwardEuler-Equation_mg_coarse_ solve did not converge due to DIVERGED_ITS iterations 30
                  Linear BackwardEuler-Equation_mg_coarse_ solve did not converge due to DIVERGED_ITS iterations 30
                  Linear BackwardEuler-Equation_mg_coarse_ solve did not converge due to DIVERGED_ITS iterations 30
                  Linear BackwardEuler-Equation_mg_coarse_ solve did not converge due to DIVERGED_ITS iterations 30
                  Linear BackwardEuler-Equation_mg_coarse_ solve did not converge due to DIVERGED_ITS iterations 30
                  Linear BackwardEuler-Equation_mg_coarse_ solve did not converge due to DIVERGED_ITS iterations 30
                  Linear BackwardEuler-Equation_mg_coarse_ solve did not converge due to DIVERGED_ITS iterations 30
                  Linear BackwardEuler-Equation_mg_coarse_ solve did not converge due to DIVERGED_ITS iterations 30
                  Linear BackwardEuler-Equation_mg_coarse_ solve did not converge due to DIVERGED_ITS iterations 30
                  Linear BackwardEuler-Equation_mg_coarse_ solve did not converge due to DIVERGED_ITS iterations 30
                  Linear BackwardEuler-Equation_mg_coarse_ solve did not converge due to DIVERGED_ITS iterations 30
                  Linear BackwardEuler-Equation_mg_coarse_ solve did not converge due to DIVERGED_ITS iterations 30
                  Linear BackwardEuler-Equation_mg_coarse_ solve did not converge due to DIVERGED_ITS iterations 30
                  Linear BackwardEuler-Equation_mg_coarse_ solve did not converge due to DIVERGED_ITS iterations 30
                  Linear BackwardEuler-Equation_mg_coarse_ solve did not converge due to DIVERGED_ITS iterations 30
                  Linear BackwardEuler-Equation_mg_coarse_ solve did not converge due to DIVERGED_ITS iterations 30
                  Linear BackwardEuler-Equation_mg_coarse_ solve did not converge due to DIVERGED_ITS iterations 30
                  Linear BackwardEuler-Equation_mg_coarse_ solve did not converge due to DIVERGED_ITS iterations 30
                  Linear BackwardEuler-Equation_mg_coarse_ solve did not converge due to DIVERGED_ITS iterations 30
    Linear BackwardEuler-Equation_ solve converged due to CONVERGED_RTOL iterations 21
  Nonlinear BackwardEuler-Equation_ solve converged due to CONVERGED_FNORM_ABS iterations 3
t = 7200.00 s | step 24/30 | wall 112.89 s | NL 3 | L 60
                  Linear BackwardEuler-Equation_mg_coarse_ solve did not converge due to DIVERGED_ITS iterations 30
                  Linear BackwardEuler-Equation_mg_coarse_ solve did not converge due to DIVERGED_ITS iterations 30
                  Linear BackwardEuler-Equation_mg_coarse_ solve did not converge due to DIVERGED_ITS iterations 30
                  Linear BackwardEuler-Equation_mg_coarse_ solve did not converge due to DIVERGED_ITS iterations 30
                  Linear BackwardEuler-Equation_mg_coarse_ solve did not converge due to DIVERGED_ITS iterations 30
                  Linear BackwardEuler-Equation_mg_coarse_ solve did not converge due to DIVERGED_ITS iterations 30
                  Linear BackwardEuler-Equation_mg_coarse_ solve did not converge due to DIVERGED_ITS iterations 30
                  Linear BackwardEuler-Equation_mg_coarse_ solve did not converge due to DIVERGED_ITS iterations 30
                  Linear BackwardEuler-Equation_mg_coarse_ solve did not converge due to DIVERGED_ITS iterations 30
                  Linear BackwardEuler-Equation_mg_coarse_ solve did not converge due to DIVERGED_ITS iterations 30
                  Linear BackwardEuler-Equation_mg_coarse_ solve did not converge due to DIVERGED_ITS iterations 30
                  Linear BackwardEuler-Equation_mg_coarse_ solve did not converge due to DIVERGED_ITS iterations 30
                  Linear BackwardEuler-Equation_mg_coarse_ solve did not converge due to DIVERGED_ITS iterations 30
                  Linear BackwardEuler-Equation_mg_coarse_ solve did not converge due to DIVERGED_ITS iterations 30
                  Linear BackwardEuler-Equation_mg_coarse_ solve did not converge due to DIVERGED_ITS iterations 30
                  Linear BackwardEuler-Equation_mg_coarse_ solve did not converge due to DIVERGED_ITS iterations 30
                  Linear BackwardEuler-Equation_mg_coarse_ solve did not converge due to DIVERGED_ITS iterations 30
                  Linear BackwardEuler-Equation_mg_coarse_ solve did not converge due to DIVERGED_ITS iterations 30
                  Linear BackwardEuler-Equation_mg_coarse_ solve did not converge due to DIVERGED_ITS iterations 30
                  Linear BackwardEuler-Equation_mg_coarse_ solve did not converge due to DIVERGED_ITS iterations 30
    Linear BackwardEuler-Equation_ solve converged due to CONVERGED_RTOL iterations 19
                  Linear BackwardEuler-Equation_mg_coarse_ solve did not converge due to DIVERGED_ITS iterations 30
                  Linear BackwardEuler-Equation_mg_coarse_ solve did not converge due to DIVERGED_ITS iterations 30
                  Linear BackwardEuler-Equation_mg_coarse_ solve did not converge due to DIVERGED_ITS iterations 30
                  Linear BackwardEuler-Equation_mg_coarse_ solve did not converge due to DIVERGED_ITS iterations 30
                  Linear BackwardEuler-Equation_mg_coarse_ solve did not converge due to DIVERGED_ITS iterations 30
                  Linear BackwardEuler-Equation_mg_coarse_ solve did not converge due to DIVERGED_ITS iterations 30
                  Linear BackwardEuler-Equation_mg_coarse_ solve did not converge due to DIVERGED_ITS iterations 30
                  Linear BackwardEuler-Equation_mg_coarse_ solve did not converge due to DIVERGED_ITS iterations 30
                  Linear BackwardEuler-Equation_mg_coarse_ solve did not converge due to DIVERGED_ITS iterations 30
                  Linear BackwardEuler-Equation_mg_coarse_ solve did not converge due to DIVERGED_ITS iterations 30
                  Linear BackwardEuler-Equation_mg_coarse_ solve did not converge due to DIVERGED_ITS iterations 30
                  Linear BackwardEuler-Equation_mg_coarse_ solve did not converge due to DIVERGED_ITS iterations 30
                  Linear BackwardEuler-Equation_mg_coarse_ solve did not converge due to DIVERGED_ITS iterations 30
                  Linear BackwardEuler-Equation_mg_coarse_ solve did not converge due to DIVERGED_ITS iterations 30
                  Linear BackwardEuler-Equation_mg_coarse_ solve did not converge due to DIVERGED_ITS iterations 30
                  Linear BackwardEuler-Equation_mg_coarse_ solve did not converge due to DIVERGED_ITS iterations 30
                  Linear BackwardEuler-Equation_mg_coarse_ solve did not converge due to DIVERGED_ITS iterations 30
                  Linear BackwardEuler-Equation_mg_coarse_ solve did not converge due to DIVERGED_ITS iterations 30
                  Linear BackwardEuler-Equation_mg_coarse_ solve did not converge due to DIVERGED_ITS iterations 30
                  Linear BackwardEuler-Equation_mg_coarse_ solve did not converge due to DIVERGED_ITS iterations 30
                  Linear BackwardEuler-Equation_mg_coarse_ solve did not converge due to DIVERGED_ITS iterations 30
    Linear BackwardEuler-Equation_ solve converged due to CONVERGED_RTOL iterations 20
                  Linear BackwardEuler-Equation_mg_coarse_ solve did not converge due to DIVERGED_ITS iterations 30
                  Linear BackwardEuler-Equation_mg_coarse_ solve did not converge due to DIVERGED_ITS iterations 30
                  Linear BackwardEuler-Equation_mg_coarse_ solve did not converge due to DIVERGED_ITS iterations 30
                  Linear BackwardEuler-Equation_mg_coarse_ solve did not converge due to DIVERGED_ITS iterations 30
                  Linear BackwardEuler-Equation_mg_coarse_ solve did not converge due to DIVERGED_ITS iterations 30
                  Linear BackwardEuler-Equation_mg_coarse_ solve did not converge due to DIVERGED_ITS iterations 30
                  Linear BackwardEuler-Equation_mg_coarse_ solve did not converge due to DIVERGED_ITS iterations 30
                  Linear BackwardEuler-Equation_mg_coarse_ solve did not converge due to DIVERGED_ITS iterations 30
                  Linear BackwardEuler-Equation_mg_coarse_ solve did not converge due to DIVERGED_ITS iterations 30
                  Linear BackwardEuler-Equation_mg_coarse_ solve did not converge due to DIVERGED_ITS iterations 30
                  Linear BackwardEuler-Equation_mg_coarse_ solve did not converge due to DIVERGED_ITS iterations 30
                  Linear BackwardEuler-Equation_mg_coarse_ solve did not converge due to DIVERGED_ITS iterations 30
                  Linear BackwardEuler-Equation_mg_coarse_ solve did not converge due to DIVERGED_ITS iterations 30
                  Linear BackwardEuler-Equation_mg_coarse_ solve did not converge due to DIVERGED_ITS iterations 30
                  Linear BackwardEuler-Equation_mg_coarse_ solve did not converge due to DIVERGED_ITS iterations 30
                  Linear BackwardEuler-Equation_mg_coarse_ solve did not converge due to DIVERGED_ITS iterations 30
                  Linear BackwardEuler-Equation_mg_coarse_ solve did not converge due to DIVERGED_ITS iterations 30
                  Linear BackwardEuler-Equation_mg_coarse_ solve did not converge due to DIVERGED_ITS iterations 30
                  Linear BackwardEuler-Equation_mg_coarse_ solve did not converge due to DIVERGED_ITS iterations 30
                  Linear BackwardEuler-Equation_mg_coarse_ solve did not converge due to DIVERGED_ITS iterations 30
                  Linear BackwardEuler-Equation_mg_coarse_ solve did not converge due to DIVERGED_ITS iterations 30
                  Linear BackwardEuler-Equation_mg_coarse_ solve did not converge due to DIVERGED_ITS iterations 30
    Linear BackwardEuler-Equation_ solve converged due to CONVERGED_RTOL iterations 21
  Nonlinear BackwardEuler-Equation_ solve converged due to CONVERGED_FNORM_ABS iterations 3
t = 7500.00 s | step 25/30 | wall 113.04 s | NL 3 | L 60
                  Linear BackwardEuler-Equation_mg_coarse_ solve did not converge due to DIVERGED_ITS iterations 30
                  Linear BackwardEuler-Equation_mg_coarse_ solve did not converge due to DIVERGED_ITS iterations 30
                  Linear BackwardEuler-Equation_mg_coarse_ solve did not converge due to DIVERGED_ITS iterations 30
                  Linear BackwardEuler-Equation_mg_coarse_ solve did not converge due to DIVERGED_ITS iterations 30
                  Linear BackwardEuler-Equation_mg_coarse_ solve did not converge due to DIVERGED_ITS iterations 30
                  Linear BackwardEuler-Equation_mg_coarse_ solve did not converge due to DIVERGED_ITS iterations 30
                  Linear BackwardEuler-Equation_mg_coarse_ solve did not converge due to DIVERGED_ITS iterations 30
                  Linear BackwardEuler-Equation_mg_coarse_ solve did not converge due to DIVERGED_ITS iterations 30
                  Linear BackwardEuler-Equation_mg_coarse_ solve did not converge due to DIVERGED_ITS iterations 30
                  Linear BackwardEuler-Equation_mg_coarse_ solve did not converge due to DIVERGED_ITS iterations 30
                  Linear BackwardEuler-Equation_mg_coarse_ solve did not converge due to DIVERGED_ITS iterations 30
                  Linear BackwardEuler-Equation_mg_coarse_ solve did not converge due to DIVERGED_ITS iterations 30
                  Linear BackwardEuler-Equation_mg_coarse_ solve did not converge due to DIVERGED_ITS iterations 30
                  Linear BackwardEuler-Equation_mg_coarse_ solve did not converge due to DIVERGED_ITS iterations 30
                  Linear BackwardEuler-Equation_mg_coarse_ solve did not converge due to DIVERGED_ITS iterations 30
                  Linear BackwardEuler-Equation_mg_coarse_ solve did not converge due to DIVERGED_ITS iterations 30
                  Linear BackwardEuler-Equation_mg_coarse_ solve did not converge due to DIVERGED_ITS iterations 30
                  Linear BackwardEuler-Equation_mg_coarse_ solve did not converge due to DIVERGED_ITS iterations 30
                  Linear BackwardEuler-Equation_mg_coarse_ solve did not converge due to DIVERGED_ITS iterations 30
                  Linear BackwardEuler-Equation_mg_coarse_ solve did not converge due to DIVERGED_ITS iterations 30
    Linear BackwardEuler-Equation_ solve converged due to CONVERGED_RTOL iterations 19
                  Linear BackwardEuler-Equation_mg_coarse_ solve did not converge due to DIVERGED_ITS iterations 30
                  Linear BackwardEuler-Equation_mg_coarse_ solve did not converge due to DIVERGED_ITS iterations 30
                  Linear BackwardEuler-Equation_mg_coarse_ solve did not converge due to DIVERGED_ITS iterations 30
                  Linear BackwardEuler-Equation_mg_coarse_ solve did not converge due to DIVERGED_ITS iterations 30
                  Linear BackwardEuler-Equation_mg_coarse_ solve did not converge due to DIVERGED_ITS iterations 30
                  Linear BackwardEuler-Equation_mg_coarse_ solve did not converge due to DIVERGED_ITS iterations 30
                  Linear BackwardEuler-Equation_mg_coarse_ solve did not converge due to DIVERGED_ITS iterations 30
                  Linear BackwardEuler-Equation_mg_coarse_ solve did not converge due to DIVERGED_ITS iterations 30
                  Linear BackwardEuler-Equation_mg_coarse_ solve did not converge due to DIVERGED_ITS iterations 30
                  Linear BackwardEuler-Equation_mg_coarse_ solve did not converge due to DIVERGED_ITS iterations 30
                  Linear BackwardEuler-Equation_mg_coarse_ solve did not converge due to DIVERGED_ITS iterations 30
                  Linear BackwardEuler-Equation_mg_coarse_ solve did not converge due to DIVERGED_ITS iterations 30
                  Linear BackwardEuler-Equation_mg_coarse_ solve did not converge due to DIVERGED_ITS iterations 30
                  Linear BackwardEuler-Equation_mg_coarse_ solve did not converge due to DIVERGED_ITS iterations 30
                  Linear BackwardEuler-Equation_mg_coarse_ solve did not converge due to DIVERGED_ITS iterations 30
                  Linear BackwardEuler-Equation_mg_coarse_ solve did not converge due to DIVERGED_ITS iterations 30
                  Linear BackwardEuler-Equation_mg_coarse_ solve did not converge due to DIVERGED_ITS iterations 30
                  Linear BackwardEuler-Equation_mg_coarse_ solve did not converge due to DIVERGED_ITS iterations 30
                  Linear BackwardEuler-Equation_mg_coarse_ solve did not converge due to DIVERGED_ITS iterations 30
                  Linear BackwardEuler-Equation_mg_coarse_ solve did not converge due to DIVERGED_ITS iterations 30
                  Linear BackwardEuler-Equation_mg_coarse_ solve did not converge due to DIVERGED_ITS iterations 30
    Linear BackwardEuler-Equation_ solve converged due to CONVERGED_RTOL iterations 20
                  Linear BackwardEuler-Equation_mg_coarse_ solve did not converge due to DIVERGED_ITS iterations 30
                  Linear BackwardEuler-Equation_mg_coarse_ solve did not converge due to DIVERGED_ITS iterations 30
                  Linear BackwardEuler-Equation_mg_coarse_ solve did not converge due to DIVERGED_ITS iterations 30
                  Linear BackwardEuler-Equation_mg_coarse_ solve did not converge due to DIVERGED_ITS iterations 30
                  Linear BackwardEuler-Equation_mg_coarse_ solve did not converge due to DIVERGED_ITS iterations 30
                  Linear BackwardEuler-Equation_mg_coarse_ solve did not converge due to DIVERGED_ITS iterations 30
                  Linear BackwardEuler-Equation_mg_coarse_ solve did not converge due to DIVERGED_ITS iterations 30
                  Linear BackwardEuler-Equation_mg_coarse_ solve did not converge due to DIVERGED_ITS iterations 30
                  Linear BackwardEuler-Equation_mg_coarse_ solve did not converge due to DIVERGED_ITS iterations 30
                  Linear BackwardEuler-Equation_mg_coarse_ solve did not converge due to DIVERGED_ITS iterations 30
                  Linear BackwardEuler-Equation_mg_coarse_ solve did not converge due to DIVERGED_ITS iterations 30
                  Linear BackwardEuler-Equation_mg_coarse_ solve did not converge due to DIVERGED_ITS iterations 30
                  Linear BackwardEuler-Equation_mg_coarse_ solve did not converge due to DIVERGED_ITS iterations 30
                  Linear BackwardEuler-Equation_mg_coarse_ solve did not converge due to DIVERGED_ITS iterations 30
                  Linear BackwardEuler-Equation_mg_coarse_ solve did not converge due to DIVERGED_ITS iterations 30
                  Linear BackwardEuler-Equation_mg_coarse_ solve did not converge due to DIVERGED_ITS iterations 30
                  Linear BackwardEuler-Equation_mg_coarse_ solve did not converge due to DIVERGED_ITS iterations 30
                  Linear BackwardEuler-Equation_mg_coarse_ solve did not converge due to DIVERGED_ITS iterations 30
                  Linear BackwardEuler-Equation_mg_coarse_ solve did not converge due to DIVERGED_ITS iterations 30
                  Linear BackwardEuler-Equation_mg_coarse_ solve did not converge due to DIVERGED_ITS iterations 30
                  Linear BackwardEuler-Equation_mg_coarse_ solve did not converge due to DIVERGED_ITS iterations 30
                  Linear BackwardEuler-Equation_mg_coarse_ solve did not converge due to DIVERGED_ITS iterations 30
    Linear BackwardEuler-Equation_ solve converged due to CONVERGED_RTOL iterations 21
  Nonlinear BackwardEuler-Equation_ solve converged due to CONVERGED_FNORM_ABS iterations 3
t = 7800.00 s | step 26/30 | wall 113.09 s | NL 3 | L 60
                  Linear BackwardEuler-Equation_mg_coarse_ solve did not converge due to DIVERGED_ITS iterations 30
                  Linear BackwardEuler-Equation_mg_coarse_ solve did not converge due to DIVERGED_ITS iterations 30
                  Linear BackwardEuler-Equation_mg_coarse_ solve did not converge due to DIVERGED_ITS iterations 30
                  Linear BackwardEuler-Equation_mg_coarse_ solve did not converge due to DIVERGED_ITS iterations 30
                  Linear BackwardEuler-Equation_mg_coarse_ solve did not converge due to DIVERGED_ITS iterations 30
                  Linear BackwardEuler-Equation_mg_coarse_ solve did not converge due to DIVERGED_ITS iterations 30
                  Linear BackwardEuler-Equation_mg_coarse_ solve did not converge due to DIVERGED_ITS iterations 30
                  Linear BackwardEuler-Equation_mg_coarse_ solve did not converge due to DIVERGED_ITS iterations 30
                  Linear BackwardEuler-Equation_mg_coarse_ solve did not converge due to DIVERGED_ITS iterations 30
                  Linear BackwardEuler-Equation_mg_coarse_ solve did not converge due to DIVERGED_ITS iterations 30
                  Linear BackwardEuler-Equation_mg_coarse_ solve did not converge due to DIVERGED_ITS iterations 30
                  Linear BackwardEuler-Equation_mg_coarse_ solve did not converge due to DIVERGED_ITS iterations 30
                  Linear BackwardEuler-Equation_mg_coarse_ solve did not converge due to DIVERGED_ITS iterations 30
                  Linear BackwardEuler-Equation_mg_coarse_ solve did not converge due to DIVERGED_ITS iterations 30
                  Linear BackwardEuler-Equation_mg_coarse_ solve did not converge due to DIVERGED_ITS iterations 30
                  Linear BackwardEuler-Equation_mg_coarse_ solve did not converge due to DIVERGED_ITS iterations 30
                  Linear BackwardEuler-Equation_mg_coarse_ solve did not converge due to DIVERGED_ITS iterations 30
                  Linear BackwardEuler-Equation_mg_coarse_ solve did not converge due to DIVERGED_ITS iterations 30
                  Linear BackwardEuler-Equation_mg_coarse_ solve did not converge due to DIVERGED_ITS iterations 30
                  Linear BackwardEuler-Equation_mg_coarse_ solve did not converge due to DIVERGED_ITS iterations 30
    Linear BackwardEuler-Equation_ solve converged due to CONVERGED_RTOL iterations 19
                  Linear BackwardEuler-Equation_mg_coarse_ solve did not converge due to DIVERGED_ITS iterations 30
                  Linear BackwardEuler-Equation_mg_coarse_ solve did not converge due to DIVERGED_ITS iterations 30
                  Linear BackwardEuler-Equation_mg_coarse_ solve did not converge due to DIVERGED_ITS iterations 30
                  Linear BackwardEuler-Equation_mg_coarse_ solve did not converge due to DIVERGED_ITS iterations 30
                  Linear BackwardEuler-Equation_mg_coarse_ solve did not converge due to DIVERGED_ITS iterations 30
                  Linear BackwardEuler-Equation_mg_coarse_ solve did not converge due to DIVERGED_ITS iterations 30
                  Linear BackwardEuler-Equation_mg_coarse_ solve did not converge due to DIVERGED_ITS iterations 30
                  Linear BackwardEuler-Equation_mg_coarse_ solve did not converge due to DIVERGED_ITS iterations 30
                  Linear BackwardEuler-Equation_mg_coarse_ solve did not converge due to DIVERGED_ITS iterations 30
                  Linear BackwardEuler-Equation_mg_coarse_ solve did not converge due to DIVERGED_ITS iterations 30
                  Linear BackwardEuler-Equation_mg_coarse_ solve did not converge due to DIVERGED_ITS iterations 30
                  Linear BackwardEuler-Equation_mg_coarse_ solve did not converge due to DIVERGED_ITS iterations 30
                  Linear BackwardEuler-Equation_mg_coarse_ solve did not converge due to DIVERGED_ITS iterations 30
                  Linear BackwardEuler-Equation_mg_coarse_ solve did not converge due to DIVERGED_ITS iterations 30
                  Linear BackwardEuler-Equation_mg_coarse_ solve did not converge due to DIVERGED_ITS iterations 30
                  Linear BackwardEuler-Equation_mg_coarse_ solve did not converge due to DIVERGED_ITS iterations 30
                  Linear BackwardEuler-Equation_mg_coarse_ solve did not converge due to DIVERGED_ITS iterations 30
                  Linear BackwardEuler-Equation_mg_coarse_ solve did not converge due to DIVERGED_ITS iterations 30
                  Linear BackwardEuler-Equation_mg_coarse_ solve did not converge due to DIVERGED_ITS iterations 30
                  Linear BackwardEuler-Equation_mg_coarse_ solve did not converge due to DIVERGED_ITS iterations 30
    Linear BackwardEuler-Equation_ solve converged due to CONVERGED_RTOL iterations 19
                  Linear BackwardEuler-Equation_mg_coarse_ solve did not converge due to DIVERGED_ITS iterations 30
                  Linear BackwardEuler-Equation_mg_coarse_ solve did not converge due to DIVERGED_ITS iterations 30
                  Linear BackwardEuler-Equation_mg_coarse_ solve did not converge due to DIVERGED_ITS iterations 30
                  Linear BackwardEuler-Equation_mg_coarse_ solve did not converge due to DIVERGED_ITS iterations 30
                  Linear BackwardEuler-Equation_mg_coarse_ solve did not converge due to DIVERGED_ITS iterations 30
                  Linear BackwardEuler-Equation_mg_coarse_ solve did not converge due to DIVERGED_ITS iterations 30
                  Linear BackwardEuler-Equation_mg_coarse_ solve did not converge due to DIVERGED_ITS iterations 30
                  Linear BackwardEuler-Equation_mg_coarse_ solve did not converge due to DIVERGED_ITS iterations 30
                  Linear BackwardEuler-Equation_mg_coarse_ solve did not converge due to DIVERGED_ITS iterations 30
                  Linear BackwardEuler-Equation_mg_coarse_ solve did not converge due to DIVERGED_ITS iterations 30
                  Linear BackwardEuler-Equation_mg_coarse_ solve did not converge due to DIVERGED_ITS iterations 30
                  Linear BackwardEuler-Equation_mg_coarse_ solve did not converge due to DIVERGED_ITS iterations 30
                  Linear BackwardEuler-Equation_mg_coarse_ solve did not converge due to DIVERGED_ITS iterations 30
                  Linear BackwardEuler-Equation_mg_coarse_ solve did not converge due to DIVERGED_ITS iterations 30
                  Linear BackwardEuler-Equation_mg_coarse_ solve did not converge due to DIVERGED_ITS iterations 30
                  Linear BackwardEuler-Equation_mg_coarse_ solve did not converge due to DIVERGED_ITS iterations 30
                  Linear BackwardEuler-Equation_mg_coarse_ solve did not converge due to DIVERGED_ITS iterations 30
                  Linear BackwardEuler-Equation_mg_coarse_ solve did not converge due to DIVERGED_ITS iterations 30
                  Linear BackwardEuler-Equation_mg_coarse_ solve did not converge due to DIVERGED_ITS iterations 30
                  Linear BackwardEuler-Equation_mg_coarse_ solve did not converge due to DIVERGED_ITS iterations 30
                  Linear BackwardEuler-Equation_mg_coarse_ solve did not converge due to DIVERGED_ITS iterations 30
                  Linear BackwardEuler-Equation_mg_coarse_ solve did not converge due to DIVERGED_ITS iterations 30
    Linear BackwardEuler-Equation_ solve converged due to CONVERGED_RTOL iterations 21
  Nonlinear BackwardEuler-Equation_ solve converged due to CONVERGED_FNORM_ABS iterations 3
t = 8100.00 s | step 27/30 | wall 112.93 s | NL 3 | L 59
                  Linear BackwardEuler-Equation_mg_coarse_ solve did not converge due to DIVERGED_ITS iterations 30
                  Linear BackwardEuler-Equation_mg_coarse_ solve did not converge due to DIVERGED_ITS iterations 30
                  Linear BackwardEuler-Equation_mg_coarse_ solve did not converge due to DIVERGED_ITS iterations 30
                  Linear BackwardEuler-Equation_mg_coarse_ solve did not converge due to DIVERGED_ITS iterations 30
                  Linear BackwardEuler-Equation_mg_coarse_ solve did not converge due to DIVERGED_ITS iterations 30
                  Linear BackwardEuler-Equation_mg_coarse_ solve did not converge due to DIVERGED_ITS iterations 30
                  Linear BackwardEuler-Equation_mg_coarse_ solve did not converge due to DIVERGED_ITS iterations 30
                  Linear BackwardEuler-Equation_mg_coarse_ solve did not converge due to DIVERGED_ITS iterations 30
                  Linear BackwardEuler-Equation_mg_coarse_ solve did not converge due to DIVERGED_ITS iterations 30
                  Linear BackwardEuler-Equation_mg_coarse_ solve did not converge due to DIVERGED_ITS iterations 30
                  Linear BackwardEuler-Equation_mg_coarse_ solve did not converge due to DIVERGED_ITS iterations 30
                  Linear BackwardEuler-Equation_mg_coarse_ solve did not converge due to DIVERGED_ITS iterations 30
                  Linear BackwardEuler-Equation_mg_coarse_ solve did not converge due to DIVERGED_ITS iterations 30
                  Linear BackwardEuler-Equation_mg_coarse_ solve did not converge due to DIVERGED_ITS iterations 30
                  Linear BackwardEuler-Equation_mg_coarse_ solve did not converge due to DIVERGED_ITS iterations 30
                  Linear BackwardEuler-Equation_mg_coarse_ solve did not converge due to DIVERGED_ITS iterations 30
                  Linear BackwardEuler-Equation_mg_coarse_ solve did not converge due to DIVERGED_ITS iterations 30
                  Linear BackwardEuler-Equation_mg_coarse_ solve did not converge due to DIVERGED_ITS iterations 30
                  Linear BackwardEuler-Equation_mg_coarse_ solve did not converge due to DIVERGED_ITS iterations 30
                  Linear BackwardEuler-Equation_mg_coarse_ solve did not converge due to DIVERGED_ITS iterations 30
    Linear BackwardEuler-Equation_ solve converged due to CONVERGED_RTOL iterations 19
                  Linear BackwardEuler-Equation_mg_coarse_ solve did not converge due to DIVERGED_ITS iterations 30
                  Linear BackwardEuler-Equation_mg_coarse_ solve did not converge due to DIVERGED_ITS iterations 30
                  Linear BackwardEuler-Equation_mg_coarse_ solve did not converge due to DIVERGED_ITS iterations 30
                  Linear BackwardEuler-Equation_mg_coarse_ solve did not converge due to DIVERGED_ITS iterations 30
                  Linear BackwardEuler-Equation_mg_coarse_ solve did not converge due to DIVERGED_ITS iterations 30
                  Linear BackwardEuler-Equation_mg_coarse_ solve did not converge due to DIVERGED_ITS iterations 30
                  Linear BackwardEuler-Equation_mg_coarse_ solve did not converge due to DIVERGED_ITS iterations 30
                  Linear BackwardEuler-Equation_mg_coarse_ solve did not converge due to DIVERGED_ITS iterations 30
                  Linear BackwardEuler-Equation_mg_coarse_ solve did not converge due to DIVERGED_ITS iterations 30
                  Linear BackwardEuler-Equation_mg_coarse_ solve did not converge due to DIVERGED_ITS iterations 30
                  Linear BackwardEuler-Equation_mg_coarse_ solve did not converge due to DIVERGED_ITS iterations 30
                  Linear BackwardEuler-Equation_mg_coarse_ solve did not converge due to DIVERGED_ITS iterations 30
                  Linear BackwardEuler-Equation_mg_coarse_ solve did not converge due to DIVERGED_ITS iterations 30
                  Linear BackwardEuler-Equation_mg_coarse_ solve did not converge due to DIVERGED_ITS iterations 30
                  Linear BackwardEuler-Equation_mg_coarse_ solve did not converge due to DIVERGED_ITS iterations 30
                  Linear BackwardEuler-Equation_mg_coarse_ solve did not converge due to DIVERGED_ITS iterations 30
                  Linear BackwardEuler-Equation_mg_coarse_ solve did not converge due to DIVERGED_ITS iterations 30
                  Linear BackwardEuler-Equation_mg_coarse_ solve did not converge due to DIVERGED_ITS iterations 30
                  Linear BackwardEuler-Equation_mg_coarse_ solve did not converge due to DIVERGED_ITS iterations 30
                  Linear BackwardEuler-Equation_mg_coarse_ solve did not converge due to DIVERGED_ITS iterations 30
    Linear BackwardEuler-Equation_ solve converged due to CONVERGED_RTOL iterations 19
                  Linear BackwardEuler-Equation_mg_coarse_ solve did not converge due to DIVERGED_ITS iterations 30
                  Linear BackwardEuler-Equation_mg_coarse_ solve did not converge due to DIVERGED_ITS iterations 30
                  Linear BackwardEuler-Equation_mg_coarse_ solve did not converge due to DIVERGED_ITS iterations 30
                  Linear BackwardEuler-Equation_mg_coarse_ solve did not converge due to DIVERGED_ITS iterations 30
                  Linear BackwardEuler-Equation_mg_coarse_ solve did not converge due to DIVERGED_ITS iterations 30
                  Linear BackwardEuler-Equation_mg_coarse_ solve did not converge due to DIVERGED_ITS iterations 30
                  Linear BackwardEuler-Equation_mg_coarse_ solve did not converge due to DIVERGED_ITS iterations 30
                  Linear BackwardEuler-Equation_mg_coarse_ solve did not converge due to DIVERGED_ITS iterations 30
                  Linear BackwardEuler-Equation_mg_coarse_ solve did not converge due to DIVERGED_ITS iterations 30
                  Linear BackwardEuler-Equation_mg_coarse_ solve did not converge due to DIVERGED_ITS iterations 30
                  Linear BackwardEuler-Equation_mg_coarse_ solve did not converge due to DIVERGED_ITS iterations 30
                  Linear BackwardEuler-Equation_mg_coarse_ solve did not converge due to DIVERGED_ITS iterations 30
                  Linear BackwardEuler-Equation_mg_coarse_ solve did not converge due to DIVERGED_ITS iterations 30
                  Linear BackwardEuler-Equation_mg_coarse_ solve did not converge due to DIVERGED_ITS iterations 30
                  Linear BackwardEuler-Equation_mg_coarse_ solve did not converge due to DIVERGED_ITS iterations 30
                  Linear BackwardEuler-Equation_mg_coarse_ solve did not converge due to DIVERGED_ITS iterations 30
                  Linear BackwardEuler-Equation_mg_coarse_ solve did not converge due to DIVERGED_ITS iterations 30
                  Linear BackwardEuler-Equation_mg_coarse_ solve did not converge due to DIVERGED_ITS iterations 30
                  Linear BackwardEuler-Equation_mg_coarse_ solve did not converge due to DIVERGED_ITS iterations 30
                  Linear BackwardEuler-Equation_mg_coarse_ solve did not converge due to DIVERGED_ITS iterations 30
                  Linear BackwardEuler-Equation_mg_coarse_ solve did not converge due to DIVERGED_ITS iterations 30
                  Linear BackwardEuler-Equation_mg_coarse_ solve did not converge due to DIVERGED_ITS iterations 30
    Linear BackwardEuler-Equation_ solve converged due to CONVERGED_RTOL iterations 21
  Nonlinear BackwardEuler-Equation_ solve converged due to CONVERGED_FNORM_ABS iterations 3
t = 8400.00 s | step 28/30 | wall 112.50 s | NL 3 | L 59
                  Linear BackwardEuler-Equation_mg_coarse_ solve did not converge due to DIVERGED_ITS iterations 30
                  Linear BackwardEuler-Equation_mg_coarse_ solve did not converge due to DIVERGED_ITS iterations 30
                  Linear BackwardEuler-Equation_mg_coarse_ solve did not converge due to DIVERGED_ITS iterations 30
                  Linear BackwardEuler-Equation_mg_coarse_ solve did not converge due to DIVERGED_ITS iterations 30
                  Linear BackwardEuler-Equation_mg_coarse_ solve did not converge due to DIVERGED_ITS iterations 30
                  Linear BackwardEuler-Equation_mg_coarse_ solve did not converge due to DIVERGED_ITS iterations 30
                  Linear BackwardEuler-Equation_mg_coarse_ solve did not converge due to DIVERGED_ITS iterations 30
                  Linear BackwardEuler-Equation_mg_coarse_ solve did not converge due to DIVERGED_ITS iterations 30
                  Linear BackwardEuler-Equation_mg_coarse_ solve did not converge due to DIVERGED_ITS iterations 30
                  Linear BackwardEuler-Equation_mg_coarse_ solve did not converge due to DIVERGED_ITS iterations 30
                  Linear BackwardEuler-Equation_mg_coarse_ solve did not converge due to DIVERGED_ITS iterations 30
                  Linear BackwardEuler-Equation_mg_coarse_ solve did not converge due to DIVERGED_ITS iterations 30
                  Linear BackwardEuler-Equation_mg_coarse_ solve did not converge due to DIVERGED_ITS iterations 30
                  Linear BackwardEuler-Equation_mg_coarse_ solve did not converge due to DIVERGED_ITS iterations 30
                  Linear BackwardEuler-Equation_mg_coarse_ solve did not converge due to DIVERGED_ITS iterations 30
                  Linear BackwardEuler-Equation_mg_coarse_ solve did not converge due to DIVERGED_ITS iterations 30
                  Linear BackwardEuler-Equation_mg_coarse_ solve did not converge due to DIVERGED_ITS iterations 30
                  Linear BackwardEuler-Equation_mg_coarse_ solve did not converge due to DIVERGED_ITS iterations 30
                  Linear BackwardEuler-Equation_mg_coarse_ solve did not converge due to DIVERGED_ITS iterations 30
                  Linear BackwardEuler-Equation_mg_coarse_ solve did not converge due to DIVERGED_ITS iterations 30
    Linear BackwardEuler-Equation_ solve converged due to CONVERGED_RTOL iterations 19
                  Linear BackwardEuler-Equation_mg_coarse_ solve did not converge due to DIVERGED_ITS iterations 30
                  Linear BackwardEuler-Equation_mg_coarse_ solve did not converge due to DIVERGED_ITS iterations 30
                  Linear BackwardEuler-Equation_mg_coarse_ solve did not converge due to DIVERGED_ITS iterations 30
                  Linear BackwardEuler-Equation_mg_coarse_ solve did not converge due to DIVERGED_ITS iterations 30
                  Linear BackwardEuler-Equation_mg_coarse_ solve did not converge due to DIVERGED_ITS iterations 30
                  Linear BackwardEuler-Equation_mg_coarse_ solve did not converge due to DIVERGED_ITS iterations 30
                  Linear BackwardEuler-Equation_mg_coarse_ solve did not converge due to DIVERGED_ITS iterations 30
                  Linear BackwardEuler-Equation_mg_coarse_ solve did not converge due to DIVERGED_ITS iterations 30
                  Linear BackwardEuler-Equation_mg_coarse_ solve did not converge due to DIVERGED_ITS iterations 30
                  Linear BackwardEuler-Equation_mg_coarse_ solve did not converge due to DIVERGED_ITS iterations 30
                  Linear BackwardEuler-Equation_mg_coarse_ solve did not converge due to DIVERGED_ITS iterations 30
                  Linear BackwardEuler-Equation_mg_coarse_ solve did not converge due to DIVERGED_ITS iterations 30
                  Linear BackwardEuler-Equation_mg_coarse_ solve did not converge due to DIVERGED_ITS iterations 30
                  Linear BackwardEuler-Equation_mg_coarse_ solve did not converge due to DIVERGED_ITS iterations 30
                  Linear BackwardEuler-Equation_mg_coarse_ solve did not converge due to DIVERGED_ITS iterations 30
                  Linear BackwardEuler-Equation_mg_coarse_ solve did not converge due to DIVERGED_ITS iterations 30
                  Linear BackwardEuler-Equation_mg_coarse_ solve did not converge due to DIVERGED_ITS iterations 30
                  Linear BackwardEuler-Equation_mg_coarse_ solve did not converge due to DIVERGED_ITS iterations 30
                  Linear BackwardEuler-Equation_mg_coarse_ solve did not converge due to DIVERGED_ITS iterations 30
                  Linear BackwardEuler-Equation_mg_coarse_ solve did not converge due to DIVERGED_ITS iterations 30
    Linear BackwardEuler-Equation_ solve converged due to CONVERGED_RTOL iterations 19
                  Linear BackwardEuler-Equation_mg_coarse_ solve did not converge due to DIVERGED_ITS iterations 30
                  Linear BackwardEuler-Equation_mg_coarse_ solve did not converge due to DIVERGED_ITS iterations 30
                  Linear BackwardEuler-Equation_mg_coarse_ solve did not converge due to DIVERGED_ITS iterations 30
                  Linear BackwardEuler-Equation_mg_coarse_ solve did not converge due to DIVERGED_ITS iterations 30
                  Linear BackwardEuler-Equation_mg_coarse_ solve did not converge due to DIVERGED_ITS iterations 30
                  Linear BackwardEuler-Equation_mg_coarse_ solve did not converge due to DIVERGED_ITS iterations 30
                  Linear BackwardEuler-Equation_mg_coarse_ solve did not converge due to DIVERGED_ITS iterations 30
                  Linear BackwardEuler-Equation_mg_coarse_ solve did not converge due to DIVERGED_ITS iterations 30
                  Linear BackwardEuler-Equation_mg_coarse_ solve did not converge due to DIVERGED_ITS iterations 30
                  Linear BackwardEuler-Equation_mg_coarse_ solve did not converge due to DIVERGED_ITS iterations 30
                  Linear BackwardEuler-Equation_mg_coarse_ solve did not converge due to DIVERGED_ITS iterations 30
                  Linear BackwardEuler-Equation_mg_coarse_ solve did not converge due to DIVERGED_ITS iterations 30
                  Linear BackwardEuler-Equation_mg_coarse_ solve did not converge due to DIVERGED_ITS iterations 30
                  Linear BackwardEuler-Equation_mg_coarse_ solve did not converge due to DIVERGED_ITS iterations 30
                  Linear BackwardEuler-Equation_mg_coarse_ solve did not converge due to DIVERGED_ITS iterations 30
                  Linear BackwardEuler-Equation_mg_coarse_ solve did not converge due to DIVERGED_ITS iterations 30
                  Linear BackwardEuler-Equation_mg_coarse_ solve did not converge due to DIVERGED_ITS iterations 30
                  Linear BackwardEuler-Equation_mg_coarse_ solve did not converge due to DIVERGED_ITS iterations 30
                  Linear BackwardEuler-Equation_mg_coarse_ solve did not converge due to DIVERGED_ITS iterations 30
                  Linear BackwardEuler-Equation_mg_coarse_ solve did not converge due to DIVERGED_ITS iterations 30
                  Linear BackwardEuler-Equation_mg_coarse_ solve did not converge due to DIVERGED_ITS iterations 30
                  Linear BackwardEuler-Equation_mg_coarse_ solve did not converge due to DIVERGED_ITS iterations 30
    Linear BackwardEuler-Equation_ solve converged due to CONVERGED_RTOL iterations 21
  Nonlinear BackwardEuler-Equation_ solve converged due to CONVERGED_FNORM_ABS iterations 3
t = 8700.00 s | step 29/30 | wall 113.02 s | NL 3 | L 59
                  Linear BackwardEuler-Equation_mg_coarse_ solve did not converge due to DIVERGED_ITS iterations 30
                  Linear BackwardEuler-Equation_mg_coarse_ solve did not converge due to DIVERGED_ITS iterations 30
                  Linear BackwardEuler-Equation_mg_coarse_ solve did not converge due to DIVERGED_ITS iterations 30
                  Linear BackwardEuler-Equation_mg_coarse_ solve did not converge due to DIVERGED_ITS iterations 30
                  Linear BackwardEuler-Equation_mg_coarse_ solve did not converge due to DIVERGED_ITS iterations 30
                  Linear BackwardEuler-Equation_mg_coarse_ solve did not converge due to DIVERGED_ITS iterations 30
                  Linear BackwardEuler-Equation_mg_coarse_ solve did not converge due to DIVERGED_ITS iterations 30
                  Linear BackwardEuler-Equation_mg_coarse_ solve did not converge due to DIVERGED_ITS iterations 30
                  Linear BackwardEuler-Equation_mg_coarse_ solve did not converge due to DIVERGED_ITS iterations 30
                  Linear BackwardEuler-Equation_mg_coarse_ solve did not converge due to DIVERGED_ITS iterations 30
                  Linear BackwardEuler-Equation_mg_coarse_ solve did not converge due to DIVERGED_ITS iterations 30
                  Linear BackwardEuler-Equation_mg_coarse_ solve did not converge due to DIVERGED_ITS iterations 30
                  Linear BackwardEuler-Equation_mg_coarse_ solve did not converge due to DIVERGED_ITS iterations 30
                  Linear BackwardEuler-Equation_mg_coarse_ solve did not converge due to DIVERGED_ITS iterations 30
                  Linear BackwardEuler-Equation_mg_coarse_ solve did not converge due to DIVERGED_ITS iterations 30
                  Linear BackwardEuler-Equation_mg_coarse_ solve did not converge due to DIVERGED_ITS iterations 30
                  Linear BackwardEuler-Equation_mg_coarse_ solve did not converge due to DIVERGED_ITS iterations 30
                  Linear BackwardEuler-Equation_mg_coarse_ solve did not converge due to DIVERGED_ITS iterations 30
                  Linear BackwardEuler-Equation_mg_coarse_ solve did not converge due to DIVERGED_ITS iterations 30
                  Linear BackwardEuler-Equation_mg_coarse_ solve did not converge due to DIVERGED_ITS iterations 30
    Linear BackwardEuler-Equation_ solve converged due to CONVERGED_RTOL iterations 19
                  Linear BackwardEuler-Equation_mg_coarse_ solve did not converge due to DIVERGED_ITS iterations 30
                  Linear BackwardEuler-Equation_mg_coarse_ solve did not converge due to DIVERGED_ITS iterations 30
                  Linear BackwardEuler-Equation_mg_coarse_ solve did not converge due to DIVERGED_ITS iterations 30
                  Linear BackwardEuler-Equation_mg_coarse_ solve did not converge due to DIVERGED_ITS iterations 30
                  Linear BackwardEuler-Equation_mg_coarse_ solve did not converge due to DIVERGED_ITS iterations 30
                  Linear BackwardEuler-Equation_mg_coarse_ solve did not converge due to DIVERGED_ITS iterations 30
                  Linear BackwardEuler-Equation_mg_coarse_ solve did not converge due to DIVERGED_ITS iterations 30
                  Linear BackwardEuler-Equation_mg_coarse_ solve did not converge due to DIVERGED_ITS iterations 30
                  Linear BackwardEuler-Equation_mg_coarse_ solve did not converge due to DIVERGED_ITS iterations 30
                  Linear BackwardEuler-Equation_mg_coarse_ solve did not converge due to DIVERGED_ITS iterations 30
                  Linear BackwardEuler-Equation_mg_coarse_ solve did not converge due to DIVERGED_ITS iterations 30
                  Linear BackwardEuler-Equation_mg_coarse_ solve did not converge due to DIVERGED_ITS iterations 30
                  Linear BackwardEuler-Equation_mg_coarse_ solve did not converge due to DIVERGED_ITS iterations 30
                  Linear BackwardEuler-Equation_mg_coarse_ solve did not converge due to DIVERGED_ITS iterations 30
                  Linear BackwardEuler-Equation_mg_coarse_ solve did not converge due to DIVERGED_ITS iterations 30
                  Linear BackwardEuler-Equation_mg_coarse_ solve did not converge due to DIVERGED_ITS iterations 30
                  Linear BackwardEuler-Equation_mg_coarse_ solve did not converge due to DIVERGED_ITS iterations 30
                  Linear BackwardEuler-Equation_mg_coarse_ solve did not converge due to DIVERGED_ITS iterations 30
                  Linear BackwardEuler-Equation_mg_coarse_ solve did not converge due to DIVERGED_ITS iterations 30
                  Linear BackwardEuler-Equation_mg_coarse_ solve did not converge due to DIVERGED_ITS iterations 30
    Linear BackwardEuler-Equation_ solve converged due to CONVERGED_RTOL iterations 19
                  Linear BackwardEuler-Equation_mg_coarse_ solve did not converge due to DIVERGED_ITS iterations 30
                  Linear BackwardEuler-Equation_mg_coarse_ solve did not converge due to DIVERGED_ITS iterations 30
                  Linear BackwardEuler-Equation_mg_coarse_ solve did not converge due to DIVERGED_ITS iterations 30
                  Linear BackwardEuler-Equation_mg_coarse_ solve did not converge due to DIVERGED_ITS iterations 30
                  Linear BackwardEuler-Equation_mg_coarse_ solve did not converge due to DIVERGED_ITS iterations 30
                  Linear BackwardEuler-Equation_mg_coarse_ solve did not converge due to DIVERGED_ITS iterations 30
                  Linear BackwardEuler-Equation_mg_coarse_ solve did not converge due to DIVERGED_ITS iterations 30
                  Linear BackwardEuler-Equation_mg_coarse_ solve did not converge due to DIVERGED_ITS iterations 30
                  Linear BackwardEuler-Equation_mg_coarse_ solve did not converge due to DIVERGED_ITS iterations 30
                  Linear BackwardEuler-Equation_mg_coarse_ solve did not converge due to DIVERGED_ITS iterations 30
                  Linear BackwardEuler-Equation_mg_coarse_ solve did not converge due to DIVERGED_ITS iterations 30
                  Linear BackwardEuler-Equation_mg_coarse_ solve did not converge due to DIVERGED_ITS iterations 30
                  Linear BackwardEuler-Equation_mg_coarse_ solve did not converge due to DIVERGED_ITS iterations 30
                  Linear BackwardEuler-Equation_mg_coarse_ solve did not converge due to DIVERGED_ITS iterations 30
                  Linear BackwardEuler-Equation_mg_coarse_ solve did not converge due to DIVERGED_ITS iterations 30
                  Linear BackwardEuler-Equation_mg_coarse_ solve did not converge due to DIVERGED_ITS iterations 30
                  Linear BackwardEuler-Equation_mg_coarse_ solve did not converge due to DIVERGED_ITS iterations 30
                  Linear BackwardEuler-Equation_mg_coarse_ solve did not converge due to DIVERGED_ITS iterations 30
                  Linear BackwardEuler-Equation_mg_coarse_ solve did not converge due to DIVERGED_ITS iterations 30
                  Linear BackwardEuler-Equation_mg_coarse_ solve did not converge due to DIVERGED_ITS iterations 30
                  Linear BackwardEuler-Equation_mg_coarse_ solve did not converge due to DIVERGED_ITS iterations 30
                  Linear BackwardEuler-Equation_mg_coarse_ solve did not converge due to DIVERGED_ITS iterations 30
    Linear BackwardEuler-Equation_ solve converged due to CONVERGED_RTOL iterations 21
  Nonlinear BackwardEuler-Equation_ solve converged due to CONVERGED_FNORM_ABS iterations 3
t = 9000.00 s | step 30/30 | wall 112.61 s | NL 3 | L 59
Done | total NL 91 | total L 1786 | mean wall/step 115.94 s | peak RSS 3127 MB
=== Job completed: Tue Aug 25 23:03:18 AEST 2026 ===

======================================================================================
                  Resource Usage on 2026-08-25 23:03:22:
   Job Id:             177412702.gadi-pbs
   Project:            xd2
   Exit Status:        0
   Service Units:      817.44
   NCPUs Requested:    416                 CPU Time Used: 405:07:52       
   Memory Requested:   1.95TB                Memory Used: 951.61GB        
   Walltime Requested: 03:00:00            Walltime Used: 00:58:57        
   JobFS Requested:    400.0GB                JobFS Used: 56.02MB         
======================================================================================
