=== Job info ===
Case: cockett
Solver: gamg
Scale: smoke
Nodes: 1
CPUs: 48
Date: Wed Apr 15 15:23:39 AEST 2026
================
Number of degrees of freedom: 2555904
Mesh: 64x64x78, DQ1
Time stepper: BackwardEuler, dt = 300.0 s, steps = 10
Solver: gamg
Solver parameters: {'ksp_type': 'gmres', 'ksp_rtol': 1e-06, 'ksp_max_it': 200, 'ksp_gmres_restart': 30, 'pc_type': 'gamg', 'pc_gamg_type': 'agg', 'pc_gamg_threshold': 0.02, 'pc_gamg_aggressive_coarsening': 1, 'pc_gamg_coarse_eq_limit': 1000, 'pc_gamg_process_eq_limit': 50, 'pc_gamg_agg_nsmooths': 1, 'pc_gamg_reuse_interpolation': True, 'mg_levels_ksp_type': 'chebyshev', 'mg_levels_ksp_max_it': 2, 'mg_levels_ksp_convergence_test': 'skip', 'mg_levels_pc_type': 'bjacobi', 'mg_levels_sub_pc_type': 'ilu', 'mg_levels_sub_pc_factor_levels': 0, 'mg_coarse_ksp_type': 'gmres', 'mg_coarse_ksp_max_it': 30, 'mg_coarse_pc_type': 'bjacobi', 'mg_coarse_sub_pc_type': 'ilu', 'snes_type': 'newtonls', 'snes_linesearch_type': 'bt', 'snes_rtol': 1e-08, 'snes_atol': 1e-08, 'snes_max_it': 50}
  0 SNES Function norm 1.084233126410e-05
              Linear BackwardEuler-Equation_mg_coarse_ solve did not converge due to DIVERGED_ITS iterations 30
              Linear BackwardEuler-Equation_mg_coarse_ solve did not converge due to DIVERGED_ITS iterations 30
              Linear BackwardEuler-Equation_mg_coarse_ solve did not converge due to DIVERGED_ITS iterations 30
              Linear BackwardEuler-Equation_mg_coarse_ solve did not converge due to DIVERGED_ITS iterations 30
              Linear BackwardEuler-Equation_mg_coarse_ solve did not converge due to DIVERGED_ITS iterations 30
              Linear BackwardEuler-Equation_mg_coarse_ solve did not converge due to DIVERGED_ITS iterations 30
              Linear BackwardEuler-Equation_mg_coarse_ solve did not converge due to DIVERGED_ITS iterations 30
              Linear BackwardEuler-Equation_mg_coarse_ solve did not converge due to DIVERGED_ITS iterations 30
              Linear BackwardEuler-Equation_mg_coarse_ solve did not converge due to DIVERGED_ITS iterations 30
              Linear BackwardEuler-Equation_mg_coarse_ solve did not converge due to DIVERGED_ITS iterations 30
              Linear BackwardEuler-Equation_mg_coarse_ solve did not converge due to DIVERGED_ITS iterations 30
              Linear BackwardEuler-Equation_mg_coarse_ solve did not converge due to DIVERGED_ITS iterations 30
              Linear BackwardEuler-Equation_mg_coarse_ solve did not converge due to DIVERGED_ITS iterations 30
    Linear BackwardEuler-Equation_ solve converged due to CONVERGED_RTOL iterations 12
Mat Object: (BackwardEuler-Equation_) 48 MPI processes
  type: mpiaij
  rows=2555904, cols=2555904
  total: nonzeros=141328384, allocated nonzeros=141328384
  total number of mallocs used during MatSetValues calls=0
    has attached near null space
    using I-node (on process 0) routines: found 13104 nodes, limit used is 5
  1 SNES Function norm 6.918850279611e-07
              Linear BackwardEuler-Equation_mg_coarse_ solve did not converge due to DIVERGED_ITS iterations 30
              Linear BackwardEuler-Equation_mg_coarse_ solve did not converge due to DIVERGED_ITS iterations 30
              Linear BackwardEuler-Equation_mg_coarse_ solve did not converge due to DIVERGED_ITS iterations 30
              Linear BackwardEuler-Equation_mg_coarse_ solve did not converge due to DIVERGED_ITS iterations 30
              Linear BackwardEuler-Equation_mg_coarse_ solve did not converge due to DIVERGED_ITS iterations 30
              Linear BackwardEuler-Equation_mg_coarse_ solve did not converge due to DIVERGED_ITS iterations 30
              Linear BackwardEuler-Equation_mg_coarse_ solve did not converge due to DIVERGED_ITS iterations 30
              Linear BackwardEuler-Equation_mg_coarse_ solve did not converge due to DIVERGED_ITS iterations 30
              Linear BackwardEuler-Equation_mg_coarse_ solve did not converge due to DIVERGED_ITS iterations 30
              Linear BackwardEuler-Equation_mg_coarse_ solve did not converge due to DIVERGED_ITS iterations 30
              Linear BackwardEuler-Equation_mg_coarse_ solve did not converge due to DIVERGED_ITS iterations 30
              Linear BackwardEuler-Equation_mg_coarse_ solve did not converge due to DIVERGED_ITS iterations 30
              Linear BackwardEuler-Equation_mg_coarse_ solve did not converge due to DIVERGED_ITS iterations 30
              Linear BackwardEuler-Equation_mg_coarse_ solve did not converge due to DIVERGED_ITS iterations 30
    Linear BackwardEuler-Equation_ solve converged due to CONVERGED_RTOL iterations 13
Mat Object: (BackwardEuler-Equation_) 48 MPI processes
  type: mpiaij
  rows=2555904, cols=2555904
  total: nonzeros=141328384, allocated nonzeros=141328384
  total number of mallocs used during MatSetValues calls=0
    has attached near null space
    using I-node (on process 0) routines: found 13104 nodes, limit used is 5
  2 SNES Function norm 6.152826266795e-09
  Nonlinear BackwardEuler-Equation_ solve converged due to CONVERGED_FNORM_ABS iterations 2
SNES Object: (BackwardEuler-Equation_) 48 MPI processes
  type: newtonls
  maximum iterations=50, maximum function evaluations=10000
  tolerances: relative=1e-08, absolute=1e-08, solution=1e-08
  total number of linear solver iterations=25
  total number of function evaluations=3
  norm schedule ALWAYS
  SNESLineSearch Object: (BackwardEuler-Equation_) 48 MPI processes
    type: bt
      interpolation: cubic
      alpha=1.000000e-04
    maxlambda=1.000000e+00, minlambda=1.000000e-12
    tolerances: relative=1.000000e-08, absolute=1.000000e-15, lambda=1.000000e-08
    maximum iterations=40
  KSP Object: (BackwardEuler-Equation_) 48 MPI processes
    type: gmres
      restart=30, using classical (unmodified) Gram-Schmidt orthogonalization with no iterative refinement
      happy breakdown tolerance=1e-30
    maximum iterations=200, initial guess is zero
    tolerances: relative=1e-06, absolute=1e-50, divergence=10000.
    left preconditioning
    using PRECONDITIONED norm type for convergence test
  PC Object: (BackwardEuler-Equation_) 48 MPI processes
    type: gamg
      type is MULTIPLICATIVE, levels=5 cycles=v
        Cycles per PCApply=1
        Using externally compute Galerkin coarse grid matrices
        GAMG specific options
          Threshold for dropping small values in graph on each level =     0.02     0.02     0.02     0.02     0.02    
          Threshold scaling factor for each level not specified = 1.
          AGG specific options
            Number of levels of aggressive coarsening 1
            Square graph aggressive coarsening
            MatCoarsen Object: (BackwardEuler-Equation_) 48 MPI processes
              type: misk
            Number smoothing steps to construct prolongation 1
          Complexity:    grid = 1.0445    operator = 1.19843
          Per-level complexity: op = operator, int = interpolation
              #equations  | #active PEs | avg nnz/row op | avg nnz/row int
                  588            1            588                0
                 2697           48           1692              397
                19232           48            690              138
                91217           48            109               39
              2555904           48             56               12
    Coarse grid solver -- level 0 -------------------------------
      KSP Object: (BackwardEuler-Equation_mg_coarse_) 48 MPI processes
        type: gmres
          restart=30, using classical (unmodified) Gram-Schmidt orthogonalization with no iterative refinement
          happy breakdown tolerance=1e-30
        maximum iterations=30, initial guess is zero
        tolerances: relative=1e-05, absolute=1e-50, divergence=10000.
        left preconditioning
        not checking for convergence
      PC Object: (BackwardEuler-Equation_mg_coarse_) 48 MPI processes
        type: bjacobi
          number of blocks = 48
          Local solver information for first block is in the following KSP and PC objects on rank 0:
          Use -BackwardEuler-Equation_mg_coarse_ksp_view ::ascii_info_detail to display information for all blocks
          KSP Object: (BackwardEuler-Equation_mg_coarse_sub_) 1 MPI process
            type: preonly
            maximum iterations=1, initial guess is zero
            tolerances: relative=1e-05, absolute=1e-50, divergence=10000.
            left preconditioning
            not checking for convergence
          PC Object: (BackwardEuler-Equation_mg_coarse_sub_) 1 MPI process
            type: ilu
              out-of-place factorization
              0 levels of fill
              tolerance for zero pivot 2.22045e-14
              matrix ordering: natural
              factor fill ratio given 1., needed 1.
                Factored matrix:
                  Mat Object: (BackwardEuler-Equation_mg_coarse_sub_) 1 MPI process
                    type: seqaij
                    rows=588, cols=588
                    package used to perform factorization: petsc
                    total: nonzeros=345744, allocated nonzeros=345744
                      using I-node routines: found 118 nodes, limit used is 5
            linear system matrix, which is also used to construct the preconditioner:
            Mat Object: (BackwardEuler-Equation_mg_coarse_sub_) 1 MPI process
              type: seqaij
              rows=588, cols=588
              total: nonzeros=345744, allocated nonzeros=345744
              total number of mallocs used during MatSetValues calls=0
                using I-node routines: found 118 nodes, limit used is 5
        linear system matrix, which is also used to construct the preconditioner:
        Mat Object: 48 MPI processes
          type: mpiaij
          rows=588, cols=588
          total: nonzeros=345744, allocated nonzeros=345744
          total number of mallocs used during MatSetValues calls=0
            using nonscalable MatPtAP() implementation
            using I-node (on process 0) routines: found 118 nodes, limit used is 5
    Down solver (pre-smoother) on level 1 -------------------------------
      KSP Object: (BackwardEuler-Equation_mg_levels_1_) 48 MPI processes
        type: chebyshev
          Chebyshev polynomial of first kind
          eigenvalue targets used: min 0.1532, max 1.6852
          eigenvalues estimated via gmres: min 0.454045, max 1.532
          eigenvalues estimated using gmres with transform: [0. 0.1; 0. 1.1]
          KSP Object: (BackwardEuler-Equation_mg_levels_1_esteig_) 48 MPI processes
            type: gmres
              restart=30, using classical (unmodified) Gram-Schmidt orthogonalization with no iterative refinement
              happy breakdown tolerance=1e-30
            maximum iterations=10, initial guess is zero
            tolerances: relative=1e-12, absolute=1e-50, divergence=10000.
            left preconditioning
            using PRECONDITIONED norm type for convergence test
          estimating eigenvalues using a noisy random number generated right-hand side
        maximum iterations=2, nonzero initial guess
        tolerances: relative=1e-05, absolute=1e-50, divergence=10000.
        left preconditioning
        not checking for convergence
      PC Object: (BackwardEuler-Equation_mg_levels_1_) 48 MPI processes
        type: bjacobi
          number of blocks = 48
          Local solver information for first block is in the following KSP and PC objects on rank 0:
          Use -BackwardEuler-Equation_mg_levels_1_ksp_view ::ascii_info_detail to display information for all blocks
          KSP Object: (BackwardEuler-Equation_mg_levels_1_sub_) 1 MPI process
            type: preonly
            maximum iterations=10000, initial guess is zero
            tolerances: relative=1e-05, absolute=1e-50, divergence=10000.
            left preconditioning
            not checking for convergence
          PC Object: (BackwardEuler-Equation_mg_levels_1_sub_) 1 MPI process
            type: ilu
              out-of-place factorization
              0 levels of fill
              tolerance for zero pivot 2.22045e-14
              matrix ordering: natural
              factor fill ratio given 1., needed 1.
                Factored matrix:
                  Mat Object: (BackwardEuler-Equation_mg_levels_1_sub_) 1 MPI process
                    type: seqaij
                    rows=45, cols=45
                    package used to perform factorization: petsc
                    total: nonzeros=1801, allocated nonzeros=1801
                      using I-node routines: found 36 nodes, limit used is 5
            linear system matrix, which is also used to construct the preconditioner:
            Mat Object: (BackwardEuler-Equation_mg_levels_1_sub_) 1 MPI process
              type: seqaij
              rows=45, cols=45
              total: nonzeros=1801, allocated nonzeros=1801
              total number of mallocs used during MatSetValues calls=0
                using I-node routines: found 36 nodes, limit used is 5
        linear system matrix, which is also used to construct the preconditioner:
        Mat Object: 48 MPI processes
          type: mpiaij
          rows=2697, cols=2697
          total: nonzeros=4561093, allocated nonzeros=4561093
          total number of mallocs used during MatSetValues calls=0
            using nonscalable MatPtAP() implementation
            using I-node (on process 0) routines: found 36 nodes, limit used is 5
    Up solver (post-smoother) same as down solver (pre-smoother)
    Down solver (pre-smoother) on level 2 -------------------------------
      KSP Object: (BackwardEuler-Equation_mg_levels_2_) 48 MPI processes
        type: chebyshev
          Chebyshev polynomial of first kind
          eigenvalue targets used: min 0.1827, max 2.0097
          eigenvalues estimated via gmres: min 0.228597, max 1.827
          eigenvalues estimated using gmres with transform: [0. 0.1; 0. 1.1]
          KSP Object: (BackwardEuler-Equation_mg_levels_2_esteig_) 48 MPI processes
            type: gmres
              restart=30, using classical (unmodified) Gram-Schmidt orthogonalization with no iterative refinement
              happy breakdown tolerance=1e-30
            maximum iterations=10, initial guess is zero
            tolerances: relative=1e-12, absolute=1e-50, divergence=10000.
            left preconditioning
            using PRECONDITIONED norm type for convergence test
          estimating eigenvalues using a noisy random number generated right-hand side
        maximum iterations=2, nonzero initial guess
        tolerances: relative=1e-05, absolute=1e-50, divergence=10000.
        left preconditioning
        not checking for convergence
      PC Object: (BackwardEuler-Equation_mg_levels_2_) 48 MPI processes
        type: bjacobi
          number of blocks = 48
          Local solver information for first block is in the following KSP and PC objects on rank 0:
          Use -BackwardEuler-Equation_mg_levels_2_ksp_view ::ascii_info_detail to display information for all blocks
          KSP Object: (BackwardEuler-Equation_mg_levels_2_sub_) 1 MPI process
            type: preonly
            maximum iterations=10000, initial guess is zero
            tolerances: relative=1e-05, absolute=1e-50, divergence=10000.
            left preconditioning
            not checking for convergence
          PC Object: (BackwardEuler-Equation_mg_levels_2_sub_) 1 MPI process
            type: ilu
              out-of-place factorization
              0 levels of fill
              tolerance for zero pivot 2.22045e-14
              matrix ordering: natural
              factor fill ratio given 1., needed 1.
                Factored matrix:
                  Mat Object: (BackwardEuler-Equation_mg_levels_2_sub_) 1 MPI process
                    type: seqaij
                    rows=377, cols=377
                    package used to perform factorization: petsc
                    total: nonzeros=48059, allocated nonzeros=48059
                      not using I-node routines
            linear system matrix, which is also used to construct the preconditioner:
            Mat Object: (BackwardEuler-Equation_mg_levels_2_sub_) 1 MPI process
              type: seqaij
              rows=377, cols=377
              total: nonzeros=48059, allocated nonzeros=48059
              total number of mallocs used during MatSetValues calls=0
                not using I-node routines
        linear system matrix, which is also used to construct the preconditioner:
        Mat Object: 48 MPI processes
          type: mpiaij
          rows=19232, cols=19232
          total: nonzeros=13251616, allocated nonzeros=13251616
          total number of mallocs used during MatSetValues calls=0
            using nonscalable MatPtAP() implementation
            not using I-node (on process 0) routines
    Up solver (post-smoother) same as down solver (pre-smoother)
    Down solver (pre-smoother) on level 3 -------------------------------
      KSP Object: (BackwardEuler-Equation_mg_levels_3_) 48 MPI processes
        type: chebyshev
          Chebyshev polynomial of first kind
          eigenvalue targets used: min 0.145582, max 1.6014
          eigenvalues estimated via gmres: min 0.446117, max 1.45582
          eigenvalues estimated using gmres with transform: [0. 0.1; 0. 1.1]
          KSP Object: (BackwardEuler-Equation_mg_levels_3_esteig_) 48 MPI processes
            type: gmres
              restart=30, using classical (unmodified) Gram-Schmidt orthogonalization with no iterative refinement
              happy breakdown tolerance=1e-30
            maximum iterations=10, initial guess is zero
            tolerances: relative=1e-12, absolute=1e-50, divergence=10000.
            left preconditioning
            using PRECONDITIONED norm type for convergence test
          estimating eigenvalues using a noisy random number generated right-hand side
        maximum iterations=2, nonzero initial guess
        tolerances: relative=1e-05, absolute=1e-50, divergence=10000.
        left preconditioning
        not checking for convergence
      PC Object: (BackwardEuler-Equation_mg_levels_3_) 48 MPI processes
        type: bjacobi
          number of blocks = 48
          Local solver information for first block is in the following KSP and PC objects on rank 0:
          Use -BackwardEuler-Equation_mg_levels_3_ksp_view ::ascii_info_detail to display information for all blocks
          KSP Object: (BackwardEuler-Equation_mg_levels_3_sub_) 1 MPI process
            type: preonly
            maximum iterations=10000, initial guess is zero
            tolerances: relative=1e-05, absolute=1e-50, divergence=10000.
            left preconditioning
            not checking for convergence
          PC Object: (BackwardEuler-Equation_mg_levels_3_sub_) 1 MPI process
            type: ilu
              out-of-place factorization
              0 levels of fill
              tolerance for zero pivot 2.22045e-14
              matrix ordering: natural
              factor fill ratio given 1., needed 1.
                Factored matrix:
                  Mat Object: (BackwardEuler-Equation_mg_levels_3_sub_) 1 MPI process
                    type: seqaij
                    rows=1904, cols=1904
                    package used to perform factorization: petsc
                    total: nonzeros=136364, allocated nonzeros=136364
                      not using I-node routines
            linear system matrix, which is also used to construct the preconditioner:
            Mat Object: (BackwardEuler-Equation_mg_levels_3_sub_) 1 MPI process
              type: seqaij
              rows=1904, cols=1904
              total: nonzeros=136364, allocated nonzeros=136364
              total number of mallocs used during MatSetValues calls=0
                not using I-node routines
        linear system matrix, which is also used to construct the preconditioner:
        Mat Object: 48 MPI processes
          type: mpiaij
          rows=91217, cols=91217
          total: nonzeros=9886037, allocated nonzeros=9886037
          total number of mallocs used during MatSetValues calls=0
            using nonscalable MatPtAP() implementation
            not using I-node (on process 0) routines
    Up solver (post-smoother) same as down solver (pre-smoother)
    Down solver (pre-smoother) on level 4 -------------------------------
      KSP Object: (BackwardEuler-Equation_mg_levels_4_) 48 MPI processes
        type: chebyshev
          Chebyshev polynomial of first kind
          eigenvalue targets used: min 0.180579, max 1.98637
          eigenvalues estimated via gmres: min 0.143364, max 1.80579
          eigenvalues estimated using gmres with transform: [0. 0.1; 0. 1.1]
          KSP Object: (BackwardEuler-Equation_mg_levels_4_esteig_) 48 MPI processes
            type: gmres
              restart=30, using classical (unmodified) Gram-Schmidt orthogonalization with no iterative refinement
              happy breakdown tolerance=1e-30
            maximum iterations=10, initial guess is zero
            tolerances: relative=1e-12, absolute=1e-50, divergence=10000.
            left preconditioning
            using PRECONDITIONED norm type for convergence test
          estimating eigenvalues using a noisy random number generated right-hand side
        maximum iterations=2, nonzero initial guess
        tolerances: relative=1e-05, absolute=1e-50, divergence=10000.
        left preconditioning
        not checking for convergence
      PC Object: (BackwardEuler-Equation_mg_levels_4_) 48 MPI processes
        type: bjacobi
          number of blocks = 48
          Local solver information for first block is in the following KSP and PC objects on rank 0:
          Use -BackwardEuler-Equation_mg_levels_4_ksp_view ::ascii_info_detail to display information for all blocks
          KSP Object: (BackwardEuler-Equation_mg_levels_4_sub_) 1 MPI process
            type: preonly
            maximum iterations=10000, initial guess is zero
            tolerances: relative=1e-05, absolute=1e-50, divergence=10000.
            left preconditioning
            not checking for convergence
          PC Object: (BackwardEuler-Equation_mg_levels_4_sub_) 1 MPI process
            type: ilu
              out-of-place factorization
              0 levels of fill
              tolerance for zero pivot 2.22045e-14
              matrix ordering: natural
              factor fill ratio given 1., needed 1.
                Factored matrix:
                  Mat Object: (BackwardEuler-Equation_mg_levels_4_sub_) 1 MPI process
                    type: seqaij
                    rows=52416, cols=52416
                    package used to perform factorization: petsc
                    total: nonzeros=2724864, allocated nonzeros=2724864
                      using I-node routines: found 13104 nodes, limit used is 5
            linear system matrix, which is also used to construct the preconditioner:
            Mat Object: (BackwardEuler-Equation_mg_levels_4_sub_) 1 MPI process
              type: seqaij
              rows=52416, cols=52416
              total: nonzeros=2724864, allocated nonzeros=2724864
              total number of mallocs used during MatSetValues calls=0
                using I-node routines: found 13104 nodes, limit used is 5
        linear system matrix, which is also used to construct the preconditioner:
        Mat Object: (BackwardEuler-Equation_) 48 MPI processes
          type: mpiaij
          rows=2555904, cols=2555904
          total: nonzeros=141328384, allocated nonzeros=141328384
          total number of mallocs used during MatSetValues calls=0
            has attached near null space
            using I-node (on process 0) routines: found 13104 nodes, limit used is 5
    Up solver (post-smoother) same as down solver (pre-smoother)
    linear system matrix, which is also used to construct the preconditioner:
    Mat Object: (BackwardEuler-Equation_) 48 MPI processes
      type: mpiaij
      rows=2555904, cols=2555904
      total: nonzeros=141328384, allocated nonzeros=141328384
      total number of mallocs used during MatSetValues calls=0
        has attached near null space
        using I-node (on process 0) routines: found 13104 nodes, limit used is 5
t = 300.00 s | step 1/10 | wall 41.33 s | NL 2 | L 25
  0 SNES Function norm 5.015977246583e-06
              Linear BackwardEuler-Equation_mg_coarse_ solve did not converge due to DIVERGED_ITS iterations 30
              Linear BackwardEuler-Equation_mg_coarse_ solve did not converge due to DIVERGED_ITS iterations 30
              Linear BackwardEuler-Equation_mg_coarse_ solve did not converge due to DIVERGED_ITS iterations 30
              Linear BackwardEuler-Equation_mg_coarse_ solve did not converge due to DIVERGED_ITS iterations 30
              Linear BackwardEuler-Equation_mg_coarse_ solve did not converge due to DIVERGED_ITS iterations 30
              Linear BackwardEuler-Equation_mg_coarse_ solve did not converge due to DIVERGED_ITS iterations 30
              Linear BackwardEuler-Equation_mg_coarse_ solve did not converge due to DIVERGED_ITS iterations 30
              Linear BackwardEuler-Equation_mg_coarse_ solve did not converge due to DIVERGED_ITS iterations 30
              Linear BackwardEuler-Equation_mg_coarse_ solve did not converge due to DIVERGED_ITS iterations 30
              Linear BackwardEuler-Equation_mg_coarse_ solve did not converge due to DIVERGED_ITS iterations 30
              Linear BackwardEuler-Equation_mg_coarse_ solve did not converge due to DIVERGED_ITS iterations 30
              Linear BackwardEuler-Equation_mg_coarse_ solve did not converge due to DIVERGED_ITS iterations 30
              Linear BackwardEuler-Equation_mg_coarse_ solve did not converge due to DIVERGED_ITS iterations 30
    Linear BackwardEuler-Equation_ solve converged due to CONVERGED_RTOL iterations 12
Mat Object: (BackwardEuler-Equation_) 48 MPI processes
  type: mpiaij
  rows=2555904, cols=2555904
  total: nonzeros=141328384, allocated nonzeros=141328384
  total number of mallocs used during MatSetValues calls=0
    has attached near null space
    using I-node (on process 0) routines: found 13104 nodes, limit used is 5
  1 SNES Function norm 1.880559941596e-07
              Linear BackwardEuler-Equation_mg_coarse_ solve did not converge due to DIVERGED_ITS iterations 30
              Linear BackwardEuler-Equation_mg_coarse_ solve did not converge due to DIVERGED_ITS iterations 30
              Linear BackwardEuler-Equation_mg_coarse_ solve did not converge due to DIVERGED_ITS iterations 30
              Linear BackwardEuler-Equation_mg_coarse_ solve did not converge due to DIVERGED_ITS iterations 30
              Linear BackwardEuler-Equation_mg_coarse_ solve did not converge due to DIVERGED_ITS iterations 30
              Linear BackwardEuler-Equation_mg_coarse_ solve did not converge due to DIVERGED_ITS iterations 30
              Linear BackwardEuler-Equation_mg_coarse_ solve did not converge due to DIVERGED_ITS iterations 30
              Linear BackwardEuler-Equation_mg_coarse_ solve did not converge due to DIVERGED_ITS iterations 30
              Linear BackwardEuler-Equation_mg_coarse_ solve did not converge due to DIVERGED_ITS iterations 30
              Linear BackwardEuler-Equation_mg_coarse_ solve did not converge due to DIVERGED_ITS iterations 30
              Linear BackwardEuler-Equation_mg_coarse_ solve did not converge due to DIVERGED_ITS iterations 30
              Linear BackwardEuler-Equation_mg_coarse_ solve did not converge due to DIVERGED_ITS iterations 30
              Linear BackwardEuler-Equation_mg_coarse_ solve did not converge due to DIVERGED_ITS iterations 30
              Linear BackwardEuler-Equation_mg_coarse_ solve did not converge due to DIVERGED_ITS iterations 30
    Linear BackwardEuler-Equation_ solve converged due to CONVERGED_RTOL iterations 13
Mat Object: (BackwardEuler-Equation_) 48 MPI processes
  type: mpiaij
  rows=2555904, cols=2555904
  total: nonzeros=141328384, allocated nonzeros=141328384
  total number of mallocs used during MatSetValues calls=0
    has attached near null space
    using I-node (on process 0) routines: found 13104 nodes, limit used is 5
  2 SNES Function norm 5.262034314908e-10
  Nonlinear BackwardEuler-Equation_ solve converged due to CONVERGED_FNORM_ABS iterations 2
SNES Object: (BackwardEuler-Equation_) 48 MPI processes
  type: newtonls
  maximum iterations=50, maximum function evaluations=10000
  tolerances: relative=1e-08, absolute=1e-08, solution=1e-08
  total number of linear solver iterations=25
  total number of function evaluations=3
  norm schedule ALWAYS
  SNESLineSearch Object: (BackwardEuler-Equation_) 48 MPI processes
    type: bt
      interpolation: cubic
      alpha=1.000000e-04
    maxlambda=1.000000e+00, minlambda=1.000000e-12
    tolerances: relative=1.000000e-08, absolute=1.000000e-15, lambda=1.000000e-08
    maximum iterations=40
  KSP Object: (BackwardEuler-Equation_) 48 MPI processes
    type: gmres
      restart=30, using classical (unmodified) Gram-Schmidt orthogonalization with no iterative refinement
      happy breakdown tolerance=1e-30
    maximum iterations=200, initial guess is zero
    tolerances: relative=1e-06, absolute=1e-50, divergence=10000.
    left preconditioning
    using PRECONDITIONED norm type for convergence test
  PC Object: (BackwardEuler-Equation_) 48 MPI processes
    type: gamg
      type is MULTIPLICATIVE, levels=5 cycles=v
        Cycles per PCApply=1
        Using externally compute Galerkin coarse grid matrices
        GAMG specific options
          Threshold for dropping small values in graph on each level =     0.02     0.02     0.02     0.02     0.02    
          Threshold scaling factor for each level not specified = 1.
          AGG specific options
            Number of levels of aggressive coarsening 1
            Square graph aggressive coarsening
            MatCoarsen Object: (BackwardEuler-Equation_) 48 MPI processes
              type: misk
            Number smoothing steps to construct prolongation 1
          Complexity:    grid = 1.0445    operator = 1.19843
          Per-level complexity: op = operator, int = interpolation
              #equations  | #active PEs | avg nnz/row op | avg nnz/row int
                  588            1            588                0
                 2697           48           1692              397
                19232           48            690              138
                91217           48            109               39
              2555904           48             56               12
    Coarse grid solver -- level 0 -------------------------------
      KSP Object: (BackwardEuler-Equation_mg_coarse_) 48 MPI processes
        type: gmres
          restart=30, using classical (unmodified) Gram-Schmidt orthogonalization with no iterative refinement
          happy breakdown tolerance=1e-30
        maximum iterations=30, initial guess is zero
        tolerances: relative=1e-05, absolute=1e-50, divergence=10000.
        left preconditioning
        not checking for convergence
      PC Object: (BackwardEuler-Equation_mg_coarse_) 48 MPI processes
        type: bjacobi
          number of blocks = 48
          Local solver information for first block is in the following KSP and PC objects on rank 0:
          Use -BackwardEuler-Equation_mg_coarse_ksp_view ::ascii_info_detail to display information for all blocks
          KSP Object: (BackwardEuler-Equation_mg_coarse_sub_) 1 MPI process
            type: preonly
            maximum iterations=1, initial guess is zero
            tolerances: relative=1e-05, absolute=1e-50, divergence=10000.
            left preconditioning
            not checking for convergence
          PC Object: (BackwardEuler-Equation_mg_coarse_sub_) 1 MPI process
            type: ilu
              out-of-place factorization
              0 levels of fill
              tolerance for zero pivot 2.22045e-14
              matrix ordering: natural
              factor fill ratio given 1., needed 1.
                Factored matrix:
                  Mat Object: (BackwardEuler-Equation_mg_coarse_sub_) 1 MPI process
                    type: seqaij
                    rows=588, cols=588
                    package used to perform factorization: petsc
                    total: nonzeros=345744, allocated nonzeros=345744
                      using I-node routines: found 118 nodes, limit used is 5
            linear system matrix, which is also used to construct the preconditioner:
            Mat Object: (BackwardEuler-Equation_mg_coarse_sub_) 1 MPI process
              type: seqaij
              rows=588, cols=588
              total: nonzeros=345744, allocated nonzeros=345744
              total number of mallocs used during MatSetValues calls=0
                using I-node routines: found 118 nodes, limit used is 5
        linear system matrix, which is also used to construct the preconditioner:
        Mat Object: 48 MPI processes
          type: mpiaij
          rows=588, cols=588
          total: nonzeros=345744, allocated nonzeros=345744
          total number of mallocs used during MatSetValues calls=0
            using nonscalable MatPtAP() implementation
            using I-node (on process 0) routines: found 118 nodes, limit used is 5
    Down solver (pre-smoother) on level 1 -------------------------------
      KSP Object: (BackwardEuler-Equation_mg_levels_1_) 48 MPI processes
        type: chebyshev
          Chebyshev polynomial of first kind
          eigenvalue targets used: min 0.1532, max 1.6852
          eigenvalues estimated via gmres: min 0.45407, max 1.532
          eigenvalues estimated using gmres with transform: [0. 0.1; 0. 1.1]
          KSP Object: (BackwardEuler-Equation_mg_levels_1_esteig_) 48 MPI processes
            type: gmres
              restart=30, using classical (unmodified) Gram-Schmidt orthogonalization with no iterative refinement
              happy breakdown tolerance=1e-30
            maximum iterations=10, initial guess is zero
            tolerances: relative=1e-12, absolute=1e-50, divergence=10000.
            left preconditioning
            using PRECONDITIONED norm type for convergence test
          estimating eigenvalues using a noisy random number generated right-hand side
        maximum iterations=2, nonzero initial guess
        tolerances: relative=1e-05, absolute=1e-50, divergence=10000.
        left preconditioning
        not checking for convergence
      PC Object: (BackwardEuler-Equation_mg_levels_1_) 48 MPI processes
        type: bjacobi
          number of blocks = 48
          Local solver information for first block is in the following KSP and PC objects on rank 0:
          Use -BackwardEuler-Equation_mg_levels_1_ksp_view ::ascii_info_detail to display information for all blocks
          KSP Object: (BackwardEuler-Equation_mg_levels_1_sub_) 1 MPI process
            type: preonly
            maximum iterations=10000, initial guess is zero
            tolerances: relative=1e-05, absolute=1e-50, divergence=10000.
            left preconditioning
            not checking for convergence
          PC Object: (BackwardEuler-Equation_mg_levels_1_sub_) 1 MPI process
            type: ilu
              out-of-place factorization
              0 levels of fill
              tolerance for zero pivot 2.22045e-14
              matrix ordering: natural
              factor fill ratio given 1., needed 1.
                Factored matrix:
                  Mat Object: (BackwardEuler-Equation_mg_levels_1_sub_) 1 MPI process
                    type: seqaij
                    rows=45, cols=45
                    package used to perform factorization: petsc
                    total: nonzeros=1801, allocated nonzeros=1801
                      using I-node routines: found 36 nodes, limit used is 5
            linear system matrix, which is also used to construct the preconditioner:
            Mat Object: (BackwardEuler-Equation_mg_levels_1_sub_) 1 MPI process
              type: seqaij
              rows=45, cols=45
              total: nonzeros=1801, allocated nonzeros=1801
              total number of mallocs used during MatSetValues calls=0
                using I-node routines: found 36 nodes, limit used is 5
        linear system matrix, which is also used to construct the preconditioner:
        Mat Object: 48 MPI processes
          type: mpiaij
          rows=2697, cols=2697
          total: nonzeros=4561093, allocated nonzeros=4561093
          total number of mallocs used during MatSetValues calls=0
            using nonscalable MatPtAP() implementation
            using I-node (on process 0) routines: found 36 nodes, limit used is 5
    Up solver (post-smoother) same as down solver (pre-smoother)
    Down solver (pre-smoother) on level 2 -------------------------------
      KSP Object: (BackwardEuler-Equation_mg_levels_2_) 48 MPI processes
        type: chebyshev
          Chebyshev polynomial of first kind
          eigenvalue targets used: min 0.182693, max 2.00963
          eigenvalues estimated via gmres: min 0.228661, max 1.82693
          eigenvalues estimated using gmres with transform: [0. 0.1; 0. 1.1]
          KSP Object: (BackwardEuler-Equation_mg_levels_2_esteig_) 48 MPI processes
            type: gmres
              restart=30, using classical (unmodified) Gram-Schmidt orthogonalization with no iterative refinement
              happy breakdown tolerance=1e-30
            maximum iterations=10, initial guess is zero
            tolerances: relative=1e-12, absolute=1e-50, divergence=10000.
            left preconditioning
            using PRECONDITIONED norm type for convergence test
          estimating eigenvalues using a noisy random number generated right-hand side
        maximum iterations=2, nonzero initial guess
        tolerances: relative=1e-05, absolute=1e-50, divergence=10000.
        left preconditioning
        not checking for convergence
      PC Object: (BackwardEuler-Equation_mg_levels_2_) 48 MPI processes
        type: bjacobi
          number of blocks = 48
          Local solver information for first block is in the following KSP and PC objects on rank 0:
          Use -BackwardEuler-Equation_mg_levels_2_ksp_view ::ascii_info_detail to display information for all blocks
          KSP Object: (BackwardEuler-Equation_mg_levels_2_sub_) 1 MPI process
            type: preonly
            maximum iterations=10000, initial guess is zero
            tolerances: relative=1e-05, absolute=1e-50, divergence=10000.
            left preconditioning
            not checking for convergence
          PC Object: (BackwardEuler-Equation_mg_levels_2_sub_) 1 MPI process
            type: ilu
              out-of-place factorization
              0 levels of fill
              tolerance for zero pivot 2.22045e-14
              matrix ordering: natural
              factor fill ratio given 1., needed 1.
                Factored matrix:
                  Mat Object: (BackwardEuler-Equation_mg_levels_2_sub_) 1 MPI process
                    type: seqaij
                    rows=377, cols=377
                    package used to perform factorization: petsc
                    total: nonzeros=48059, allocated nonzeros=48059
                      not using I-node routines
            linear system matrix, which is also used to construct the preconditioner:
            Mat Object: (BackwardEuler-Equation_mg_levels_2_sub_) 1 MPI process
              type: seqaij
              rows=377, cols=377
              total: nonzeros=48059, allocated nonzeros=48059
              total number of mallocs used during MatSetValues calls=0
                not using I-node routines
        linear system matrix, which is also used to construct the preconditioner:
        Mat Object: 48 MPI processes
          type: mpiaij
          rows=19232, cols=19232
          total: nonzeros=13251616, allocated nonzeros=13251616
          total number of mallocs used during MatSetValues calls=0
            using nonscalable MatPtAP() implementation
            not using I-node (on process 0) routines
    Up solver (post-smoother) same as down solver (pre-smoother)
    Down solver (pre-smoother) on level 3 -------------------------------
      KSP Object: (BackwardEuler-Equation_mg_levels_3_) 48 MPI processes
        type: chebyshev
          Chebyshev polynomial of first kind
          eigenvalue targets used: min 0.145838, max 1.60422
          eigenvalues estimated via gmres: min 0.441429, max 1.45838
          eigenvalues estimated using gmres with transform: [0. 0.1; 0. 1.1]
          KSP Object: (BackwardEuler-Equation_mg_levels_3_esteig_) 48 MPI processes
            type: gmres
              restart=30, using classical (unmodified) Gram-Schmidt orthogonalization with no iterative refinement
              happy breakdown tolerance=1e-30
            maximum iterations=10, initial guess is zero
            tolerances: relative=1e-12, absolute=1e-50, divergence=10000.
            left preconditioning
            using PRECONDITIONED norm type for convergence test
          estimating eigenvalues using a noisy random number generated right-hand side
        maximum iterations=2, nonzero initial guess
        tolerances: relative=1e-05, absolute=1e-50, divergence=10000.
        left preconditioning
        not checking for convergence
      PC Object: (BackwardEuler-Equation_mg_levels_3_) 48 MPI processes
        type: bjacobi
          number of blocks = 48
          Local solver information for first block is in the following KSP and PC objects on rank 0:
          Use -BackwardEuler-Equation_mg_levels_3_ksp_view ::ascii_info_detail to display information for all blocks
          KSP Object: (BackwardEuler-Equation_mg_levels_3_sub_) 1 MPI process
            type: preonly
            maximum iterations=10000, initial guess is zero
            tolerances: relative=1e-05, absolute=1e-50, divergence=10000.
            left preconditioning
            not checking for convergence
          PC Object: (BackwardEuler-Equation_mg_levels_3_sub_) 1 MPI process
            type: ilu
              out-of-place factorization
              0 levels of fill
              tolerance for zero pivot 2.22045e-14
              matrix ordering: natural
              factor fill ratio given 1., needed 1.
                Factored matrix:
                  Mat Object: (BackwardEuler-Equation_mg_levels_3_sub_) 1 MPI process
                    type: seqaij
                    rows=1904, cols=1904
                    package used to perform factorization: petsc
                    total: nonzeros=136364, allocated nonzeros=136364
                      not using I-node routines
            linear system matrix, which is also used to construct the preconditioner:
            Mat Object: (BackwardEuler-Equation_mg_levels_3_sub_) 1 MPI process
              type: seqaij
              rows=1904, cols=1904
              total: nonzeros=136364, allocated nonzeros=136364
              total number of mallocs used during MatSetValues calls=0
                not using I-node routines
        linear system matrix, which is also used to construct the preconditioner:
        Mat Object: 48 MPI processes
          type: mpiaij
          rows=91217, cols=91217
          total: nonzeros=9886037, allocated nonzeros=9886037
          total number of mallocs used during MatSetValues calls=0
            using nonscalable MatPtAP() implementation
            not using I-node (on process 0) routines
    Up solver (post-smoother) same as down solver (pre-smoother)
    Down solver (pre-smoother) on level 4 -------------------------------
      KSP Object: (BackwardEuler-Equation_mg_levels_4_) 48 MPI processes
        type: chebyshev
          Chebyshev polynomial of first kind
          eigenvalue targets used: min 0.180575, max 1.98632
          eigenvalues estimated via gmres: min 0.143383, max 1.80575
          eigenvalues estimated using gmres with transform: [0. 0.1; 0. 1.1]
          KSP Object: (BackwardEuler-Equation_mg_levels_4_esteig_) 48 MPI processes
            type: gmres
              restart=30, using classical (unmodified) Gram-Schmidt orthogonalization with no iterative refinement
              happy breakdown tolerance=1e-30
            maximum iterations=10, initial guess is zero
            tolerances: relative=1e-12, absolute=1e-50, divergence=10000.
            left preconditioning
            using PRECONDITIONED norm type for convergence test
          estimating eigenvalues using a noisy random number generated right-hand side
        maximum iterations=2, nonzero initial guess
        tolerances: relative=1e-05, absolute=1e-50, divergence=10000.
        left preconditioning
        not checking for convergence
      PC Object: (BackwardEuler-Equation_mg_levels_4_) 48 MPI processes
        type: bjacobi
          number of blocks = 48
          Local solver information for first block is in the following KSP and PC objects on rank 0:
          Use -BackwardEuler-Equation_mg_levels_4_ksp_view ::ascii_info_detail to display information for all blocks
          KSP Object: (BackwardEuler-Equation_mg_levels_4_sub_) 1 MPI process
            type: preonly
            maximum iterations=10000, initial guess is zero
            tolerances: relative=1e-05, absolute=1e-50, divergence=10000.
            left preconditioning
            not checking for convergence
          PC Object: (BackwardEuler-Equation_mg_levels_4_sub_) 1 MPI process
            type: ilu
              out-of-place factorization
              0 levels of fill
              tolerance for zero pivot 2.22045e-14
              matrix ordering: natural
              factor fill ratio given 1., needed 1.
                Factored matrix:
                  Mat Object: (BackwardEuler-Equation_mg_levels_4_sub_) 1 MPI process
                    type: seqaij
                    rows=52416, cols=52416
                    package used to perform factorization: petsc
                    total: nonzeros=2724864, allocated nonzeros=2724864
                      using I-node routines: found 13104 nodes, limit used is 5
            linear system matrix, which is also used to construct the preconditioner:
            Mat Object: (BackwardEuler-Equation_mg_levels_4_sub_) 1 MPI process
              type: seqaij
              rows=52416, cols=52416
              total: nonzeros=2724864, allocated nonzeros=2724864
              total number of mallocs used during MatSetValues calls=0
                using I-node routines: found 13104 nodes, limit used is 5
        linear system matrix, which is also used to construct the preconditioner:
        Mat Object: (BackwardEuler-Equation_) 48 MPI processes
          type: mpiaij
          rows=2555904, cols=2555904
          total: nonzeros=141328384, allocated nonzeros=141328384
          total number of mallocs used during MatSetValues calls=0
            has attached near null space
            using I-node (on process 0) routines: found 13104 nodes, limit used is 5
    Up solver (post-smoother) same as down solver (pre-smoother)
    linear system matrix, which is also used to construct the preconditioner:
    Mat Object: (BackwardEuler-Equation_) 48 MPI processes
      type: mpiaij
      rows=2555904, cols=2555904
      total: nonzeros=141328384, allocated nonzeros=141328384
      total number of mallocs used during MatSetValues calls=0
        has attached near null space
        using I-node (on process 0) routines: found 13104 nodes, limit used is 5
t = 600.00 s | step 2/10 | wall 7.54 s | NL 2 | L 25
  0 SNES Function norm 4.359137485668e-06
              Linear BackwardEuler-Equation_mg_coarse_ solve did not converge due to DIVERGED_ITS iterations 30
              Linear BackwardEuler-Equation_mg_coarse_ solve did not converge due to DIVERGED_ITS iterations 30
              Linear BackwardEuler-Equation_mg_coarse_ solve did not converge due to DIVERGED_ITS iterations 30
              Linear BackwardEuler-Equation_mg_coarse_ solve did not converge due to DIVERGED_ITS iterations 30
              Linear BackwardEuler-Equation_mg_coarse_ solve did not converge due to DIVERGED_ITS iterations 30
              Linear BackwardEuler-Equation_mg_coarse_ solve did not converge due to DIVERGED_ITS iterations 30
              Linear BackwardEuler-Equation_mg_coarse_ solve did not converge due to DIVERGED_ITS iterations 30
              Linear BackwardEuler-Equation_mg_coarse_ solve did not converge due to DIVERGED_ITS iterations 30
              Linear BackwardEuler-Equation_mg_coarse_ solve did not converge due to DIVERGED_ITS iterations 30
              Linear BackwardEuler-Equation_mg_coarse_ solve did not converge due to DIVERGED_ITS iterations 30
              Linear BackwardEuler-Equation_mg_coarse_ solve did not converge due to DIVERGED_ITS iterations 30
              Linear BackwardEuler-Equation_mg_coarse_ solve did not converge due to DIVERGED_ITS iterations 30
              Linear BackwardEuler-Equation_mg_coarse_ solve did not converge due to DIVERGED_ITS iterations 30
    Linear BackwardEuler-Equation_ solve converged due to CONVERGED_RTOL iterations 12
Mat Object: (BackwardEuler-Equation_) 48 MPI processes
  type: mpiaij
  rows=2555904, cols=2555904
  total: nonzeros=141328384, allocated nonzeros=141328384
  total number of mallocs used during MatSetValues calls=0
    has attached near null space
    using I-node (on process 0) routines: found 13104 nodes, limit used is 5
  1 SNES Function norm 1.161485318439e-07
              Linear BackwardEuler-Equation_mg_coarse_ solve did not converge due to DIVERGED_ITS iterations 30
              Linear BackwardEuler-Equation_mg_coarse_ solve did not converge due to DIVERGED_ITS iterations 30
              Linear BackwardEuler-Equation_mg_coarse_ solve did not converge due to DIVERGED_ITS iterations 30
              Linear BackwardEuler-Equation_mg_coarse_ solve did not converge due to DIVERGED_ITS iterations 30
              Linear BackwardEuler-Equation_mg_coarse_ solve did not converge due to DIVERGED_ITS iterations 30
              Linear BackwardEuler-Equation_mg_coarse_ solve did not converge due to DIVERGED_ITS iterations 30
              Linear BackwardEuler-Equation_mg_coarse_ solve did not converge due to DIVERGED_ITS iterations 30
              Linear BackwardEuler-Equation_mg_coarse_ solve did not converge due to DIVERGED_ITS iterations 30
              Linear BackwardEuler-Equation_mg_coarse_ solve did not converge due to DIVERGED_ITS iterations 30
              Linear BackwardEuler-Equation_mg_coarse_ solve did not converge due to DIVERGED_ITS iterations 30
              Linear BackwardEuler-Equation_mg_coarse_ solve did not converge due to DIVERGED_ITS iterations 30
              Linear BackwardEuler-Equation_mg_coarse_ solve did not converge due to DIVERGED_ITS iterations 30
              Linear BackwardEuler-Equation_mg_coarse_ solve did not converge due to DIVERGED_ITS iterations 30
              Linear BackwardEuler-Equation_mg_coarse_ solve did not converge due to DIVERGED_ITS iterations 30
    Linear BackwardEuler-Equation_ solve converged due to CONVERGED_RTOL iterations 13
Mat Object: (BackwardEuler-Equation_) 48 MPI processes
  type: mpiaij
  rows=2555904, cols=2555904
  total: nonzeros=141328384, allocated nonzeros=141328384
  total number of mallocs used during MatSetValues calls=0
    has attached near null space
    using I-node (on process 0) routines: found 13104 nodes, limit used is 5
  2 SNES Function norm 1.608126379951e-10
  Nonlinear BackwardEuler-Equation_ solve converged due to CONVERGED_FNORM_ABS iterations 2
SNES Object: (BackwardEuler-Equation_) 48 MPI processes
  type: newtonls
  maximum iterations=50, maximum function evaluations=10000
  tolerances: relative=1e-08, absolute=1e-08, solution=1e-08
  total number of linear solver iterations=25
  total number of function evaluations=3
  norm schedule ALWAYS
  SNESLineSearch Object: (BackwardEuler-Equation_) 48 MPI processes
    type: bt
      interpolation: cubic
      alpha=1.000000e-04
    maxlambda=1.000000e+00, minlambda=1.000000e-12
    tolerances: relative=1.000000e-08, absolute=1.000000e-15, lambda=1.000000e-08
    maximum iterations=40
  KSP Object: (BackwardEuler-Equation_) 48 MPI processes
    type: gmres
      restart=30, using classical (unmodified) Gram-Schmidt orthogonalization with no iterative refinement
      happy breakdown tolerance=1e-30
    maximum iterations=200, initial guess is zero
    tolerances: relative=1e-06, absolute=1e-50, divergence=10000.
    left preconditioning
    using PRECONDITIONED norm type for convergence test
  PC Object: (BackwardEuler-Equation_) 48 MPI processes
    type: gamg
      type is MULTIPLICATIVE, levels=5 cycles=v
        Cycles per PCApply=1
        Using externally compute Galerkin coarse grid matrices
        GAMG specific options
          Threshold for dropping small values in graph on each level =     0.02     0.02     0.02     0.02     0.02    
          Threshold scaling factor for each level not specified = 1.
          AGG specific options
            Number of levels of aggressive coarsening 1
            Square graph aggressive coarsening
            MatCoarsen Object: (BackwardEuler-Equation_) 48 MPI processes
              type: misk
            Number smoothing steps to construct prolongation 1
          Complexity:    grid = 1.0445    operator = 1.19843
          Per-level complexity: op = operator, int = interpolation
              #equations  | #active PEs | avg nnz/row op | avg nnz/row int
                  588            1            588                0
                 2697           48           1692              397
                19232           48            690              138
                91217           48            109               39
              2555904           48             56               12
    Coarse grid solver -- level 0 -------------------------------
      KSP Object: (BackwardEuler-Equation_mg_coarse_) 48 MPI processes
        type: gmres
          restart=30, using classical (unmodified) Gram-Schmidt orthogonalization with no iterative refinement
          happy breakdown tolerance=1e-30
        maximum iterations=30, initial guess is zero
        tolerances: relative=1e-05, absolute=1e-50, divergence=10000.
        left preconditioning
        not checking for convergence
      PC Object: (BackwardEuler-Equation_mg_coarse_) 48 MPI processes
        type: bjacobi
          number of blocks = 48
          Local solver information for first block is in the following KSP and PC objects on rank 0:
          Use -BackwardEuler-Equation_mg_coarse_ksp_view ::ascii_info_detail to display information for all blocks
          KSP Object: (BackwardEuler-Equation_mg_coarse_sub_) 1 MPI process
            type: preonly
            maximum iterations=1, initial guess is zero
            tolerances: relative=1e-05, absolute=1e-50, divergence=10000.
            left preconditioning
            not checking for convergence
          PC Object: (BackwardEuler-Equation_mg_coarse_sub_) 1 MPI process
            type: ilu
              out-of-place factorization
              0 levels of fill
              tolerance for zero pivot 2.22045e-14
              matrix ordering: natural
              factor fill ratio given 1., needed 1.
                Factored matrix:
                  Mat Object: (BackwardEuler-Equation_mg_coarse_sub_) 1 MPI process
                    type: seqaij
                    rows=588, cols=588
                    package used to perform factorization: petsc
                    total: nonzeros=345744, allocated nonzeros=345744
                      using I-node routines: found 118 nodes, limit used is 5
            linear system matrix, which is also used to construct the preconditioner:
            Mat Object: (BackwardEuler-Equation_mg_coarse_sub_) 1 MPI process
              type: seqaij
              rows=588, cols=588
              total: nonzeros=345744, allocated nonzeros=345744
              total number of mallocs used during MatSetValues calls=0
                using I-node routines: found 118 nodes, limit used is 5
        linear system matrix, which is also used to construct the preconditioner:
        Mat Object: 48 MPI processes
          type: mpiaij
          rows=588, cols=588
          total: nonzeros=345744, allocated nonzeros=345744
          total number of mallocs used during MatSetValues calls=0
            using nonscalable MatPtAP() implementation
            using I-node (on process 0) routines: found 118 nodes, limit used is 5
    Down solver (pre-smoother) on level 1 -------------------------------
      KSP Object: (BackwardEuler-Equation_mg_levels_1_) 48 MPI processes
        type: chebyshev
          Chebyshev polynomial of first kind
          eigenvalue targets used: min 0.153201, max 1.68522
          eigenvalues estimated via gmres: min 0.454081, max 1.53201
          eigenvalues estimated using gmres with transform: [0. 0.1; 0. 1.1]
          KSP Object: (BackwardEuler-Equation_mg_levels_1_esteig_) 48 MPI processes
            type: gmres
              restart=30, using classical (unmodified) Gram-Schmidt orthogonalization with no iterative refinement
              happy breakdown tolerance=1e-30
            maximum iterations=10, initial guess is zero
            tolerances: relative=1e-12, absolute=1e-50, divergence=10000.
            left preconditioning
            using PRECONDITIONED norm type for convergence test
          estimating eigenvalues using a noisy random number generated right-hand side
        maximum iterations=2, nonzero initial guess
        tolerances: relative=1e-05, absolute=1e-50, divergence=10000.
        left preconditioning
        not checking for convergence
      PC Object: (BackwardEuler-Equation_mg_levels_1_) 48 MPI processes
        type: bjacobi
          number of blocks = 48
          Local solver information for first block is in the following KSP and PC objects on rank 0:
          Use -BackwardEuler-Equation_mg_levels_1_ksp_view ::ascii_info_detail to display information for all blocks
          KSP Object: (BackwardEuler-Equation_mg_levels_1_sub_) 1 MPI process
            type: preonly
            maximum iterations=10000, initial guess is zero
            tolerances: relative=1e-05, absolute=1e-50, divergence=10000.
            left preconditioning
            not checking for convergence
          PC Object: (BackwardEuler-Equation_mg_levels_1_sub_) 1 MPI process
            type: ilu
              out-of-place factorization
              0 levels of fill
              tolerance for zero pivot 2.22045e-14
              matrix ordering: natural
              factor fill ratio given 1., needed 1.
                Factored matrix:
                  Mat Object: (BackwardEuler-Equation_mg_levels_1_sub_) 1 MPI process
                    type: seqaij
                    rows=45, cols=45
                    package used to perform factorization: petsc
                    total: nonzeros=1801, allocated nonzeros=1801
                      using I-node routines: found 36 nodes, limit used is 5
            linear system matrix, which is also used to construct the preconditioner:
            Mat Object: (BackwardEuler-Equation_mg_levels_1_sub_) 1 MPI process
              type: seqaij
              rows=45, cols=45
              total: nonzeros=1801, allocated nonzeros=1801
              total number of mallocs used during MatSetValues calls=0
                using I-node routines: found 36 nodes, limit used is 5
        linear system matrix, which is also used to construct the preconditioner:
        Mat Object: 48 MPI processes
          type: mpiaij
          rows=2697, cols=2697
          total: nonzeros=4561093, allocated nonzeros=4561093
          total number of mallocs used during MatSetValues calls=0
            using nonscalable MatPtAP() implementation
            using I-node (on process 0) routines: found 36 nodes, limit used is 5
    Up solver (post-smoother) same as down solver (pre-smoother)
    Down solver (pre-smoother) on level 2 -------------------------------
      KSP Object: (BackwardEuler-Equation_mg_levels_2_) 48 MPI processes
        type: chebyshev
          Chebyshev polynomial of first kind
          eigenvalue targets used: min 0.182687, max 2.00956
          eigenvalues estimated via gmres: min 0.228729, max 1.82687
          eigenvalues estimated using gmres with transform: [0. 0.1; 0. 1.1]
          KSP Object: (BackwardEuler-Equation_mg_levels_2_esteig_) 48 MPI processes
            type: gmres
              restart=30, using classical (unmodified) Gram-Schmidt orthogonalization with no iterative refinement
              happy breakdown tolerance=1e-30
            maximum iterations=10, initial guess is zero
            tolerances: relative=1e-12, absolute=1e-50, divergence=10000.
            left preconditioning
            using PRECONDITIONED norm type for convergence test
          estimating eigenvalues using a noisy random number generated right-hand side
        maximum iterations=2, nonzero initial guess
        tolerances: relative=1e-05, absolute=1e-50, divergence=10000.
        left preconditioning
        not checking for convergence
      PC Object: (BackwardEuler-Equation_mg_levels_2_) 48 MPI processes
        type: bjacobi
          number of blocks = 48
          Local solver information for first block is in the following KSP and PC objects on rank 0:
          Use -BackwardEuler-Equation_mg_levels_2_ksp_view ::ascii_info_detail to display information for all blocks
          KSP Object: (BackwardEuler-Equation_mg_levels_2_sub_) 1 MPI process
            type: preonly
            maximum iterations=10000, initial guess is zero
            tolerances: relative=1e-05, absolute=1e-50, divergence=10000.
            left preconditioning
            not checking for convergence
          PC Object: (BackwardEuler-Equation_mg_levels_2_sub_) 1 MPI process
            type: ilu
              out-of-place factorization
              0 levels of fill
              tolerance for zero pivot 2.22045e-14
              matrix ordering: natural
              factor fill ratio given 1., needed 1.
                Factored matrix:
                  Mat Object: (BackwardEuler-Equation_mg_levels_2_sub_) 1 MPI process
                    type: seqaij
                    rows=377, cols=377
                    package used to perform factorization: petsc
                    total: nonzeros=48059, allocated nonzeros=48059
                      not using I-node routines
            linear system matrix, which is also used to construct the preconditioner:
            Mat Object: (BackwardEuler-Equation_mg_levels_2_sub_) 1 MPI process
              type: seqaij
              rows=377, cols=377
              total: nonzeros=48059, allocated nonzeros=48059
              total number of mallocs used during MatSetValues calls=0
                not using I-node routines
        linear system matrix, which is also used to construct the preconditioner:
        Mat Object: 48 MPI processes
          type: mpiaij
          rows=19232, cols=19232
          total: nonzeros=13251616, allocated nonzeros=13251616
          total number of mallocs used during MatSetValues calls=0
            using nonscalable MatPtAP() implementation
            not using I-node (on process 0) routines
    Up solver (post-smoother) same as down solver (pre-smoother)
    Down solver (pre-smoother) on level 3 -------------------------------
      KSP Object: (BackwardEuler-Equation_mg_levels_3_) 48 MPI processes
        type: chebyshev
          Chebyshev polynomial of first kind
          eigenvalue targets used: min 0.146172, max 1.60789
          eigenvalues estimated via gmres: min 0.434806, max 1.46172
          eigenvalues estimated using gmres with transform: [0. 0.1; 0. 1.1]
          KSP Object: (BackwardEuler-Equation_mg_levels_3_esteig_) 48 MPI processes
            type: gmres
              restart=30, using classical (unmodified) Gram-Schmidt orthogonalization with no iterative refinement
              happy breakdown tolerance=1e-30
            maximum iterations=10, initial guess is zero
            tolerances: relative=1e-12, absolute=1e-50, divergence=10000.
            left preconditioning
            using PRECONDITIONED norm type for convergence test
          estimating eigenvalues using a noisy random number generated right-hand side
        maximum iterations=2, nonzero initial guess
        tolerances: relative=1e-05, absolute=1e-50, divergence=10000.
        left preconditioning
        not checking for convergence
      PC Object: (BackwardEuler-Equation_mg_levels_3_) 48 MPI processes
        type: bjacobi
          number of blocks = 48
          Local solver information for first block is in the following KSP and PC objects on rank 0:
          Use -BackwardEuler-Equation_mg_levels_3_ksp_view ::ascii_info_detail to display information for all blocks
          KSP Object: (BackwardEuler-Equation_mg_levels_3_sub_) 1 MPI process
            type: preonly
            maximum iterations=10000, initial guess is zero
            tolerances: relative=1e-05, absolute=1e-50, divergence=10000.
            left preconditioning
            not checking for convergence
          PC Object: (BackwardEuler-Equation_mg_levels_3_sub_) 1 MPI process
            type: ilu
              out-of-place factorization
              0 levels of fill
              tolerance for zero pivot 2.22045e-14
              matrix ordering: natural
              factor fill ratio given 1., needed 1.
                Factored matrix:
                  Mat Object: (BackwardEuler-Equation_mg_levels_3_sub_) 1 MPI process
                    type: seqaij
                    rows=1904, cols=1904
                    package used to perform factorization: petsc
                    total: nonzeros=136364, allocated nonzeros=136364
                      not using I-node routines
            linear system matrix, which is also used to construct the preconditioner:
            Mat Object: (BackwardEuler-Equation_mg_levels_3_sub_) 1 MPI process
              type: seqaij
              rows=1904, cols=1904
              total: nonzeros=136364, allocated nonzeros=136364
              total number of mallocs used during MatSetValues calls=0
                not using I-node routines
        linear system matrix, which is also used to construct the preconditioner:
        Mat Object: 48 MPI processes
          type: mpiaij
          rows=91217, cols=91217
          total: nonzeros=9886037, allocated nonzeros=9886037
          total number of mallocs used during MatSetValues calls=0
            using nonscalable MatPtAP() implementation
            not using I-node (on process 0) routines
    Up solver (post-smoother) same as down solver (pre-smoother)
    Down solver (pre-smoother) on level 4 -------------------------------
      KSP Object: (BackwardEuler-Equation_mg_levels_4_) 48 MPI processes
        type: chebyshev
          Chebyshev polynomial of first kind
          eigenvalue targets used: min 0.18057, max 1.98627
          eigenvalues estimated via gmres: min 0.1434, max 1.8057
          eigenvalues estimated using gmres with transform: [0. 0.1; 0. 1.1]
          KSP Object: (BackwardEuler-Equation_mg_levels_4_esteig_) 48 MPI processes
            type: gmres
              restart=30, using classical (unmodified) Gram-Schmidt orthogonalization with no iterative refinement
              happy breakdown tolerance=1e-30
            maximum iterations=10, initial guess is zero
            tolerances: relative=1e-12, absolute=1e-50, divergence=10000.
            left preconditioning
            using PRECONDITIONED norm type for convergence test
          estimating eigenvalues using a noisy random number generated right-hand side
        maximum iterations=2, nonzero initial guess
        tolerances: relative=1e-05, absolute=1e-50, divergence=10000.
        left preconditioning
        not checking for convergence
      PC Object: (BackwardEuler-Equation_mg_levels_4_) 48 MPI processes
        type: bjacobi
          number of blocks = 48
          Local solver information for first block is in the following KSP and PC objects on rank 0:
          Use -BackwardEuler-Equation_mg_levels_4_ksp_view ::ascii_info_detail to display information for all blocks
          KSP Object: (BackwardEuler-Equation_mg_levels_4_sub_) 1 MPI process
            type: preonly
            maximum iterations=10000, initial guess is zero
            tolerances: relative=1e-05, absolute=1e-50, divergence=10000.
            left preconditioning
            not checking for convergence
          PC Object: (BackwardEuler-Equation_mg_levels_4_sub_) 1 MPI process
            type: ilu
              out-of-place factorization
              0 levels of fill
              tolerance for zero pivot 2.22045e-14
              matrix ordering: natural
              factor fill ratio given 1., needed 1.
                Factored matrix:
                  Mat Object: (BackwardEuler-Equation_mg_levels_4_sub_) 1 MPI process
                    type: seqaij
                    rows=52416, cols=52416
                    package used to perform factorization: petsc
                    total: nonzeros=2724864, allocated nonzeros=2724864
                      using I-node routines: found 13104 nodes, limit used is 5
            linear system matrix, which is also used to construct the preconditioner:
            Mat Object: (BackwardEuler-Equation_mg_levels_4_sub_) 1 MPI process
              type: seqaij
              rows=52416, cols=52416
              total: nonzeros=2724864, allocated nonzeros=2724864
              total number of mallocs used during MatSetValues calls=0
                using I-node routines: found 13104 nodes, limit used is 5
        linear system matrix, which is also used to construct the preconditioner:
        Mat Object: (BackwardEuler-Equation_) 48 MPI processes
          type: mpiaij
          rows=2555904, cols=2555904
          total: nonzeros=141328384, allocated nonzeros=141328384
          total number of mallocs used during MatSetValues calls=0
            has attached near null space
            using I-node (on process 0) routines: found 13104 nodes, limit used is 5
    Up solver (post-smoother) same as down solver (pre-smoother)
    linear system matrix, which is also used to construct the preconditioner:
    Mat Object: (BackwardEuler-Equation_) 48 MPI processes
      type: mpiaij
      rows=2555904, cols=2555904
      total: nonzeros=141328384, allocated nonzeros=141328384
      total number of mallocs used during MatSetValues calls=0
        has attached near null space
        using I-node (on process 0) routines: found 13104 nodes, limit used is 5
t = 900.00 s | step 3/10 | wall 7.42 s | NL 2 | L 25
  0 SNES Function norm 3.998736108921e-06
              Linear BackwardEuler-Equation_mg_coarse_ solve did not converge due to DIVERGED_ITS iterations 30
              Linear BackwardEuler-Equation_mg_coarse_ solve did not converge due to DIVERGED_ITS iterations 30
              Linear BackwardEuler-Equation_mg_coarse_ solve did not converge due to DIVERGED_ITS iterations 30
              Linear BackwardEuler-Equation_mg_coarse_ solve did not converge due to DIVERGED_ITS iterations 30
              Linear BackwardEuler-Equation_mg_coarse_ solve did not converge due to DIVERGED_ITS iterations 30
              Linear BackwardEuler-Equation_mg_coarse_ solve did not converge due to DIVERGED_ITS iterations 30
              Linear BackwardEuler-Equation_mg_coarse_ solve did not converge due to DIVERGED_ITS iterations 30
              Linear BackwardEuler-Equation_mg_coarse_ solve did not converge due to DIVERGED_ITS iterations 30
              Linear BackwardEuler-Equation_mg_coarse_ solve did not converge due to DIVERGED_ITS iterations 30
              Linear BackwardEuler-Equation_mg_coarse_ solve did not converge due to DIVERGED_ITS iterations 30
              Linear BackwardEuler-Equation_mg_coarse_ solve did not converge due to DIVERGED_ITS iterations 30
              Linear BackwardEuler-Equation_mg_coarse_ solve did not converge due to DIVERGED_ITS iterations 30
              Linear BackwardEuler-Equation_mg_coarse_ solve did not converge due to DIVERGED_ITS iterations 30
    Linear BackwardEuler-Equation_ solve converged due to CONVERGED_RTOL iterations 12
Mat Object: (BackwardEuler-Equation_) 48 MPI processes
  type: mpiaij
  rows=2555904, cols=2555904
  total: nonzeros=141328384, allocated nonzeros=141328384
  total number of mallocs used during MatSetValues calls=0
    has attached near null space
    using I-node (on process 0) routines: found 13104 nodes, limit used is 5
  1 SNES Function norm 9.071617700154e-08
              Linear BackwardEuler-Equation_mg_coarse_ solve did not converge due to DIVERGED_ITS iterations 30
              Linear BackwardEuler-Equation_mg_coarse_ solve did not converge due to DIVERGED_ITS iterations 30
              Linear BackwardEuler-Equation_mg_coarse_ solve did not converge due to DIVERGED_ITS iterations 30
              Linear BackwardEuler-Equation_mg_coarse_ solve did not converge due to DIVERGED_ITS iterations 30
              Linear BackwardEuler-Equation_mg_coarse_ solve did not converge due to DIVERGED_ITS iterations 30
              Linear BackwardEuler-Equation_mg_coarse_ solve did not converge due to DIVERGED_ITS iterations 30
              Linear BackwardEuler-Equation_mg_coarse_ solve did not converge due to DIVERGED_ITS iterations 30
              Linear BackwardEuler-Equation_mg_coarse_ solve did not converge due to DIVERGED_ITS iterations 30
              Linear BackwardEuler-Equation_mg_coarse_ solve did not converge due to DIVERGED_ITS iterations 30
              Linear BackwardEuler-Equation_mg_coarse_ solve did not converge due to DIVERGED_ITS iterations 30
              Linear BackwardEuler-Equation_mg_coarse_ solve did not converge due to DIVERGED_ITS iterations 30
              Linear BackwardEuler-Equation_mg_coarse_ solve did not converge due to DIVERGED_ITS iterations 30
              Linear BackwardEuler-Equation_mg_coarse_ solve did not converge due to DIVERGED_ITS iterations 30
              Linear BackwardEuler-Equation_mg_coarse_ solve did not converge due to DIVERGED_ITS iterations 30
    Linear BackwardEuler-Equation_ solve converged due to CONVERGED_RTOL iterations 13
Mat Object: (BackwardEuler-Equation_) 48 MPI processes
  type: mpiaij
  rows=2555904, cols=2555904
  total: nonzeros=141328384, allocated nonzeros=141328384
  total number of mallocs used during MatSetValues calls=0
    has attached near null space
    using I-node (on process 0) routines: found 13104 nodes, limit used is 5
  2 SNES Function norm 9.371340327580e-11
  Nonlinear BackwardEuler-Equation_ solve converged due to CONVERGED_FNORM_ABS iterations 2
SNES Object: (BackwardEuler-Equation_) 48 MPI processes
  type: newtonls
  maximum iterations=50, maximum function evaluations=10000
  tolerances: relative=1e-08, absolute=1e-08, solution=1e-08
  total number of linear solver iterations=25
  total number of function evaluations=3
  norm schedule ALWAYS
  SNESLineSearch Object: (BackwardEuler-Equation_) 48 MPI processes
    type: bt
      interpolation: cubic
      alpha=1.000000e-04
    maxlambda=1.000000e+00, minlambda=1.000000e-12
    tolerances: relative=1.000000e-08, absolute=1.000000e-15, lambda=1.000000e-08
    maximum iterations=40
  KSP Object: (BackwardEuler-Equation_) 48 MPI processes
    type: gmres
      restart=30, using classical (unmodified) Gram-Schmidt orthogonalization with no iterative refinement
      happy breakdown tolerance=1e-30
    maximum iterations=200, initial guess is zero
    tolerances: relative=1e-06, absolute=1e-50, divergence=10000.
    left preconditioning
    using PRECONDITIONED norm type for convergence test
  PC Object: (BackwardEuler-Equation_) 48 MPI processes
    type: gamg
      type is MULTIPLICATIVE, levels=5 cycles=v
        Cycles per PCApply=1
        Using externally compute Galerkin coarse grid matrices
        GAMG specific options
          Threshold for dropping small values in graph on each level =     0.02     0.02     0.02     0.02     0.02    
          Threshold scaling factor for each level not specified = 1.
          AGG specific options
            Number of levels of aggressive coarsening 1
            Square graph aggressive coarsening
            MatCoarsen Object: (BackwardEuler-Equation_) 48 MPI processes
              type: misk
            Number smoothing steps to construct prolongation 1
          Complexity:    grid = 1.0445    operator = 1.19843
          Per-level complexity: op = operator, int = interpolation
              #equations  | #active PEs | avg nnz/row op | avg nnz/row int
                  588            1            588                0
                 2697           48           1692              397
                19232           48            690              138
                91217           48            109               39
              2555904           48             56               12
    Coarse grid solver -- level 0 -------------------------------
      KSP Object: (BackwardEuler-Equation_mg_coarse_) 48 MPI processes
        type: gmres
          restart=30, using classical (unmodified) Gram-Schmidt orthogonalization with no iterative refinement
          happy breakdown tolerance=1e-30
        maximum iterations=30, initial guess is zero
        tolerances: relative=1e-05, absolute=1e-50, divergence=10000.
        left preconditioning
        not checking for convergence
      PC Object: (BackwardEuler-Equation_mg_coarse_) 48 MPI processes
        type: bjacobi
          number of blocks = 48
          Local solver information for first block is in the following KSP and PC objects on rank 0:
          Use -BackwardEuler-Equation_mg_coarse_ksp_view ::ascii_info_detail to display information for all blocks
          KSP Object: (BackwardEuler-Equation_mg_coarse_sub_) 1 MPI process
            type: preonly
            maximum iterations=1, initial guess is zero
            tolerances: relative=1e-05, absolute=1e-50, divergence=10000.
            left preconditioning
            not checking for convergence
          PC Object: (BackwardEuler-Equation_mg_coarse_sub_) 1 MPI process
            type: ilu
              out-of-place factorization
              0 levels of fill
              tolerance for zero pivot 2.22045e-14
              matrix ordering: natural
              factor fill ratio given 1., needed 1.
                Factored matrix:
                  Mat Object: (BackwardEuler-Equation_mg_coarse_sub_) 1 MPI process
                    type: seqaij
                    rows=588, cols=588
                    package used to perform factorization: petsc
                    total: nonzeros=345744, allocated nonzeros=345744
                      using I-node routines: found 118 nodes, limit used is 5
            linear system matrix, which is also used to construct the preconditioner:
            Mat Object: (BackwardEuler-Equation_mg_coarse_sub_) 1 MPI process
              type: seqaij
              rows=588, cols=588
              total: nonzeros=345744, allocated nonzeros=345744
              total number of mallocs used during MatSetValues calls=0
                using I-node routines: found 118 nodes, limit used is 5
        linear system matrix, which is also used to construct the preconditioner:
        Mat Object: 48 MPI processes
          type: mpiaij
          rows=588, cols=588
          total: nonzeros=345744, allocated nonzeros=345744
          total number of mallocs used during MatSetValues calls=0
            using nonscalable MatPtAP() implementation
            using I-node (on process 0) routines: found 118 nodes, limit used is 5
    Down solver (pre-smoother) on level 1 -------------------------------
      KSP Object: (BackwardEuler-Equation_mg_levels_1_) 48 MPI processes
        type: chebyshev
          Chebyshev polynomial of first kind
          eigenvalue targets used: min 0.153203, max 1.68524
          eigenvalues estimated via gmres: min 0.454084, max 1.53203
          eigenvalues estimated using gmres with transform: [0. 0.1; 0. 1.1]
          KSP Object: (BackwardEuler-Equation_mg_levels_1_esteig_) 48 MPI processes
            type: gmres
              restart=30, using classical (unmodified) Gram-Schmidt orthogonalization with no iterative refinement
              happy breakdown tolerance=1e-30
            maximum iterations=10, initial guess is zero
            tolerances: relative=1e-12, absolute=1e-50, divergence=10000.
            left preconditioning
            using PRECONDITIONED norm type for convergence test
          estimating eigenvalues using a noisy random number generated right-hand side
        maximum iterations=2, nonzero initial guess
        tolerances: relative=1e-05, absolute=1e-50, divergence=10000.
        left preconditioning
        not checking for convergence
      PC Object: (BackwardEuler-Equation_mg_levels_1_) 48 MPI processes
        type: bjacobi
          number of blocks = 48
          Local solver information for first block is in the following KSP and PC objects on rank 0:
          Use -BackwardEuler-Equation_mg_levels_1_ksp_view ::ascii_info_detail to display information for all blocks
          KSP Object: (BackwardEuler-Equation_mg_levels_1_sub_) 1 MPI process
            type: preonly
            maximum iterations=10000, initial guess is zero
            tolerances: relative=1e-05, absolute=1e-50, divergence=10000.
            left preconditioning
            not checking for convergence
          PC Object: (BackwardEuler-Equation_mg_levels_1_sub_) 1 MPI process
            type: ilu
              out-of-place factorization
              0 levels of fill
              tolerance for zero pivot 2.22045e-14
              matrix ordering: natural
              factor fill ratio given 1., needed 1.
                Factored matrix:
                  Mat Object: (BackwardEuler-Equation_mg_levels_1_sub_) 1 MPI process
                    type: seqaij
                    rows=45, cols=45
                    package used to perform factorization: petsc
                    total: nonzeros=1801, allocated nonzeros=1801
                      using I-node routines: found 36 nodes, limit used is 5
            linear system matrix, which is also used to construct the preconditioner:
            Mat Object: (BackwardEuler-Equation_mg_levels_1_sub_) 1 MPI process
              type: seqaij
              rows=45, cols=45
              total: nonzeros=1801, allocated nonzeros=1801
              total number of mallocs used during MatSetValues calls=0
                using I-node routines: found 36 nodes, limit used is 5
        linear system matrix, which is also used to construct the preconditioner:
        Mat Object: 48 MPI processes
          type: mpiaij
          rows=2697, cols=2697
          total: nonzeros=4561093, allocated nonzeros=4561093
          total number of mallocs used during MatSetValues calls=0
            using nonscalable MatPtAP() implementation
            using I-node (on process 0) routines: found 36 nodes, limit used is 5
    Up solver (post-smoother) same as down solver (pre-smoother)
    Down solver (pre-smoother) on level 2 -------------------------------
      KSP Object: (BackwardEuler-Equation_mg_levels_2_) 48 MPI processes
        type: chebyshev
          Chebyshev polynomial of first kind
          eigenvalue targets used: min 0.182681, max 2.00949
          eigenvalues estimated via gmres: min 0.228797, max 1.82681
          eigenvalues estimated using gmres with transform: [0. 0.1; 0. 1.1]
          KSP Object: (BackwardEuler-Equation_mg_levels_2_esteig_) 48 MPI processes
            type: gmres
              restart=30, using classical (unmodified) Gram-Schmidt orthogonalization with no iterative refinement
              happy breakdown tolerance=1e-30
            maximum iterations=10, initial guess is zero
            tolerances: relative=1e-12, absolute=1e-50, divergence=10000.
            left preconditioning
            using PRECONDITIONED norm type for convergence test
          estimating eigenvalues using a noisy random number generated right-hand side
        maximum iterations=2, nonzero initial guess
        tolerances: relative=1e-05, absolute=1e-50, divergence=10000.
        left preconditioning
        not checking for convergence
      PC Object: (BackwardEuler-Equation_mg_levels_2_) 48 MPI processes
        type: bjacobi
          number of blocks = 48
          Local solver information for first block is in the following KSP and PC objects on rank 0:
          Use -BackwardEuler-Equation_mg_levels_2_ksp_view ::ascii_info_detail to display information for all blocks
          KSP Object: (BackwardEuler-Equation_mg_levels_2_sub_) 1 MPI process
            type: preonly
            maximum iterations=10000, initial guess is zero
            tolerances: relative=1e-05, absolute=1e-50, divergence=10000.
            left preconditioning
            not checking for convergence
          PC Object: (BackwardEuler-Equation_mg_levels_2_sub_) 1 MPI process
            type: ilu
              out-of-place factorization
              0 levels of fill
              tolerance for zero pivot 2.22045e-14
              matrix ordering: natural
              factor fill ratio given 1., needed 1.
                Factored matrix:
                  Mat Object: (BackwardEuler-Equation_mg_levels_2_sub_) 1 MPI process
                    type: seqaij
                    rows=377, cols=377
                    package used to perform factorization: petsc
                    total: nonzeros=48059, allocated nonzeros=48059
                      not using I-node routines
            linear system matrix, which is also used to construct the preconditioner:
            Mat Object: (BackwardEuler-Equation_mg_levels_2_sub_) 1 MPI process
              type: seqaij
              rows=377, cols=377
              total: nonzeros=48059, allocated nonzeros=48059
              total number of mallocs used during MatSetValues calls=0
                not using I-node routines
        linear system matrix, which is also used to construct the preconditioner:
        Mat Object: 48 MPI processes
          type: mpiaij
          rows=19232, cols=19232
          total: nonzeros=13251616, allocated nonzeros=13251616
          total number of mallocs used during MatSetValues calls=0
            using nonscalable MatPtAP() implementation
            not using I-node (on process 0) routines
    Up solver (post-smoother) same as down solver (pre-smoother)
    Down solver (pre-smoother) on level 3 -------------------------------
      KSP Object: (BackwardEuler-Equation_mg_levels_3_) 48 MPI processes
        type: chebyshev
          Chebyshev polynomial of first kind
          eigenvalue targets used: min 0.146582, max 1.61241
          eigenvalues estimated via gmres: min 0.426599, max 1.46582
          eigenvalues estimated using gmres with transform: [0. 0.1; 0. 1.1]
          KSP Object: (BackwardEuler-Equation_mg_levels_3_esteig_) 48 MPI processes
            type: gmres
              restart=30, using classical (unmodified) Gram-Schmidt orthogonalization with no iterative refinement
              happy breakdown tolerance=1e-30
            maximum iterations=10, initial guess is zero
            tolerances: relative=1e-12, absolute=1e-50, divergence=10000.
            left preconditioning
            using PRECONDITIONED norm type for convergence test
          estimating eigenvalues using a noisy random number generated right-hand side
        maximum iterations=2, nonzero initial guess
        tolerances: relative=1e-05, absolute=1e-50, divergence=10000.
        left preconditioning
        not checking for convergence
      PC Object: (BackwardEuler-Equation_mg_levels_3_) 48 MPI processes
        type: bjacobi
          number of blocks = 48
          Local solver information for first block is in the following KSP and PC objects on rank 0:
          Use -BackwardEuler-Equation_mg_levels_3_ksp_view ::ascii_info_detail to display information for all blocks
          KSP Object: (BackwardEuler-Equation_mg_levels_3_sub_) 1 MPI process
            type: preonly
            maximum iterations=10000, initial guess is zero
            tolerances: relative=1e-05, absolute=1e-50, divergence=10000.
            left preconditioning
            not checking for convergence
          PC Object: (BackwardEuler-Equation_mg_levels_3_sub_) 1 MPI process
            type: ilu
              out-of-place factorization
              0 levels of fill
              tolerance for zero pivot 2.22045e-14
              matrix ordering: natural
              factor fill ratio given 1., needed 1.
                Factored matrix:
                  Mat Object: (BackwardEuler-Equation_mg_levels_3_sub_) 1 MPI process
                    type: seqaij
                    rows=1904, cols=1904
                    package used to perform factorization: petsc
                    total: nonzeros=136364, allocated nonzeros=136364
                      not using I-node routines
            linear system matrix, which is also used to construct the preconditioner:
            Mat Object: (BackwardEuler-Equation_mg_levels_3_sub_) 1 MPI process
              type: seqaij
              rows=1904, cols=1904
              total: nonzeros=136364, allocated nonzeros=136364
              total number of mallocs used during MatSetValues calls=0
                not using I-node routines
        linear system matrix, which is also used to construct the preconditioner:
        Mat Object: 48 MPI processes
          type: mpiaij
          rows=91217, cols=91217
          total: nonzeros=9886037, allocated nonzeros=9886037
          total number of mallocs used during MatSetValues calls=0
            using nonscalable MatPtAP() implementation
            not using I-node (on process 0) routines
    Up solver (post-smoother) same as down solver (pre-smoother)
    Down solver (pre-smoother) on level 4 -------------------------------
      KSP Object: (BackwardEuler-Equation_mg_levels_4_) 48 MPI processes
        type: chebyshev
          Chebyshev polynomial of first kind
          eigenvalue targets used: min 0.180567, max 1.98623
          eigenvalues estimated via gmres: min 0.143417, max 1.80567
          eigenvalues estimated using gmres with transform: [0. 0.1; 0. 1.1]
          KSP Object: (BackwardEuler-Equation_mg_levels_4_esteig_) 48 MPI processes
            type: gmres
              restart=30, using classical (unmodified) Gram-Schmidt orthogonalization with no iterative refinement
              happy breakdown tolerance=1e-30
            maximum iterations=10, initial guess is zero
            tolerances: relative=1e-12, absolute=1e-50, divergence=10000.
            left preconditioning
            using PRECONDITIONED norm type for convergence test
          estimating eigenvalues using a noisy random number generated right-hand side
        maximum iterations=2, nonzero initial guess
        tolerances: relative=1e-05, absolute=1e-50, divergence=10000.
        left preconditioning
        not checking for convergence
      PC Object: (BackwardEuler-Equation_mg_levels_4_) 48 MPI processes
        type: bjacobi
          number of blocks = 48
          Local solver information for first block is in the following KSP and PC objects on rank 0:
          Use -BackwardEuler-Equation_mg_levels_4_ksp_view ::ascii_info_detail to display information for all blocks
          KSP Object: (BackwardEuler-Equation_mg_levels_4_sub_) 1 MPI process
            type: preonly
            maximum iterations=10000, initial guess is zero
            tolerances: relative=1e-05, absolute=1e-50, divergence=10000.
            left preconditioning
            not checking for convergence
          PC Object: (BackwardEuler-Equation_mg_levels_4_sub_) 1 MPI process
            type: ilu
              out-of-place factorization
              0 levels of fill
              tolerance for zero pivot 2.22045e-14
              matrix ordering: natural
              factor fill ratio given 1., needed 1.
                Factored matrix:
                  Mat Object: (BackwardEuler-Equation_mg_levels_4_sub_) 1 MPI process
                    type: seqaij
                    rows=52416, cols=52416
                    package used to perform factorization: petsc
                    total: nonzeros=2724864, allocated nonzeros=2724864
                      using I-node routines: found 13104 nodes, limit used is 5
            linear system matrix, which is also used to construct the preconditioner:
            Mat Object: (BackwardEuler-Equation_mg_levels_4_sub_) 1 MPI process
              type: seqaij
              rows=52416, cols=52416
              total: nonzeros=2724864, allocated nonzeros=2724864
              total number of mallocs used during MatSetValues calls=0
                using I-node routines: found 13104 nodes, limit used is 5
        linear system matrix, which is also used to construct the preconditioner:
        Mat Object: (BackwardEuler-Equation_) 48 MPI processes
          type: mpiaij
          rows=2555904, cols=2555904
          total: nonzeros=141328384, allocated nonzeros=141328384
          total number of mallocs used during MatSetValues calls=0
            has attached near null space
            using I-node (on process 0) routines: found 13104 nodes, limit used is 5
    Up solver (post-smoother) same as down solver (pre-smoother)
    linear system matrix, which is also used to construct the preconditioner:
    Mat Object: (BackwardEuler-Equation_) 48 MPI processes
      type: mpiaij
      rows=2555904, cols=2555904
      total: nonzeros=141328384, allocated nonzeros=141328384
      total number of mallocs used during MatSetValues calls=0
        has attached near null space
        using I-node (on process 0) routines: found 13104 nodes, limit used is 5
t = 1200.00 s | step 4/10 | wall 7.42 s | NL 2 | L 25
  0 SNES Function norm 3.762655009795e-06
              Linear BackwardEuler-Equation_mg_coarse_ solve did not converge due to DIVERGED_ITS iterations 30
              Linear BackwardEuler-Equation_mg_coarse_ solve did not converge due to DIVERGED_ITS iterations 30
              Linear BackwardEuler-Equation_mg_coarse_ solve did not converge due to DIVERGED_ITS iterations 30
              Linear BackwardEuler-Equation_mg_coarse_ solve did not converge due to DIVERGED_ITS iterations 30
              Linear BackwardEuler-Equation_mg_coarse_ solve did not converge due to DIVERGED_ITS iterations 30
              Linear BackwardEuler-Equation_mg_coarse_ solve did not converge due to DIVERGED_ITS iterations 30
              Linear BackwardEuler-Equation_mg_coarse_ solve did not converge due to DIVERGED_ITS iterations 30
              Linear BackwardEuler-Equation_mg_coarse_ solve did not converge due to DIVERGED_ITS iterations 30
              Linear BackwardEuler-Equation_mg_coarse_ solve did not converge due to DIVERGED_ITS iterations 30
              Linear BackwardEuler-Equation_mg_coarse_ solve did not converge due to DIVERGED_ITS iterations 30
              Linear BackwardEuler-Equation_mg_coarse_ solve did not converge due to DIVERGED_ITS iterations 30
              Linear BackwardEuler-Equation_mg_coarse_ solve did not converge due to DIVERGED_ITS iterations 30
              Linear BackwardEuler-Equation_mg_coarse_ solve did not converge due to DIVERGED_ITS iterations 30
    Linear BackwardEuler-Equation_ solve converged due to CONVERGED_RTOL iterations 12
Mat Object: (BackwardEuler-Equation_) 48 MPI processes
  type: mpiaij
  rows=2555904, cols=2555904
  total: nonzeros=141328384, allocated nonzeros=141328384
  total number of mallocs used during MatSetValues calls=0
    has attached near null space
    using I-node (on process 0) routines: found 13104 nodes, limit used is 5
  1 SNES Function norm 7.583356953220e-08
              Linear BackwardEuler-Equation_mg_coarse_ solve did not converge due to DIVERGED_ITS iterations 30
              Linear BackwardEuler-Equation_mg_coarse_ solve did not converge due to DIVERGED_ITS iterations 30
              Linear BackwardEuler-Equation_mg_coarse_ solve did not converge due to DIVERGED_ITS iterations 30
              Linear BackwardEuler-Equation_mg_coarse_ solve did not converge due to DIVERGED_ITS iterations 30
              Linear BackwardEuler-Equation_mg_coarse_ solve did not converge due to DIVERGED_ITS iterations 30
              Linear BackwardEuler-Equation_mg_coarse_ solve did not converge due to DIVERGED_ITS iterations 30
              Linear BackwardEuler-Equation_mg_coarse_ solve did not converge due to DIVERGED_ITS iterations 30
              Linear BackwardEuler-Equation_mg_coarse_ solve did not converge due to DIVERGED_ITS iterations 30
              Linear BackwardEuler-Equation_mg_coarse_ solve did not converge due to DIVERGED_ITS iterations 30
              Linear BackwardEuler-Equation_mg_coarse_ solve did not converge due to DIVERGED_ITS iterations 30
              Linear BackwardEuler-Equation_mg_coarse_ solve did not converge due to DIVERGED_ITS iterations 30
              Linear BackwardEuler-Equation_mg_coarse_ solve did not converge due to DIVERGED_ITS iterations 30
              Linear BackwardEuler-Equation_mg_coarse_ solve did not converge due to DIVERGED_ITS iterations 30
              Linear BackwardEuler-Equation_mg_coarse_ solve did not converge due to DIVERGED_ITS iterations 30
    Linear BackwardEuler-Equation_ solve converged due to CONVERGED_RTOL iterations 13
Mat Object: (BackwardEuler-Equation_) 48 MPI processes
  type: mpiaij
  rows=2555904, cols=2555904
  total: nonzeros=141328384, allocated nonzeros=141328384
  total number of mallocs used during MatSetValues calls=0
    has attached near null space
    using I-node (on process 0) routines: found 13104 nodes, limit used is 5
  2 SNES Function norm 5.988335753120e-11
  Nonlinear BackwardEuler-Equation_ solve converged due to CONVERGED_FNORM_ABS iterations 2
SNES Object: (BackwardEuler-Equation_) 48 MPI processes
  type: newtonls
  maximum iterations=50, maximum function evaluations=10000
  tolerances: relative=1e-08, absolute=1e-08, solution=1e-08
  total number of linear solver iterations=25
  total number of function evaluations=3
  norm schedule ALWAYS
  SNESLineSearch Object: (BackwardEuler-Equation_) 48 MPI processes
    type: bt
      interpolation: cubic
      alpha=1.000000e-04
    maxlambda=1.000000e+00, minlambda=1.000000e-12
    tolerances: relative=1.000000e-08, absolute=1.000000e-15, lambda=1.000000e-08
    maximum iterations=40
  KSP Object: (BackwardEuler-Equation_) 48 MPI processes
    type: gmres
      restart=30, using classical (unmodified) Gram-Schmidt orthogonalization with no iterative refinement
      happy breakdown tolerance=1e-30
    maximum iterations=200, initial guess is zero
    tolerances: relative=1e-06, absolute=1e-50, divergence=10000.
    left preconditioning
    using PRECONDITIONED norm type for convergence test
  PC Object: (BackwardEuler-Equation_) 48 MPI processes
    type: gamg
      type is MULTIPLICATIVE, levels=5 cycles=v
        Cycles per PCApply=1
        Using externally compute Galerkin coarse grid matrices
        GAMG specific options
          Threshold for dropping small values in graph on each level =     0.02     0.02     0.02     0.02     0.02    
          Threshold scaling factor for each level not specified = 1.
          AGG specific options
            Number of levels of aggressive coarsening 1
            Square graph aggressive coarsening
            MatCoarsen Object: (BackwardEuler-Equation_) 48 MPI processes
              type: misk
            Number smoothing steps to construct prolongation 1
          Complexity:    grid = 1.0445    operator = 1.19843
          Per-level complexity: op = operator, int = interpolation
              #equations  | #active PEs | avg nnz/row op | avg nnz/row int
                  588            1            588                0
                 2697           48           1692              397
                19232           48            690              138
                91217           48            109               39
              2555904           48             56               12
    Coarse grid solver -- level 0 -------------------------------
      KSP Object: (BackwardEuler-Equation_mg_coarse_) 48 MPI processes
        type: gmres
          restart=30, using classical (unmodified) Gram-Schmidt orthogonalization with no iterative refinement
          happy breakdown tolerance=1e-30
        maximum iterations=30, initial guess is zero
        tolerances: relative=1e-05, absolute=1e-50, divergence=10000.
        left preconditioning
        not checking for convergence
      PC Object: (BackwardEuler-Equation_mg_coarse_) 48 MPI processes
        type: bjacobi
          number of blocks = 48
          Local solver information for first block is in the following KSP and PC objects on rank 0:
          Use -BackwardEuler-Equation_mg_coarse_ksp_view ::ascii_info_detail to display information for all blocks
          KSP Object: (BackwardEuler-Equation_mg_coarse_sub_) 1 MPI process
            type: preonly
            maximum iterations=1, initial guess is zero
            tolerances: relative=1e-05, absolute=1e-50, divergence=10000.
            left preconditioning
            not checking for convergence
          PC Object: (BackwardEuler-Equation_mg_coarse_sub_) 1 MPI process
            type: ilu
              out-of-place factorization
              0 levels of fill
              tolerance for zero pivot 2.22045e-14
              matrix ordering: natural
              factor fill ratio given 1., needed 1.
                Factored matrix:
                  Mat Object: (BackwardEuler-Equation_mg_coarse_sub_) 1 MPI process
                    type: seqaij
                    rows=588, cols=588
                    package used to perform factorization: petsc
                    total: nonzeros=345744, allocated nonzeros=345744
                      using I-node routines: found 118 nodes, limit used is 5
            linear system matrix, which is also used to construct the preconditioner:
            Mat Object: (BackwardEuler-Equation_mg_coarse_sub_) 1 MPI process
              type: seqaij
              rows=588, cols=588
              total: nonzeros=345744, allocated nonzeros=345744
              total number of mallocs used during MatSetValues calls=0
                using I-node routines: found 118 nodes, limit used is 5
        linear system matrix, which is also used to construct the preconditioner:
        Mat Object: 48 MPI processes
          type: mpiaij
          rows=588, cols=588
          total: nonzeros=345744, allocated nonzeros=345744
          total number of mallocs used during MatSetValues calls=0
            using nonscalable MatPtAP() implementation
            using I-node (on process 0) routines: found 118 nodes, limit used is 5
    Down solver (pre-smoother) on level 1 -------------------------------
      KSP Object: (BackwardEuler-Equation_mg_levels_1_) 48 MPI processes
        type: chebyshev
          Chebyshev polynomial of first kind
          eigenvalue targets used: min 0.153206, max 1.68526
          eigenvalues estimated via gmres: min 0.454083, max 1.53206
          eigenvalues estimated using gmres with transform: [0. 0.1; 0. 1.1]
          KSP Object: (BackwardEuler-Equation_mg_levels_1_esteig_) 48 MPI processes
            type: gmres
              restart=30, using classical (unmodified) Gram-Schmidt orthogonalization with no iterative refinement
              happy breakdown tolerance=1e-30
            maximum iterations=10, initial guess is zero
            tolerances: relative=1e-12, absolute=1e-50, divergence=10000.
            left preconditioning
            using PRECONDITIONED norm type for convergence test
          estimating eigenvalues using a noisy random number generated right-hand side
        maximum iterations=2, nonzero initial guess
        tolerances: relative=1e-05, absolute=1e-50, divergence=10000.
        left preconditioning
        not checking for convergence
      PC Object: (BackwardEuler-Equation_mg_levels_1_) 48 MPI processes
        type: bjacobi
          number of blocks = 48
          Local solver information for first block is in the following KSP and PC objects on rank 0:
          Use -BackwardEuler-Equation_mg_levels_1_ksp_view ::ascii_info_detail to display information for all blocks
          KSP Object: (BackwardEuler-Equation_mg_levels_1_sub_) 1 MPI process
            type: preonly
            maximum iterations=10000, initial guess is zero
            tolerances: relative=1e-05, absolute=1e-50, divergence=10000.
            left preconditioning
            not checking for convergence
          PC Object: (BackwardEuler-Equation_mg_levels_1_sub_) 1 MPI process
            type: ilu
              out-of-place factorization
              0 levels of fill
              tolerance for zero pivot 2.22045e-14
              matrix ordering: natural
              factor fill ratio given 1., needed 1.
                Factored matrix:
                  Mat Object: (BackwardEuler-Equation_mg_levels_1_sub_) 1 MPI process
                    type: seqaij
                    rows=45, cols=45
                    package used to perform factorization: petsc
                    total: nonzeros=1801, allocated nonzeros=1801
                      using I-node routines: found 36 nodes, limit used is 5
            linear system matrix, which is also used to construct the preconditioner:
            Mat Object: (BackwardEuler-Equation_mg_levels_1_sub_) 1 MPI process
              type: seqaij
              rows=45, cols=45
              total: nonzeros=1801, allocated nonzeros=1801
              total number of mallocs used during MatSetValues calls=0
                using I-node routines: found 36 nodes, limit used is 5
        linear system matrix, which is also used to construct the preconditioner:
        Mat Object: 48 MPI processes
          type: mpiaij
          rows=2697, cols=2697
          total: nonzeros=4561093, allocated nonzeros=4561093
          total number of mallocs used during MatSetValues calls=0
            using nonscalable MatPtAP() implementation
            using I-node (on process 0) routines: found 36 nodes, limit used is 5
    Up solver (post-smoother) same as down solver (pre-smoother)
    Down solver (pre-smoother) on level 2 -------------------------------
      KSP Object: (BackwardEuler-Equation_mg_levels_2_) 48 MPI processes
        type: chebyshev
          Chebyshev polynomial of first kind
          eigenvalue targets used: min 0.182675, max 2.00942
          eigenvalues estimated via gmres: min 0.228862, max 1.82675
          eigenvalues estimated using gmres with transform: [0. 0.1; 0. 1.1]
          KSP Object: (BackwardEuler-Equation_mg_levels_2_esteig_) 48 MPI processes
            type: gmres
              restart=30, using classical (unmodified) Gram-Schmidt orthogonalization with no iterative refinement
              happy breakdown tolerance=1e-30
            maximum iterations=10, initial guess is zero
            tolerances: relative=1e-12, absolute=1e-50, divergence=10000.
            left preconditioning
            using PRECONDITIONED norm type for convergence test
          estimating eigenvalues using a noisy random number generated right-hand side
        maximum iterations=2, nonzero initial guess
        tolerances: relative=1e-05, absolute=1e-50, divergence=10000.
        left preconditioning
        not checking for convergence
      PC Object: (BackwardEuler-Equation_mg_levels_2_) 48 MPI processes
        type: bjacobi
          number of blocks = 48
          Local solver information for first block is in the following KSP and PC objects on rank 0:
          Use -BackwardEuler-Equation_mg_levels_2_ksp_view ::ascii_info_detail to display information for all blocks
          KSP Object: (BackwardEuler-Equation_mg_levels_2_sub_) 1 MPI process
            type: preonly
            maximum iterations=10000, initial guess is zero
            tolerances: relative=1e-05, absolute=1e-50, divergence=10000.
            left preconditioning
            not checking for convergence
          PC Object: (BackwardEuler-Equation_mg_levels_2_sub_) 1 MPI process
            type: ilu
              out-of-place factorization
              0 levels of fill
              tolerance for zero pivot 2.22045e-14
              matrix ordering: natural
              factor fill ratio given 1., needed 1.
                Factored matrix:
                  Mat Object: (BackwardEuler-Equation_mg_levels_2_sub_) 1 MPI process
                    type: seqaij
                    rows=377, cols=377
                    package used to perform factorization: petsc
                    total: nonzeros=48059, allocated nonzeros=48059
                      not using I-node routines
            linear system matrix, which is also used to construct the preconditioner:
            Mat Object: (BackwardEuler-Equation_mg_levels_2_sub_) 1 MPI process
              type: seqaij
              rows=377, cols=377
              total: nonzeros=48059, allocated nonzeros=48059
              total number of mallocs used during MatSetValues calls=0
                not using I-node routines
        linear system matrix, which is also used to construct the preconditioner:
        Mat Object: 48 MPI processes
          type: mpiaij
          rows=19232, cols=19232
          total: nonzeros=13251616, allocated nonzeros=13251616
          total number of mallocs used during MatSetValues calls=0
            using nonscalable MatPtAP() implementation
            not using I-node (on process 0) routines
    Up solver (post-smoother) same as down solver (pre-smoother)
    Down solver (pre-smoother) on level 3 -------------------------------
      KSP Object: (BackwardEuler-Equation_mg_levels_3_) 48 MPI processes
        type: chebyshev
          Chebyshev polynomial of first kind
          eigenvalue targets used: min 0.147058, max 1.61764
          eigenvalues estimated via gmres: min 0.417303, max 1.47058
          eigenvalues estimated using gmres with transform: [0. 0.1; 0. 1.1]
          KSP Object: (BackwardEuler-Equation_mg_levels_3_esteig_) 48 MPI processes
            type: gmres
              restart=30, using classical (unmodified) Gram-Schmidt orthogonalization with no iterative refinement
              happy breakdown tolerance=1e-30
            maximum iterations=10, initial guess is zero
            tolerances: relative=1e-12, absolute=1e-50, divergence=10000.
            left preconditioning
            using PRECONDITIONED norm type for convergence test
          estimating eigenvalues using a noisy random number generated right-hand side
        maximum iterations=2, nonzero initial guess
        tolerances: relative=1e-05, absolute=1e-50, divergence=10000.
        left preconditioning
        not checking for convergence
      PC Object: (BackwardEuler-Equation_mg_levels_3_) 48 MPI processes
        type: bjacobi
          number of blocks = 48
          Local solver information for first block is in the following KSP and PC objects on rank 0:
          Use -BackwardEuler-Equation_mg_levels_3_ksp_view ::ascii_info_detail to display information for all blocks
          KSP Object: (BackwardEuler-Equation_mg_levels_3_sub_) 1 MPI process
            type: preonly
            maximum iterations=10000, initial guess is zero
            tolerances: relative=1e-05, absolute=1e-50, divergence=10000.
            left preconditioning
            not checking for convergence
          PC Object: (BackwardEuler-Equation_mg_levels_3_sub_) 1 MPI process
            type: ilu
              out-of-place factorization
              0 levels of fill
              tolerance for zero pivot 2.22045e-14
              matrix ordering: natural
              factor fill ratio given 1., needed 1.
                Factored matrix:
                  Mat Object: (BackwardEuler-Equation_mg_levels_3_sub_) 1 MPI process
                    type: seqaij
                    rows=1904, cols=1904
                    package used to perform factorization: petsc
                    total: nonzeros=136364, allocated nonzeros=136364
                      not using I-node routines
            linear system matrix, which is also used to construct the preconditioner:
            Mat Object: (BackwardEuler-Equation_mg_levels_3_sub_) 1 MPI process
              type: seqaij
              rows=1904, cols=1904
              total: nonzeros=136364, allocated nonzeros=136364
              total number of mallocs used during MatSetValues calls=0
                not using I-node routines
        linear system matrix, which is also used to construct the preconditioner:
        Mat Object: 48 MPI processes
          type: mpiaij
          rows=91217, cols=91217
          total: nonzeros=9886037, allocated nonzeros=9886037
          total number of mallocs used during MatSetValues calls=0
            using nonscalable MatPtAP() implementation
            not using I-node (on process 0) routines
    Up solver (post-smoother) same as down solver (pre-smoother)
    Down solver (pre-smoother) on level 4 -------------------------------
      KSP Object: (BackwardEuler-Equation_mg_levels_4_) 48 MPI processes
        type: chebyshev
          Chebyshev polynomial of first kind
          eigenvalue targets used: min 0.180563, max 1.98619
          eigenvalues estimated via gmres: min 0.143434, max 1.80563
          eigenvalues estimated using gmres with transform: [0. 0.1; 0. 1.1]
          KSP Object: (BackwardEuler-Equation_mg_levels_4_esteig_) 48 MPI processes
            type: gmres
              restart=30, using classical (unmodified) Gram-Schmidt orthogonalization with no iterative refinement
              happy breakdown tolerance=1e-30
            maximum iterations=10, initial guess is zero
            tolerances: relative=1e-12, absolute=1e-50, divergence=10000.
            left preconditioning
            using PRECONDITIONED norm type for convergence test
          estimating eigenvalues using a noisy random number generated right-hand side
        maximum iterations=2, nonzero initial guess
        tolerances: relative=1e-05, absolute=1e-50, divergence=10000.
        left preconditioning
        not checking for convergence
      PC Object: (BackwardEuler-Equation_mg_levels_4_) 48 MPI processes
        type: bjacobi
          number of blocks = 48
          Local solver information for first block is in the following KSP and PC objects on rank 0:
          Use -BackwardEuler-Equation_mg_levels_4_ksp_view ::ascii_info_detail to display information for all blocks
          KSP Object: (BackwardEuler-Equation_mg_levels_4_sub_) 1 MPI process
            type: preonly
            maximum iterations=10000, initial guess is zero
            tolerances: relative=1e-05, absolute=1e-50, divergence=10000.
            left preconditioning
            not checking for convergence
          PC Object: (BackwardEuler-Equation_mg_levels_4_sub_) 1 MPI process
            type: ilu
              out-of-place factorization
              0 levels of fill
              tolerance for zero pivot 2.22045e-14
              matrix ordering: natural
              factor fill ratio given 1., needed 1.
                Factored matrix:
                  Mat Object: (BackwardEuler-Equation_mg_levels_4_sub_) 1 MPI process
                    type: seqaij
                    rows=52416, cols=52416
                    package used to perform factorization: petsc
                    total: nonzeros=2724864, allocated nonzeros=2724864
                      using I-node routines: found 13104 nodes, limit used is 5
            linear system matrix, which is also used to construct the preconditioner:
            Mat Object: (BackwardEuler-Equation_mg_levels_4_sub_) 1 MPI process
              type: seqaij
              rows=52416, cols=52416
              total: nonzeros=2724864, allocated nonzeros=2724864
              total number of mallocs used during MatSetValues calls=0
                using I-node routines: found 13104 nodes, limit used is 5
        linear system matrix, which is also used to construct the preconditioner:
        Mat Object: (BackwardEuler-Equation_) 48 MPI processes
          type: mpiaij
          rows=2555904, cols=2555904
          total: nonzeros=141328384, allocated nonzeros=141328384
          total number of mallocs used during MatSetValues calls=0
            has attached near null space
            using I-node (on process 0) routines: found 13104 nodes, limit used is 5
    Up solver (post-smoother) same as down solver (pre-smoother)
    linear system matrix, which is also used to construct the preconditioner:
    Mat Object: (BackwardEuler-Equation_) 48 MPI processes
      type: mpiaij
      rows=2555904, cols=2555904
      total: nonzeros=141328384, allocated nonzeros=141328384
      total number of mallocs used during MatSetValues calls=0
        has attached near null space
        using I-node (on process 0) routines: found 13104 nodes, limit used is 5
t = 1500.00 s | step 5/10 | wall 7.43 s | NL 2 | L 25
  0 SNES Function norm 3.591448191008e-06
              Linear BackwardEuler-Equation_mg_coarse_ solve did not converge due to DIVERGED_ITS iterations 30
              Linear BackwardEuler-Equation_mg_coarse_ solve did not converge due to DIVERGED_ITS iterations 30
              Linear BackwardEuler-Equation_mg_coarse_ solve did not converge due to DIVERGED_ITS iterations 30
              Linear BackwardEuler-Equation_mg_coarse_ solve did not converge due to DIVERGED_ITS iterations 30
              Linear BackwardEuler-Equation_mg_coarse_ solve did not converge due to DIVERGED_ITS iterations 30
              Linear BackwardEuler-Equation_mg_coarse_ solve did not converge due to DIVERGED_ITS iterations 30
              Linear BackwardEuler-Equation_mg_coarse_ solve did not converge due to DIVERGED_ITS iterations 30
              Linear BackwardEuler-Equation_mg_coarse_ solve did not converge due to DIVERGED_ITS iterations 30
              Linear BackwardEuler-Equation_mg_coarse_ solve did not converge due to DIVERGED_ITS iterations 30
              Linear BackwardEuler-Equation_mg_coarse_ solve did not converge due to DIVERGED_ITS iterations 30
              Linear BackwardEuler-Equation_mg_coarse_ solve did not converge due to DIVERGED_ITS iterations 30
              Linear BackwardEuler-Equation_mg_coarse_ solve did not converge due to DIVERGED_ITS iterations 30
              Linear BackwardEuler-Equation_mg_coarse_ solve did not converge due to DIVERGED_ITS iterations 30
    Linear BackwardEuler-Equation_ solve converged due to CONVERGED_RTOL iterations 12
Mat Object: (BackwardEuler-Equation_) 48 MPI processes
  type: mpiaij
  rows=2555904, cols=2555904
  total: nonzeros=141328384, allocated nonzeros=141328384
  total number of mallocs used during MatSetValues calls=0
    has attached near null space
    using I-node (on process 0) routines: found 13104 nodes, limit used is 5
  1 SNES Function norm 6.635857954818e-08
              Linear BackwardEuler-Equation_mg_coarse_ solve did not converge due to DIVERGED_ITS iterations 30
              Linear BackwardEuler-Equation_mg_coarse_ solve did not converge due to DIVERGED_ITS iterations 30
              Linear BackwardEuler-Equation_mg_coarse_ solve did not converge due to DIVERGED_ITS iterations 30
              Linear BackwardEuler-Equation_mg_coarse_ solve did not converge due to DIVERGED_ITS iterations 30
              Linear BackwardEuler-Equation_mg_coarse_ solve did not converge due to DIVERGED_ITS iterations 30
              Linear BackwardEuler-Equation_mg_coarse_ solve did not converge due to DIVERGED_ITS iterations 30
              Linear BackwardEuler-Equation_mg_coarse_ solve did not converge due to DIVERGED_ITS iterations 30
              Linear BackwardEuler-Equation_mg_coarse_ solve did not converge due to DIVERGED_ITS iterations 30
              Linear BackwardEuler-Equation_mg_coarse_ solve did not converge due to DIVERGED_ITS iterations 30
              Linear BackwardEuler-Equation_mg_coarse_ solve did not converge due to DIVERGED_ITS iterations 30
              Linear BackwardEuler-Equation_mg_coarse_ solve did not converge due to DIVERGED_ITS iterations 30
              Linear BackwardEuler-Equation_mg_coarse_ solve did not converge due to DIVERGED_ITS iterations 30
              Linear BackwardEuler-Equation_mg_coarse_ solve did not converge due to DIVERGED_ITS iterations 30
              Linear BackwardEuler-Equation_mg_coarse_ solve did not converge due to DIVERGED_ITS iterations 30
    Linear BackwardEuler-Equation_ solve converged due to CONVERGED_RTOL iterations 13
Mat Object: (BackwardEuler-Equation_) 48 MPI processes
  type: mpiaij
  rows=2555904, cols=2555904
  total: nonzeros=141328384, allocated nonzeros=141328384
  total number of mallocs used during MatSetValues calls=0
    has attached near null space
    using I-node (on process 0) routines: found 13104 nodes, limit used is 5
  2 SNES Function norm 4.243268355678e-11
  Nonlinear BackwardEuler-Equation_ solve converged due to CONVERGED_FNORM_ABS iterations 2
SNES Object: (BackwardEuler-Equation_) 48 MPI processes
  type: newtonls
  maximum iterations=50, maximum function evaluations=10000
  tolerances: relative=1e-08, absolute=1e-08, solution=1e-08
  total number of linear solver iterations=25
  total number of function evaluations=3
  norm schedule ALWAYS
  SNESLineSearch Object: (BackwardEuler-Equation_) 48 MPI processes
    type: bt
      interpolation: cubic
      alpha=1.000000e-04
    maxlambda=1.000000e+00, minlambda=1.000000e-12
    tolerances: relative=1.000000e-08, absolute=1.000000e-15, lambda=1.000000e-08
    maximum iterations=40
  KSP Object: (BackwardEuler-Equation_) 48 MPI processes
    type: gmres
      restart=30, using classical (unmodified) Gram-Schmidt orthogonalization with no iterative refinement
      happy breakdown tolerance=1e-30
    maximum iterations=200, initial guess is zero
    tolerances: relative=1e-06, absolute=1e-50, divergence=10000.
    left preconditioning
    using PRECONDITIONED norm type for convergence test
  PC Object: (BackwardEuler-Equation_) 48 MPI processes
    type: gamg
      type is MULTIPLICATIVE, levels=5 cycles=v
        Cycles per PCApply=1
        Using externally compute Galerkin coarse grid matrices
        GAMG specific options
          Threshold for dropping small values in graph on each level =     0.02     0.02     0.02     0.02     0.02    
          Threshold scaling factor for each level not specified = 1.
          AGG specific options
            Number of levels of aggressive coarsening 1
            Square graph aggressive coarsening
            MatCoarsen Object: (BackwardEuler-Equation_) 48 MPI processes
              type: misk
            Number smoothing steps to construct prolongation 1
          Complexity:    grid = 1.0445    operator = 1.19843
          Per-level complexity: op = operator, int = interpolation
              #equations  | #active PEs | avg nnz/row op | avg nnz/row int
                  588            1            588                0
                 2697           48           1692              397
                19232           48            690              138
                91217           48            109               39
              2555904           48             56               12
    Coarse grid solver -- level 0 -------------------------------
      KSP Object: (BackwardEuler-Equation_mg_coarse_) 48 MPI processes
        type: gmres
          restart=30, using classical (unmodified) Gram-Schmidt orthogonalization with no iterative refinement
          happy breakdown tolerance=1e-30
        maximum iterations=30, initial guess is zero
        tolerances: relative=1e-05, absolute=1e-50, divergence=10000.
        left preconditioning
        not checking for convergence
      PC Object: (BackwardEuler-Equation_mg_coarse_) 48 MPI processes
        type: bjacobi
          number of blocks = 48
          Local solver information for first block is in the following KSP and PC objects on rank 0:
          Use -BackwardEuler-Equation_mg_coarse_ksp_view ::ascii_info_detail to display information for all blocks
          KSP Object: (BackwardEuler-Equation_mg_coarse_sub_) 1 MPI process
            type: preonly
            maximum iterations=1, initial guess is zero
            tolerances: relative=1e-05, absolute=1e-50, divergence=10000.
            left preconditioning
            not checking for convergence
          PC Object: (BackwardEuler-Equation_mg_coarse_sub_) 1 MPI process
            type: ilu
              out-of-place factorization
              0 levels of fill
              tolerance for zero pivot 2.22045e-14
              matrix ordering: natural
              factor fill ratio given 1., needed 1.
                Factored matrix:
                  Mat Object: (BackwardEuler-Equation_mg_coarse_sub_) 1 MPI process
                    type: seqaij
                    rows=588, cols=588
                    package used to perform factorization: petsc
                    total: nonzeros=345744, allocated nonzeros=345744
                      using I-node routines: found 118 nodes, limit used is 5
            linear system matrix, which is also used to construct the preconditioner:
            Mat Object: (BackwardEuler-Equation_mg_coarse_sub_) 1 MPI process
              type: seqaij
              rows=588, cols=588
              total: nonzeros=345744, allocated nonzeros=345744
              total number of mallocs used during MatSetValues calls=0
                using I-node routines: found 118 nodes, limit used is 5
        linear system matrix, which is also used to construct the preconditioner:
        Mat Object: 48 MPI processes
          type: mpiaij
          rows=588, cols=588
          total: nonzeros=345744, allocated nonzeros=345744
          total number of mallocs used during MatSetValues calls=0
            using nonscalable MatPtAP() implementation
            using I-node (on process 0) routines: found 118 nodes, limit used is 5
    Down solver (pre-smoother) on level 1 -------------------------------
      KSP Object: (BackwardEuler-Equation_mg_levels_1_) 48 MPI processes
        type: chebyshev
          Chebyshev polynomial of first kind
          eigenvalue targets used: min 0.153208, max 1.68529
          eigenvalues estimated via gmres: min 0.454079, max 1.53208
          eigenvalues estimated using gmres with transform: [0. 0.1; 0. 1.1]
          KSP Object: (BackwardEuler-Equation_mg_levels_1_esteig_) 48 MPI processes
            type: gmres
              restart=30, using classical (unmodified) Gram-Schmidt orthogonalization with no iterative refinement
              happy breakdown tolerance=1e-30
            maximum iterations=10, initial guess is zero
            tolerances: relative=1e-12, absolute=1e-50, divergence=10000.
            left preconditioning
            using PRECONDITIONED norm type for convergence test
          estimating eigenvalues using a noisy random number generated right-hand side
        maximum iterations=2, nonzero initial guess
        tolerances: relative=1e-05, absolute=1e-50, divergence=10000.
        left preconditioning
        not checking for convergence
      PC Object: (BackwardEuler-Equation_mg_levels_1_) 48 MPI processes
        type: bjacobi
          number of blocks = 48
          Local solver information for first block is in the following KSP and PC objects on rank 0:
          Use -BackwardEuler-Equation_mg_levels_1_ksp_view ::ascii_info_detail to display information for all blocks
          KSP Object: (BackwardEuler-Equation_mg_levels_1_sub_) 1 MPI process
            type: preonly
            maximum iterations=10000, initial guess is zero
            tolerances: relative=1e-05, absolute=1e-50, divergence=10000.
            left preconditioning
            not checking for convergence
          PC Object: (BackwardEuler-Equation_mg_levels_1_sub_) 1 MPI process
            type: ilu
              out-of-place factorization
              0 levels of fill
              tolerance for zero pivot 2.22045e-14
              matrix ordering: natural
              factor fill ratio given 1., needed 1.
                Factored matrix:
                  Mat Object: (BackwardEuler-Equation_mg_levels_1_sub_) 1 MPI process
                    type: seqaij
                    rows=45, cols=45
                    package used to perform factorization: petsc
                    total: nonzeros=1801, allocated nonzeros=1801
                      using I-node routines: found 36 nodes, limit used is 5
            linear system matrix, which is also used to construct the preconditioner:
            Mat Object: (BackwardEuler-Equation_mg_levels_1_sub_) 1 MPI process
              type: seqaij
              rows=45, cols=45
              total: nonzeros=1801, allocated nonzeros=1801
              total number of mallocs used during MatSetValues calls=0
                using I-node routines: found 36 nodes, limit used is 5
        linear system matrix, which is also used to construct the preconditioner:
        Mat Object: 48 MPI processes
          type: mpiaij
          rows=2697, cols=2697
          total: nonzeros=4561093, allocated nonzeros=4561093
          total number of mallocs used during MatSetValues calls=0
            using nonscalable MatPtAP() implementation
            using I-node (on process 0) routines: found 36 nodes, limit used is 5
    Up solver (post-smoother) same as down solver (pre-smoother)
    Down solver (pre-smoother) on level 2 -------------------------------
      KSP Object: (BackwardEuler-Equation_mg_levels_2_) 48 MPI processes
        type: chebyshev
          Chebyshev polynomial of first kind
          eigenvalue targets used: min 0.182669, max 2.00936
          eigenvalues estimated via gmres: min 0.228922, max 1.82669
          eigenvalues estimated using gmres with transform: [0. 0.1; 0. 1.1]
          KSP Object: (BackwardEuler-Equation_mg_levels_2_esteig_) 48 MPI processes
            type: gmres
              restart=30, using classical (unmodified) Gram-Schmidt orthogonalization with no iterative refinement
              happy breakdown tolerance=1e-30
            maximum iterations=10, initial guess is zero
            tolerances: relative=1e-12, absolute=1e-50, divergence=10000.
            left preconditioning
            using PRECONDITIONED norm type for convergence test
          estimating eigenvalues using a noisy random number generated right-hand side
        maximum iterations=2, nonzero initial guess
        tolerances: relative=1e-05, absolute=1e-50, divergence=10000.
        left preconditioning
        not checking for convergence
      PC Object: (BackwardEuler-Equation_mg_levels_2_) 48 MPI processes
        type: bjacobi
          number of blocks = 48
          Local solver information for first block is in the following KSP and PC objects on rank 0:
          Use -BackwardEuler-Equation_mg_levels_2_ksp_view ::ascii_info_detail to display information for all blocks
          KSP Object: (BackwardEuler-Equation_mg_levels_2_sub_) 1 MPI process
            type: preonly
            maximum iterations=10000, initial guess is zero
            tolerances: relative=1e-05, absolute=1e-50, divergence=10000.
            left preconditioning
            not checking for convergence
          PC Object: (BackwardEuler-Equation_mg_levels_2_sub_) 1 MPI process
            type: ilu
              out-of-place factorization
              0 levels of fill
              tolerance for zero pivot 2.22045e-14
              matrix ordering: natural
              factor fill ratio given 1., needed 1.
                Factored matrix:
                  Mat Object: (BackwardEuler-Equation_mg_levels_2_sub_) 1 MPI process
                    type: seqaij
                    rows=377, cols=377
                    package used to perform factorization: petsc
                    total: nonzeros=48059, allocated nonzeros=48059
                      not using I-node routines
            linear system matrix, which is also used to construct the preconditioner:
            Mat Object: (BackwardEuler-Equation_mg_levels_2_sub_) 1 MPI process
              type: seqaij
              rows=377, cols=377
              total: nonzeros=48059, allocated nonzeros=48059
              total number of mallocs used during MatSetValues calls=0
                not using I-node routines
        linear system matrix, which is also used to construct the preconditioner:
        Mat Object: 48 MPI processes
          type: mpiaij
          rows=19232, cols=19232
          total: nonzeros=13251616, allocated nonzeros=13251616
          total number of mallocs used during MatSetValues calls=0
            using nonscalable MatPtAP() implementation
            not using I-node (on process 0) routines
    Up solver (post-smoother) same as down solver (pre-smoother)
    Down solver (pre-smoother) on level 3 -------------------------------
      KSP Object: (BackwardEuler-Equation_mg_levels_3_) 48 MPI processes
        type: chebyshev
          Chebyshev polynomial of first kind
          eigenvalue targets used: min 0.147583, max 1.62341
          eigenvalues estimated via gmres: min 0.407441, max 1.47583
          eigenvalues estimated using gmres with transform: [0. 0.1; 0. 1.1]
          KSP Object: (BackwardEuler-Equation_mg_levels_3_esteig_) 48 MPI processes
            type: gmres
              restart=30, using classical (unmodified) Gram-Schmidt orthogonalization with no iterative refinement
              happy breakdown tolerance=1e-30
            maximum iterations=10, initial guess is zero
            tolerances: relative=1e-12, absolute=1e-50, divergence=10000.
            left preconditioning
            using PRECONDITIONED norm type for convergence test
          estimating eigenvalues using a noisy random number generated right-hand side
        maximum iterations=2, nonzero initial guess
        tolerances: relative=1e-05, absolute=1e-50, divergence=10000.
        left preconditioning
        not checking for convergence
      PC Object: (BackwardEuler-Equation_mg_levels_3_) 48 MPI processes
        type: bjacobi
          number of blocks = 48
          Local solver information for first block is in the following KSP and PC objects on rank 0:
          Use -BackwardEuler-Equation_mg_levels_3_ksp_view ::ascii_info_detail to display information for all blocks
          KSP Object: (BackwardEuler-Equation_mg_levels_3_sub_) 1 MPI process
            type: preonly
            maximum iterations=10000, initial guess is zero
            tolerances: relative=1e-05, absolute=1e-50, divergence=10000.
            left preconditioning
            not checking for convergence
          PC Object: (BackwardEuler-Equation_mg_levels_3_sub_) 1 MPI process
            type: ilu
              out-of-place factorization
              0 levels of fill
              tolerance for zero pivot 2.22045e-14
              matrix ordering: natural
              factor fill ratio given 1., needed 1.
                Factored matrix:
                  Mat Object: (BackwardEuler-Equation_mg_levels_3_sub_) 1 MPI process
                    type: seqaij
                    rows=1904, cols=1904
                    package used to perform factorization: petsc
                    total: nonzeros=136364, allocated nonzeros=136364
                      not using I-node routines
            linear system matrix, which is also used to construct the preconditioner:
            Mat Object: (BackwardEuler-Equation_mg_levels_3_sub_) 1 MPI process
              type: seqaij
              rows=1904, cols=1904
              total: nonzeros=136364, allocated nonzeros=136364
              total number of mallocs used during MatSetValues calls=0
                not using I-node routines
        linear system matrix, which is also used to construct the preconditioner:
        Mat Object: 48 MPI processes
          type: mpiaij
          rows=91217, cols=91217
          total: nonzeros=9886037, allocated nonzeros=9886037
          total number of mallocs used during MatSetValues calls=0
            using nonscalable MatPtAP() implementation
            not using I-node (on process 0) routines
    Up solver (post-smoother) same as down solver (pre-smoother)
    Down solver (pre-smoother) on level 4 -------------------------------
      KSP Object: (BackwardEuler-Equation_mg_levels_4_) 48 MPI processes
        type: chebyshev
          Chebyshev polynomial of first kind
          eigenvalue targets used: min 0.180559, max 1.98615
          eigenvalues estimated via gmres: min 0.14345, max 1.80559
          eigenvalues estimated using gmres with transform: [0. 0.1; 0. 1.1]
          KSP Object: (BackwardEuler-Equation_mg_levels_4_esteig_) 48 MPI processes
            type: gmres
              restart=30, using classical (unmodified) Gram-Schmidt orthogonalization with no iterative refinement
              happy breakdown tolerance=1e-30
            maximum iterations=10, initial guess is zero
            tolerances: relative=1e-12, absolute=1e-50, divergence=10000.
            left preconditioning
            using PRECONDITIONED norm type for convergence test
          estimating eigenvalues using a noisy random number generated right-hand side
        maximum iterations=2, nonzero initial guess
        tolerances: relative=1e-05, absolute=1e-50, divergence=10000.
        left preconditioning
        not checking for convergence
      PC Object: (BackwardEuler-Equation_mg_levels_4_) 48 MPI processes
        type: bjacobi
          number of blocks = 48
          Local solver information for first block is in the following KSP and PC objects on rank 0:
          Use -BackwardEuler-Equation_mg_levels_4_ksp_view ::ascii_info_detail to display information for all blocks
          KSP Object: (BackwardEuler-Equation_mg_levels_4_sub_) 1 MPI process
            type: preonly
            maximum iterations=10000, initial guess is zero
            tolerances: relative=1e-05, absolute=1e-50, divergence=10000.
            left preconditioning
            not checking for convergence
          PC Object: (BackwardEuler-Equation_mg_levels_4_sub_) 1 MPI process
            type: ilu
              out-of-place factorization
              0 levels of fill
              tolerance for zero pivot 2.22045e-14
              matrix ordering: natural
              factor fill ratio given 1., needed 1.
                Factored matrix:
                  Mat Object: (BackwardEuler-Equation_mg_levels_4_sub_) 1 MPI process
                    type: seqaij
                    rows=52416, cols=52416
                    package used to perform factorization: petsc
                    total: nonzeros=2724864, allocated nonzeros=2724864
                      using I-node routines: found 13104 nodes, limit used is 5
            linear system matrix, which is also used to construct the preconditioner:
            Mat Object: (BackwardEuler-Equation_mg_levels_4_sub_) 1 MPI process
              type: seqaij
              rows=52416, cols=52416
              total: nonzeros=2724864, allocated nonzeros=2724864
              total number of mallocs used during MatSetValues calls=0
                using I-node routines: found 13104 nodes, limit used is 5
        linear system matrix, which is also used to construct the preconditioner:
        Mat Object: (BackwardEuler-Equation_) 48 MPI processes
          type: mpiaij
          rows=2555904, cols=2555904
          total: nonzeros=141328384, allocated nonzeros=141328384
          total number of mallocs used during MatSetValues calls=0
            has attached near null space
            using I-node (on process 0) routines: found 13104 nodes, limit used is 5
    Up solver (post-smoother) same as down solver (pre-smoother)
    linear system matrix, which is also used to construct the preconditioner:
    Mat Object: (BackwardEuler-Equation_) 48 MPI processes
      type: mpiaij
      rows=2555904, cols=2555904
      total: nonzeros=141328384, allocated nonzeros=141328384
      total number of mallocs used during MatSetValues calls=0
        has attached near null space
        using I-node (on process 0) routines: found 13104 nodes, limit used is 5
t = 1800.00 s | step 6/10 | wall 7.41 s | NL 2 | L 25
  0 SNES Function norm 3.459590411523e-06
              Linear BackwardEuler-Equation_mg_coarse_ solve did not converge due to DIVERGED_ITS iterations 30
              Linear BackwardEuler-Equation_mg_coarse_ solve did not converge due to DIVERGED_ITS iterations 30
              Linear BackwardEuler-Equation_mg_coarse_ solve did not converge due to DIVERGED_ITS iterations 30
              Linear BackwardEuler-Equation_mg_coarse_ solve did not converge due to DIVERGED_ITS iterations 30
              Linear BackwardEuler-Equation_mg_coarse_ solve did not converge due to DIVERGED_ITS iterations 30
              Linear BackwardEuler-Equation_mg_coarse_ solve did not converge due to DIVERGED_ITS iterations 30
              Linear BackwardEuler-Equation_mg_coarse_ solve did not converge due to DIVERGED_ITS iterations 30
              Linear BackwardEuler-Equation_mg_coarse_ solve did not converge due to DIVERGED_ITS iterations 30
              Linear BackwardEuler-Equation_mg_coarse_ solve did not converge due to DIVERGED_ITS iterations 30
              Linear BackwardEuler-Equation_mg_coarse_ solve did not converge due to DIVERGED_ITS iterations 30
              Linear BackwardEuler-Equation_mg_coarse_ solve did not converge due to DIVERGED_ITS iterations 30
              Linear BackwardEuler-Equation_mg_coarse_ solve did not converge due to DIVERGED_ITS iterations 30
              Linear BackwardEuler-Equation_mg_coarse_ solve did not converge due to DIVERGED_ITS iterations 30
    Linear BackwardEuler-Equation_ solve converged due to CONVERGED_RTOL iterations 12
Mat Object: (BackwardEuler-Equation_) 48 MPI processes
  type: mpiaij
  rows=2555904, cols=2555904
  total: nonzeros=141328384, allocated nonzeros=141328384
  total number of mallocs used during MatSetValues calls=0
    has attached near null space
    using I-node (on process 0) routines: found 13104 nodes, limit used is 5
  1 SNES Function norm 5.985291867263e-08
              Linear BackwardEuler-Equation_mg_coarse_ solve did not converge due to DIVERGED_ITS iterations 30
              Linear BackwardEuler-Equation_mg_coarse_ solve did not converge due to DIVERGED_ITS iterations 30
              Linear BackwardEuler-Equation_mg_coarse_ solve did not converge due to DIVERGED_ITS iterations 30
              Linear BackwardEuler-Equation_mg_coarse_ solve did not converge due to DIVERGED_ITS iterations 30
              Linear BackwardEuler-Equation_mg_coarse_ solve did not converge due to DIVERGED_ITS iterations 30
              Linear BackwardEuler-Equation_mg_coarse_ solve did not converge due to DIVERGED_ITS iterations 30
              Linear BackwardEuler-Equation_mg_coarse_ solve did not converge due to DIVERGED_ITS iterations 30
              Linear BackwardEuler-Equation_mg_coarse_ solve did not converge due to DIVERGED_ITS iterations 30
              Linear BackwardEuler-Equation_mg_coarse_ solve did not converge due to DIVERGED_ITS iterations 30
              Linear BackwardEuler-Equation_mg_coarse_ solve did not converge due to DIVERGED_ITS iterations 30
              Linear BackwardEuler-Equation_mg_coarse_ solve did not converge due to DIVERGED_ITS iterations 30
              Linear BackwardEuler-Equation_mg_coarse_ solve did not converge due to DIVERGED_ITS iterations 30
              Linear BackwardEuler-Equation_mg_coarse_ solve did not converge due to DIVERGED_ITS iterations 30
              Linear BackwardEuler-Equation_mg_coarse_ solve did not converge due to DIVERGED_ITS iterations 30
    Linear BackwardEuler-Equation_ solve converged due to CONVERGED_RTOL iterations 13
Mat Object: (BackwardEuler-Equation_) 48 MPI processes
  type: mpiaij
  rows=2555904, cols=2555904
  total: nonzeros=141328384, allocated nonzeros=141328384
  total number of mallocs used during MatSetValues calls=0
    has attached near null space
    using I-node (on process 0) routines: found 13104 nodes, limit used is 5
  2 SNES Function norm 3.376866319052e-11
  Nonlinear BackwardEuler-Equation_ solve converged due to CONVERGED_FNORM_ABS iterations 2
SNES Object: (BackwardEuler-Equation_) 48 MPI processes
  type: newtonls
  maximum iterations=50, maximum function evaluations=10000
  tolerances: relative=1e-08, absolute=1e-08, solution=1e-08
  total number of linear solver iterations=25
  total number of function evaluations=3
  norm schedule ALWAYS
  SNESLineSearch Object: (BackwardEuler-Equation_) 48 MPI processes
    type: bt
      interpolation: cubic
      alpha=1.000000e-04
    maxlambda=1.000000e+00, minlambda=1.000000e-12
    tolerances: relative=1.000000e-08, absolute=1.000000e-15, lambda=1.000000e-08
    maximum iterations=40
  KSP Object: (BackwardEuler-Equation_) 48 MPI processes
    type: gmres
      restart=30, using classical (unmodified) Gram-Schmidt orthogonalization with no iterative refinement
      happy breakdown tolerance=1e-30
    maximum iterations=200, initial guess is zero
    tolerances: relative=1e-06, absolute=1e-50, divergence=10000.
    left preconditioning
    using PRECONDITIONED norm type for convergence test
  PC Object: (BackwardEuler-Equation_) 48 MPI processes
    type: gamg
      type is MULTIPLICATIVE, levels=5 cycles=v
        Cycles per PCApply=1
        Using externally compute Galerkin coarse grid matrices
        GAMG specific options
          Threshold for dropping small values in graph on each level =     0.02     0.02     0.02     0.02     0.02    
          Threshold scaling factor for each level not specified = 1.
          AGG specific options
            Number of levels of aggressive coarsening 1
            Square graph aggressive coarsening
            MatCoarsen Object: (BackwardEuler-Equation_) 48 MPI processes
              type: misk
            Number smoothing steps to construct prolongation 1
          Complexity:    grid = 1.0445    operator = 1.19843
          Per-level complexity: op = operator, int = interpolation
              #equations  | #active PEs | avg nnz/row op | avg nnz/row int
                  588            1            588                0
                 2697           48           1692              397
                19232           48            690              138
                91217           48            109               39
              2555904           48             56               12
    Coarse grid solver -- level 0 -------------------------------
      KSP Object: (BackwardEuler-Equation_mg_coarse_) 48 MPI processes
        type: gmres
          restart=30, using classical (unmodified) Gram-Schmidt orthogonalization with no iterative refinement
          happy breakdown tolerance=1e-30
        maximum iterations=30, initial guess is zero
        tolerances: relative=1e-05, absolute=1e-50, divergence=10000.
        left preconditioning
        not checking for convergence
      PC Object: (BackwardEuler-Equation_mg_coarse_) 48 MPI processes
        type: bjacobi
          number of blocks = 48
          Local solver information for first block is in the following KSP and PC objects on rank 0:
          Use -BackwardEuler-Equation_mg_coarse_ksp_view ::ascii_info_detail to display information for all blocks
          KSP Object: (BackwardEuler-Equation_mg_coarse_sub_) 1 MPI process
            type: preonly
            maximum iterations=1, initial guess is zero
            tolerances: relative=1e-05, absolute=1e-50, divergence=10000.
            left preconditioning
            not checking for convergence
          PC Object: (BackwardEuler-Equation_mg_coarse_sub_) 1 MPI process
            type: ilu
              out-of-place factorization
              0 levels of fill
              tolerance for zero pivot 2.22045e-14
              matrix ordering: natural
              factor fill ratio given 1., needed 1.
                Factored matrix:
                  Mat Object: (BackwardEuler-Equation_mg_coarse_sub_) 1 MPI process
                    type: seqaij
                    rows=588, cols=588
                    package used to perform factorization: petsc
                    total: nonzeros=345744, allocated nonzeros=345744
                      using I-node routines: found 118 nodes, limit used is 5
            linear system matrix, which is also used to construct the preconditioner:
            Mat Object: (BackwardEuler-Equation_mg_coarse_sub_) 1 MPI process
              type: seqaij
              rows=588, cols=588
              total: nonzeros=345744, allocated nonzeros=345744
              total number of mallocs used during MatSetValues calls=0
                using I-node routines: found 118 nodes, limit used is 5
        linear system matrix, which is also used to construct the preconditioner:
        Mat Object: 48 MPI processes
          type: mpiaij
          rows=588, cols=588
          total: nonzeros=345744, allocated nonzeros=345744
          total number of mallocs used during MatSetValues calls=0
            using nonscalable MatPtAP() implementation
            using I-node (on process 0) routines: found 118 nodes, limit used is 5
    Down solver (pre-smoother) on level 1 -------------------------------
      KSP Object: (BackwardEuler-Equation_mg_levels_1_) 48 MPI processes
        type: chebyshev
          Chebyshev polynomial of first kind
          eigenvalue targets used: min 0.153211, max 1.68532
          eigenvalues estimated via gmres: min 0.454074, max 1.53211
          eigenvalues estimated using gmres with transform: [0. 0.1; 0. 1.1]
          KSP Object: (BackwardEuler-Equation_mg_levels_1_esteig_) 48 MPI processes
            type: gmres
              restart=30, using classical (unmodified) Gram-Schmidt orthogonalization with no iterative refinement
              happy breakdown tolerance=1e-30
            maximum iterations=10, initial guess is zero
            tolerances: relative=1e-12, absolute=1e-50, divergence=10000.
            left preconditioning
            using PRECONDITIONED norm type for convergence test
          estimating eigenvalues using a noisy random number generated right-hand side
        maximum iterations=2, nonzero initial guess
        tolerances: relative=1e-05, absolute=1e-50, divergence=10000.
        left preconditioning
        not checking for convergence
      PC Object: (BackwardEuler-Equation_mg_levels_1_) 48 MPI processes
        type: bjacobi
          number of blocks = 48
          Local solver information for first block is in the following KSP and PC objects on rank 0:
          Use -BackwardEuler-Equation_mg_levels_1_ksp_view ::ascii_info_detail to display information for all blocks
          KSP Object: (BackwardEuler-Equation_mg_levels_1_sub_) 1 MPI process
            type: preonly
            maximum iterations=10000, initial guess is zero
            tolerances: relative=1e-05, absolute=1e-50, divergence=10000.
            left preconditioning
            not checking for convergence
          PC Object: (BackwardEuler-Equation_mg_levels_1_sub_) 1 MPI process
            type: ilu
              out-of-place factorization
              0 levels of fill
              tolerance for zero pivot 2.22045e-14
              matrix ordering: natural
              factor fill ratio given 1., needed 1.
                Factored matrix:
                  Mat Object: (BackwardEuler-Equation_mg_levels_1_sub_) 1 MPI process
                    type: seqaij
                    rows=45, cols=45
                    package used to perform factorization: petsc
                    total: nonzeros=1801, allocated nonzeros=1801
                      using I-node routines: found 36 nodes, limit used is 5
            linear system matrix, which is also used to construct the preconditioner:
            Mat Object: (BackwardEuler-Equation_mg_levels_1_sub_) 1 MPI process
              type: seqaij
              rows=45, cols=45
              total: nonzeros=1801, allocated nonzeros=1801
              total number of mallocs used during MatSetValues calls=0
                using I-node routines: found 36 nodes, limit used is 5
        linear system matrix, which is also used to construct the preconditioner:
        Mat Object: 48 MPI processes
          type: mpiaij
          rows=2697, cols=2697
          total: nonzeros=4561093, allocated nonzeros=4561093
          total number of mallocs used during MatSetValues calls=0
            using nonscalable MatPtAP() implementation
            using I-node (on process 0) routines: found 36 nodes, limit used is 5
    Up solver (post-smoother) same as down solver (pre-smoother)
    Down solver (pre-smoother) on level 2 -------------------------------
      KSP Object: (BackwardEuler-Equation_mg_levels_2_) 48 MPI processes
        type: chebyshev
          Chebyshev polynomial of first kind
          eigenvalue targets used: min 0.182664, max 2.0093
          eigenvalues estimated via gmres: min 0.228972, max 1.82664
          eigenvalues estimated using gmres with transform: [0. 0.1; 0. 1.1]
          KSP Object: (BackwardEuler-Equation_mg_levels_2_esteig_) 48 MPI processes
            type: gmres
              restart=30, using classical (unmodified) Gram-Schmidt orthogonalization with no iterative refinement
              happy breakdown tolerance=1e-30
            maximum iterations=10, initial guess is zero
            tolerances: relative=1e-12, absolute=1e-50, divergence=10000.
            left preconditioning
            using PRECONDITIONED norm type for convergence test
          estimating eigenvalues using a noisy random number generated right-hand side
        maximum iterations=2, nonzero initial guess
        tolerances: relative=1e-05, absolute=1e-50, divergence=10000.
        left preconditioning
        not checking for convergence
      PC Object: (BackwardEuler-Equation_mg_levels_2_) 48 MPI processes
        type: bjacobi
          number of blocks = 48
          Local solver information for first block is in the following KSP and PC objects on rank 0:
          Use -BackwardEuler-Equation_mg_levels_2_ksp_view ::ascii_info_detail to display information for all blocks
          KSP Object: (BackwardEuler-Equation_mg_levels_2_sub_) 1 MPI process
            type: preonly
            maximum iterations=10000, initial guess is zero
            tolerances: relative=1e-05, absolute=1e-50, divergence=10000.
            left preconditioning
            not checking for convergence
          PC Object: (BackwardEuler-Equation_mg_levels_2_sub_) 1 MPI process
            type: ilu
              out-of-place factorization
              0 levels of fill
              tolerance for zero pivot 2.22045e-14
              matrix ordering: natural
              factor fill ratio given 1., needed 1.
                Factored matrix:
                  Mat Object: (BackwardEuler-Equation_mg_levels_2_sub_) 1 MPI process
                    type: seqaij
                    rows=377, cols=377
                    package used to perform factorization: petsc
                    total: nonzeros=48059, allocated nonzeros=48059
                      not using I-node routines
            linear system matrix, which is also used to construct the preconditioner:
            Mat Object: (BackwardEuler-Equation_mg_levels_2_sub_) 1 MPI process
              type: seqaij
              rows=377, cols=377
              total: nonzeros=48059, allocated nonzeros=48059
              total number of mallocs used during MatSetValues calls=0
                not using I-node routines
        linear system matrix, which is also used to construct the preconditioner:
        Mat Object: 48 MPI processes
          type: mpiaij
          rows=19232, cols=19232
          total: nonzeros=13251616, allocated nonzeros=13251616
          total number of mallocs used during MatSetValues calls=0
            using nonscalable MatPtAP() implementation
            not using I-node (on process 0) routines
    Up solver (post-smoother) same as down solver (pre-smoother)
    Down solver (pre-smoother) on level 3 -------------------------------
      KSP Object: (BackwardEuler-Equation_mg_levels_3_) 48 MPI processes
        type: chebyshev
          Chebyshev polynomial of first kind
          eigenvalue targets used: min 0.148139, max 1.62953
          eigenvalues estimated via gmres: min 0.397473, max 1.48139
          eigenvalues estimated using gmres with transform: [0. 0.1; 0. 1.1]
          KSP Object: (BackwardEuler-Equation_mg_levels_3_esteig_) 48 MPI processes
            type: gmres
              restart=30, using classical (unmodified) Gram-Schmidt orthogonalization with no iterative refinement
              happy breakdown tolerance=1e-30
            maximum iterations=10, initial guess is zero
            tolerances: relative=1e-12, absolute=1e-50, divergence=10000.
            left preconditioning
            using PRECONDITIONED norm type for convergence test
          estimating eigenvalues using a noisy random number generated right-hand side
        maximum iterations=2, nonzero initial guess
        tolerances: relative=1e-05, absolute=1e-50, divergence=10000.
        left preconditioning
        not checking for convergence
      PC Object: (BackwardEuler-Equation_mg_levels_3_) 48 MPI processes
        type: bjacobi
          number of blocks = 48
          Local solver information for first block is in the following KSP and PC objects on rank 0:
          Use -BackwardEuler-Equation_mg_levels_3_ksp_view ::ascii_info_detail to display information for all blocks
          KSP Object: (BackwardEuler-Equation_mg_levels_3_sub_) 1 MPI process
            type: preonly
            maximum iterations=10000, initial guess is zero
            tolerances: relative=1e-05, absolute=1e-50, divergence=10000.
            left preconditioning
            not checking for convergence
          PC Object: (BackwardEuler-Equation_mg_levels_3_sub_) 1 MPI process
            type: ilu
              out-of-place factorization
              0 levels of fill
              tolerance for zero pivot 2.22045e-14
              matrix ordering: natural
              factor fill ratio given 1., needed 1.
                Factored matrix:
                  Mat Object: (BackwardEuler-Equation_mg_levels_3_sub_) 1 MPI process
                    type: seqaij
                    rows=1904, cols=1904
                    package used to perform factorization: petsc
                    total: nonzeros=136364, allocated nonzeros=136364
                      not using I-node routines
            linear system matrix, which is also used to construct the preconditioner:
            Mat Object: (BackwardEuler-Equation_mg_levels_3_sub_) 1 MPI process
              type: seqaij
              rows=1904, cols=1904
              total: nonzeros=136364, allocated nonzeros=136364
              total number of mallocs used during MatSetValues calls=0
                not using I-node routines
        linear system matrix, which is also used to construct the preconditioner:
        Mat Object: 48 MPI processes
          type: mpiaij
          rows=91217, cols=91217
          total: nonzeros=9886037, allocated nonzeros=9886037
          total number of mallocs used during MatSetValues calls=0
            using nonscalable MatPtAP() implementation
            not using I-node (on process 0) routines
    Up solver (post-smoother) same as down solver (pre-smoother)
    Down solver (pre-smoother) on level 4 -------------------------------
      KSP Object: (BackwardEuler-Equation_mg_levels_4_) 48 MPI processes
        type: chebyshev
          Chebyshev polynomial of first kind
          eigenvalue targets used: min 0.180555, max 1.98611
          eigenvalues estimated via gmres: min 0.143466, max 1.80555
          eigenvalues estimated using gmres with transform: [0. 0.1; 0. 1.1]
          KSP Object: (BackwardEuler-Equation_mg_levels_4_esteig_) 48 MPI processes
            type: gmres
              restart=30, using classical (unmodified) Gram-Schmidt orthogonalization with no iterative refinement
              happy breakdown tolerance=1e-30
            maximum iterations=10, initial guess is zero
            tolerances: relative=1e-12, absolute=1e-50, divergence=10000.
            left preconditioning
            using PRECONDITIONED norm type for convergence test
          estimating eigenvalues using a noisy random number generated right-hand side
        maximum iterations=2, nonzero initial guess
        tolerances: relative=1e-05, absolute=1e-50, divergence=10000.
        left preconditioning
        not checking for convergence
      PC Object: (BackwardEuler-Equation_mg_levels_4_) 48 MPI processes
        type: bjacobi
          number of blocks = 48
          Local solver information for first block is in the following KSP and PC objects on rank 0:
          Use -BackwardEuler-Equation_mg_levels_4_ksp_view ::ascii_info_detail to display information for all blocks
          KSP Object: (BackwardEuler-Equation_mg_levels_4_sub_) 1 MPI process
            type: preonly
            maximum iterations=10000, initial guess is zero
            tolerances: relative=1e-05, absolute=1e-50, divergence=10000.
            left preconditioning
            not checking for convergence
          PC Object: (BackwardEuler-Equation_mg_levels_4_sub_) 1 MPI process
            type: ilu
              out-of-place factorization
              0 levels of fill
              tolerance for zero pivot 2.22045e-14
              matrix ordering: natural
              factor fill ratio given 1., needed 1.
                Factored matrix:
                  Mat Object: (BackwardEuler-Equation_mg_levels_4_sub_) 1 MPI process
                    type: seqaij
                    rows=52416, cols=52416
                    package used to perform factorization: petsc
                    total: nonzeros=2724864, allocated nonzeros=2724864
                      using I-node routines: found 13104 nodes, limit used is 5
            linear system matrix, which is also used to construct the preconditioner:
            Mat Object: (BackwardEuler-Equation_mg_levels_4_sub_) 1 MPI process
              type: seqaij
              rows=52416, cols=52416
              total: nonzeros=2724864, allocated nonzeros=2724864
              total number of mallocs used during MatSetValues calls=0
                using I-node routines: found 13104 nodes, limit used is 5
        linear system matrix, which is also used to construct the preconditioner:
        Mat Object: (BackwardEuler-Equation_) 48 MPI processes
          type: mpiaij
          rows=2555904, cols=2555904
          total: nonzeros=141328384, allocated nonzeros=141328384
          total number of mallocs used during MatSetValues calls=0
            has attached near null space
            using I-node (on process 0) routines: found 13104 nodes, limit used is 5
    Up solver (post-smoother) same as down solver (pre-smoother)
    linear system matrix, which is also used to construct the preconditioner:
    Mat Object: (BackwardEuler-Equation_) 48 MPI processes
      type: mpiaij
      rows=2555904, cols=2555904
      total: nonzeros=141328384, allocated nonzeros=141328384
      total number of mallocs used during MatSetValues calls=0
        has attached near null space
        using I-node (on process 0) routines: found 13104 nodes, limit used is 5
t = 2100.00 s | step 7/10 | wall 7.40 s | NL 2 | L 25
  0 SNES Function norm 3.353843492316e-06
              Linear BackwardEuler-Equation_mg_coarse_ solve did not converge due to DIVERGED_ITS iterations 30
              Linear BackwardEuler-Equation_mg_coarse_ solve did not converge due to DIVERGED_ITS iterations 30
              Linear BackwardEuler-Equation_mg_coarse_ solve did not converge due to DIVERGED_ITS iterations 30
              Linear BackwardEuler-Equation_mg_coarse_ solve did not converge due to DIVERGED_ITS iterations 30
              Linear BackwardEuler-Equation_mg_coarse_ solve did not converge due to DIVERGED_ITS iterations 30
              Linear BackwardEuler-Equation_mg_coarse_ solve did not converge due to DIVERGED_ITS iterations 30
              Linear BackwardEuler-Equation_mg_coarse_ solve did not converge due to DIVERGED_ITS iterations 30
              Linear BackwardEuler-Equation_mg_coarse_ solve did not converge due to DIVERGED_ITS iterations 30
              Linear BackwardEuler-Equation_mg_coarse_ solve did not converge due to DIVERGED_ITS iterations 30
              Linear BackwardEuler-Equation_mg_coarse_ solve did not converge due to DIVERGED_ITS iterations 30
              Linear BackwardEuler-Equation_mg_coarse_ solve did not converge due to DIVERGED_ITS iterations 30
              Linear BackwardEuler-Equation_mg_coarse_ solve did not converge due to DIVERGED_ITS iterations 30
              Linear BackwardEuler-Equation_mg_coarse_ solve did not converge due to DIVERGED_ITS iterations 30
    Linear BackwardEuler-Equation_ solve converged due to CONVERGED_RTOL iterations 12
Mat Object: (BackwardEuler-Equation_) 48 MPI processes
  type: mpiaij
  rows=2555904, cols=2555904
  total: nonzeros=141328384, allocated nonzeros=141328384
  total number of mallocs used during MatSetValues calls=0
    has attached near null space
    using I-node (on process 0) routines: found 13104 nodes, limit used is 5
  1 SNES Function norm 5.490633431205e-08
              Linear BackwardEuler-Equation_mg_coarse_ solve did not converge due to DIVERGED_ITS iterations 30
              Linear BackwardEuler-Equation_mg_coarse_ solve did not converge due to DIVERGED_ITS iterations 30
              Linear BackwardEuler-Equation_mg_coarse_ solve did not converge due to DIVERGED_ITS iterations 30
              Linear BackwardEuler-Equation_mg_coarse_ solve did not converge due to DIVERGED_ITS iterations 30
              Linear BackwardEuler-Equation_mg_coarse_ solve did not converge due to DIVERGED_ITS iterations 30
              Linear BackwardEuler-Equation_mg_coarse_ solve did not converge due to DIVERGED_ITS iterations 30
              Linear BackwardEuler-Equation_mg_coarse_ solve did not converge due to DIVERGED_ITS iterations 30
              Linear BackwardEuler-Equation_mg_coarse_ solve did not converge due to DIVERGED_ITS iterations 30
              Linear BackwardEuler-Equation_mg_coarse_ solve did not converge due to DIVERGED_ITS iterations 30
              Linear BackwardEuler-Equation_mg_coarse_ solve did not converge due to DIVERGED_ITS iterations 30
              Linear BackwardEuler-Equation_mg_coarse_ solve did not converge due to DIVERGED_ITS iterations 30
              Linear BackwardEuler-Equation_mg_coarse_ solve did not converge due to DIVERGED_ITS iterations 30
              Linear BackwardEuler-Equation_mg_coarse_ solve did not converge due to DIVERGED_ITS iterations 30
              Linear BackwardEuler-Equation_mg_coarse_ solve did not converge due to DIVERGED_ITS iterations 30
    Linear BackwardEuler-Equation_ solve converged due to CONVERGED_RTOL iterations 13
Mat Object: (BackwardEuler-Equation_) 48 MPI processes
  type: mpiaij
  rows=2555904, cols=2555904
  total: nonzeros=141328384, allocated nonzeros=141328384
  total number of mallocs used during MatSetValues calls=0
    has attached near null space
    using I-node (on process 0) routines: found 13104 nodes, limit used is 5
  2 SNES Function norm 2.754141892845e-11
  Nonlinear BackwardEuler-Equation_ solve converged due to CONVERGED_FNORM_ABS iterations 2
SNES Object: (BackwardEuler-Equation_) 48 MPI processes
  type: newtonls
  maximum iterations=50, maximum function evaluations=10000
  tolerances: relative=1e-08, absolute=1e-08, solution=1e-08
  total number of linear solver iterations=25
  total number of function evaluations=3
  norm schedule ALWAYS
  SNESLineSearch Object: (BackwardEuler-Equation_) 48 MPI processes
    type: bt
      interpolation: cubic
      alpha=1.000000e-04
    maxlambda=1.000000e+00, minlambda=1.000000e-12
    tolerances: relative=1.000000e-08, absolute=1.000000e-15, lambda=1.000000e-08
    maximum iterations=40
  KSP Object: (BackwardEuler-Equation_) 48 MPI processes
    type: gmres
      restart=30, using classical (unmodified) Gram-Schmidt orthogonalization with no iterative refinement
      happy breakdown tolerance=1e-30
    maximum iterations=200, initial guess is zero
    tolerances: relative=1e-06, absolute=1e-50, divergence=10000.
    left preconditioning
    using PRECONDITIONED norm type for convergence test
  PC Object: (BackwardEuler-Equation_) 48 MPI processes
    type: gamg
      type is MULTIPLICATIVE, levels=5 cycles=v
        Cycles per PCApply=1
        Using externally compute Galerkin coarse grid matrices
        GAMG specific options
          Threshold for dropping small values in graph on each level =     0.02     0.02     0.02     0.02     0.02    
          Threshold scaling factor for each level not specified = 1.
          AGG specific options
            Number of levels of aggressive coarsening 1
            Square graph aggressive coarsening
            MatCoarsen Object: (BackwardEuler-Equation_) 48 MPI processes
              type: misk
            Number smoothing steps to construct prolongation 1
          Complexity:    grid = 1.0445    operator = 1.19843
          Per-level complexity: op = operator, int = interpolation
              #equations  | #active PEs | avg nnz/row op | avg nnz/row int
                  588            1            588                0
                 2697           48           1692              397
                19232           48            690              138
                91217           48            109               39
              2555904           48             56               12
    Coarse grid solver -- level 0 -------------------------------
      KSP Object: (BackwardEuler-Equation_mg_coarse_) 48 MPI processes
        type: gmres
          restart=30, using classical (unmodified) Gram-Schmidt orthogonalization with no iterative refinement
          happy breakdown tolerance=1e-30
        maximum iterations=30, initial guess is zero
        tolerances: relative=1e-05, absolute=1e-50, divergence=10000.
        left preconditioning
        not checking for convergence
      PC Object: (BackwardEuler-Equation_mg_coarse_) 48 MPI processes
        type: bjacobi
          number of blocks = 48
          Local solver information for first block is in the following KSP and PC objects on rank 0:
          Use -BackwardEuler-Equation_mg_coarse_ksp_view ::ascii_info_detail to display information for all blocks
          KSP Object: (BackwardEuler-Equation_mg_coarse_sub_) 1 MPI process
            type: preonly
            maximum iterations=1, initial guess is zero
            tolerances: relative=1e-05, absolute=1e-50, divergence=10000.
            left preconditioning
            not checking for convergence
          PC Object: (BackwardEuler-Equation_mg_coarse_sub_) 1 MPI process
            type: ilu
              out-of-place factorization
              0 levels of fill
              tolerance for zero pivot 2.22045e-14
              matrix ordering: natural
              factor fill ratio given 1., needed 1.
                Factored matrix:
                  Mat Object: (BackwardEuler-Equation_mg_coarse_sub_) 1 MPI process
                    type: seqaij
                    rows=588, cols=588
                    package used to perform factorization: petsc
                    total: nonzeros=345744, allocated nonzeros=345744
                      using I-node routines: found 118 nodes, limit used is 5
            linear system matrix, which is also used to construct the preconditioner:
            Mat Object: (BackwardEuler-Equation_mg_coarse_sub_) 1 MPI process
              type: seqaij
              rows=588, cols=588
              total: nonzeros=345744, allocated nonzeros=345744
              total number of mallocs used during MatSetValues calls=0
                using I-node routines: found 118 nodes, limit used is 5
        linear system matrix, which is also used to construct the preconditioner:
        Mat Object: 48 MPI processes
          type: mpiaij
          rows=588, cols=588
          total: nonzeros=345744, allocated nonzeros=345744
          total number of mallocs used during MatSetValues calls=0
            using nonscalable MatPtAP() implementation
            using I-node (on process 0) routines: found 118 nodes, limit used is 5
    Down solver (pre-smoother) on level 1 -------------------------------
      KSP Object: (BackwardEuler-Equation_mg_levels_1_) 48 MPI processes
        type: chebyshev
          Chebyshev polynomial of first kind
          eigenvalue targets used: min 0.153213, max 1.68535
          eigenvalues estimated via gmres: min 0.454068, max 1.53213
          eigenvalues estimated using gmres with transform: [0. 0.1; 0. 1.1]
          KSP Object: (BackwardEuler-Equation_mg_levels_1_esteig_) 48 MPI processes
            type: gmres
              restart=30, using classical (unmodified) Gram-Schmidt orthogonalization with no iterative refinement
              happy breakdown tolerance=1e-30
            maximum iterations=10, initial guess is zero
            tolerances: relative=1e-12, absolute=1e-50, divergence=10000.
            left preconditioning
            using PRECONDITIONED norm type for convergence test
          estimating eigenvalues using a noisy random number generated right-hand side
        maximum iterations=2, nonzero initial guess
        tolerances: relative=1e-05, absolute=1e-50, divergence=10000.
        left preconditioning
        not checking for convergence
      PC Object: (BackwardEuler-Equation_mg_levels_1_) 48 MPI processes
        type: bjacobi
          number of blocks = 48
          Local solver information for first block is in the following KSP and PC objects on rank 0:
          Use -BackwardEuler-Equation_mg_levels_1_ksp_view ::ascii_info_detail to display information for all blocks
          KSP Object: (BackwardEuler-Equation_mg_levels_1_sub_) 1 MPI process
            type: preonly
            maximum iterations=10000, initial guess is zero
            tolerances: relative=1e-05, absolute=1e-50, divergence=10000.
            left preconditioning
            not checking for convergence
          PC Object: (BackwardEuler-Equation_mg_levels_1_sub_) 1 MPI process
            type: ilu
              out-of-place factorization
              0 levels of fill
              tolerance for zero pivot 2.22045e-14
              matrix ordering: natural
              factor fill ratio given 1., needed 1.
                Factored matrix:
                  Mat Object: (BackwardEuler-Equation_mg_levels_1_sub_) 1 MPI process
                    type: seqaij
                    rows=45, cols=45
                    package used to perform factorization: petsc
                    total: nonzeros=1801, allocated nonzeros=1801
                      using I-node routines: found 36 nodes, limit used is 5
            linear system matrix, which is also used to construct the preconditioner:
            Mat Object: (BackwardEuler-Equation_mg_levels_1_sub_) 1 MPI process
              type: seqaij
              rows=45, cols=45
              total: nonzeros=1801, allocated nonzeros=1801
              total number of mallocs used during MatSetValues calls=0
                using I-node routines: found 36 nodes, limit used is 5
        linear system matrix, which is also used to construct the preconditioner:
        Mat Object: 48 MPI processes
          type: mpiaij
          rows=2697, cols=2697
          total: nonzeros=4561093, allocated nonzeros=4561093
          total number of mallocs used during MatSetValues calls=0
            using nonscalable MatPtAP() implementation
            using I-node (on process 0) routines: found 36 nodes, limit used is 5
    Up solver (post-smoother) same as down solver (pre-smoother)
    Down solver (pre-smoother) on level 2 -------------------------------
      KSP Object: (BackwardEuler-Equation_mg_levels_2_) 48 MPI processes
        type: chebyshev
          Chebyshev polynomial of first kind
          eigenvalue targets used: min 0.182658, max 2.00924
          eigenvalues estimated via gmres: min 0.229013, max 1.82658
          eigenvalues estimated using gmres with transform: [0. 0.1; 0. 1.1]
          KSP Object: (BackwardEuler-Equation_mg_levels_2_esteig_) 48 MPI processes
            type: gmres
              restart=30, using classical (unmodified) Gram-Schmidt orthogonalization with no iterative refinement
              happy breakdown tolerance=1e-30
            maximum iterations=10, initial guess is zero
            tolerances: relative=1e-12, absolute=1e-50, divergence=10000.
            left preconditioning
            using PRECONDITIONED norm type for convergence test
          estimating eigenvalues using a noisy random number generated right-hand side
        maximum iterations=2, nonzero initial guess
        tolerances: relative=1e-05, absolute=1e-50, divergence=10000.
        left preconditioning
        not checking for convergence
      PC Object: (BackwardEuler-Equation_mg_levels_2_) 48 MPI processes
        type: bjacobi
          number of blocks = 48
          Local solver information for first block is in the following KSP and PC objects on rank 0:
          Use -BackwardEuler-Equation_mg_levels_2_ksp_view ::ascii_info_detail to display information for all blocks
          KSP Object: (BackwardEuler-Equation_mg_levels_2_sub_) 1 MPI process
            type: preonly
            maximum iterations=10000, initial guess is zero
            tolerances: relative=1e-05, absolute=1e-50, divergence=10000.
            left preconditioning
            not checking for convergence
          PC Object: (BackwardEuler-Equation_mg_levels_2_sub_) 1 MPI process
            type: ilu
              out-of-place factorization
              0 levels of fill
              tolerance for zero pivot 2.22045e-14
              matrix ordering: natural
              factor fill ratio given 1., needed 1.
                Factored matrix:
                  Mat Object: (BackwardEuler-Equation_mg_levels_2_sub_) 1 MPI process
                    type: seqaij
                    rows=377, cols=377
                    package used to perform factorization: petsc
                    total: nonzeros=48059, allocated nonzeros=48059
                      not using I-node routines
            linear system matrix, which is also used to construct the preconditioner:
            Mat Object: (BackwardEuler-Equation_mg_levels_2_sub_) 1 MPI process
              type: seqaij
              rows=377, cols=377
              total: nonzeros=48059, allocated nonzeros=48059
              total number of mallocs used during MatSetValues calls=0
                not using I-node routines
        linear system matrix, which is also used to construct the preconditioner:
        Mat Object: 48 MPI processes
          type: mpiaij
          rows=19232, cols=19232
          total: nonzeros=13251616, allocated nonzeros=13251616
          total number of mallocs used during MatSetValues calls=0
            using nonscalable MatPtAP() implementation
            not using I-node (on process 0) routines
    Up solver (post-smoother) same as down solver (pre-smoother)
    Down solver (pre-smoother) on level 3 -------------------------------
      KSP Object: (BackwardEuler-Equation_mg_levels_3_) 48 MPI processes
        type: chebyshev
          Chebyshev polynomial of first kind
          eigenvalue targets used: min 0.148709, max 1.6358
          eigenvalues estimated via gmres: min 0.387736, max 1.48709
          eigenvalues estimated using gmres with transform: [0. 0.1; 0. 1.1]
          KSP Object: (BackwardEuler-Equation_mg_levels_3_esteig_) 48 MPI processes
            type: gmres
              restart=30, using classical (unmodified) Gram-Schmidt orthogonalization with no iterative refinement
              happy breakdown tolerance=1e-30
            maximum iterations=10, initial guess is zero
            tolerances: relative=1e-12, absolute=1e-50, divergence=10000.
            left preconditioning
            using PRECONDITIONED norm type for convergence test
          estimating eigenvalues using a noisy random number generated right-hand side
        maximum iterations=2, nonzero initial guess
        tolerances: relative=1e-05, absolute=1e-50, divergence=10000.
        left preconditioning
        not checking for convergence
      PC Object: (BackwardEuler-Equation_mg_levels_3_) 48 MPI processes
        type: bjacobi
          number of blocks = 48
          Local solver information for first block is in the following KSP and PC objects on rank 0:
          Use -BackwardEuler-Equation_mg_levels_3_ksp_view ::ascii_info_detail to display information for all blocks
          KSP Object: (BackwardEuler-Equation_mg_levels_3_sub_) 1 MPI process
            type: preonly
            maximum iterations=10000, initial guess is zero
            tolerances: relative=1e-05, absolute=1e-50, divergence=10000.
            left preconditioning
            not checking for convergence
          PC Object: (BackwardEuler-Equation_mg_levels_3_sub_) 1 MPI process
            type: ilu
              out-of-place factorization
              0 levels of fill
              tolerance for zero pivot 2.22045e-14
              matrix ordering: natural
              factor fill ratio given 1., needed 1.
                Factored matrix:
                  Mat Object: (BackwardEuler-Equation_mg_levels_3_sub_) 1 MPI process
                    type: seqaij
                    rows=1904, cols=1904
                    package used to perform factorization: petsc
                    total: nonzeros=136364, allocated nonzeros=136364
                      not using I-node routines
            linear system matrix, which is also used to construct the preconditioner:
            Mat Object: (BackwardEuler-Equation_mg_levels_3_sub_) 1 MPI process
              type: seqaij
              rows=1904, cols=1904
              total: nonzeros=136364, allocated nonzeros=136364
              total number of mallocs used during MatSetValues calls=0
                not using I-node routines
        linear system matrix, which is also used to construct the preconditioner:
        Mat Object: 48 MPI processes
          type: mpiaij
          rows=91217, cols=91217
          total: nonzeros=9886037, allocated nonzeros=9886037
          total number of mallocs used during MatSetValues calls=0
            using nonscalable MatPtAP() implementation
            not using I-node (on process 0) routines
    Up solver (post-smoother) same as down solver (pre-smoother)
    Down solver (pre-smoother) on level 4 -------------------------------
      KSP Object: (BackwardEuler-Equation_mg_levels_4_) 48 MPI processes
        type: chebyshev
          Chebyshev polynomial of first kind
          eigenvalue targets used: min 0.180552, max 1.98607
          eigenvalues estimated via gmres: min 0.143482, max 1.80552
          eigenvalues estimated using gmres with transform: [0. 0.1; 0. 1.1]
          KSP Object: (BackwardEuler-Equation_mg_levels_4_esteig_) 48 MPI processes
            type: gmres
              restart=30, using classical (unmodified) Gram-Schmidt orthogonalization with no iterative refinement
              happy breakdown tolerance=1e-30
            maximum iterations=10, initial guess is zero
            tolerances: relative=1e-12, absolute=1e-50, divergence=10000.
            left preconditioning
            using PRECONDITIONED norm type for convergence test
          estimating eigenvalues using a noisy random number generated right-hand side
        maximum iterations=2, nonzero initial guess
        tolerances: relative=1e-05, absolute=1e-50, divergence=10000.
        left preconditioning
        not checking for convergence
      PC Object: (BackwardEuler-Equation_mg_levels_4_) 48 MPI processes
        type: bjacobi
          number of blocks = 48
          Local solver information for first block is in the following KSP and PC objects on rank 0:
          Use -BackwardEuler-Equation_mg_levels_4_ksp_view ::ascii_info_detail to display information for all blocks
          KSP Object: (BackwardEuler-Equation_mg_levels_4_sub_) 1 MPI process
            type: preonly
            maximum iterations=10000, initial guess is zero
            tolerances: relative=1e-05, absolute=1e-50, divergence=10000.
            left preconditioning
            not checking for convergence
          PC Object: (BackwardEuler-Equation_mg_levels_4_sub_) 1 MPI process
            type: ilu
              out-of-place factorization
              0 levels of fill
              tolerance for zero pivot 2.22045e-14
              matrix ordering: natural
              factor fill ratio given 1., needed 1.
                Factored matrix:
                  Mat Object: (BackwardEuler-Equation_mg_levels_4_sub_) 1 MPI process
                    type: seqaij
                    rows=52416, cols=52416
                    package used to perform factorization: petsc
                    total: nonzeros=2724864, allocated nonzeros=2724864
                      using I-node routines: found 13104 nodes, limit used is 5
            linear system matrix, which is also used to construct the preconditioner:
            Mat Object: (BackwardEuler-Equation_mg_levels_4_sub_) 1 MPI process
              type: seqaij
              rows=52416, cols=52416
              total: nonzeros=2724864, allocated nonzeros=2724864
              total number of mallocs used during MatSetValues calls=0
                using I-node routines: found 13104 nodes, limit used is 5
        linear system matrix, which is also used to construct the preconditioner:
        Mat Object: (BackwardEuler-Equation_) 48 MPI processes
          type: mpiaij
          rows=2555904, cols=2555904
          total: nonzeros=141328384, allocated nonzeros=141328384
          total number of mallocs used during MatSetValues calls=0
            has attached near null space
            using I-node (on process 0) routines: found 13104 nodes, limit used is 5
    Up solver (post-smoother) same as down solver (pre-smoother)
    linear system matrix, which is also used to construct the preconditioner:
    Mat Object: (BackwardEuler-Equation_) 48 MPI processes
      type: mpiaij
      rows=2555904, cols=2555904
      total: nonzeros=141328384, allocated nonzeros=141328384
      total number of mallocs used during MatSetValues calls=0
        has attached near null space
        using I-node (on process 0) routines: found 13104 nodes, limit used is 5
t = 2400.00 s | step 8/10 | wall 7.42 s | NL 2 | L 25
  0 SNES Function norm 3.266619858105e-06
              Linear BackwardEuler-Equation_mg_coarse_ solve did not converge due to DIVERGED_ITS iterations 30
              Linear BackwardEuler-Equation_mg_coarse_ solve did not converge due to DIVERGED_ITS iterations 30
              Linear BackwardEuler-Equation_mg_coarse_ solve did not converge due to DIVERGED_ITS iterations 30
              Linear BackwardEuler-Equation_mg_coarse_ solve did not converge due to DIVERGED_ITS iterations 30
              Linear BackwardEuler-Equation_mg_coarse_ solve did not converge due to DIVERGED_ITS iterations 30
              Linear BackwardEuler-Equation_mg_coarse_ solve did not converge due to DIVERGED_ITS iterations 30
              Linear BackwardEuler-Equation_mg_coarse_ solve did not converge due to DIVERGED_ITS iterations 30
              Linear BackwardEuler-Equation_mg_coarse_ solve did not converge due to DIVERGED_ITS iterations 30
              Linear BackwardEuler-Equation_mg_coarse_ solve did not converge due to DIVERGED_ITS iterations 30
              Linear BackwardEuler-Equation_mg_coarse_ solve did not converge due to DIVERGED_ITS iterations 30
              Linear BackwardEuler-Equation_mg_coarse_ solve did not converge due to DIVERGED_ITS iterations 30
              Linear BackwardEuler-Equation_mg_coarse_ solve did not converge due to DIVERGED_ITS iterations 30
              Linear BackwardEuler-Equation_mg_coarse_ solve did not converge due to DIVERGED_ITS iterations 30
    Linear BackwardEuler-Equation_ solve converged due to CONVERGED_RTOL iterations 12
Mat Object: (BackwardEuler-Equation_) 48 MPI processes
  type: mpiaij
  rows=2555904, cols=2555904
  total: nonzeros=141328384, allocated nonzeros=141328384
  total number of mallocs used during MatSetValues calls=0
    has attached near null space
    using I-node (on process 0) routines: found 13104 nodes, limit used is 5
  1 SNES Function norm 5.102396290389e-08
              Linear BackwardEuler-Equation_mg_coarse_ solve did not converge due to DIVERGED_ITS iterations 30
              Linear BackwardEuler-Equation_mg_coarse_ solve did not converge due to DIVERGED_ITS iterations 30
              Linear BackwardEuler-Equation_mg_coarse_ solve did not converge due to DIVERGED_ITS iterations 30
              Linear BackwardEuler-Equation_mg_coarse_ solve did not converge due to DIVERGED_ITS iterations 30
              Linear BackwardEuler-Equation_mg_coarse_ solve did not converge due to DIVERGED_ITS iterations 30
              Linear BackwardEuler-Equation_mg_coarse_ solve did not converge due to DIVERGED_ITS iterations 30
              Linear BackwardEuler-Equation_mg_coarse_ solve did not converge due to DIVERGED_ITS iterations 30
              Linear BackwardEuler-Equation_mg_coarse_ solve did not converge due to DIVERGED_ITS iterations 30
              Linear BackwardEuler-Equation_mg_coarse_ solve did not converge due to DIVERGED_ITS iterations 30
              Linear BackwardEuler-Equation_mg_coarse_ solve did not converge due to DIVERGED_ITS iterations 30
              Linear BackwardEuler-Equation_mg_coarse_ solve did not converge due to DIVERGED_ITS iterations 30
              Linear BackwardEuler-Equation_mg_coarse_ solve did not converge due to DIVERGED_ITS iterations 30
              Linear BackwardEuler-Equation_mg_coarse_ solve did not converge due to DIVERGED_ITS iterations 30
              Linear BackwardEuler-Equation_mg_coarse_ solve did not converge due to DIVERGED_ITS iterations 30
    Linear BackwardEuler-Equation_ solve converged due to CONVERGED_RTOL iterations 13
Mat Object: (BackwardEuler-Equation_) 48 MPI processes
  type: mpiaij
  rows=2555904, cols=2555904
  total: nonzeros=141328384, allocated nonzeros=141328384
  total number of mallocs used during MatSetValues calls=0
    has attached near null space
    using I-node (on process 0) routines: found 13104 nodes, limit used is 5
  2 SNES Function norm 2.253419670765e-11
  Nonlinear BackwardEuler-Equation_ solve converged due to CONVERGED_FNORM_ABS iterations 2
SNES Object: (BackwardEuler-Equation_) 48 MPI processes
  type: newtonls
  maximum iterations=50, maximum function evaluations=10000
  tolerances: relative=1e-08, absolute=1e-08, solution=1e-08
  total number of linear solver iterations=25
  total number of function evaluations=3
  norm schedule ALWAYS
  SNESLineSearch Object: (BackwardEuler-Equation_) 48 MPI processes
    type: bt
      interpolation: cubic
      alpha=1.000000e-04
    maxlambda=1.000000e+00, minlambda=1.000000e-12
    tolerances: relative=1.000000e-08, absolute=1.000000e-15, lambda=1.000000e-08
    maximum iterations=40
  KSP Object: (BackwardEuler-Equation_) 48 MPI processes
    type: gmres
      restart=30, using classical (unmodified) Gram-Schmidt orthogonalization with no iterative refinement
      happy breakdown tolerance=1e-30
    maximum iterations=200, initial guess is zero
    tolerances: relative=1e-06, absolute=1e-50, divergence=10000.
    left preconditioning
    using PRECONDITIONED norm type for convergence test
  PC Object: (BackwardEuler-Equation_) 48 MPI processes
    type: gamg
      type is MULTIPLICATIVE, levels=5 cycles=v
        Cycles per PCApply=1
        Using externally compute Galerkin coarse grid matrices
        GAMG specific options
          Threshold for dropping small values in graph on each level =     0.02     0.02     0.02     0.02     0.02    
          Threshold scaling factor for each level not specified = 1.
          AGG specific options
            Number of levels of aggressive coarsening 1
            Square graph aggressive coarsening
            MatCoarsen Object: (BackwardEuler-Equation_) 48 MPI processes
              type: misk
            Number smoothing steps to construct prolongation 1
          Complexity:    grid = 1.0445    operator = 1.19843
          Per-level complexity: op = operator, int = interpolation
              #equations  | #active PEs | avg nnz/row op | avg nnz/row int
                  588            1            588                0
                 2697           48           1692              397
                19232           48            690              138
                91217           48            109               39
              2555904           48             56               12
    Coarse grid solver -- level 0 -------------------------------
      KSP Object: (BackwardEuler-Equation_mg_coarse_) 48 MPI processes
        type: gmres
          restart=30, using classical (unmodified) Gram-Schmidt orthogonalization with no iterative refinement
          happy breakdown tolerance=1e-30
        maximum iterations=30, initial guess is zero
        tolerances: relative=1e-05, absolute=1e-50, divergence=10000.
        left preconditioning
        not checking for convergence
      PC Object: (BackwardEuler-Equation_mg_coarse_) 48 MPI processes
        type: bjacobi
          number of blocks = 48
          Local solver information for first block is in the following KSP and PC objects on rank 0:
          Use -BackwardEuler-Equation_mg_coarse_ksp_view ::ascii_info_detail to display information for all blocks
          KSP Object: (BackwardEuler-Equation_mg_coarse_sub_) 1 MPI process
            type: preonly
            maximum iterations=1, initial guess is zero
            tolerances: relative=1e-05, absolute=1e-50, divergence=10000.
            left preconditioning
            not checking for convergence
          PC Object: (BackwardEuler-Equation_mg_coarse_sub_) 1 MPI process
            type: ilu
              out-of-place factorization
              0 levels of fill
              tolerance for zero pivot 2.22045e-14
              matrix ordering: natural
              factor fill ratio given 1., needed 1.
                Factored matrix:
                  Mat Object: (BackwardEuler-Equation_mg_coarse_sub_) 1 MPI process
                    type: seqaij
                    rows=588, cols=588
                    package used to perform factorization: petsc
                    total: nonzeros=345744, allocated nonzeros=345744
                      using I-node routines: found 118 nodes, limit used is 5
            linear system matrix, which is also used to construct the preconditioner:
            Mat Object: (BackwardEuler-Equation_mg_coarse_sub_) 1 MPI process
              type: seqaij
              rows=588, cols=588
              total: nonzeros=345744, allocated nonzeros=345744
              total number of mallocs used during MatSetValues calls=0
                using I-node routines: found 118 nodes, limit used is 5
        linear system matrix, which is also used to construct the preconditioner:
        Mat Object: 48 MPI processes
          type: mpiaij
          rows=588, cols=588
          total: nonzeros=345744, allocated nonzeros=345744
          total number of mallocs used during MatSetValues calls=0
            using nonscalable MatPtAP() implementation
            using I-node (on process 0) routines: found 118 nodes, limit used is 5
    Down solver (pre-smoother) on level 1 -------------------------------
      KSP Object: (BackwardEuler-Equation_mg_levels_1_) 48 MPI processes
        type: chebyshev
          Chebyshev polynomial of first kind
          eigenvalue targets used: min 0.153216, max 1.68537
          eigenvalues estimated via gmres: min 0.454061, max 1.53216
          eigenvalues estimated using gmres with transform: [0. 0.1; 0. 1.1]
          KSP Object: (BackwardEuler-Equation_mg_levels_1_esteig_) 48 MPI processes
            type: gmres
              restart=30, using classical (unmodified) Gram-Schmidt orthogonalization with no iterative refinement
              happy breakdown tolerance=1e-30
            maximum iterations=10, initial guess is zero
            tolerances: relative=1e-12, absolute=1e-50, divergence=10000.
            left preconditioning
            using PRECONDITIONED norm type for convergence test
          estimating eigenvalues using a noisy random number generated right-hand side
        maximum iterations=2, nonzero initial guess
        tolerances: relative=1e-05, absolute=1e-50, divergence=10000.
        left preconditioning
        not checking for convergence
      PC Object: (BackwardEuler-Equation_mg_levels_1_) 48 MPI processes
        type: bjacobi
          number of blocks = 48
          Local solver information for first block is in the following KSP and PC objects on rank 0:
          Use -BackwardEuler-Equation_mg_levels_1_ksp_view ::ascii_info_detail to display information for all blocks
          KSP Object: (BackwardEuler-Equation_mg_levels_1_sub_) 1 MPI process
            type: preonly
            maximum iterations=10000, initial guess is zero
            tolerances: relative=1e-05, absolute=1e-50, divergence=10000.
            left preconditioning
            not checking for convergence
          PC Object: (BackwardEuler-Equation_mg_levels_1_sub_) 1 MPI process
            type: ilu
              out-of-place factorization
              0 levels of fill
              tolerance for zero pivot 2.22045e-14
              matrix ordering: natural
              factor fill ratio given 1., needed 1.
                Factored matrix:
                  Mat Object: (BackwardEuler-Equation_mg_levels_1_sub_) 1 MPI process
                    type: seqaij
                    rows=45, cols=45
                    package used to perform factorization: petsc
                    total: nonzeros=1801, allocated nonzeros=1801
                      using I-node routines: found 36 nodes, limit used is 5
            linear system matrix, which is also used to construct the preconditioner:
            Mat Object: (BackwardEuler-Equation_mg_levels_1_sub_) 1 MPI process
              type: seqaij
              rows=45, cols=45
              total: nonzeros=1801, allocated nonzeros=1801
              total number of mallocs used during MatSetValues calls=0
                using I-node routines: found 36 nodes, limit used is 5
        linear system matrix, which is also used to construct the preconditioner:
        Mat Object: 48 MPI processes
          type: mpiaij
          rows=2697, cols=2697
          total: nonzeros=4561093, allocated nonzeros=4561093
          total number of mallocs used during MatSetValues calls=0
            using nonscalable MatPtAP() implementation
            using I-node (on process 0) routines: found 36 nodes, limit used is 5
    Up solver (post-smoother) same as down solver (pre-smoother)
    Down solver (pre-smoother) on level 2 -------------------------------
      KSP Object: (BackwardEuler-Equation_mg_levels_2_) 48 MPI processes
        type: chebyshev
          Chebyshev polynomial of first kind
          eigenvalue targets used: min 0.182653, max 2.00919
          eigenvalues estimated via gmres: min 0.229044, max 1.82653
          eigenvalues estimated using gmres with transform: [0. 0.1; 0. 1.1]
          KSP Object: (BackwardEuler-Equation_mg_levels_2_esteig_) 48 MPI processes
            type: gmres
              restart=30, using classical (unmodified) Gram-Schmidt orthogonalization with no iterative refinement
              happy breakdown tolerance=1e-30
            maximum iterations=10, initial guess is zero
            tolerances: relative=1e-12, absolute=1e-50, divergence=10000.
            left preconditioning
            using PRECONDITIONED norm type for convergence test
          estimating eigenvalues using a noisy random number generated right-hand side
        maximum iterations=2, nonzero initial guess
        tolerances: relative=1e-05, absolute=1e-50, divergence=10000.
        left preconditioning
        not checking for convergence
      PC Object: (BackwardEuler-Equation_mg_levels_2_) 48 MPI processes
        type: bjacobi
          number of blocks = 48
          Local solver information for first block is in the following KSP and PC objects on rank 0:
          Use -BackwardEuler-Equation_mg_levels_2_ksp_view ::ascii_info_detail to display information for all blocks
          KSP Object: (BackwardEuler-Equation_mg_levels_2_sub_) 1 MPI process
            type: preonly
            maximum iterations=10000, initial guess is zero
            tolerances: relative=1e-05, absolute=1e-50, divergence=10000.
            left preconditioning
            not checking for convergence
          PC Object: (BackwardEuler-Equation_mg_levels_2_sub_) 1 MPI process
            type: ilu
              out-of-place factorization
              0 levels of fill
              tolerance for zero pivot 2.22045e-14
              matrix ordering: natural
              factor fill ratio given 1., needed 1.
                Factored matrix:
                  Mat Object: (BackwardEuler-Equation_mg_levels_2_sub_) 1 MPI process
                    type: seqaij
                    rows=377, cols=377
                    package used to perform factorization: petsc
                    total: nonzeros=48059, allocated nonzeros=48059
                      not using I-node routines
            linear system matrix, which is also used to construct the preconditioner:
            Mat Object: (BackwardEuler-Equation_mg_levels_2_sub_) 1 MPI process
              type: seqaij
              rows=377, cols=377
              total: nonzeros=48059, allocated nonzeros=48059
              total number of mallocs used during MatSetValues calls=0
                not using I-node routines
        linear system matrix, which is also used to construct the preconditioner:
        Mat Object: 48 MPI processes
          type: mpiaij
          rows=19232, cols=19232
          total: nonzeros=13251616, allocated nonzeros=13251616
          total number of mallocs used during MatSetValues calls=0
            using nonscalable MatPtAP() implementation
            not using I-node (on process 0) routines
    Up solver (post-smoother) same as down solver (pre-smoother)
    Down solver (pre-smoother) on level 3 -------------------------------
      KSP Object: (BackwardEuler-Equation_mg_levels_3_) 48 MPI processes
        type: chebyshev
          Chebyshev polynomial of first kind
          eigenvalue targets used: min 0.149278, max 1.64206
          eigenvalues estimated via gmres: min 0.378442, max 1.49278
          eigenvalues estimated using gmres with transform: [0. 0.1; 0. 1.1]
          KSP Object: (BackwardEuler-Equation_mg_levels_3_esteig_) 48 MPI processes
            type: gmres
              restart=30, using classical (unmodified) Gram-Schmidt orthogonalization with no iterative refinement
              happy breakdown tolerance=1e-30
            maximum iterations=10, initial guess is zero
            tolerances: relative=1e-12, absolute=1e-50, divergence=10000.
            left preconditioning
            using PRECONDITIONED norm type for convergence test
          estimating eigenvalues using a noisy random number generated right-hand side
        maximum iterations=2, nonzero initial guess
        tolerances: relative=1e-05, absolute=1e-50, divergence=10000.
        left preconditioning
        not checking for convergence
      PC Object: (BackwardEuler-Equation_mg_levels_3_) 48 MPI processes
        type: bjacobi
          number of blocks = 48
          Local solver information for first block is in the following KSP and PC objects on rank 0:
          Use -BackwardEuler-Equation_mg_levels_3_ksp_view ::ascii_info_detail to display information for all blocks
          KSP Object: (BackwardEuler-Equation_mg_levels_3_sub_) 1 MPI process
            type: preonly
            maximum iterations=10000, initial guess is zero
            tolerances: relative=1e-05, absolute=1e-50, divergence=10000.
            left preconditioning
            not checking for convergence
          PC Object: (BackwardEuler-Equation_mg_levels_3_sub_) 1 MPI process
            type: ilu
              out-of-place factorization
              0 levels of fill
              tolerance for zero pivot 2.22045e-14
              matrix ordering: natural
              factor fill ratio given 1., needed 1.
                Factored matrix:
                  Mat Object: (BackwardEuler-Equation_mg_levels_3_sub_) 1 MPI process
                    type: seqaij
                    rows=1904, cols=1904
                    package used to perform factorization: petsc
                    total: nonzeros=136364, allocated nonzeros=136364
                      not using I-node routines
            linear system matrix, which is also used to construct the preconditioner:
            Mat Object: (BackwardEuler-Equation_mg_levels_3_sub_) 1 MPI process
              type: seqaij
              rows=1904, cols=1904
              total: nonzeros=136364, allocated nonzeros=136364
              total number of mallocs used during MatSetValues calls=0
                not using I-node routines
        linear system matrix, which is also used to construct the preconditioner:
        Mat Object: 48 MPI processes
          type: mpiaij
          rows=91217, cols=91217
          total: nonzeros=9886037, allocated nonzeros=9886037
          total number of mallocs used during MatSetValues calls=0
            using nonscalable MatPtAP() implementation
            not using I-node (on process 0) routines
    Up solver (post-smoother) same as down solver (pre-smoother)
    Down solver (pre-smoother) on level 4 -------------------------------
      KSP Object: (BackwardEuler-Equation_mg_levels_4_) 48 MPI processes
        type: chebyshev
          Chebyshev polynomial of first kind
          eigenvalue targets used: min 0.180548, max 1.98603
          eigenvalues estimated via gmres: min 0.143497, max 1.80548
          eigenvalues estimated using gmres with transform: [0. 0.1; 0. 1.1]
          KSP Object: (BackwardEuler-Equation_mg_levels_4_esteig_) 48 MPI processes
            type: gmres
              restart=30, using classical (unmodified) Gram-Schmidt orthogonalization with no iterative refinement
              happy breakdown tolerance=1e-30
            maximum iterations=10, initial guess is zero
            tolerances: relative=1e-12, absolute=1e-50, divergence=10000.
            left preconditioning
            using PRECONDITIONED norm type for convergence test
          estimating eigenvalues using a noisy random number generated right-hand side
        maximum iterations=2, nonzero initial guess
        tolerances: relative=1e-05, absolute=1e-50, divergence=10000.
        left preconditioning
        not checking for convergence
      PC Object: (BackwardEuler-Equation_mg_levels_4_) 48 MPI processes
        type: bjacobi
          number of blocks = 48
          Local solver information for first block is in the following KSP and PC objects on rank 0:
          Use -BackwardEuler-Equation_mg_levels_4_ksp_view ::ascii_info_detail to display information for all blocks
          KSP Object: (BackwardEuler-Equation_mg_levels_4_sub_) 1 MPI process
            type: preonly
            maximum iterations=10000, initial guess is zero
            tolerances: relative=1e-05, absolute=1e-50, divergence=10000.
            left preconditioning
            not checking for convergence
          PC Object: (BackwardEuler-Equation_mg_levels_4_sub_) 1 MPI process
            type: ilu
              out-of-place factorization
              0 levels of fill
              tolerance for zero pivot 2.22045e-14
              matrix ordering: natural
              factor fill ratio given 1., needed 1.
                Factored matrix:
                  Mat Object: (BackwardEuler-Equation_mg_levels_4_sub_) 1 MPI process
                    type: seqaij
                    rows=52416, cols=52416
                    package used to perform factorization: petsc
                    total: nonzeros=2724864, allocated nonzeros=2724864
                      using I-node routines: found 13104 nodes, limit used is 5
            linear system matrix, which is also used to construct the preconditioner:
            Mat Object: (BackwardEuler-Equation_mg_levels_4_sub_) 1 MPI process
              type: seqaij
              rows=52416, cols=52416
              total: nonzeros=2724864, allocated nonzeros=2724864
              total number of mallocs used during MatSetValues calls=0
                using I-node routines: found 13104 nodes, limit used is 5
        linear system matrix, which is also used to construct the preconditioner:
        Mat Object: (BackwardEuler-Equation_) 48 MPI processes
          type: mpiaij
          rows=2555904, cols=2555904
          total: nonzeros=141328384, allocated nonzeros=141328384
          total number of mallocs used during MatSetValues calls=0
            has attached near null space
            using I-node (on process 0) routines: found 13104 nodes, limit used is 5
    Up solver (post-smoother) same as down solver (pre-smoother)
    linear system matrix, which is also used to construct the preconditioner:
    Mat Object: (BackwardEuler-Equation_) 48 MPI processes
      type: mpiaij
      rows=2555904, cols=2555904
      total: nonzeros=141328384, allocated nonzeros=141328384
      total number of mallocs used during MatSetValues calls=0
        has attached near null space
        using I-node (on process 0) routines: found 13104 nodes, limit used is 5
t = 2700.00 s | step 9/10 | wall 7.41 s | NL 2 | L 25
  0 SNES Function norm 3.193182838536e-06
              Linear BackwardEuler-Equation_mg_coarse_ solve did not converge due to DIVERGED_ITS iterations 30
              Linear BackwardEuler-Equation_mg_coarse_ solve did not converge due to DIVERGED_ITS iterations 30
              Linear BackwardEuler-Equation_mg_coarse_ solve did not converge due to DIVERGED_ITS iterations 30
              Linear BackwardEuler-Equation_mg_coarse_ solve did not converge due to DIVERGED_ITS iterations 30
              Linear BackwardEuler-Equation_mg_coarse_ solve did not converge due to DIVERGED_ITS iterations 30
              Linear BackwardEuler-Equation_mg_coarse_ solve did not converge due to DIVERGED_ITS iterations 30
              Linear BackwardEuler-Equation_mg_coarse_ solve did not converge due to DIVERGED_ITS iterations 30
              Linear BackwardEuler-Equation_mg_coarse_ solve did not converge due to DIVERGED_ITS iterations 30
              Linear BackwardEuler-Equation_mg_coarse_ solve did not converge due to DIVERGED_ITS iterations 30
              Linear BackwardEuler-Equation_mg_coarse_ solve did not converge due to DIVERGED_ITS iterations 30
              Linear BackwardEuler-Equation_mg_coarse_ solve did not converge due to DIVERGED_ITS iterations 30
              Linear BackwardEuler-Equation_mg_coarse_ solve did not converge due to DIVERGED_ITS iterations 30
              Linear BackwardEuler-Equation_mg_coarse_ solve did not converge due to DIVERGED_ITS iterations 30
    Linear BackwardEuler-Equation_ solve converged due to CONVERGED_RTOL iterations 12
Mat Object: (BackwardEuler-Equation_) 48 MPI processes
  type: mpiaij
  rows=2555904, cols=2555904
  total: nonzeros=141328384, allocated nonzeros=141328384
  total number of mallocs used during MatSetValues calls=0
    has attached near null space
    using I-node (on process 0) routines: found 13104 nodes, limit used is 5
  1 SNES Function norm 4.796249263774e-08
              Linear BackwardEuler-Equation_mg_coarse_ solve did not converge due to DIVERGED_ITS iterations 30
              Linear BackwardEuler-Equation_mg_coarse_ solve did not converge due to DIVERGED_ITS iterations 30
              Linear BackwardEuler-Equation_mg_coarse_ solve did not converge due to DIVERGED_ITS iterations 30
              Linear BackwardEuler-Equation_mg_coarse_ solve did not converge due to DIVERGED_ITS iterations 30
              Linear BackwardEuler-Equation_mg_coarse_ solve did not converge due to DIVERGED_ITS iterations 30
              Linear BackwardEuler-Equation_mg_coarse_ solve did not converge due to DIVERGED_ITS iterations 30
              Linear BackwardEuler-Equation_mg_coarse_ solve did not converge due to DIVERGED_ITS iterations 30
              Linear BackwardEuler-Equation_mg_coarse_ solve did not converge due to DIVERGED_ITS iterations 30
              Linear BackwardEuler-Equation_mg_coarse_ solve did not converge due to DIVERGED_ITS iterations 30
              Linear BackwardEuler-Equation_mg_coarse_ solve did not converge due to DIVERGED_ITS iterations 30
              Linear BackwardEuler-Equation_mg_coarse_ solve did not converge due to DIVERGED_ITS iterations 30
              Linear BackwardEuler-Equation_mg_coarse_ solve did not converge due to DIVERGED_ITS iterations 30
              Linear BackwardEuler-Equation_mg_coarse_ solve did not converge due to DIVERGED_ITS iterations 30
              Linear BackwardEuler-Equation_mg_coarse_ solve did not converge due to DIVERGED_ITS iterations 30
    Linear BackwardEuler-Equation_ solve converged due to CONVERGED_RTOL iterations 13
Mat Object: (BackwardEuler-Equation_) 48 MPI processes
  type: mpiaij
  rows=2555904, cols=2555904
  total: nonzeros=141328384, allocated nonzeros=141328384
  total number of mallocs used during MatSetValues calls=0
    has attached near null space
    using I-node (on process 0) routines: found 13104 nodes, limit used is 5
  2 SNES Function norm 1.905682964655e-11
  Nonlinear BackwardEuler-Equation_ solve converged due to CONVERGED_FNORM_ABS iterations 2
SNES Object: (BackwardEuler-Equation_) 48 MPI processes
  type: newtonls
  maximum iterations=50, maximum function evaluations=10000
  tolerances: relative=1e-08, absolute=1e-08, solution=1e-08
  total number of linear solver iterations=25
  total number of function evaluations=3
  norm schedule ALWAYS
  SNESLineSearch Object: (BackwardEuler-Equation_) 48 MPI processes
    type: bt
      interpolation: cubic
      alpha=1.000000e-04
    maxlambda=1.000000e+00, minlambda=1.000000e-12
    tolerances: relative=1.000000e-08, absolute=1.000000e-15, lambda=1.000000e-08
    maximum iterations=40
  KSP Object: (BackwardEuler-Equation_) 48 MPI processes
    type: gmres
      restart=30, using classical (unmodified) Gram-Schmidt orthogonalization with no iterative refinement
      happy breakdown tolerance=1e-30
    maximum iterations=200, initial guess is zero
    tolerances: relative=1e-06, absolute=1e-50, divergence=10000.
    left preconditioning
    using PRECONDITIONED norm type for convergence test
  PC Object: (BackwardEuler-Equation_) 48 MPI processes
    type: gamg
      type is MULTIPLICATIVE, levels=5 cycles=v
        Cycles per PCApply=1
        Using externally compute Galerkin coarse grid matrices
        GAMG specific options
          Threshold for dropping small values in graph on each level =     0.02     0.02     0.02     0.02     0.02    
          Threshold scaling factor for each level not specified = 1.
          AGG specific options
            Number of levels of aggressive coarsening 1
            Square graph aggressive coarsening
            MatCoarsen Object: (BackwardEuler-Equation_) 48 MPI processes
              type: misk
            Number smoothing steps to construct prolongation 1
          Complexity:    grid = 1.0445    operator = 1.19843
          Per-level complexity: op = operator, int = interpolation
              #equations  | #active PEs | avg nnz/row op | avg nnz/row int
                  588            1            588                0
                 2697           48           1692              397
                19232           48            690              138
                91217           48            109               39
              2555904           48             56               12
    Coarse grid solver -- level 0 -------------------------------
      KSP Object: (BackwardEuler-Equation_mg_coarse_) 48 MPI processes
        type: gmres
          restart=30, using classical (unmodified) Gram-Schmidt orthogonalization with no iterative refinement
          happy breakdown tolerance=1e-30
        maximum iterations=30, initial guess is zero
        tolerances: relative=1e-05, absolute=1e-50, divergence=10000.
        left preconditioning
        not checking for convergence
      PC Object: (BackwardEuler-Equation_mg_coarse_) 48 MPI processes
        type: bjacobi
          number of blocks = 48
          Local solver information for first block is in the following KSP and PC objects on rank 0:
          Use -BackwardEuler-Equation_mg_coarse_ksp_view ::ascii_info_detail to display information for all blocks
          KSP Object: (BackwardEuler-Equation_mg_coarse_sub_) 1 MPI process
            type: preonly
            maximum iterations=1, initial guess is zero
            tolerances: relative=1e-05, absolute=1e-50, divergence=10000.
            left preconditioning
            not checking for convergence
          PC Object: (BackwardEuler-Equation_mg_coarse_sub_) 1 MPI process
            type: ilu
              out-of-place factorization
              0 levels of fill
              tolerance for zero pivot 2.22045e-14
              matrix ordering: natural
              factor fill ratio given 1., needed 1.
                Factored matrix:
                  Mat Object: (BackwardEuler-Equation_mg_coarse_sub_) 1 MPI process
                    type: seqaij
                    rows=588, cols=588
                    package used to perform factorization: petsc
                    total: nonzeros=345744, allocated nonzeros=345744
                      using I-node routines: found 118 nodes, limit used is 5
            linear system matrix, which is also used to construct the preconditioner:
            Mat Object: (BackwardEuler-Equation_mg_coarse_sub_) 1 MPI process
              type: seqaij
              rows=588, cols=588
              total: nonzeros=345744, allocated nonzeros=345744
              total number of mallocs used during MatSetValues calls=0
                using I-node routines: found 118 nodes, limit used is 5
        linear system matrix, which is also used to construct the preconditioner:
        Mat Object: 48 MPI processes
          type: mpiaij
          rows=588, cols=588
          total: nonzeros=345744, allocated nonzeros=345744
          total number of mallocs used during MatSetValues calls=0
            using nonscalable MatPtAP() implementation
            using I-node (on process 0) routines: found 118 nodes, limit used is 5
    Down solver (pre-smoother) on level 1 -------------------------------
      KSP Object: (BackwardEuler-Equation_mg_levels_1_) 48 MPI processes
        type: chebyshev
          Chebyshev polynomial of first kind
          eigenvalue targets used: min 0.153219, max 1.6854
          eigenvalues estimated via gmres: min 0.454053, max 1.53219
          eigenvalues estimated using gmres with transform: [0. 0.1; 0. 1.1]
          KSP Object: (BackwardEuler-Equation_mg_levels_1_esteig_) 48 MPI processes
            type: gmres
              restart=30, using classical (unmodified) Gram-Schmidt orthogonalization with no iterative refinement
              happy breakdown tolerance=1e-30
            maximum iterations=10, initial guess is zero
            tolerances: relative=1e-12, absolute=1e-50, divergence=10000.
            left preconditioning
            using PRECONDITIONED norm type for convergence test
          estimating eigenvalues using a noisy random number generated right-hand side
        maximum iterations=2, nonzero initial guess
        tolerances: relative=1e-05, absolute=1e-50, divergence=10000.
        left preconditioning
        not checking for convergence
      PC Object: (BackwardEuler-Equation_mg_levels_1_) 48 MPI processes
        type: bjacobi
          number of blocks = 48
          Local solver information for first block is in the following KSP and PC objects on rank 0:
          Use -BackwardEuler-Equation_mg_levels_1_ksp_view ::ascii_info_detail to display information for all blocks
          KSP Object: (BackwardEuler-Equation_mg_levels_1_sub_) 1 MPI process
            type: preonly
            maximum iterations=10000, initial guess is zero
            tolerances: relative=1e-05, absolute=1e-50, divergence=10000.
            left preconditioning
            not checking for convergence
          PC Object: (BackwardEuler-Equation_mg_levels_1_sub_) 1 MPI process
            type: ilu
              out-of-place factorization
              0 levels of fill
              tolerance for zero pivot 2.22045e-14
              matrix ordering: natural
              factor fill ratio given 1., needed 1.
                Factored matrix:
                  Mat Object: (BackwardEuler-Equation_mg_levels_1_sub_) 1 MPI process
                    type: seqaij
                    rows=45, cols=45
                    package used to perform factorization: petsc
                    total: nonzeros=1801, allocated nonzeros=1801
                      using I-node routines: found 36 nodes, limit used is 5
            linear system matrix, which is also used to construct the preconditioner:
            Mat Object: (BackwardEuler-Equation_mg_levels_1_sub_) 1 MPI process
              type: seqaij
              rows=45, cols=45
              total: nonzeros=1801, allocated nonzeros=1801
              total number of mallocs used during MatSetValues calls=0
                using I-node routines: found 36 nodes, limit used is 5
        linear system matrix, which is also used to construct the preconditioner:
        Mat Object: 48 MPI processes
          type: mpiaij
          rows=2697, cols=2697
          total: nonzeros=4561093, allocated nonzeros=4561093
          total number of mallocs used during MatSetValues calls=0
            using nonscalable MatPtAP() implementation
            using I-node (on process 0) routines: found 36 nodes, limit used is 5
    Up solver (post-smoother) same as down solver (pre-smoother)
    Down solver (pre-smoother) on level 2 -------------------------------
      KSP Object: (BackwardEuler-Equation_mg_levels_2_) 48 MPI processes
        type: chebyshev
          Chebyshev polynomial of first kind
          eigenvalue targets used: min 0.182649, max 2.00914
          eigenvalues estimated via gmres: min 0.229066, max 1.82649
          eigenvalues estimated using gmres with transform: [0. 0.1; 0. 1.1]
          KSP Object: (BackwardEuler-Equation_mg_levels_2_esteig_) 48 MPI processes
            type: gmres
              restart=30, using classical (unmodified) Gram-Schmidt orthogonalization with no iterative refinement
              happy breakdown tolerance=1e-30
            maximum iterations=10, initial guess is zero
            tolerances: relative=1e-12, absolute=1e-50, divergence=10000.
            left preconditioning
            using PRECONDITIONED norm type for convergence test
          estimating eigenvalues using a noisy random number generated right-hand side
        maximum iterations=2, nonzero initial guess
        tolerances: relative=1e-05, absolute=1e-50, divergence=10000.
        left preconditioning
        not checking for convergence
      PC Object: (BackwardEuler-Equation_mg_levels_2_) 48 MPI processes
        type: bjacobi
          number of blocks = 48
          Local solver information for first block is in the following KSP and PC objects on rank 0:
          Use -BackwardEuler-Equation_mg_levels_2_ksp_view ::ascii_info_detail to display information for all blocks
          KSP Object: (BackwardEuler-Equation_mg_levels_2_sub_) 1 MPI process
            type: preonly
            maximum iterations=10000, initial guess is zero
            tolerances: relative=1e-05, absolute=1e-50, divergence=10000.
            left preconditioning
            not checking for convergence
          PC Object: (BackwardEuler-Equation_mg_levels_2_sub_) 1 MPI process
            type: ilu
              out-of-place factorization
              0 levels of fill
              tolerance for zero pivot 2.22045e-14
              matrix ordering: natural
              factor fill ratio given 1., needed 1.
                Factored matrix:
                  Mat Object: (BackwardEuler-Equation_mg_levels_2_sub_) 1 MPI process
                    type: seqaij
                    rows=377, cols=377
                    package used to perform factorization: petsc
                    total: nonzeros=48059, allocated nonzeros=48059
                      not using I-node routines
            linear system matrix, which is also used to construct the preconditioner:
            Mat Object: (BackwardEuler-Equation_mg_levels_2_sub_) 1 MPI process
              type: seqaij
              rows=377, cols=377
              total: nonzeros=48059, allocated nonzeros=48059
              total number of mallocs used during MatSetValues calls=0
                not using I-node routines
        linear system matrix, which is also used to construct the preconditioner:
        Mat Object: 48 MPI processes
          type: mpiaij
          rows=19232, cols=19232
          total: nonzeros=13251616, allocated nonzeros=13251616
          total number of mallocs used during MatSetValues calls=0
            using nonscalable MatPtAP() implementation
            not using I-node (on process 0) routines
    Up solver (post-smoother) same as down solver (pre-smoother)
    Down solver (pre-smoother) on level 3 -------------------------------
      KSP Object: (BackwardEuler-Equation_mg_levels_3_) 48 MPI processes
        type: chebyshev
          Chebyshev polynomial of first kind
          eigenvalue targets used: min 0.149834, max 1.64818
          eigenvalues estimated via gmres: min 0.3697, max 1.49834
          eigenvalues estimated using gmres with transform: [0. 0.1; 0. 1.1]
          KSP Object: (BackwardEuler-Equation_mg_levels_3_esteig_) 48 MPI processes
            type: gmres
              restart=30, using classical (unmodified) Gram-Schmidt orthogonalization with no iterative refinement
              happy breakdown tolerance=1e-30
            maximum iterations=10, initial guess is zero
            tolerances: relative=1e-12, absolute=1e-50, divergence=10000.
            left preconditioning
            using PRECONDITIONED norm type for convergence test
          estimating eigenvalues using a noisy random number generated right-hand side
        maximum iterations=2, nonzero initial guess
        tolerances: relative=1e-05, absolute=1e-50, divergence=10000.
        left preconditioning
        not checking for convergence
      PC Object: (BackwardEuler-Equation_mg_levels_3_) 48 MPI processes
        type: bjacobi
          number of blocks = 48
          Local solver information for first block is in the following KSP and PC objects on rank 0:
          Use -BackwardEuler-Equation_mg_levels_3_ksp_view ::ascii_info_detail to display information for all blocks
          KSP Object: (BackwardEuler-Equation_mg_levels_3_sub_) 1 MPI process
            type: preonly
            maximum iterations=10000, initial guess is zero
            tolerances: relative=1e-05, absolute=1e-50, divergence=10000.
            left preconditioning
            not checking for convergence
          PC Object: (BackwardEuler-Equation_mg_levels_3_sub_) 1 MPI process
            type: ilu
              out-of-place factorization
              0 levels of fill
              tolerance for zero pivot 2.22045e-14
              matrix ordering: natural
              factor fill ratio given 1., needed 1.
                Factored matrix:
                  Mat Object: (BackwardEuler-Equation_mg_levels_3_sub_) 1 MPI process
                    type: seqaij
                    rows=1904, cols=1904
                    package used to perform factorization: petsc
                    total: nonzeros=136364, allocated nonzeros=136364
                      not using I-node routines
            linear system matrix, which is also used to construct the preconditioner:
            Mat Object: (BackwardEuler-Equation_mg_levels_3_sub_) 1 MPI process
              type: seqaij
              rows=1904, cols=1904
              total: nonzeros=136364, allocated nonzeros=136364
              total number of mallocs used during MatSetValues calls=0
                not using I-node routines
        linear system matrix, which is also used to construct the preconditioner:
        Mat Object: 48 MPI processes
          type: mpiaij
          rows=91217, cols=91217
          total: nonzeros=9886037, allocated nonzeros=9886037
          total number of mallocs used during MatSetValues calls=0
            using nonscalable MatPtAP() implementation
            not using I-node (on process 0) routines
    Up solver (post-smoother) same as down solver (pre-smoother)
    Down solver (pre-smoother) on level 4 -------------------------------
      KSP Object: (BackwardEuler-Equation_mg_levels_4_) 48 MPI processes
        type: chebyshev
          Chebyshev polynomial of first kind
          eigenvalue targets used: min 0.180544, max 1.98599
          eigenvalues estimated via gmres: min 0.143511, max 1.80544
          eigenvalues estimated using gmres with transform: [0. 0.1; 0. 1.1]
          KSP Object: (BackwardEuler-Equation_mg_levels_4_esteig_) 48 MPI processes
            type: gmres
              restart=30, using classical (unmodified) Gram-Schmidt orthogonalization with no iterative refinement
              happy breakdown tolerance=1e-30
            maximum iterations=10, initial guess is zero
            tolerances: relative=1e-12, absolute=1e-50, divergence=10000.
            left preconditioning
            using PRECONDITIONED norm type for convergence test
          estimating eigenvalues using a noisy random number generated right-hand side
        maximum iterations=2, nonzero initial guess
        tolerances: relative=1e-05, absolute=1e-50, divergence=10000.
        left preconditioning
        not checking for convergence
      PC Object: (BackwardEuler-Equation_mg_levels_4_) 48 MPI processes
        type: bjacobi
          number of blocks = 48
          Local solver information for first block is in the following KSP and PC objects on rank 0:
          Use -BackwardEuler-Equation_mg_levels_4_ksp_view ::ascii_info_detail to display information for all blocks
          KSP Object: (BackwardEuler-Equation_mg_levels_4_sub_) 1 MPI process
            type: preonly
            maximum iterations=10000, initial guess is zero
            tolerances: relative=1e-05, absolute=1e-50, divergence=10000.
            left preconditioning
            not checking for convergence
          PC Object: (BackwardEuler-Equation_mg_levels_4_sub_) 1 MPI process
            type: ilu
              out-of-place factorization
              0 levels of fill
              tolerance for zero pivot 2.22045e-14
              matrix ordering: natural
              factor fill ratio given 1., needed 1.
                Factored matrix:
                  Mat Object: (BackwardEuler-Equation_mg_levels_4_sub_) 1 MPI process
                    type: seqaij
                    rows=52416, cols=52416
                    package used to perform factorization: petsc
                    total: nonzeros=2724864, allocated nonzeros=2724864
                      using I-node routines: found 13104 nodes, limit used is 5
            linear system matrix, which is also used to construct the preconditioner:
            Mat Object: (BackwardEuler-Equation_mg_levels_4_sub_) 1 MPI process
              type: seqaij
              rows=52416, cols=52416
              total: nonzeros=2724864, allocated nonzeros=2724864
              total number of mallocs used during MatSetValues calls=0
                using I-node routines: found 13104 nodes, limit used is 5
        linear system matrix, which is also used to construct the preconditioner:
        Mat Object: (BackwardEuler-Equation_) 48 MPI processes
          type: mpiaij
          rows=2555904, cols=2555904
          total: nonzeros=141328384, allocated nonzeros=141328384
          total number of mallocs used during MatSetValues calls=0
            has attached near null space
            using I-node (on process 0) routines: found 13104 nodes, limit used is 5
    Up solver (post-smoother) same as down solver (pre-smoother)
    linear system matrix, which is also used to construct the preconditioner:
    Mat Object: (BackwardEuler-Equation_) 48 MPI processes
      type: mpiaij
      rows=2555904, cols=2555904
      total: nonzeros=141328384, allocated nonzeros=141328384
      total number of mallocs used during MatSetValues calls=0
        has attached near null space
        using I-node (on process 0) routines: found 13104 nodes, limit used is 5
t = 3000.00 s | step 10/10 | wall 7.39 s | NL 2 | L 25
Done | total NL 20 | total L 250 | mean wall/step 10.82 s | peak RSS 1230 MB
[1]PETSC ERROR: --------------------- Error Message --------------------------------------------------------------
[1]PETSC ERROR: Object is in wrong state
[1]PETSC ERROR: To use this function you must first call PetscMemorySetGetMaximumUsage()
[1]PETSC ERROR: WARNING! There are unused option(s) set! Could be the program crashed before usage or a spelling mistake, etc!
[1]PETSC ERROR:   Option left: name:-log_view (no value) source: code
[1]PETSC ERROR:   Option left: name:-log_view_memory (no value) source: code
[1]PETSC ERROR: See https://petsc.org/release/faq/ for trouble shooting.
[1]PETSC ERROR: PETSc Development Git Revision: d6d17c0d2f413b1849bf4e4b675d0543e1c00865 Git Date: 2026-04-04 15:47:38 +0000
[1]PETSC ERROR: /scratch/xd2/sg8812/g-adopt-worktrees/sghelichkhani/richardson/tests/parallel_scaling_richards/cockett_3d.py with 48 MPI process(es) and PETSC_ARCH default on gadi-cpu-spr-0651.gadi.nci.org.au by sg8812 Wed Apr 15 15:23:45 2026
[1]PETSC ERROR: Configure options: PETSC_DIR=/g/data/fp50/apps/petsc/main-20260404 PETSC_ARCH=default --with-cc=mpicc --with-cxx=mpicxx --with-fc=mpif90 --with-mpiexec=mpirun COPTFLAGS="-O3 -g -xCASCADELAKE" CXXOPTFLAGS="-O3 -g -xCASCADELAKE" FOPTFLAGS="-O3 -g -xCASCADELAKE" --with-c2html=0 --with-debugging=0 --with-fortran-bindings=0 --with-shared-libraries=1 --with-strict-petscerrorcode --download-bison --download-hdf5 --with-hwloc --download-mumps --download-netcdf --download-pnetcdf --download-ptscotch --download-suitesparse --download-superlu_dist --with-zlib --download-hypre --download-eigen --download-metis --download-parmetis --download-mmg --download-parmmg --with-scalapack-include=/apps/intel-tools/intel-mkl/2024.2.1/include --with-scalapack-lib="-lmkl_scalapack_lp64 -lmkl_intel_lp64 -lmkl_sequential -lmkl_core -lmkl_blacs_openmpi_lp64 -lpthread -lm -ldl" --with-make-np=12
[1]PETSC ERROR: #1 PetscMemoryGetMaximumUsage() at /g/data/fp50/apps/petsc/main-20260404/src/sys/memory/mem.c:148
[1]PETSC ERROR: #2 PetscMemoryView() at /g/data/fp50/apps/petsc/main-20260404/src/sys/memory/mtr.c:464
[1]PETSC ERROR: #3 PetscFinalize() at /g/data/fp50/apps/petsc/main-20260404/src/sys/objects/pinit.c:1512
PetscFinalize() failed [error code: 73]
[2]PETSC ERROR: --------------------- Error Message --------------------------------------------------------------
[2]PETSC ERROR: Object is in wrong state
[2]PETSC ERROR: To use this function you must first call PetscMemorySetGetMaximumUsage()
[2]PETSC ERROR: WARNING! There are unused option(s) set! Could be the program crashed before usage or a spelling mistake, etc!
[2]PETSC ERROR:   Option left: name:-log_view (no value) source: code
[2]PETSC ERROR:   Option left: name:-log_view_memory (no value) source: code
[2]PETSC ERROR: See https://petsc.org/release/faq/ for trouble shooting.
[2]PETSC ERROR: PETSc Development Git Revision: d6d17c0d2f413b1849bf4e4b675d0543e1c00865 Git Date: 2026-04-04 15:47:38 +0000
[2]PETSC ERROR: /scratch/xd2/sg8812/g-adopt-worktrees/sghelichkhani/richardson/tests/parallel_scaling_richards/cockett_3d.py with 48 MPI process(es) and PETSC_ARCH default on gadi-cpu-spr-0651.gadi.nci.org.au by sg8812 Wed Apr 15 15:23:45 2026
[2]PETSC ERROR: Configure options: PETSC_DIR=/g/data/fp50/apps/petsc/main-20260404 PETSC_ARCH=default --with-cc=mpicc --with-cxx=mpicxx --with-fc=mpif90 --with-mpiexec=mpirun COPTFLAGS="-O3 -g -xCASCADELAKE" CXXOPTFLAGS="-O3 -g -xCASCADELAKE" FOPTFLAGS="-O3 -g -xCASCADELAKE" --with-c2html=0 --with-debugging=0 --with-fortran-bindings=0 --with-shared-libraries=1 --with-strict-petscerrorcode --download-bison --download-hdf5 --with-hwloc --download-mumps --download-netcdf --download-pnetcdf --download-ptscotch --download-suitesparse --download-superlu_dist --with-zlib --download-hypre --download-eigen --download-metis --download-parmetis --download-mmg --download-parmmg --with-scalapack-include=/apps/intel-tools/intel-mkl/2024.2.1/include --with-scalapack-lib="-lmkl_scalapack_lp64 -lmkl_intel_lp64 -lmkl_sequential -lmkl_core -lmkl_blacs_openmpi_lp64 -lpthread -lm -ldl" --with-make-np=12
[2]PETSC ERROR: #1 PetscMemoryGetMaximumUsage() at /g/data/fp50/apps/petsc/main-20260404/src/sys/memory/mem.c:148
[2]PETSC ERROR: #2 PetscMemoryView() at /g/data/fp50/apps/petsc/main-20260404/src/sys/memory/mtr.c:464
[2]PETSC ERROR: #3 PetscFinalize() at /g/data/fp50/apps/petsc/main-20260404/src/sys/objects/pinit.c:1512
PetscFinalize() failed [error code: 73]
[3]PETSC ERROR: --------------------- Error Message --------------------------------------------------------------
[3]PETSC ERROR: Object is in wrong state
[3]PETSC ERROR: To use this function you must first call PetscMemorySetGetMaximumUsage()
[3]PETSC ERROR: WARNING! There are unused option(s) set! Could be the program crashed before usage or a spelling mistake, etc!
[3]PETSC ERROR:   Option left: name:-log_view (no value) source: code
[3]PETSC ERROR:   Option left: name:-log_view_memory (no value) source: code
[3]PETSC ERROR: See https://petsc.org/release/faq/ for trouble shooting.
[3]PETSC ERROR: PETSc Development Git Revision: d6d17c0d2f413b1849bf4e4b675d0543e1c00865 Git Date: 2026-04-04 15:47:38 +0000
[3]PETSC ERROR: /scratch/xd2/sg8812/g-adopt-worktrees/sghelichkhani/richardson/tests/parallel_scaling_richards/cockett_3d.py with 48 MPI process(es) and PETSC_ARCH default on gadi-cpu-spr-0651.gadi.nci.org.au by sg8812 Wed Apr 15 15:23:45 2026
[3]PETSC ERROR: Configure options: PETSC_DIR=/g/data/fp50/apps/petsc/main-20260404 PETSC_ARCH=default --with-cc=mpicc --with-cxx=mpicxx --with-fc=mpif90 --with-mpiexec=mpirun COPTFLAGS="-O3 -g -xCASCADELAKE" CXXOPTFLAGS="-O3 -g -xCASCADELAKE" FOPTFLAGS="-O3 -g -xCASCADELAKE" --with-c2html=0 --with-debugging=0 --with-fortran-bindings=0 --with-shared-libraries=1 --with-strict-petscerrorcode --download-bison --download-hdf5 --with-hwloc --download-mumps --download-netcdf --download-pnetcdf --download-ptscotch --download-suitesparse --download-superlu_dist --with-zlib --download-hypre --download-eigen --download-metis --download-parmetis --download-mmg --download-parmmg --with-scalapack-include=/apps/intel-tools/intel-mkl/2024.2.1/include --with-scalapack-lib="-lmkl_scalapack_lp64 -lmkl_intel_lp64 -lmkl_sequential -lmkl_core -lmkl_blacs_openmpi_lp64 -lpthread -lm -ldl" --with-make-np=12
[3]PETSC ERROR: #1 PetscMemoryGetMaximumUsage() at /g/data/fp50/apps/petsc/main-20260404/src/sys/memory/mem.c:148
[3]PETSC ERROR: #2 PetscMemoryView() at /g/data/fp50/apps/petsc/main-20260404/src/sys/memory/mtr.c:464
[3]PETSC ERROR: #3 PetscFinalize() at /g/data/fp50/apps/petsc/main-20260404/src/sys/objects/pinit.c:1512
PetscFinalize() failed [error code: 73]
[4]PETSC ERROR: --------------------- Error Message --------------------------------------------------------------
[4]PETSC ERROR: Object is in wrong state
[4]PETSC ERROR: To use this function you must first call PetscMemorySetGetMaximumUsage()
[4]PETSC ERROR: WARNING! There are unused option(s) set! Could be the program crashed before usage or a spelling mistake, etc!
[4]PETSC ERROR:   Option left: name:-log_view (no value) source: code
[4]PETSC ERROR:   Option left: name:-log_view_memory (no value) source: code
[4]PETSC ERROR: See https://petsc.org/release/faq/ for trouble shooting.
[4]PETSC ERROR: PETSc Development Git Revision: d6d17c0d2f413b1849bf4e4b675d0543e1c00865 Git Date: 2026-04-04 15:47:38 +0000
[4]PETSC ERROR: /scratch/xd2/sg8812/g-adopt-worktrees/sghelichkhani/richardson/tests/parallel_scaling_richards/cockett_3d.py with 48 MPI process(es) and PETSC_ARCH default on gadi-cpu-spr-0651.gadi.nci.org.au by sg8812 Wed Apr 15 15:23:45 2026
[4]PETSC ERROR: Configure options: PETSC_DIR=/g/data/fp50/apps/petsc/main-20260404 PETSC_ARCH=default --with-cc=mpicc --with-cxx=mpicxx --with-fc=mpif90 --with-mpiexec=mpirun COPTFLAGS="-O3 -g -xCASCADELAKE" CXXOPTFLAGS="-O3 -g -xCASCADELAKE" FOPTFLAGS="-O3 -g -xCASCADELAKE" --with-c2html=0 --with-debugging=0 --with-fortran-bindings=0 --with-shared-libraries=1 --with-strict-petscerrorcode --download-bison --download-hdf5 --with-hwloc --download-mumps --download-netcdf --download-pnetcdf --download-ptscotch --download-suitesparse --download-superlu_dist --with-zlib --download-hypre --download-eigen --download-metis --download-parmetis --download-mmg --download-parmmg --with-scalapack-include=/apps/intel-tools/intel-mkl/2024.2.1/include --with-scalapack-lib="-lmkl_scalapack_lp64 -lmkl_intel_lp64 -lmkl_sequential -lmkl_core -lmkl_blacs_openmpi_lp64 -lpthread -lm -ldl" --with-make-np=12
[4]PETSC ERROR: #1 PetscMemoryGetMaximumUsage() at /g/data/fp50/apps/petsc/main-20260404/src/sys/memory/mem.c:148
[4]PETSC ERROR: #2 PetscMemoryView() at /g/data/fp50/apps/petsc/main-20260404/src/sys/memory/mtr.c:464
[4]PETSC ERROR: #3 PetscFinalize() at /g/data/fp50/apps/petsc/main-20260404/src/sys/objects/pinit.c:1512
PetscFinalize() failed [error code: 73]
[5]PETSC ERROR: --------------------- Error Message --------------------------------------------------------------
[5]PETSC ERROR: Object is in wrong state
[5]PETSC ERROR: To use this function you must first call PetscMemorySetGetMaximumUsage()
[5]PETSC ERROR: WARNING! There are unused option(s) set! Could be the program crashed before usage or a spelling mistake, etc!
[5]PETSC ERROR:   Option left: name:-log_view (no value) source: code
[5]PETSC ERROR:   Option left: name:-log_view_memory (no value) source: code
[5]PETSC ERROR: See https://petsc.org/release/faq/ for trouble shooting.
[5]PETSC ERROR: PETSc Development Git Revision: d6d17c0d2f413b1849bf4e4b675d0543e1c00865 Git Date: 2026-04-04 15:47:38 +0000
[5]PETSC ERROR: /scratch/xd2/sg8812/g-adopt-worktrees/sghelichkhani/richardson/tests/parallel_scaling_richards/cockett_3d.py with 48 MPI process(es) and PETSC_ARCH default on gadi-cpu-spr-0651.gadi.nci.org.au by sg8812 Wed Apr 15 15:23:45 2026
[5]PETSC ERROR: Configure options: PETSC_DIR=/g/data/fp50/apps/petsc/main-20260404 PETSC_ARCH=default --with-cc=mpicc --with-cxx=mpicxx --with-fc=mpif90 --with-mpiexec=mpirun COPTFLAGS="-O3 -g -xCASCADELAKE" CXXOPTFLAGS="-O3 -g -xCASCADELAKE" FOPTFLAGS="-O3 -g -xCASCADELAKE" --with-c2html=0 --with-debugging=0 --with-fortran-bindings=0 --with-shared-libraries=1 --with-strict-petscerrorcode --download-bison --download-hdf5 --with-hwloc --download-mumps --download-netcdf --download-pnetcdf --download-ptscotch --download-suitesparse --download-superlu_dist --with-zlib --download-hypre --download-eigen --download-metis --download-parmetis --download-mmg --download-parmmg --with-scalapack-include=/apps/intel-tools/intel-mkl/2024.2.1/include --with-scalapack-lib="-lmkl_scalapack_lp64 -lmkl_intel_lp64 -lmkl_sequential -lmkl_core -lmkl_blacs_openmpi_lp64 -lpthread -lm -ldl" --with-make-np=12
[5]PETSC ERROR: #1 PetscMemoryGetMaximumUsage() at /g/data/fp50/apps/petsc/main-20260404/src/sys/memory/mem.c:148
[5]PETSC ERROR: #2 PetscMemoryView() at /g/data/fp50/apps/petsc/main-20260404/src/sys/memory/mtr.c:464
[5]PETSC ERROR: #3 PetscFinalize() at /g/data/fp50/apps/petsc/main-20260404/src/sys/objects/pinit.c:1512
PetscFinalize() failed [error code: 73]
[8]PETSC ERROR: --------------------- Error Message --------------------------------------------------------------
[8]PETSC ERROR: Object is in wrong state
[8]PETSC ERROR: To use this function you must first call PetscMemorySetGetMaximumUsage()
[8]PETSC ERROR: WARNING! There are unused option(s) set! Could be the program crashed before usage or a spelling mistake, etc!
[8]PETSC ERROR:   Option left: name:-log_view (no value) source: code
[8]PETSC ERROR:   Option left: name:-log_view_memory (no value) source: code
[8]PETSC ERROR: See https://petsc.org/release/faq/ for trouble shooting.
[8]PETSC ERROR: PETSc Development Git Revision: d6d17c0d2f413b1849bf4e4b675d0543e1c00865 Git Date: 2026-04-04 15:47:38 +0000
[8]PETSC ERROR: /scratch/xd2/sg8812/g-adopt-worktrees/sghelichkhani/richardson/tests/parallel_scaling_richards/cockett_3d.py with 48 MPI process(es) and PETSC_ARCH default on gadi-cpu-spr-0651.gadi.nci.org.au by sg8812 Wed Apr 15 15:23:45 2026
[8]PETSC ERROR: Configure options: PETSC_DIR=/g/data/fp50/apps/petsc/main-20260404 PETSC_ARCH=default --with-cc=mpicc --with-cxx=mpicxx --with-fc=mpif90 --with-mpiexec=mpirun COPTFLAGS="-O3 -g -xCASCADELAKE" CXXOPTFLAGS="-O3 -g -xCASCADELAKE" FOPTFLAGS="-O3 -g -xCASCADELAKE" --with-c2html=0 --with-debugging=0 --with-fortran-bindings=0 --with-shared-libraries=1 --with-strict-petscerrorcode --download-bison --download-hdf5 --with-hwloc --download-mumps --download-netcdf --download-pnetcdf --download-ptscotch --download-suitesparse --download-superlu_dist --with-zlib --download-hypre --download-eigen --download-metis --download-parmetis --download-mmg --download-parmmg --with-scalapack-include=/apps/intel-tools/intel-mkl/2024.2.1/include --with-scalapack-lib="-lmkl_scalapack_lp64 -lmkl_intel_lp64 -lmkl_sequential -lmkl_core -lmkl_blacs_openmpi_lp64 -lpthread -lm -ldl" --with-make-np=12
[8]PETSC ERROR: #1 PetscMemoryGetMaximumUsage() at /g/data/fp50/apps/petsc/main-20260404/src/sys/memory/mem.c:148
[8]PETSC ERROR: #2 PetscMemoryView() at /g/data/fp50/apps/petsc/main-20260404/src/sys/memory/mtr.c:464
[8]PETSC ERROR: #3 PetscFinalize() at /g/data/fp50/apps/petsc/main-20260404/src/sys/objects/pinit.c:1512
PetscFinalize() failed [error code: 73]
[11]PETSC ERROR: --------------------- Error Message --------------------------------------------------------------
[11]PETSC ERROR: Object is in wrong state
[11]PETSC ERROR: To use this function you must first call PetscMemorySetGetMaximumUsage()
[11]PETSC ERROR: WARNING! There are unused option(s) set! Could be the program crashed before usage or a spelling mistake, etc!
[11]PETSC ERROR:   Option left: name:-log_view (no value) source: code
[11]PETSC ERROR:   Option left: name:-log_view_memory (no value) source: code
[11]PETSC ERROR: See https://petsc.org/release/faq/ for trouble shooting.
[11]PETSC ERROR: PETSc Development Git Revision: d6d17c0d2f413b1849bf4e4b675d0543e1c00865 Git Date: 2026-04-04 15:47:38 +0000
[11]PETSC ERROR: /scratch/xd2/sg8812/g-adopt-worktrees/sghelichkhani/richardson/tests/parallel_scaling_richards/cockett_3d.py with 48 MPI process(es) and PETSC_ARCH default on gadi-cpu-spr-0651.gadi.nci.org.au by sg8812 Wed Apr 15 15:23:45 2026
[11]PETSC ERROR: Configure options: PETSC_DIR=/g/data/fp50/apps/petsc/main-20260404 PETSC_ARCH=default --with-cc=mpicc --with-cxx=mpicxx --with-fc=mpif90 --with-mpiexec=mpirun COPTFLAGS="-O3 -g -xCASCADELAKE" CXXOPTFLAGS="-O3 -g -xCASCADELAKE" FOPTFLAGS="-O3 -g -xCASCADELAKE" --with-c2html=0 --with-debugging=0 --with-fortran-bindings=0 --with-shared-libraries=1 --with-strict-petscerrorcode --download-bison --download-hdf5 --with-hwloc --download-mumps --download-netcdf --download-pnetcdf --download-ptscotch --download-suitesparse --download-superlu_dist --with-zlib --download-hypre --download-eigen --download-metis --download-parmetis --download-mmg --download-parmmg --with-scalapack-include=/apps/intel-tools/intel-mkl/2024.2.1/include --with-scalapack-lib="-lmkl_scalapack_lp64 -lmkl_intel_lp64 -lmkl_sequential -lmkl_core -lmkl_blacs_openmpi_lp64 -lpthread -lm -ldl" --with-make-np=12
[11]PETSC ERROR: #1 PetscMemoryGetMaximumUsage() at /g/data/fp50/apps/petsc/main-20260404/src/sys/memory/mem.c:148
[11]PETSC ERROR: #2 PetscMemoryView() at /g/data/fp50/apps/petsc/main-20260404/src/sys/memory/mtr.c:464
[11]PETSC ERROR: #3 PetscFinalize() at /g/data/fp50/apps/petsc/main-20260404/src/sys/objects/pinit.c:1512
PetscFinalize() failed [error code: 73]
[12]PETSC ERROR: --------------------- Error Message --------------------------------------------------------------
[12]PETSC ERROR: Object is in wrong state
[12]PETSC ERROR: To use this function you must first call PetscMemorySetGetMaximumUsage()
[12]PETSC ERROR: WARNING! There are unused option(s) set! Could be the program crashed before usage or a spelling mistake, etc!
[12]PETSC ERROR:   Option left: name:-log_view (no value) source: code
[12]PETSC ERROR:   Option left: name:-log_view_memory (no value) source: code
[12]PETSC ERROR: See https://petsc.org/release/faq/ for trouble shooting.
[12]PETSC ERROR: PETSc Development Git Revision: d6d17c0d2f413b1849bf4e4b675d0543e1c00865 Git Date: 2026-04-04 15:47:38 +0000
[12]PETSC ERROR: /scratch/xd2/sg8812/g-adopt-worktrees/sghelichkhani/richardson/tests/parallel_scaling_richards/cockett_3d.py with 48 MPI process(es) and PETSC_ARCH default on gadi-cpu-spr-0651.gadi.nci.org.au by sg8812 Wed Apr 15 15:23:45 2026
[12]PETSC ERROR: Configure options: PETSC_DIR=/g/data/fp50/apps/petsc/main-20260404 PETSC_ARCH=default --with-cc=mpicc --with-cxx=mpicxx --with-fc=mpif90 --with-mpiexec=mpirun COPTFLAGS="-O3 -g -xCASCADELAKE" CXXOPTFLAGS="-O3 -g -xCASCADELAKE" FOPTFLAGS="-O3 -g -xCASCADELAKE" --with-c2html=0 --with-debugging=0 --with-fortran-bindings=0 --with-shared-libraries=1 --with-strict-petscerrorcode --download-bison --download-hdf5 --with-hwloc --download-mumps --download-netcdf --download-pnetcdf --download-ptscotch --download-suitesparse --download-superlu_dist --with-zlib --download-hypre --download-eigen --download-metis --download-parmetis --download-mmg --download-parmmg --with-scalapack-include=/apps/intel-tools/intel-mkl/2024.2.1/include --with-scalapack-lib="-lmkl_scalapack_lp64 -lmkl_intel_lp64 -lmkl_sequential -lmkl_core -lmkl_blacs_openmpi_lp64 -lpthread -lm -ldl" --with-make-np=12
[12]PETSC ERROR: #1 PetscMemoryGetMaximumUsage() at /g/data/fp50/apps/petsc/main-20260404/src/sys/memory/mem.c:148
[12]PETSC ERROR: #2 PetscMemoryView() at /g/data/fp50/apps/petsc/main-20260404/src/sys/memory/mtr.c:464
[12]PETSC ERROR: #3 PetscFinalize() at /g/data/fp50/apps/petsc/main-20260404/src/sys/objects/pinit.c:1512
PetscFinalize() failed [error code: 73]
[13]PETSC ERROR: --------------------- Error Message --------------------------------------------------------------
[13]PETSC ERROR: Object is in wrong state
[13]PETSC ERROR: To use this function you must first call PetscMemorySetGetMaximumUsage()
[13]PETSC ERROR: WARNING! There are unused option(s) set! Could be the program crashed before usage or a spelling mistake, etc!
[13]PETSC ERROR:   Option left: name:-log_view (no value) source: code
[13]PETSC ERROR:   Option left: name:-log_view_memory (no value) source: code
[13]PETSC ERROR: See https://petsc.org/release/faq/ for trouble shooting.
[13]PETSC ERROR: PETSc Development Git Revision: d6d17c0d2f413b1849bf4e4b675d0543e1c00865 Git Date: 2026-04-04 15:47:38 +0000
[13]PETSC ERROR: /scratch/xd2/sg8812/g-adopt-worktrees/sghelichkhani/richardson/tests/parallel_scaling_richards/cockett_3d.py with 48 MPI process(es) and PETSC_ARCH default on gadi-cpu-spr-0651.gadi.nci.org.au by sg8812 Wed Apr 15 15:23:45 2026
[13]PETSC ERROR: Configure options: PETSC_DIR=/g/data/fp50/apps/petsc/main-20260404 PETSC_ARCH=default --with-cc=mpicc --with-cxx=mpicxx --with-fc=mpif90 --with-mpiexec=mpirun COPTFLAGS="-O3 -g -xCASCADELAKE" CXXOPTFLAGS="-O3 -g -xCASCADELAKE" FOPTFLAGS="-O3 -g -xCASCADELAKE" --with-c2html=0 --with-debugging=0 --with-fortran-bindings=0 --with-shared-libraries=1 --with-strict-petscerrorcode --download-bison --download-hdf5 --with-hwloc --download-mumps --download-netcdf --download-pnetcdf --download-ptscotch --download-suitesparse --download-superlu_dist --with-zlib --download-hypre --download-eigen --download-metis --download-parmetis --download-mmg --download-parmmg --with-scalapack-include=/apps/intel-tools/intel-mkl/2024.2.1/include --with-scalapack-lib="-lmkl_scalapack_lp64 -lmkl_intel_lp64 -lmkl_sequential -lmkl_core -lmkl_blacs_openmpi_lp64 -lpthread -lm -ldl" --with-make-np=12
[13]PETSC ERROR: #1 PetscMemoryGetMaximumUsage() at /g/data/fp50/apps/petsc/main-20260404/src/sys/memory/mem.c:148
[13]PETSC ERROR: #2 PetscMemoryView() at /g/data/fp50/apps/petsc/main-20260404/src/sys/memory/mtr.c:464
[13]PETSC ERROR: #3 PetscFinalize() at /g/data/fp50/apps/petsc/main-20260404/src/sys/objects/pinit.c:1512
PetscFinalize() failed [error code: 73]
[15]PETSC ERROR: --------------------- Error Message --------------------------------------------------------------
[15]PETSC ERROR: Object is in wrong state
[15]PETSC ERROR: To use this function you must first call PetscMemorySetGetMaximumUsage()
[15]PETSC ERROR: WARNING! There are unused option(s) set! Could be the program crashed before usage or a spelling mistake, etc!
[15]PETSC ERROR:   Option left: name:-log_view (no value) source: code
[15]PETSC ERROR:   Option left: name:-log_view_memory (no value) source: code
[15]PETSC ERROR: See https://petsc.org/release/faq/ for trouble shooting.
[15]PETSC ERROR: PETSc Development Git Revision: d6d17c0d2f413b1849bf4e4b675d0543e1c00865 Git Date: 2026-04-04 15:47:38 +0000
[15]PETSC ERROR: /scratch/xd2/sg8812/g-adopt-worktrees/sghelichkhani/richardson/tests/parallel_scaling_richards/cockett_3d.py with 48 MPI process(es) and PETSC_ARCH default on gadi-cpu-spr-0651.gadi.nci.org.au by sg8812 Wed Apr 15 15:23:45 2026
[15]PETSC ERROR: Configure options: PETSC_DIR=/g/data/fp50/apps/petsc/main-20260404 PETSC_ARCH=default --with-cc=mpicc --with-cxx=mpicxx --with-fc=mpif90 --with-mpiexec=mpirun COPTFLAGS="-O3 -g -xCASCADELAKE" CXXOPTFLAGS="-O3 -g -xCASCADELAKE" FOPTFLAGS="-O3 -g -xCASCADELAKE" --with-c2html=0 --with-debugging=0 --with-fortran-bindings=0 --with-shared-libraries=1 --with-strict-petscerrorcode --download-bison --download-hdf5 --with-hwloc --download-mumps --download-netcdf --download-pnetcdf --download-ptscotch --download-suitesparse --download-superlu_dist --with-zlib --download-hypre --download-eigen --download-metis --download-parmetis --download-mmg --download-parmmg --with-scalapack-include=/apps/intel-tools/intel-mkl/2024.2.1/include --with-scalapack-lib="-lmkl_scalapack_lp64 -lmkl_intel_lp64 -lmkl_sequential -lmkl_core -lmkl_blacs_openmpi_lp64 -lpthread -lm -ldl" --with-make-np=12
[15]PETSC ERROR: #1 PetscMemoryGetMaximumUsage() at /g/data/fp50/apps/petsc/main-20260404/src/sys/memory/mem.c:148
[15]PETSC ERROR: #2 PetscMemoryView() at /g/data/fp50/apps/petsc/main-20260404/src/sys/memory/mtr.c:464
[15]PETSC ERROR: #3 PetscFinalize() at /g/data/fp50/apps/petsc/main-20260404/src/sys/objects/pinit.c:1512
PetscFinalize() failed [error code: 73]
[16]PETSC ERROR: --------------------- Error Message --------------------------------------------------------------
[16]PETSC ERROR: Object is in wrong state
[16]PETSC ERROR: To use this function you must first call PetscMemorySetGetMaximumUsage()
[16]PETSC ERROR: WARNING! There are unused option(s) set! Could be the program crashed before usage or a spelling mistake, etc!
[16]PETSC ERROR:   Option left: name:-log_view (no value) source: code
[16]PETSC ERROR:   Option left: name:-log_view_memory (no value) source: code
[16]PETSC ERROR: See https://petsc.org/release/faq/ for trouble shooting.
[16]PETSC ERROR: PETSc Development Git Revision: d6d17c0d2f413b1849bf4e4b675d0543e1c00865 Git Date: 2026-04-04 15:47:38 +0000
[16]PETSC ERROR: /scratch/xd2/sg8812/g-adopt-worktrees/sghelichkhani/richardson/tests/parallel_scaling_richards/cockett_3d.py with 48 MPI process(es) and PETSC_ARCH default on gadi-cpu-spr-0651.gadi.nci.org.au by sg8812 Wed Apr 15 15:23:45 2026
[16]PETSC ERROR: Configure options: PETSC_DIR=/g/data/fp50/apps/petsc/main-20260404 PETSC_ARCH=default --with-cc=mpicc --with-cxx=mpicxx --with-fc=mpif90 --with-mpiexec=mpirun COPTFLAGS="-O3 -g -xCASCADELAKE" CXXOPTFLAGS="-O3 -g -xCASCADELAKE" FOPTFLAGS="-O3 -g -xCASCADELAKE" --with-c2html=0 --with-debugging=0 --with-fortran-bindings=0 --with-shared-libraries=1 --with-strict-petscerrorcode --download-bison --download-hdf5 --with-hwloc --download-mumps --download-netcdf --download-pnetcdf --download-ptscotch --download-suitesparse --download-superlu_dist --with-zlib --download-hypre --download-eigen --download-metis --download-parmetis --download-mmg --download-parmmg --with-scalapack-include=/apps/intel-tools/intel-mkl/2024.2.1/include --with-scalapack-lib="-lmkl_scalapack_lp64 -lmkl_intel_lp64 -lmkl_sequential -lmkl_core -lmkl_blacs_openmpi_lp64 -lpthread -lm -ldl" --with-make-np=12
[16]PETSC ERROR: #1 PetscMemoryGetMaximumUsage() at /g/data/fp50/apps/petsc/main-20260404/src/sys/memory/mem.c:148
[16]PETSC ERROR: #2 PetscMemoryView() at /g/data/fp50/apps/petsc/main-20260404/src/sys/memory/mtr.c:464
[16]PETSC ERROR: #3 PetscFinalize() at /g/data/fp50/apps/petsc/main-20260404/src/sys/objects/pinit.c:1512
PetscFinalize() failed [error code: 73]
[17]PETSC ERROR: --------------------- Error Message --------------------------------------------------------------
[17]PETSC ERROR: Object is in wrong state
[17]PETSC ERROR: To use this function you must first call PetscMemorySetGetMaximumUsage()
[17]PETSC ERROR: WARNING! There are unused option(s) set! Could be the program crashed before usage or a spelling mistake, etc!
[17]PETSC ERROR:   Option left: name:-log_view (no value) source: code
[17]PETSC ERROR:   Option left: name:-log_view_memory (no value) source: code
[17]PETSC ERROR: See https://petsc.org/release/faq/ for trouble shooting.
[17]PETSC ERROR: PETSc Development Git Revision: d6d17c0d2f413b1849bf4e4b675d0543e1c00865 Git Date: 2026-04-04 15:47:38 +0000
[17]PETSC ERROR: /scratch/xd2/sg8812/g-adopt-worktrees/sghelichkhani/richardson/tests/parallel_scaling_richards/cockett_3d.py with 48 MPI process(es) and PETSC_ARCH default on gadi-cpu-spr-0651.gadi.nci.org.au by sg8812 Wed Apr 15 15:23:45 2026
[17]PETSC ERROR: Configure options: PETSC_DIR=/g/data/fp50/apps/petsc/main-20260404 PETSC_ARCH=default --with-cc=mpicc --with-cxx=mpicxx --with-fc=mpif90 --with-mpiexec=mpirun COPTFLAGS="-O3 -g -xCASCADELAKE" CXXOPTFLAGS="-O3 -g -xCASCADELAKE" FOPTFLAGS="-O3 -g -xCASCADELAKE" --with-c2html=0 --with-debugging=0 --with-fortran-bindings=0 --with-shared-libraries=1 --with-strict-petscerrorcode --download-bison --download-hdf5 --with-hwloc --download-mumps --download-netcdf --download-pnetcdf --download-ptscotch --download-suitesparse --download-superlu_dist --with-zlib --download-hypre --download-eigen --download-metis --download-parmetis --download-mmg --download-parmmg --with-scalapack-include=/apps/intel-tools/intel-mkl/2024.2.1/include --with-scalapack-lib="-lmkl_scalapack_lp64 -lmkl_intel_lp64 -lmkl_sequential -lmkl_core -lmkl_blacs_openmpi_lp64 -lpthread -lm -ldl" --with-make-np=12
[17]PETSC ERROR: #1 PetscMemoryGetMaximumUsage() at /g/data/fp50/apps/petsc/main-20260404/src/sys/memory/mem.c:148
[17]PETSC ERROR: #2 PetscMemoryView() at /g/data/fp50/apps/petsc/main-20260404/src/sys/memory/mtr.c:464
[17]PETSC ERROR: #3 PetscFinalize() at /g/data/fp50/apps/petsc/main-20260404/src/sys/objects/pinit.c:1512
PetscFinalize() failed [error code: 73]
[18]PETSC ERROR: --------------------- Error Message --------------------------------------------------------------
[18]PETSC ERROR: Object is in wrong state
[18]PETSC ERROR: To use this function you must first call PetscMemorySetGetMaximumUsage()
[18]PETSC ERROR: WARNING! There are unused option(s) set! Could be the program crashed before usage or a spelling mistake, etc!
[18]PETSC ERROR:   Option left: name:-log_view (no value) source: code
[18]PETSC ERROR:   Option left: name:-log_view_memory (no value) source: code
[18]PETSC ERROR: See https://petsc.org/release/faq/ for trouble shooting.
[18]PETSC ERROR: PETSc Development Git Revision: d6d17c0d2f413b1849bf4e4b675d0543e1c00865 Git Date: 2026-04-04 15:47:38 +0000
[18]PETSC ERROR: /scratch/xd2/sg8812/g-adopt-worktrees/sghelichkhani/richardson/tests/parallel_scaling_richards/cockett_3d.py with 48 MPI process(es) and PETSC_ARCH default on gadi-cpu-spr-0651.gadi.nci.org.au by sg8812 Wed Apr 15 15:23:45 2026
[18]PETSC ERROR: Configure options: PETSC_DIR=/g/data/fp50/apps/petsc/main-20260404 PETSC_ARCH=default --with-cc=mpicc --with-cxx=mpicxx --with-fc=mpif90 --with-mpiexec=mpirun COPTFLAGS="-O3 -g -xCASCADELAKE" CXXOPTFLAGS="-O3 -g -xCASCADELAKE" FOPTFLAGS="-O3 -g -xCASCADELAKE" --with-c2html=0 --with-debugging=0 --with-fortran-bindings=0 --with-shared-libraries=1 --with-strict-petscerrorcode --download-bison --download-hdf5 --with-hwloc --download-mumps --download-netcdf --download-pnetcdf --download-ptscotch --download-suitesparse --download-superlu_dist --with-zlib --download-hypre --download-eigen --download-metis --download-parmetis --download-mmg --download-parmmg --with-scalapack-include=/apps/intel-tools/intel-mkl/2024.2.1/include --with-scalapack-lib="-lmkl_scalapack_lp64 -lmkl_intel_lp64 -lmkl_sequential -lmkl_core -lmkl_blacs_openmpi_lp64 -lpthread -lm -ldl" --with-make-np=12
[18]PETSC ERROR: #1 PetscMemoryGetMaximumUsage() at /g/data/fp50/apps/petsc/main-20260404/src/sys/memory/mem.c:148
[18]PETSC ERROR: #2 PetscMemoryView() at /g/data/fp50/apps/petsc/main-20260404/src/sys/memory/mtr.c:464
[18]PETSC ERROR: #3 PetscFinalize() at /g/data/fp50/apps/petsc/main-20260404/src/sys/objects/pinit.c:1512
PetscFinalize() failed [error code: 73]
[19]PETSC ERROR: --------------------- Error Message --------------------------------------------------------------
[19]PETSC ERROR: Object is in wrong state
[19]PETSC ERROR: To use this function you must first call PetscMemorySetGetMaximumUsage()
[19]PETSC ERROR: WARNING! There are unused option(s) set! Could be the program crashed before usage or a spelling mistake, etc!
[19]PETSC ERROR:   Option left: name:-log_view (no value) source: code
[19]PETSC ERROR:   Option left: name:-log_view_memory (no value) source: code
[19]PETSC ERROR: See https://petsc.org/release/faq/ for trouble shooting.
[19]PETSC ERROR: PETSc Development Git Revision: d6d17c0d2f413b1849bf4e4b675d0543e1c00865 Git Date: 2026-04-04 15:47:38 +0000
[19]PETSC ERROR: /scratch/xd2/sg8812/g-adopt-worktrees/sghelichkhani/richardson/tests/parallel_scaling_richards/cockett_3d.py with 48 MPI process(es) and PETSC_ARCH default on gadi-cpu-spr-0651.gadi.nci.org.au by sg8812 Wed Apr 15 15:23:45 2026
[19]PETSC ERROR: Configure options: PETSC_DIR=/g/data/fp50/apps/petsc/main-20260404 PETSC_ARCH=default --with-cc=mpicc --with-cxx=mpicxx --with-fc=mpif90 --with-mpiexec=mpirun COPTFLAGS="-O3 -g -xCASCADELAKE" CXXOPTFLAGS="-O3 -g -xCASCADELAKE" FOPTFLAGS="-O3 -g -xCASCADELAKE" --with-c2html=0 --with-debugging=0 --with-fortran-bindings=0 --with-shared-libraries=1 --with-strict-petscerrorcode --download-bison --download-hdf5 --with-hwloc --download-mumps --download-netcdf --download-pnetcdf --download-ptscotch --download-suitesparse --download-superlu_dist --with-zlib --download-hypre --download-eigen --download-metis --download-parmetis --download-mmg --download-parmmg --with-scalapack-include=/apps/intel-tools/intel-mkl/2024.2.1/include --with-scalapack-lib="-lmkl_scalapack_lp64 -lmkl_intel_lp64 -lmkl_sequential -lmkl_core -lmkl_blacs_openmpi_lp64 -lpthread -lm -ldl" --with-make-np=12
[19]PETSC ERROR: #1 PetscMemoryGetMaximumUsage() at /g/data/fp50/apps/petsc/main-20260404/src/sys/memory/mem.c:148
[19]PETSC ERROR: #2 PetscMemoryView() at /g/data/fp50/apps/petsc/main-20260404/src/sys/memory/mtr.c:464
[19]PETSC ERROR: #3 PetscFinalize() at /g/data/fp50/apps/petsc/main-20260404/src/sys/objects/pinit.c:1512
PetscFinalize() failed [error code: 73]
[20]PETSC ERROR: --------------------- Error Message --------------------------------------------------------------
[20]PETSC ERROR: Object is in wrong state
[20]PETSC ERROR: To use this function you must first call PetscMemorySetGetMaximumUsage()
[20]PETSC ERROR: WARNING! There are unused option(s) set! Could be the program crashed before usage or a spelling mistake, etc!
[20]PETSC ERROR:   Option left: name:-log_view (no value) source: code
[20]PETSC ERROR:   Option left: name:-log_view_memory (no value) source: code
[20]PETSC ERROR: See https://petsc.org/release/faq/ for trouble shooting.
[20]PETSC ERROR: PETSc Development Git Revision: d6d17c0d2f413b1849bf4e4b675d0543e1c00865 Git Date: 2026-04-04 15:47:38 +0000
[20]PETSC ERROR: /scratch/xd2/sg8812/g-adopt-worktrees/sghelichkhani/richardson/tests/parallel_scaling_richards/cockett_3d.py with 48 MPI process(es) and PETSC_ARCH default on gadi-cpu-spr-0651.gadi.nci.org.au by sg8812 Wed Apr 15 15:23:45 2026
[20]PETSC ERROR: Configure options: PETSC_DIR=/g/data/fp50/apps/petsc/main-20260404 PETSC_ARCH=default --with-cc=mpicc --with-cxx=mpicxx --with-fc=mpif90 --with-mpiexec=mpirun COPTFLAGS="-O3 -g -xCASCADELAKE" CXXOPTFLAGS="-O3 -g -xCASCADELAKE" FOPTFLAGS="-O3 -g -xCASCADELAKE" --with-c2html=0 --with-debugging=0 --with-fortran-bindings=0 --with-shared-libraries=1 --with-strict-petscerrorcode --download-bison --download-hdf5 --with-hwloc --download-mumps --download-netcdf --download-pnetcdf --download-ptscotch --download-suitesparse --download-superlu_dist --with-zlib --download-hypre --download-eigen --download-metis --download-parmetis --download-mmg --download-parmmg --with-scalapack-include=/apps/intel-tools/intel-mkl/2024.2.1/include --with-scalapack-lib="-lmkl_scalapack_lp64 -lmkl_intel_lp64 -lmkl_sequential -lmkl_core -lmkl_blacs_openmpi_lp64 -lpthread -lm -ldl" --with-make-np=12
[20]PETSC ERROR: #1 PetscMemoryGetMaximumUsage() at /g/data/fp50/apps/petsc/main-20260404/src/sys/memory/mem.c:148
[20]PETSC ERROR: #2 PetscMemoryView() at /g/data/fp50/apps/petsc/main-20260404/src/sys/memory/mtr.c:464
[20]PETSC ERROR: #3 PetscFinalize() at /g/data/fp50/apps/petsc/main-20260404/src/sys/objects/pinit.c:1512
PetscFinalize() failed [error code: 73]
[21]PETSC ERROR: --------------------- Error Message --------------------------------------------------------------
[21]PETSC ERROR: Object is in wrong state
[21]PETSC ERROR: To use this function you must first call PetscMemorySetGetMaximumUsage()
[21]PETSC ERROR: WARNING! There are unused option(s) set! Could be the program crashed before usage or a spelling mistake, etc!
[21]PETSC ERROR:   Option left: name:-log_view (no value) source: code
[21]PETSC ERROR:   Option left: name:-log_view_memory (no value) source: code
[21]PETSC ERROR: See https://petsc.org/release/faq/ for trouble shooting.
[21]PETSC ERROR: PETSc Development Git Revision: d6d17c0d2f413b1849bf4e4b675d0543e1c00865 Git Date: 2026-04-04 15:47:38 +0000
[21]PETSC ERROR: /scratch/xd2/sg8812/g-adopt-worktrees/sghelichkhani/richardson/tests/parallel_scaling_richards/cockett_3d.py with 48 MPI process(es) and PETSC_ARCH default on gadi-cpu-spr-0651.gadi.nci.org.au by sg8812 Wed Apr 15 15:23:45 2026
[21]PETSC ERROR: Configure options: PETSC_DIR=/g/data/fp50/apps/petsc/main-20260404 PETSC_ARCH=default --with-cc=mpicc --with-cxx=mpicxx --with-fc=mpif90 --with-mpiexec=mpirun COPTFLAGS="-O3 -g -xCASCADELAKE" CXXOPTFLAGS="-O3 -g -xCASCADELAKE" FOPTFLAGS="-O3 -g -xCASCADELAKE" --with-c2html=0 --with-debugging=0 --with-fortran-bindings=0 --with-shared-libraries=1 --with-strict-petscerrorcode --download-bison --download-hdf5 --with-hwloc --download-mumps --download-netcdf --download-pnetcdf --download-ptscotch --download-suitesparse --download-superlu_dist --with-zlib --download-hypre --download-eigen --download-metis --download-parmetis --download-mmg --download-parmmg --with-scalapack-include=/apps/intel-tools/intel-mkl/2024.2.1/include --with-scalapack-lib="-lmkl_scalapack_lp64 -lmkl_intel_lp64 -lmkl_sequential -lmkl_core -lmkl_blacs_openmpi_lp64 -lpthread -lm -ldl" --with-make-np=12
[21]PETSC ERROR: #1 PetscMemoryGetMaximumUsage() at /g/data/fp50/apps/petsc/main-20260404/src/sys/memory/mem.c:148
[21]PETSC ERROR: #2 PetscMemoryView() at /g/data/fp50/apps/petsc/main-20260404/src/sys/memory/mtr.c:464
[21]PETSC ERROR: #3 PetscFinalize() at /g/data/fp50/apps/petsc/main-20260404/src/sys/objects/pinit.c:1512
PetscFinalize() failed [error code: 73]
[22]PETSC ERROR: --------------------- Error Message --------------------------------------------------------------
[22]PETSC ERROR: Object is in wrong state
[22]PETSC ERROR: To use this function you must first call PetscMemorySetGetMaximumUsage()
[22]PETSC ERROR: WARNING! There are unused option(s) set! Could be the program crashed before usage or a spelling mistake, etc!
[22]PETSC ERROR:   Option left: name:-log_view (no value) source: code
[22]PETSC ERROR:   Option left: name:-log_view_memory (no value) source: code
[22]PETSC ERROR: See https://petsc.org/release/faq/ for trouble shooting.
[22]PETSC ERROR: PETSc Development Git Revision: d6d17c0d2f413b1849bf4e4b675d0543e1c00865 Git Date: 2026-04-04 15:47:38 +0000
[22]PETSC ERROR: /scratch/xd2/sg8812/g-adopt-worktrees/sghelichkhani/richardson/tests/parallel_scaling_richards/cockett_3d.py with 48 MPI process(es) and PETSC_ARCH default on gadi-cpu-spr-0651.gadi.nci.org.au by sg8812 Wed Apr 15 15:23:45 2026
[22]PETSC ERROR: Configure options: PETSC_DIR=/g/data/fp50/apps/petsc/main-20260404 PETSC_ARCH=default --with-cc=mpicc --with-cxx=mpicxx --with-fc=mpif90 --with-mpiexec=mpirun COPTFLAGS="-O3 -g -xCASCADELAKE" CXXOPTFLAGS="-O3 -g -xCASCADELAKE" FOPTFLAGS="-O3 -g -xCASCADELAKE" --with-c2html=0 --with-debugging=0 --with-fortran-bindings=0 --with-shared-libraries=1 --with-strict-petscerrorcode --download-bison --download-hdf5 --with-hwloc --download-mumps --download-netcdf --download-pnetcdf --download-ptscotch --download-suitesparse --download-superlu_dist --with-zlib --download-hypre --download-eigen --download-metis --download-parmetis --download-mmg --download-parmmg --with-scalapack-include=/apps/intel-tools/intel-mkl/2024.2.1/include --with-scalapack-lib="-lmkl_scalapack_lp64 -lmkl_intel_lp64 -lmkl_sequential -lmkl_core -lmkl_blacs_openmpi_lp64 -lpthread -lm -ldl" --with-make-np=12
[22]PETSC ERROR: #1 PetscMemoryGetMaximumUsage() at /g/data/fp50/apps/petsc/main-20260404/src/sys/memory/mem.c:148
[22]PETSC ERROR: #2 PetscMemoryView() at /g/data/fp50/apps/petsc/main-20260404/src/sys/memory/mtr.c:464
[22]PETSC ERROR: #3 PetscFinalize() at /g/data/fp50/apps/petsc/main-20260404/src/sys/objects/pinit.c:1512
PetscFinalize() failed [error code: 73]
[23]PETSC ERROR: --------------------- Error Message --------------------------------------------------------------
[23]PETSC ERROR: Object is in wrong state
[23]PETSC ERROR: To use this function you must first call PetscMemorySetGetMaximumUsage()
[23]PETSC ERROR: WARNING! There are unused option(s) set! Could be the program crashed before usage or a spelling mistake, etc!
[23]PETSC ERROR:   Option left: name:-log_view (no value) source: code
[23]PETSC ERROR:   Option left: name:-log_view_memory (no value) source: code
[23]PETSC ERROR: See https://petsc.org/release/faq/ for trouble shooting.
[23]PETSC ERROR: PETSc Development Git Revision: d6d17c0d2f413b1849bf4e4b675d0543e1c00865 Git Date: 2026-04-04 15:47:38 +0000
[23]PETSC ERROR: /scratch/xd2/sg8812/g-adopt-worktrees/sghelichkhani/richardson/tests/parallel_scaling_richards/cockett_3d.py with 48 MPI process(es) and PETSC_ARCH default on gadi-cpu-spr-0651.gadi.nci.org.au by sg8812 Wed Apr 15 15:23:45 2026
[23]PETSC ERROR: Configure options: PETSC_DIR=/g/data/fp50/apps/petsc/main-20260404 PETSC_ARCH=default --with-cc=mpicc --with-cxx=mpicxx --with-fc=mpif90 --with-mpiexec=mpirun COPTFLAGS="-O3 -g -xCASCADELAKE" CXXOPTFLAGS="-O3 -g -xCASCADELAKE" FOPTFLAGS="-O3 -g -xCASCADELAKE" --with-c2html=0 --with-debugging=0 --with-fortran-bindings=0 --with-shared-libraries=1 --with-strict-petscerrorcode --download-bison --download-hdf5 --with-hwloc --download-mumps --download-netcdf --download-pnetcdf --download-ptscotch --download-suitesparse --download-superlu_dist --with-zlib --download-hypre --download-eigen --download-metis --download-parmetis --download-mmg --download-parmmg --with-scalapack-include=/apps/intel-tools/intel-mkl/2024.2.1/include --with-scalapack-lib="-lmkl_scalapack_lp64 -lmkl_intel_lp64 -lmkl_sequential -lmkl_core -lmkl_blacs_openmpi_lp64 -lpthread -lm -ldl" --with-make-np=12
[23]PETSC ERROR: #1 PetscMemoryGetMaximumUsage() at /g/data/fp50/apps/petsc/main-20260404/src/sys/memory/mem.c:148
[23]PETSC ERROR: #2 PetscMemoryView() at /g/data/fp50/apps/petsc/main-20260404/src/sys/memory/mtr.c:464
[23]PETSC ERROR: #3 PetscFinalize() at /g/data/fp50/apps/petsc/main-20260404/src/sys/objects/pinit.c:1512
PetscFinalize() failed [error code: 73]
[24]PETSC ERROR: --------------------- Error Message --------------------------------------------------------------
[24]PETSC ERROR: Object is in wrong state
[24]PETSC ERROR: To use this function you must first call PetscMemorySetGetMaximumUsage()
[24]PETSC ERROR: WARNING! There are unused option(s) set! Could be the program crashed before usage or a spelling mistake, etc!
[24]PETSC ERROR:   Option left: name:-log_view (no value) source: code
[24]PETSC ERROR:   Option left: name:-log_view_memory (no value) source: code
[24]PETSC ERROR: See https://petsc.org/release/faq/ for trouble shooting.
[24]PETSC ERROR: PETSc Development Git Revision: d6d17c0d2f413b1849bf4e4b675d0543e1c00865 Git Date: 2026-04-04 15:47:38 +0000
[24]PETSC ERROR: /scratch/xd2/sg8812/g-adopt-worktrees/sghelichkhani/richardson/tests/parallel_scaling_richards/cockett_3d.py with 48 MPI process(es) and PETSC_ARCH default on gadi-cpu-spr-0651.gadi.nci.org.au by sg8812 Wed Apr 15 15:23:45 2026
[24]PETSC ERROR: Configure options: PETSC_DIR=/g/data/fp50/apps/petsc/main-20260404 PETSC_ARCH=default --with-cc=mpicc --with-cxx=mpicxx --with-fc=mpif90 --with-mpiexec=mpirun COPTFLAGS="-O3 -g -xCASCADELAKE" CXXOPTFLAGS="-O3 -g -xCASCADELAKE" FOPTFLAGS="-O3 -g -xCASCADELAKE" --with-c2html=0 --with-debugging=0 --with-fortran-bindings=0 --with-shared-libraries=1 --with-strict-petscerrorcode --download-bison --download-hdf5 --with-hwloc --download-mumps --download-netcdf --download-pnetcdf --download-ptscotch --download-suitesparse --download-superlu_dist --with-zlib --download-hypre --download-eigen --download-metis --download-parmetis --download-mmg --download-parmmg --with-scalapack-include=/apps/intel-tools/intel-mkl/2024.2.1/include --with-scalapack-lib="-lmkl_scalapack_lp64 -lmkl_intel_lp64 -lmkl_sequential -lmkl_core -lmkl_blacs_openmpi_lp64 -lpthread -lm -ldl" --with-make-np=12
[24]PETSC ERROR: #1 PetscMemoryGetMaximumUsage() at /g/data/fp50/apps/petsc/main-20260404/src/sys/memory/mem.c:148
[24]PETSC ERROR: #2 PetscMemoryView() at /g/data/fp50/apps/petsc/main-20260404/src/sys/memory/mtr.c:464
[24]PETSC ERROR: #3 PetscFinalize() at /g/data/fp50/apps/petsc/main-20260404/src/sys/objects/pinit.c:1512
PetscFinalize() failed [error code: 73]
[25]PETSC ERROR: --------------------- Error Message --------------------------------------------------------------
[25]PETSC ERROR: Object is in wrong state
[25]PETSC ERROR: To use this function you must first call PetscMemorySetGetMaximumUsage()
[25]PETSC ERROR: WARNING! There are unused option(s) set! Could be the program crashed before usage or a spelling mistake, etc!
[25]PETSC ERROR:   Option left: name:-log_view (no value) source: code
[25]PETSC ERROR:   Option left: name:-log_view_memory (no value) source: code
[25]PETSC ERROR: See https://petsc.org/release/faq/ for trouble shooting.
[25]PETSC ERROR: PETSc Development Git Revision: d6d17c0d2f413b1849bf4e4b675d0543e1c00865 Git Date: 2026-04-04 15:47:38 +0000
[25]PETSC ERROR: /scratch/xd2/sg8812/g-adopt-worktrees/sghelichkhani/richardson/tests/parallel_scaling_richards/cockett_3d.py with 48 MPI process(es) and PETSC_ARCH default on gadi-cpu-spr-0651.gadi.nci.org.au by sg8812 Wed Apr 15 15:23:45 2026
[25]PETSC ERROR: Configure options: PETSC_DIR=/g/data/fp50/apps/petsc/main-20260404 PETSC_ARCH=default --with-cc=mpicc --with-cxx=mpicxx --with-fc=mpif90 --with-mpiexec=mpirun COPTFLAGS="-O3 -g -xCASCADELAKE" CXXOPTFLAGS="-O3 -g -xCASCADELAKE" FOPTFLAGS="-O3 -g -xCASCADELAKE" --with-c2html=0 --with-debugging=0 --with-fortran-bindings=0 --with-shared-libraries=1 --with-strict-petscerrorcode --download-bison --download-hdf5 --with-hwloc --download-mumps --download-netcdf --download-pnetcdf --download-ptscotch --download-suitesparse --download-superlu_dist --with-zlib --download-hypre --download-eigen --download-metis --download-parmetis --download-mmg --download-parmmg --with-scalapack-include=/apps/intel-tools/intel-mkl/2024.2.1/include --with-scalapack-lib="-lmkl_scalapack_lp64 -lmkl_intel_lp64 -lmkl_sequential -lmkl_core -lmkl_blacs_openmpi_lp64 -lpthread -lm -ldl" --with-make-np=12
[25]PETSC ERROR: #1 PetscMemoryGetMaximumUsage() at /g/data/fp50/apps/petsc/main-20260404/src/sys/memory/mem.c:148
[25]PETSC ERROR: #2 PetscMemoryView() at /g/data/fp50/apps/petsc/main-20260404/src/sys/memory/mtr.c:464
[25]PETSC ERROR: #3 PetscFinalize() at /g/data/fp50/apps/petsc/main-20260404/src/sys/objects/pinit.c:1512
PetscFinalize() failed [error code: 73]
[26]PETSC ERROR: --------------------- Error Message --------------------------------------------------------------
[26]PETSC ERROR: Object is in wrong state
[26]PETSC ERROR: To use this function you must first call PetscMemorySetGetMaximumUsage()
[26]PETSC ERROR: WARNING! There are unused option(s) set! Could be the program crashed before usage or a spelling mistake, etc!
[26]PETSC ERROR:   Option left: name:-log_view (no value) source: code
[26]PETSC ERROR:   Option left: name:-log_view_memory (no value) source: code
[26]PETSC ERROR: See https://petsc.org/release/faq/ for trouble shooting.
[26]PETSC ERROR: PETSc Development Git Revision: d6d17c0d2f413b1849bf4e4b675d0543e1c00865 Git Date: 2026-04-04 15:47:38 +0000
[26]PETSC ERROR: /scratch/xd2/sg8812/g-adopt-worktrees/sghelichkhani/richardson/tests/parallel_scaling_richards/cockett_3d.py with 48 MPI process(es) and PETSC_ARCH default on gadi-cpu-spr-0651.gadi.nci.org.au by sg8812 Wed Apr 15 15:23:45 2026
[26]PETSC ERROR: Configure options: PETSC_DIR=/g/data/fp50/apps/petsc/main-20260404 PETSC_ARCH=default --with-cc=mpicc --with-cxx=mpicxx --with-fc=mpif90 --with-mpiexec=mpirun COPTFLAGS="-O3 -g -xCASCADELAKE" CXXOPTFLAGS="-O3 -g -xCASCADELAKE" FOPTFLAGS="-O3 -g -xCASCADELAKE" --with-c2html=0 --with-debugging=0 --with-fortran-bindings=0 --with-shared-libraries=1 --with-strict-petscerrorcode --download-bison --download-hdf5 --with-hwloc --download-mumps --download-netcdf --download-pnetcdf --download-ptscotch --download-suitesparse --download-superlu_dist --with-zlib --download-hypre --download-eigen --download-metis --download-parmetis --download-mmg --download-parmmg --with-scalapack-include=/apps/intel-tools/intel-mkl/2024.2.1/include --with-scalapack-lib="-lmkl_scalapack_lp64 -lmkl_intel_lp64 -lmkl_sequential -lmkl_core -lmkl_blacs_openmpi_lp64 -lpthread -lm -ldl" --with-make-np=12
[26]PETSC ERROR: #1 PetscMemoryGetMaximumUsage() at /g/data/fp50/apps/petsc/main-20260404/src/sys/memory/mem.c:148
[26]PETSC ERROR: #2 PetscMemoryView() at /g/data/fp50/apps/petsc/main-20260404/src/sys/memory/mtr.c:464
[26]PETSC ERROR: #3 PetscFinalize() at /g/data/fp50/apps/petsc/main-20260404/src/sys/objects/pinit.c:1512
PetscFinalize() failed [error code: 73]
[27]PETSC ERROR: --------------------- Error Message --------------------------------------------------------------
[27]PETSC ERROR: Object is in wrong state
[27]PETSC ERROR: To use this function you must first call PetscMemorySetGetMaximumUsage()
[27]PETSC ERROR: WARNING! There are unused option(s) set! Could be the program crashed before usage or a spelling mistake, etc!
[27]PETSC ERROR:   Option left: name:-log_view (no value) source: code
[27]PETSC ERROR:   Option left: name:-log_view_memory (no value) source: code
[27]PETSC ERROR: See https://petsc.org/release/faq/ for trouble shooting.
[27]PETSC ERROR: PETSc Development Git Revision: d6d17c0d2f413b1849bf4e4b675d0543e1c00865 Git Date: 2026-04-04 15:47:38 +0000
[27]PETSC ERROR: /scratch/xd2/sg8812/g-adopt-worktrees/sghelichkhani/richardson/tests/parallel_scaling_richards/cockett_3d.py with 48 MPI process(es) and PETSC_ARCH default on gadi-cpu-spr-0651.gadi.nci.org.au by sg8812 Wed Apr 15 15:23:45 2026
[27]PETSC ERROR: Configure options: PETSC_DIR=/g/data/fp50/apps/petsc/main-20260404 PETSC_ARCH=default --with-cc=mpicc --with-cxx=mpicxx --with-fc=mpif90 --with-mpiexec=mpirun COPTFLAGS="-O3 -g -xCASCADELAKE" CXXOPTFLAGS="-O3 -g -xCASCADELAKE" FOPTFLAGS="-O3 -g -xCASCADELAKE" --with-c2html=0 --with-debugging=0 --with-fortran-bindings=0 --with-shared-libraries=1 --with-strict-petscerrorcode --download-bison --download-hdf5 --with-hwloc --download-mumps --download-netcdf --download-pnetcdf --download-ptscotch --download-suitesparse --download-superlu_dist --with-zlib --download-hypre --download-eigen --download-metis --download-parmetis --download-mmg --download-parmmg --with-scalapack-include=/apps/intel-tools/intel-mkl/2024.2.1/include --with-scalapack-lib="-lmkl_scalapack_lp64 -lmkl_intel_lp64 -lmkl_sequential -lmkl_core -lmkl_blacs_openmpi_lp64 -lpthread -lm -ldl" --with-make-np=12
[27]PETSC ERROR: #1 PetscMemoryGetMaximumUsage() at /g/data/fp50/apps/petsc/main-20260404/src/sys/memory/mem.c:148
[27]PETSC ERROR: #2 PetscMemoryView() at /g/data/fp50/apps/petsc/main-20260404/src/sys/memory/mtr.c:464
[27]PETSC ERROR: #3 PetscFinalize() at /g/data/fp50/apps/petsc/main-20260404/src/sys/objects/pinit.c:1512
PetscFinalize() failed [error code: 73]
[28]PETSC ERROR: --------------------- Error Message --------------------------------------------------------------
[28]PETSC ERROR: Object is in wrong state
[28]PETSC ERROR: To use this function you must first call PetscMemorySetGetMaximumUsage()
[28]PETSC ERROR: WARNING! There are unused option(s) set! Could be the program crashed before usage or a spelling mistake, etc!
[28]PETSC ERROR:   Option left: name:-log_view (no value) source: code
[28]PETSC ERROR:   Option left: name:-log_view_memory (no value) source: code
[28]PETSC ERROR: See https://petsc.org/release/faq/ for trouble shooting.
[28]PETSC ERROR: PETSc Development Git Revision: d6d17c0d2f413b1849bf4e4b675d0543e1c00865 Git Date: 2026-04-04 15:47:38 +0000
[28]PETSC ERROR: /scratch/xd2/sg8812/g-adopt-worktrees/sghelichkhani/richardson/tests/parallel_scaling_richards/cockett_3d.py with 48 MPI process(es) and PETSC_ARCH default on gadi-cpu-spr-0651.gadi.nci.org.au by sg8812 Wed Apr 15 15:23:45 2026
[28]PETSC ERROR: Configure options: PETSC_DIR=/g/data/fp50/apps/petsc/main-20260404 PETSC_ARCH=default --with-cc=mpicc --with-cxx=mpicxx --with-fc=mpif90 --with-mpiexec=mpirun COPTFLAGS="-O3 -g -xCASCADELAKE" CXXOPTFLAGS="-O3 -g -xCASCADELAKE" FOPTFLAGS="-O3 -g -xCASCADELAKE" --with-c2html=0 --with-debugging=0 --with-fortran-bindings=0 --with-shared-libraries=1 --with-strict-petscerrorcode --download-bison --download-hdf5 --with-hwloc --download-mumps --download-netcdf --download-pnetcdf --download-ptscotch --download-suitesparse --download-superlu_dist --with-zlib --download-hypre --download-eigen --download-metis --download-parmetis --download-mmg --download-parmmg --with-scalapack-include=/apps/intel-tools/intel-mkl/2024.2.1/include --with-scalapack-lib="-lmkl_scalapack_lp64 -lmkl_intel_lp64 -lmkl_sequential -lmkl_core -lmkl_blacs_openmpi_lp64 -lpthread -lm -ldl" --with-make-np=12
[28]PETSC ERROR: #1 PetscMemoryGetMaximumUsage() at /g/data/fp50/apps/petsc/main-20260404/src/sys/memory/mem.c:148
[28]PETSC ERROR: #2 PetscMemoryView() at /g/data/fp50/apps/petsc/main-20260404/src/sys/memory/mtr.c:464
[28]PETSC ERROR: #3 PetscFinalize() at /g/data/fp50/apps/petsc/main-20260404/src/sys/objects/pinit.c:1512
PetscFinalize() failed [error code: 73]
[29]PETSC ERROR: --------------------- Error Message --------------------------------------------------------------
[29]PETSC ERROR: Object is in wrong state
[29]PETSC ERROR: To use this function you must first call PetscMemorySetGetMaximumUsage()
[29]PETSC ERROR: WARNING! There are unused option(s) set! Could be the program crashed before usage or a spelling mistake, etc!
[29]PETSC ERROR:   Option left: name:-log_view (no value) source: code
[29]PETSC ERROR:   Option left: name:-log_view_memory (no value) source: code
[29]PETSC ERROR: See https://petsc.org/release/faq/ for trouble shooting.
[29]PETSC ERROR: PETSc Development Git Revision: d6d17c0d2f413b1849bf4e4b675d0543e1c00865 Git Date: 2026-04-04 15:47:38 +0000
[29]PETSC ERROR: /scratch/xd2/sg8812/g-adopt-worktrees/sghelichkhani/richardson/tests/parallel_scaling_richards/cockett_3d.py with 48 MPI process(es) and PETSC_ARCH default on gadi-cpu-spr-0651.gadi.nci.org.au by sg8812 Wed Apr 15 15:23:45 2026
[29]PETSC ERROR: Configure options: PETSC_DIR=/g/data/fp50/apps/petsc/main-20260404 PETSC_ARCH=default --with-cc=mpicc --with-cxx=mpicxx --with-fc=mpif90 --with-mpiexec=mpirun COPTFLAGS="-O3 -g -xCASCADELAKE" CXXOPTFLAGS="-O3 -g -xCASCADELAKE" FOPTFLAGS="-O3 -g -xCASCADELAKE" --with-c2html=0 --with-debugging=0 --with-fortran-bindings=0 --with-shared-libraries=1 --with-strict-petscerrorcode --download-bison --download-hdf5 --with-hwloc --download-mumps --download-netcdf --download-pnetcdf --download-ptscotch --download-suitesparse --download-superlu_dist --with-zlib --download-hypre --download-eigen --download-metis --download-parmetis --download-mmg --download-parmmg --with-scalapack-include=/apps/intel-tools/intel-mkl/2024.2.1/include --with-scalapack-lib="-lmkl_scalapack_lp64 -lmkl_intel_lp64 -lmkl_sequential -lmkl_core -lmkl_blacs_openmpi_lp64 -lpthread -lm -ldl" --with-make-np=12
[29]PETSC ERROR: #1 PetscMemoryGetMaximumUsage() at /g/data/fp50/apps/petsc/main-20260404/src/sys/memory/mem.c:148
[29]PETSC ERROR: #2 PetscMemoryView() at /g/data/fp50/apps/petsc/main-20260404/src/sys/memory/mtr.c:464
[29]PETSC ERROR: #3 PetscFinalize() at /g/data/fp50/apps/petsc/main-20260404/src/sys/objects/pinit.c:1512
PetscFinalize() failed [error code: 73]
[30]PETSC ERROR: --------------------- Error Message --------------------------------------------------------------
[30]PETSC ERROR: Object is in wrong state
[30]PETSC ERROR: To use this function you must first call PetscMemorySetGetMaximumUsage()
[30]PETSC ERROR: WARNING! There are unused option(s) set! Could be the program crashed before usage or a spelling mistake, etc!
[30]PETSC ERROR:   Option left: name:-log_view (no value) source: code
[30]PETSC ERROR:   Option left: name:-log_view_memory (no value) source: code
[30]PETSC ERROR: See https://petsc.org/release/faq/ for trouble shooting.
[30]PETSC ERROR: PETSc Development Git Revision: d6d17c0d2f413b1849bf4e4b675d0543e1c00865 Git Date: 2026-04-04 15:47:38 +0000
[30]PETSC ERROR: /scratch/xd2/sg8812/g-adopt-worktrees/sghelichkhani/richardson/tests/parallel_scaling_richards/cockett_3d.py with 48 MPI process(es) and PETSC_ARCH default on gadi-cpu-spr-0651.gadi.nci.org.au by sg8812 Wed Apr 15 15:23:45 2026
[30]PETSC ERROR: Configure options: PETSC_DIR=/g/data/fp50/apps/petsc/main-20260404 PETSC_ARCH=default --with-cc=mpicc --with-cxx=mpicxx --with-fc=mpif90 --with-mpiexec=mpirun COPTFLAGS="-O3 -g -xCASCADELAKE" CXXOPTFLAGS="-O3 -g -xCASCADELAKE" FOPTFLAGS="-O3 -g -xCASCADELAKE" --with-c2html=0 --with-debugging=0 --with-fortran-bindings=0 --with-shared-libraries=1 --with-strict-petscerrorcode --download-bison --download-hdf5 --with-hwloc --download-mumps --download-netcdf --download-pnetcdf --download-ptscotch --download-suitesparse --download-superlu_dist --with-zlib --download-hypre --download-eigen --download-metis --download-parmetis --download-mmg --download-parmmg --with-scalapack-include=/apps/intel-tools/intel-mkl/2024.2.1/include --with-scalapack-lib="-lmkl_scalapack_lp64 -lmkl_intel_lp64 -lmkl_sequential -lmkl_core -lmkl_blacs_openmpi_lp64 -lpthread -lm -ldl" --with-make-np=12
[30]PETSC ERROR: #1 PetscMemoryGetMaximumUsage() at /g/data/fp50/apps/petsc/main-20260404/src/sys/memory/mem.c:148
[30]PETSC ERROR: #2 PetscMemoryView() at /g/data/fp50/apps/petsc/main-20260404/src/sys/memory/mtr.c:464
[30]PETSC ERROR: #3 PetscFinalize() at /g/data/fp50/apps/petsc/main-20260404/src/sys/objects/pinit.c:1512
PetscFinalize() failed [error code: 73]
[31]PETSC ERROR: --------------------- Error Message --------------------------------------------------------------
[31]PETSC ERROR: Object is in wrong state
[31]PETSC ERROR: To use this function you must first call PetscMemorySetGetMaximumUsage()
[31]PETSC ERROR: WARNING! There are unused option(s) set! Could be the program crashed before usage or a spelling mistake, etc!
[31]PETSC ERROR:   Option left: name:-log_view (no value) source: code
[31]PETSC ERROR:   Option left: name:-log_view_memory (no value) source: code
[31]PETSC ERROR: See https://petsc.org/release/faq/ for trouble shooting.
[31]PETSC ERROR: PETSc Development Git Revision: d6d17c0d2f413b1849bf4e4b675d0543e1c00865 Git Date: 2026-04-04 15:47:38 +0000
[31]PETSC ERROR: /scratch/xd2/sg8812/g-adopt-worktrees/sghelichkhani/richardson/tests/parallel_scaling_richards/cockett_3d.py with 48 MPI process(es) and PETSC_ARCH default on gadi-cpu-spr-0651.gadi.nci.org.au by sg8812 Wed Apr 15 15:23:45 2026
[31]PETSC ERROR: Configure options: PETSC_DIR=/g/data/fp50/apps/petsc/main-20260404 PETSC_ARCH=default --with-cc=mpicc --with-cxx=mpicxx --with-fc=mpif90 --with-mpiexec=mpirun COPTFLAGS="-O3 -g -xCASCADELAKE" CXXOPTFLAGS="-O3 -g -xCASCADELAKE" FOPTFLAGS="-O3 -g -xCASCADELAKE" --with-c2html=0 --with-debugging=0 --with-fortran-bindings=0 --with-shared-libraries=1 --with-strict-petscerrorcode --download-bison --download-hdf5 --with-hwloc --download-mumps --download-netcdf --download-pnetcdf --download-ptscotch --download-suitesparse --download-superlu_dist --with-zlib --download-hypre --download-eigen --download-metis --download-parmetis --download-mmg --download-parmmg --with-scalapack-include=/apps/intel-tools/intel-mkl/2024.2.1/include --with-scalapack-lib="-lmkl_scalapack_lp64 -lmkl_intel_lp64 -lmkl_sequential -lmkl_core -lmkl_blacs_openmpi_lp64 -lpthread -lm -ldl" --with-make-np=12
[31]PETSC ERROR: #1 PetscMemoryGetMaximumUsage() at /g/data/fp50/apps/petsc/main-20260404/src/sys/memory/mem.c:148
[31]PETSC ERROR: #2 PetscMemoryView() at /g/data/fp50/apps/petsc/main-20260404/src/sys/memory/mtr.c:464
[31]PETSC ERROR: #3 PetscFinalize() at /g/data/fp50/apps/petsc/main-20260404/src/sys/objects/pinit.c:1512
PetscFinalize() failed [error code: 73]
[32]PETSC ERROR: --------------------- Error Message --------------------------------------------------------------
[32]PETSC ERROR: Object is in wrong state
[32]PETSC ERROR: To use this function you must first call PetscMemorySetGetMaximumUsage()
[32]PETSC ERROR: WARNING! There are unused option(s) set! Could be the program crashed before usage or a spelling mistake, etc!
[32]PETSC ERROR:   Option left: name:-log_view (no value) source: code
[32]PETSC ERROR:   Option left: name:-log_view_memory (no value) source: code
[32]PETSC ERROR: See https://petsc.org/release/faq/ for trouble shooting.
[32]PETSC ERROR: PETSc Development Git Revision: d6d17c0d2f413b1849bf4e4b675d0543e1c00865 Git Date: 2026-04-04 15:47:38 +0000
[32]PETSC ERROR: /scratch/xd2/sg8812/g-adopt-worktrees/sghelichkhani/richardson/tests/parallel_scaling_richards/cockett_3d.py with 48 MPI process(es) and PETSC_ARCH default on gadi-cpu-spr-0651.gadi.nci.org.au by sg8812 Wed Apr 15 15:23:45 2026
[32]PETSC ERROR: Configure options: PETSC_DIR=/g/data/fp50/apps/petsc/main-20260404 PETSC_ARCH=default --with-cc=mpicc --with-cxx=mpicxx --with-fc=mpif90 --with-mpiexec=mpirun COPTFLAGS="-O3 -g -xCASCADELAKE" CXXOPTFLAGS="-O3 -g -xCASCADELAKE" FOPTFLAGS="-O3 -g -xCASCADELAKE" --with-c2html=0 --with-debugging=0 --with-fortran-bindings=0 --with-shared-libraries=1 --with-strict-petscerrorcode --download-bison --download-hdf5 --with-hwloc --download-mumps --download-netcdf --download-pnetcdf --download-ptscotch --download-suitesparse --download-superlu_dist --with-zlib --download-hypre --download-eigen --download-metis --download-parmetis --download-mmg --download-parmmg --with-scalapack-include=/apps/intel-tools/intel-mkl/2024.2.1/include --with-scalapack-lib="-lmkl_scalapack_lp64 -lmkl_intel_lp64 -lmkl_sequential -lmkl_core -lmkl_blacs_openmpi_lp64 -lpthread -lm -ldl" --with-make-np=12
[32]PETSC ERROR: #1 PetscMemoryGetMaximumUsage() at /g/data/fp50/apps/petsc/main-20260404/src/sys/memory/mem.c:148
[32]PETSC ERROR: #2 PetscMemoryView() at /g/data/fp50/apps/petsc/main-20260404/src/sys/memory/mtr.c:464
[32]PETSC ERROR: #3 PetscFinalize() at /g/data/fp50/apps/petsc/main-20260404/src/sys/objects/pinit.c:1512
PetscFinalize() failed [error code: 73]
[33]PETSC ERROR: --------------------- Error Message --------------------------------------------------------------
[33]PETSC ERROR: Object is in wrong state
[33]PETSC ERROR: To use this function you must first call PetscMemorySetGetMaximumUsage()
[33]PETSC ERROR: WARNING! There are unused option(s) set! Could be the program crashed before usage or a spelling mistake, etc!
[33]PETSC ERROR:   Option left: name:-log_view (no value) source: code
[33]PETSC ERROR:   Option left: name:-log_view_memory (no value) source: code
[33]PETSC ERROR: See https://petsc.org/release/faq/ for trouble shooting.
[33]PETSC ERROR: PETSc Development Git Revision: d6d17c0d2f413b1849bf4e4b675d0543e1c00865 Git Date: 2026-04-04 15:47:38 +0000
[33]PETSC ERROR: /scratch/xd2/sg8812/g-adopt-worktrees/sghelichkhani/richardson/tests/parallel_scaling_richards/cockett_3d.py with 48 MPI process(es) and PETSC_ARCH default on gadi-cpu-spr-0651.gadi.nci.org.au by sg8812 Wed Apr 15 15:23:45 2026
[33]PETSC ERROR: Configure options: PETSC_DIR=/g/data/fp50/apps/petsc/main-20260404 PETSC_ARCH=default --with-cc=mpicc --with-cxx=mpicxx --with-fc=mpif90 --with-mpiexec=mpirun COPTFLAGS="-O3 -g -xCASCADELAKE" CXXOPTFLAGS="-O3 -g -xCASCADELAKE" FOPTFLAGS="-O3 -g -xCASCADELAKE" --with-c2html=0 --with-debugging=0 --with-fortran-bindings=0 --with-shared-libraries=1 --with-strict-petscerrorcode --download-bison --download-hdf5 --with-hwloc --download-mumps --download-netcdf --download-pnetcdf --download-ptscotch --download-suitesparse --download-superlu_dist --with-zlib --download-hypre --download-eigen --download-metis --download-parmetis --download-mmg --download-parmmg --with-scalapack-include=/apps/intel-tools/intel-mkl/2024.2.1/include --with-scalapack-lib="-lmkl_scalapack_lp64 -lmkl_intel_lp64 -lmkl_sequential -lmkl_core -lmkl_blacs_openmpi_lp64 -lpthread -lm -ldl" --with-make-np=12
[33]PETSC ERROR: #1 PetscMemoryGetMaximumUsage() at /g/data/fp50/apps/petsc/main-20260404/src/sys/memory/mem.c:148
[33]PETSC ERROR: #2 PetscMemoryView() at /g/data/fp50/apps/petsc/main-20260404/src/sys/memory/mtr.c:464
[33]PETSC ERROR: #3 PetscFinalize() at /g/data/fp50/apps/petsc/main-20260404/src/sys/objects/pinit.c:1512
PetscFinalize() failed [error code: 73]
[34]PETSC ERROR: --------------------- Error Message --------------------------------------------------------------
[34]PETSC ERROR: Object is in wrong state
[34]PETSC ERROR: To use this function you must first call PetscMemorySetGetMaximumUsage()
[34]PETSC ERROR: WARNING! There are unused option(s) set! Could be the program crashed before usage or a spelling mistake, etc!
[34]PETSC ERROR:   Option left: name:-log_view (no value) source: code
[34]PETSC ERROR:   Option left: name:-log_view_memory (no value) source: code
[34]PETSC ERROR: See https://petsc.org/release/faq/ for trouble shooting.
[34]PETSC ERROR: PETSc Development Git Revision: d6d17c0d2f413b1849bf4e4b675d0543e1c00865 Git Date: 2026-04-04 15:47:38 +0000
[34]PETSC ERROR: /scratch/xd2/sg8812/g-adopt-worktrees/sghelichkhani/richardson/tests/parallel_scaling_richards/cockett_3d.py with 48 MPI process(es) and PETSC_ARCH default on gadi-cpu-spr-0651.gadi.nci.org.au by sg8812 Wed Apr 15 15:23:45 2026
[34]PETSC ERROR: Configure options: PETSC_DIR=/g/data/fp50/apps/petsc/main-20260404 PETSC_ARCH=default --with-cc=mpicc --with-cxx=mpicxx --with-fc=mpif90 --with-mpiexec=mpirun COPTFLAGS="-O3 -g -xCASCADELAKE" CXXOPTFLAGS="-O3 -g -xCASCADELAKE" FOPTFLAGS="-O3 -g -xCASCADELAKE" --with-c2html=0 --with-debugging=0 --with-fortran-bindings=0 --with-shared-libraries=1 --with-strict-petscerrorcode --download-bison --download-hdf5 --with-hwloc --download-mumps --download-netcdf --download-pnetcdf --download-ptscotch --download-suitesparse --download-superlu_dist --with-zlib --download-hypre --download-eigen --download-metis --download-parmetis --download-mmg --download-parmmg --with-scalapack-include=/apps/intel-tools/intel-mkl/2024.2.1/include --with-scalapack-lib="-lmkl_scalapack_lp64 -lmkl_intel_lp64 -lmkl_sequential -lmkl_core -lmkl_blacs_openmpi_lp64 -lpthread -lm -ldl" --with-make-np=12
[34]PETSC ERROR: #1 PetscMemoryGetMaximumUsage() at /g/data/fp50/apps/petsc/main-20260404/src/sys/memory/mem.c:148
[34]PETSC ERROR: #2 PetscMemoryView() at /g/data/fp50/apps/petsc/main-20260404/src/sys/memory/mtr.c:464
[34]PETSC ERROR: #3 PetscFinalize() at /g/data/fp50/apps/petsc/main-20260404/src/sys/objects/pinit.c:1512
PetscFinalize() failed [error code: 73]
[35]PETSC ERROR: --------------------- Error Message --------------------------------------------------------------
[35]PETSC ERROR: Object is in wrong state
[35]PETSC ERROR: To use this function you must first call PetscMemorySetGetMaximumUsage()
[35]PETSC ERROR: WARNING! There are unused option(s) set! Could be the program crashed before usage or a spelling mistake, etc!
[35]PETSC ERROR:   Option left: name:-log_view (no value) source: code
[35]PETSC ERROR:   Option left: name:-log_view_memory (no value) source: code
[35]PETSC ERROR: See https://petsc.org/release/faq/ for trouble shooting.
[35]PETSC ERROR: PETSc Development Git Revision: d6d17c0d2f413b1849bf4e4b675d0543e1c00865 Git Date: 2026-04-04 15:47:38 +0000
[35]PETSC ERROR: /scratch/xd2/sg8812/g-adopt-worktrees/sghelichkhani/richardson/tests/parallel_scaling_richards/cockett_3d.py with 48 MPI process(es) and PETSC_ARCH default on gadi-cpu-spr-0651.gadi.nci.org.au by sg8812 Wed Apr 15 15:23:45 2026
[35]PETSC ERROR: Configure options: PETSC_DIR=/g/data/fp50/apps/petsc/main-20260404 PETSC_ARCH=default --with-cc=mpicc --with-cxx=mpicxx --with-fc=mpif90 --with-mpiexec=mpirun COPTFLAGS="-O3 -g -xCASCADELAKE" CXXOPTFLAGS="-O3 -g -xCASCADELAKE" FOPTFLAGS="-O3 -g -xCASCADELAKE" --with-c2html=0 --with-debugging=0 --with-fortran-bindings=0 --with-shared-libraries=1 --with-strict-petscerrorcode --download-bison --download-hdf5 --with-hwloc --download-mumps --download-netcdf --download-pnetcdf --download-ptscotch --download-suitesparse --download-superlu_dist --with-zlib --download-hypre --download-eigen --download-metis --download-parmetis --download-mmg --download-parmmg --with-scalapack-include=/apps/intel-tools/intel-mkl/2024.2.1/include --with-scalapack-lib="-lmkl_scalapack_lp64 -lmkl_intel_lp64 -lmkl_sequential -lmkl_core -lmkl_blacs_openmpi_lp64 -lpthread -lm -ldl" --with-make-np=12
[35]PETSC ERROR: #1 PetscMemoryGetMaximumUsage() at /g/data/fp50/apps/petsc/main-20260404/src/sys/memory/mem.c:148
[35]PETSC ERROR: #2 PetscMemoryView() at /g/data/fp50/apps/petsc/main-20260404/src/sys/memory/mtr.c:464
[35]PETSC ERROR: #3 PetscFinalize() at /g/data/fp50/apps/petsc/main-20260404/src/sys/objects/pinit.c:1512
PetscFinalize() failed [error code: 73]
[36]PETSC ERROR: --------------------- Error Message --------------------------------------------------------------
[36]PETSC ERROR: Object is in wrong state
[36]PETSC ERROR: To use this function you must first call PetscMemorySetGetMaximumUsage()
[36]PETSC ERROR: WARNING! There are unused option(s) set! Could be the program crashed before usage or a spelling mistake, etc!
[36]PETSC ERROR:   Option left: name:-log_view (no value) source: code
[36]PETSC ERROR:   Option left: name:-log_view_memory (no value) source: code
[36]PETSC ERROR: See https://petsc.org/release/faq/ for trouble shooting.
[36]PETSC ERROR: PETSc Development Git Revision: d6d17c0d2f413b1849bf4e4b675d0543e1c00865 Git Date: 2026-04-04 15:47:38 +0000
[36]PETSC ERROR: /scratch/xd2/sg8812/g-adopt-worktrees/sghelichkhani/richardson/tests/parallel_scaling_richards/cockett_3d.py with 48 MPI process(es) and PETSC_ARCH default on gadi-cpu-spr-0651.gadi.nci.org.au by sg8812 Wed Apr 15 15:23:45 2026
[36]PETSC ERROR: Configure options: PETSC_DIR=/g/data/fp50/apps/petsc/main-20260404 PETSC_ARCH=default --with-cc=mpicc --with-cxx=mpicxx --with-fc=mpif90 --with-mpiexec=mpirun COPTFLAGS="-O3 -g -xCASCADELAKE" CXXOPTFLAGS="-O3 -g -xCASCADELAKE" FOPTFLAGS="-O3 -g -xCASCADELAKE" --with-c2html=0 --with-debugging=0 --with-fortran-bindings=0 --with-shared-libraries=1 --with-strict-petscerrorcode --download-bison --download-hdf5 --with-hwloc --download-mumps --download-netcdf --download-pnetcdf --download-ptscotch --download-suitesparse --download-superlu_dist --with-zlib --download-hypre --download-eigen --download-metis --download-parmetis --download-mmg --download-parmmg --with-scalapack-include=/apps/intel-tools/intel-mkl/2024.2.1/include --with-scalapack-lib="-lmkl_scalapack_lp64 -lmkl_intel_lp64 -lmkl_sequential -lmkl_core -lmkl_blacs_openmpi_lp64 -lpthread -lm -ldl" --with-make-np=12
[36]PETSC ERROR: #1 PetscMemoryGetMaximumUsage() at /g/data/fp50/apps/petsc/main-20260404/src/sys/memory/mem.c:148
[36]PETSC ERROR: #2 PetscMemoryView() at /g/data/fp50/apps/petsc/main-20260404/src/sys/memory/mtr.c:464
[36]PETSC ERROR: #3 PetscFinalize() at /g/data/fp50/apps/petsc/main-20260404/src/sys/objects/pinit.c:1512
PetscFinalize() failed [error code: 73]
[37]PETSC ERROR: --------------------- Error Message --------------------------------------------------------------
[37]PETSC ERROR: Object is in wrong state
[37]PETSC ERROR: To use this function you must first call PetscMemorySetGetMaximumUsage()
[37]PETSC ERROR: WARNING! There are unused option(s) set! Could be the program crashed before usage or a spelling mistake, etc!
[37]PETSC ERROR:   Option left: name:-log_view (no value) source: code
[37]PETSC ERROR:   Option left: name:-log_view_memory (no value) source: code
[37]PETSC ERROR: See https://petsc.org/release/faq/ for trouble shooting.
[37]PETSC ERROR: PETSc Development Git Revision: d6d17c0d2f413b1849bf4e4b675d0543e1c00865 Git Date: 2026-04-04 15:47:38 +0000
[37]PETSC ERROR: /scratch/xd2/sg8812/g-adopt-worktrees/sghelichkhani/richardson/tests/parallel_scaling_richards/cockett_3d.py with 48 MPI process(es) and PETSC_ARCH default on gadi-cpu-spr-0651.gadi.nci.org.au by sg8812 Wed Apr 15 15:23:45 2026
[37]PETSC ERROR: Configure options: PETSC_DIR=/g/data/fp50/apps/petsc/main-20260404 PETSC_ARCH=default --with-cc=mpicc --with-cxx=mpicxx --with-fc=mpif90 --with-mpiexec=mpirun COPTFLAGS="-O3 -g -xCASCADELAKE" CXXOPTFLAGS="-O3 -g -xCASCADELAKE" FOPTFLAGS="-O3 -g -xCASCADELAKE" --with-c2html=0 --with-debugging=0 --with-fortran-bindings=0 --with-shared-libraries=1 --with-strict-petscerrorcode --download-bison --download-hdf5 --with-hwloc --download-mumps --download-netcdf --download-pnetcdf --download-ptscotch --download-suitesparse --download-superlu_dist --with-zlib --download-hypre --download-eigen --download-metis --download-parmetis --download-mmg --download-parmmg --with-scalapack-include=/apps/intel-tools/intel-mkl/2024.2.1/include --with-scalapack-lib="-lmkl_scalapack_lp64 -lmkl_intel_lp64 -lmkl_sequential -lmkl_core -lmkl_blacs_openmpi_lp64 -lpthread -lm -ldl" --with-make-np=12
[37]PETSC ERROR: #1 PetscMemoryGetMaximumUsage() at /g/data/fp50/apps/petsc/main-20260404/src/sys/memory/mem.c:148
[37]PETSC ERROR: #2 PetscMemoryView() at /g/data/fp50/apps/petsc/main-20260404/src/sys/memory/mtr.c:464
[37]PETSC ERROR: #3 PetscFinalize() at /g/data/fp50/apps/petsc/main-20260404/src/sys/objects/pinit.c:1512
PetscFinalize() failed [error code: 73]
[38]PETSC ERROR: --------------------- Error Message --------------------------------------------------------------
[38]PETSC ERROR: Object is in wrong state
[38]PETSC ERROR: To use this function you must first call PetscMemorySetGetMaximumUsage()
[38]PETSC ERROR: WARNING! There are unused option(s) set! Could be the program crashed before usage or a spelling mistake, etc!
[38]PETSC ERROR:   Option left: name:-log_view (no value) source: code
[38]PETSC ERROR:   Option left: name:-log_view_memory (no value) source: code
[38]PETSC ERROR: See https://petsc.org/release/faq/ for trouble shooting.
[38]PETSC ERROR: PETSc Development Git Revision: d6d17c0d2f413b1849bf4e4b675d0543e1c00865 Git Date: 2026-04-04 15:47:38 +0000
[38]PETSC ERROR: /scratch/xd2/sg8812/g-adopt-worktrees/sghelichkhani/richardson/tests/parallel_scaling_richards/cockett_3d.py with 48 MPI process(es) and PETSC_ARCH default on gadi-cpu-spr-0651.gadi.nci.org.au by sg8812 Wed Apr 15 15:23:45 2026
[38]PETSC ERROR: Configure options: PETSC_DIR=/g/data/fp50/apps/petsc/main-20260404 PETSC_ARCH=default --with-cc=mpicc --with-cxx=mpicxx --with-fc=mpif90 --with-mpiexec=mpirun COPTFLAGS="-O3 -g -xCASCADELAKE" CXXOPTFLAGS="-O3 -g -xCASCADELAKE" FOPTFLAGS="-O3 -g -xCASCADELAKE" --with-c2html=0 --with-debugging=0 --with-fortran-bindings=0 --with-shared-libraries=1 --with-strict-petscerrorcode --download-bison --download-hdf5 --with-hwloc --download-mumps --download-netcdf --download-pnetcdf --download-ptscotch --download-suitesparse --download-superlu_dist --with-zlib --download-hypre --download-eigen --download-metis --download-parmetis --download-mmg --download-parmmg --with-scalapack-include=/apps/intel-tools/intel-mkl/2024.2.1/include --with-scalapack-lib="-lmkl_scalapack_lp64 -lmkl_intel_lp64 -lmkl_sequential -lmkl_core -lmkl_blacs_openmpi_lp64 -lpthread -lm -ldl" --with-make-np=12
[38]PETSC ERROR: #1 PetscMemoryGetMaximumUsage() at /g/data/fp50/apps/petsc/main-20260404/src/sys/memory/mem.c:148
[38]PETSC ERROR: #2 PetscMemoryView() at /g/data/fp50/apps/petsc/main-20260404/src/sys/memory/mtr.c:464
[38]PETSC ERROR: #3 PetscFinalize() at /g/data/fp50/apps/petsc/main-20260404/src/sys/objects/pinit.c:1512
PetscFinalize() failed [error code: 73]
[39]PETSC ERROR: --------------------- Error Message --------------------------------------------------------------
[39]PETSC ERROR: Object is in wrong state
[39]PETSC ERROR: To use this function you must first call PetscMemorySetGetMaximumUsage()
[39]PETSC ERROR: WARNING! There are unused option(s) set! Could be the program crashed before usage or a spelling mistake, etc!
[39]PETSC ERROR:   Option left: name:-log_view (no value) source: code
[39]PETSC ERROR:   Option left: name:-log_view_memory (no value) source: code
[39]PETSC ERROR: See https://petsc.org/release/faq/ for trouble shooting.
[39]PETSC ERROR: PETSc Development Git Revision: d6d17c0d2f413b1849bf4e4b675d0543e1c00865 Git Date: 2026-04-04 15:47:38 +0000
[39]PETSC ERROR: /scratch/xd2/sg8812/g-adopt-worktrees/sghelichkhani/richardson/tests/parallel_scaling_richards/cockett_3d.py with 48 MPI process(es) and PETSC_ARCH default on gadi-cpu-spr-0651.gadi.nci.org.au by sg8812 Wed Apr 15 15:23:45 2026
[39]PETSC ERROR: Configure options: PETSC_DIR=/g/data/fp50/apps/petsc/main-20260404 PETSC_ARCH=default --with-cc=mpicc --with-cxx=mpicxx --with-fc=mpif90 --with-mpiexec=mpirun COPTFLAGS="-O3 -g -xCASCADELAKE" CXXOPTFLAGS="-O3 -g -xCASCADELAKE" FOPTFLAGS="-O3 -g -xCASCADELAKE" --with-c2html=0 --with-debugging=0 --with-fortran-bindings=0 --with-shared-libraries=1 --with-strict-petscerrorcode --download-bison --download-hdf5 --with-hwloc --download-mumps --download-netcdf --download-pnetcdf --download-ptscotch --download-suitesparse --download-superlu_dist --with-zlib --download-hypre --download-eigen --download-metis --download-parmetis --download-mmg --download-parmmg --with-scalapack-include=/apps/intel-tools/intel-mkl/2024.2.1/include --with-scalapack-lib="-lmkl_scalapack_lp64 -lmkl_intel_lp64 -lmkl_sequential -lmkl_core -lmkl_blacs_openmpi_lp64 -lpthread -lm -ldl" --with-make-np=12
[39]PETSC ERROR: #1 PetscMemoryGetMaximumUsage() at /g/data/fp50/apps/petsc/main-20260404/src/sys/memory/mem.c:148
[39]PETSC ERROR: #2 PetscMemoryView() at /g/data/fp50/apps/petsc/main-20260404/src/sys/memory/mtr.c:464
[39]PETSC ERROR: #3 PetscFinalize() at /g/data/fp50/apps/petsc/main-20260404/src/sys/objects/pinit.c:1512
PetscFinalize() failed [error code: 73]
[40]PETSC ERROR: --------------------- Error Message --------------------------------------------------------------
[40]PETSC ERROR: Object is in wrong state
[40]PETSC ERROR: To use this function you must first call PetscMemorySetGetMaximumUsage()
[40]PETSC ERROR: WARNING! There are unused option(s) set! Could be the program crashed before usage or a spelling mistake, etc!
[40]PETSC ERROR:   Option left: name:-log_view (no value) source: code
[40]PETSC ERROR:   Option left: name:-log_view_memory (no value) source: code
[40]PETSC ERROR: See https://petsc.org/release/faq/ for trouble shooting.
[40]PETSC ERROR: PETSc Development Git Revision: d6d17c0d2f413b1849bf4e4b675d0543e1c00865 Git Date: 2026-04-04 15:47:38 +0000
[40]PETSC ERROR: /scratch/xd2/sg8812/g-adopt-worktrees/sghelichkhani/richardson/tests/parallel_scaling_richards/cockett_3d.py with 48 MPI process(es) and PETSC_ARCH default on gadi-cpu-spr-0651.gadi.nci.org.au by sg8812 Wed Apr 15 15:23:45 2026
[40]PETSC ERROR: Configure options: PETSC_DIR=/g/data/fp50/apps/petsc/main-20260404 PETSC_ARCH=default --with-cc=mpicc --with-cxx=mpicxx --with-fc=mpif90 --with-mpiexec=mpirun COPTFLAGS="-O3 -g -xCASCADELAKE" CXXOPTFLAGS="-O3 -g -xCASCADELAKE" FOPTFLAGS="-O3 -g -xCASCADELAKE" --with-c2html=0 --with-debugging=0 --with-fortran-bindings=0 --with-shared-libraries=1 --with-strict-petscerrorcode --download-bison --download-hdf5 --with-hwloc --download-mumps --download-netcdf --download-pnetcdf --download-ptscotch --download-suitesparse --download-superlu_dist --with-zlib --download-hypre --download-eigen --download-metis --download-parmetis --download-mmg --download-parmmg --with-scalapack-include=/apps/intel-tools/intel-mkl/2024.2.1/include --with-scalapack-lib="-lmkl_scalapack_lp64 -lmkl_intel_lp64 -lmkl_sequential -lmkl_core -lmkl_blacs_openmpi_lp64 -lpthread -lm -ldl" --with-make-np=12
[40]PETSC ERROR: #1 PetscMemoryGetMaximumUsage() at /g/data/fp50/apps/petsc/main-20260404/src/sys/memory/mem.c:148
[40]PETSC ERROR: #2 PetscMemoryView() at /g/data/fp50/apps/petsc/main-20260404/src/sys/memory/mtr.c:464
[40]PETSC ERROR: #3 PetscFinalize() at /g/data/fp50/apps/petsc/main-20260404/src/sys/objects/pinit.c:1512
PetscFinalize() failed [error code: 73]
[41]PETSC ERROR: --------------------- Error Message --------------------------------------------------------------
[41]PETSC ERROR: Object is in wrong state
[41]PETSC ERROR: To use this function you must first call PetscMemorySetGetMaximumUsage()
[41]PETSC ERROR: WARNING! There are unused option(s) set! Could be the program crashed before usage or a spelling mistake, etc!
[41]PETSC ERROR:   Option left: name:-log_view (no value) source: code
[41]PETSC ERROR:   Option left: name:-log_view_memory (no value) source: code
[41]PETSC ERROR: See https://petsc.org/release/faq/ for trouble shooting.
[41]PETSC ERROR: PETSc Development Git Revision: d6d17c0d2f413b1849bf4e4b675d0543e1c00865 Git Date: 2026-04-04 15:47:38 +0000
[41]PETSC ERROR: /scratch/xd2/sg8812/g-adopt-worktrees/sghelichkhani/richardson/tests/parallel_scaling_richards/cockett_3d.py with 48 MPI process(es) and PETSC_ARCH default on gadi-cpu-spr-0651.gadi.nci.org.au by sg8812 Wed Apr 15 15:23:45 2026
[41]PETSC ERROR: Configure options: PETSC_DIR=/g/data/fp50/apps/petsc/main-20260404 PETSC_ARCH=default --with-cc=mpicc --with-cxx=mpicxx --with-fc=mpif90 --with-mpiexec=mpirun COPTFLAGS="-O3 -g -xCASCADELAKE" CXXOPTFLAGS="-O3 -g -xCASCADELAKE" FOPTFLAGS="-O3 -g -xCASCADELAKE" --with-c2html=0 --with-debugging=0 --with-fortran-bindings=0 --with-shared-libraries=1 --with-strict-petscerrorcode --download-bison --download-hdf5 --with-hwloc --download-mumps --download-netcdf --download-pnetcdf --download-ptscotch --download-suitesparse --download-superlu_dist --with-zlib --download-hypre --download-eigen --download-metis --download-parmetis --download-mmg --download-parmmg --with-scalapack-include=/apps/intel-tools/intel-mkl/2024.2.1/include --with-scalapack-lib="-lmkl_scalapack_lp64 -lmkl_intel_lp64 -lmkl_sequential -lmkl_core -lmkl_blacs_openmpi_lp64 -lpthread -lm -ldl" --with-make-np=12
[41]PETSC ERROR: #1 PetscMemoryGetMaximumUsage() at /g/data/fp50/apps/petsc/main-20260404/src/sys/memory/mem.c:148
[41]PETSC ERROR: #2 PetscMemoryView() at /g/data/fp50/apps/petsc/main-20260404/src/sys/memory/mtr.c:464
[41]PETSC ERROR: #3 PetscFinalize() at /g/data/fp50/apps/petsc/main-20260404/src/sys/objects/pinit.c:1512
PetscFinalize() failed [error code: 73]
[42]PETSC ERROR: --------------------- Error Message --------------------------------------------------------------
[42]PETSC ERROR: Object is in wrong state
[42]PETSC ERROR: To use this function you must first call PetscMemorySetGetMaximumUsage()
[42]PETSC ERROR: WARNING! There are unused option(s) set! Could be the program crashed before usage or a spelling mistake, etc!
[42]PETSC ERROR:   Option left: name:-log_view (no value) source: code
[42]PETSC ERROR:   Option left: name:-log_view_memory (no value) source: code
[42]PETSC ERROR: See https://petsc.org/release/faq/ for trouble shooting.
[42]PETSC ERROR: PETSc Development Git Revision: d6d17c0d2f413b1849bf4e4b675d0543e1c00865 Git Date: 2026-04-04 15:47:38 +0000
[42]PETSC ERROR: /scratch/xd2/sg8812/g-adopt-worktrees/sghelichkhani/richardson/tests/parallel_scaling_richards/cockett_3d.py with 48 MPI process(es) and PETSC_ARCH default on gadi-cpu-spr-0651.gadi.nci.org.au by sg8812 Wed Apr 15 15:23:45 2026
[42]PETSC ERROR: Configure options: PETSC_DIR=/g/data/fp50/apps/petsc/main-20260404 PETSC_ARCH=default --with-cc=mpicc --with-cxx=mpicxx --with-fc=mpif90 --with-mpiexec=mpirun COPTFLAGS="-O3 -g -xCASCADELAKE" CXXOPTFLAGS="-O3 -g -xCASCADELAKE" FOPTFLAGS="-O3 -g -xCASCADELAKE" --with-c2html=0 --with-debugging=0 --with-fortran-bindings=0 --with-shared-libraries=1 --with-strict-petscerrorcode --download-bison --download-hdf5 --with-hwloc --download-mumps --download-netcdf --download-pnetcdf --download-ptscotch --download-suitesparse --download-superlu_dist --with-zlib --download-hypre --download-eigen --download-metis --download-parmetis --download-mmg --download-parmmg --with-scalapack-include=/apps/intel-tools/intel-mkl/2024.2.1/include --with-scalapack-lib="-lmkl_scalapack_lp64 -lmkl_intel_lp64 -lmkl_sequential -lmkl_core -lmkl_blacs_openmpi_lp64 -lpthread -lm -ldl" --with-make-np=12
[42]PETSC ERROR: #1 PetscMemoryGetMaximumUsage() at /g/data/fp50/apps/petsc/main-20260404/src/sys/memory/mem.c:148
[42]PETSC ERROR: #2 PetscMemoryView() at /g/data/fp50/apps/petsc/main-20260404/src/sys/memory/mtr.c:464
[42]PETSC ERROR: #3 PetscFinalize() at /g/data/fp50/apps/petsc/main-20260404/src/sys/objects/pinit.c:1512
PetscFinalize() failed [error code: 73]
[43]PETSC ERROR: --------------------- Error Message --------------------------------------------------------------
[43]PETSC ERROR: Object is in wrong state
[43]PETSC ERROR: To use this function you must first call PetscMemorySetGetMaximumUsage()
[43]PETSC ERROR: WARNING! There are unused option(s) set! Could be the program crashed before usage or a spelling mistake, etc!
[43]PETSC ERROR:   Option left: name:-log_view (no value) source: code
[43]PETSC ERROR:   Option left: name:-log_view_memory (no value) source: code
[43]PETSC ERROR: See https://petsc.org/release/faq/ for trouble shooting.
[43]PETSC ERROR: PETSc Development Git Revision: d6d17c0d2f413b1849bf4e4b675d0543e1c00865 Git Date: 2026-04-04 15:47:38 +0000
[43]PETSC ERROR: /scratch/xd2/sg8812/g-adopt-worktrees/sghelichkhani/richardson/tests/parallel_scaling_richards/cockett_3d.py with 48 MPI process(es) and PETSC_ARCH default on gadi-cpu-spr-0651.gadi.nci.org.au by sg8812 Wed Apr 15 15:23:45 2026
[43]PETSC ERROR: Configure options: PETSC_DIR=/g/data/fp50/apps/petsc/main-20260404 PETSC_ARCH=default --with-cc=mpicc --with-cxx=mpicxx --with-fc=mpif90 --with-mpiexec=mpirun COPTFLAGS="-O3 -g -xCASCADELAKE" CXXOPTFLAGS="-O3 -g -xCASCADELAKE" FOPTFLAGS="-O3 -g -xCASCADELAKE" --with-c2html=0 --with-debugging=0 --with-fortran-bindings=0 --with-shared-libraries=1 --with-strict-petscerrorcode --download-bison --download-hdf5 --with-hwloc --download-mumps --download-netcdf --download-pnetcdf --download-ptscotch --download-suitesparse --download-superlu_dist --with-zlib --download-hypre --download-eigen --download-metis --download-parmetis --download-mmg --download-parmmg --with-scalapack-include=/apps/intel-tools/intel-mkl/2024.2.1/include --with-scalapack-lib="-lmkl_scalapack_lp64 -lmkl_intel_lp64 -lmkl_sequential -lmkl_core -lmkl_blacs_openmpi_lp64 -lpthread -lm -ldl" --with-make-np=12
[43]PETSC ERROR: #1 PetscMemoryGetMaximumUsage() at /g/data/fp50/apps/petsc/main-20260404/src/sys/memory/mem.c:148
[43]PETSC ERROR: #2 PetscMemoryView() at /g/data/fp50/apps/petsc/main-20260404/src/sys/memory/mtr.c:464
[43]PETSC ERROR: #3 PetscFinalize() at /g/data/fp50/apps/petsc/main-20260404/src/sys/objects/pinit.c:1512
PetscFinalize() failed [error code: 73]
[44]PETSC ERROR: --------------------- Error Message --------------------------------------------------------------
[44]PETSC ERROR: Object is in wrong state
[44]PETSC ERROR: To use this function you must first call PetscMemorySetGetMaximumUsage()
[44]PETSC ERROR: WARNING! There are unused option(s) set! Could be the program crashed before usage or a spelling mistake, etc!
[44]PETSC ERROR:   Option left: name:-log_view (no value) source: code
[44]PETSC ERROR:   Option left: name:-log_view_memory (no value) source: code
[44]PETSC ERROR: See https://petsc.org/release/faq/ for trouble shooting.
[44]PETSC ERROR: PETSc Development Git Revision: d6d17c0d2f413b1849bf4e4b675d0543e1c00865 Git Date: 2026-04-04 15:47:38 +0000
[44]PETSC ERROR: /scratch/xd2/sg8812/g-adopt-worktrees/sghelichkhani/richardson/tests/parallel_scaling_richards/cockett_3d.py with 48 MPI process(es) and PETSC_ARCH default on gadi-cpu-spr-0651.gadi.nci.org.au by sg8812 Wed Apr 15 15:23:45 2026
[44]PETSC ERROR: Configure options: PETSC_DIR=/g/data/fp50/apps/petsc/main-20260404 PETSC_ARCH=default --with-cc=mpicc --with-cxx=mpicxx --with-fc=mpif90 --with-mpiexec=mpirun COPTFLAGS="-O3 -g -xCASCADELAKE" CXXOPTFLAGS="-O3 -g -xCASCADELAKE" FOPTFLAGS="-O3 -g -xCASCADELAKE" --with-c2html=0 --with-debugging=0 --with-fortran-bindings=0 --with-shared-libraries=1 --with-strict-petscerrorcode --download-bison --download-hdf5 --with-hwloc --download-mumps --download-netcdf --download-pnetcdf --download-ptscotch --download-suitesparse --download-superlu_dist --with-zlib --download-hypre --download-eigen --download-metis --download-parmetis --download-mmg --download-parmmg --with-scalapack-include=/apps/intel-tools/intel-mkl/2024.2.1/include --with-scalapack-lib="-lmkl_scalapack_lp64 -lmkl_intel_lp64 -lmkl_sequential -lmkl_core -lmkl_blacs_openmpi_lp64 -lpthread -lm -ldl" --with-make-np=12
[44]PETSC ERROR: #1 PetscMemoryGetMaximumUsage() at /g/data/fp50/apps/petsc/main-20260404/src/sys/memory/mem.c:148
[44]PETSC ERROR: #2 PetscMemoryView() at /g/data/fp50/apps/petsc/main-20260404/src/sys/memory/mtr.c:464
[44]PETSC ERROR: #3 PetscFinalize() at /g/data/fp50/apps/petsc/main-20260404/src/sys/objects/pinit.c:1512
PetscFinalize() failed [error code: 73]
[45]PETSC ERROR: --------------------- Error Message --------------------------------------------------------------
[45]PETSC ERROR: Object is in wrong state
[45]PETSC ERROR: To use this function you must first call PetscMemorySetGetMaximumUsage()
[45]PETSC ERROR: WARNING! There are unused option(s) set! Could be the program crashed before usage or a spelling mistake, etc!
[45]PETSC ERROR:   Option left: name:-log_view (no value) source: code
[45]PETSC ERROR:   Option left: name:-log_view_memory (no value) source: code
[45]PETSC ERROR: See https://petsc.org/release/faq/ for trouble shooting.
[45]PETSC ERROR: PETSc Development Git Revision: d6d17c0d2f413b1849bf4e4b675d0543e1c00865 Git Date: 2026-04-04 15:47:38 +0000
[45]PETSC ERROR: /scratch/xd2/sg8812/g-adopt-worktrees/sghelichkhani/richardson/tests/parallel_scaling_richards/cockett_3d.py with 48 MPI process(es) and PETSC_ARCH default on gadi-cpu-spr-0651.gadi.nci.org.au by sg8812 Wed Apr 15 15:23:45 2026
[45]PETSC ERROR: Configure options: PETSC_DIR=/g/data/fp50/apps/petsc/main-20260404 PETSC_ARCH=default --with-cc=mpicc --with-cxx=mpicxx --with-fc=mpif90 --with-mpiexec=mpirun COPTFLAGS="-O3 -g -xCASCADELAKE" CXXOPTFLAGS="-O3 -g -xCASCADELAKE" FOPTFLAGS="-O3 -g -xCASCADELAKE" --with-c2html=0 --with-debugging=0 --with-fortran-bindings=0 --with-shared-libraries=1 --with-strict-petscerrorcode --download-bison --download-hdf5 --with-hwloc --download-mumps --download-netcdf --download-pnetcdf --download-ptscotch --download-suitesparse --download-superlu_dist --with-zlib --download-hypre --download-eigen --download-metis --download-parmetis --download-mmg --download-parmmg --with-scalapack-include=/apps/intel-tools/intel-mkl/2024.2.1/include --with-scalapack-lib="-lmkl_scalapack_lp64 -lmkl_intel_lp64 -lmkl_sequential -lmkl_core -lmkl_blacs_openmpi_lp64 -lpthread -lm -ldl" --with-make-np=12
[45]PETSC ERROR: #1 PetscMemoryGetMaximumUsage() at /g/data/fp50/apps/petsc/main-20260404/src/sys/memory/mem.c:148
[45]PETSC ERROR: #2 PetscMemoryView() at /g/data/fp50/apps/petsc/main-20260404/src/sys/memory/mtr.c:464
[45]PETSC ERROR: #3 PetscFinalize() at /g/data/fp50/apps/petsc/main-20260404/src/sys/objects/pinit.c:1512
PetscFinalize() failed [error code: 73]
[46]PETSC ERROR: --------------------- Error Message --------------------------------------------------------------
[46]PETSC ERROR: Object is in wrong state
[46]PETSC ERROR: To use this function you must first call PetscMemorySetGetMaximumUsage()
[46]PETSC ERROR: WARNING! There are unused option(s) set! Could be the program crashed before usage or a spelling mistake, etc!
[46]PETSC ERROR:   Option left: name:-log_view (no value) source: code
[46]PETSC ERROR:   Option left: name:-log_view_memory (no value) source: code
[46]PETSC ERROR: See https://petsc.org/release/faq/ for trouble shooting.
[46]PETSC ERROR: PETSc Development Git Revision: d6d17c0d2f413b1849bf4e4b675d0543e1c00865 Git Date: 2026-04-04 15:47:38 +0000
[46]PETSC ERROR: /scratch/xd2/sg8812/g-adopt-worktrees/sghelichkhani/richardson/tests/parallel_scaling_richards/cockett_3d.py with 48 MPI process(es) and PETSC_ARCH default on gadi-cpu-spr-0651.gadi.nci.org.au by sg8812 Wed Apr 15 15:23:45 2026
[46]PETSC ERROR: Configure options: PETSC_DIR=/g/data/fp50/apps/petsc/main-20260404 PETSC_ARCH=default --with-cc=mpicc --with-cxx=mpicxx --with-fc=mpif90 --with-mpiexec=mpirun COPTFLAGS="-O3 -g -xCASCADELAKE" CXXOPTFLAGS="-O3 -g -xCASCADELAKE" FOPTFLAGS="-O3 -g -xCASCADELAKE" --with-c2html=0 --with-debugging=0 --with-fortran-bindings=0 --with-shared-libraries=1 --with-strict-petscerrorcode --download-bison --download-hdf5 --with-hwloc --download-mumps --download-netcdf --download-pnetcdf --download-ptscotch --download-suitesparse --download-superlu_dist --with-zlib --download-hypre --download-eigen --download-metis --download-parmetis --download-mmg --download-parmmg --with-scalapack-include=/apps/intel-tools/intel-mkl/2024.2.1/include --with-scalapack-lib="-lmkl_scalapack_lp64 -lmkl_intel_lp64 -lmkl_sequential -lmkl_core -lmkl_blacs_openmpi_lp64 -lpthread -lm -ldl" --with-make-np=12
[46]PETSC ERROR: #1 PetscMemoryGetMaximumUsage() at /g/data/fp50/apps/petsc/main-20260404/src/sys/memory/mem.c:148
[46]PETSC ERROR: #2 PetscMemoryView() at /g/data/fp50/apps/petsc/main-20260404/src/sys/memory/mtr.c:464
[46]PETSC ERROR: #3 PetscFinalize() at /g/data/fp50/apps/petsc/main-20260404/src/sys/objects/pinit.c:1512
PetscFinalize() failed [error code: 73]
[47]PETSC ERROR: --------------------- Error Message --------------------------------------------------------------
[47]PETSC ERROR: Object is in wrong state
[47]PETSC ERROR: To use this function you must first call PetscMemorySetGetMaximumUsage()
[47]PETSC ERROR: WARNING! There are unused option(s) set! Could be the program crashed before usage or a spelling mistake, etc!
[47]PETSC ERROR:   Option left: name:-log_view (no value) source: code
[47]PETSC ERROR:   Option left: name:-log_view_memory (no value) source: code
[47]PETSC ERROR: See https://petsc.org/release/faq/ for trouble shooting.
[47]PETSC ERROR: PETSc Development Git Revision: d6d17c0d2f413b1849bf4e4b675d0543e1c00865 Git Date: 2026-04-04 15:47:38 +0000
[47]PETSC ERROR: /scratch/xd2/sg8812/g-adopt-worktrees/sghelichkhani/richardson/tests/parallel_scaling_richards/cockett_3d.py with 48 MPI process(es) and PETSC_ARCH default on gadi-cpu-spr-0651.gadi.nci.org.au by sg8812 Wed Apr 15 15:23:45 2026
[47]PETSC ERROR: Configure options: PETSC_DIR=/g/data/fp50/apps/petsc/main-20260404 PETSC_ARCH=default --with-cc=mpicc --with-cxx=mpicxx --with-fc=mpif90 --with-mpiexec=mpirun COPTFLAGS="-O3 -g -xCASCADELAKE" CXXOPTFLAGS="-O3 -g -xCASCADELAKE" FOPTFLAGS="-O3 -g -xCASCADELAKE" --with-c2html=0 --with-debugging=0 --with-fortran-bindings=0 --with-shared-libraries=1 --with-strict-petscerrorcode --download-bison --download-hdf5 --with-hwloc --download-mumps --download-netcdf --download-pnetcdf --download-ptscotch --download-suitesparse --download-superlu_dist --with-zlib --download-hypre --download-eigen --download-metis --download-parmetis --download-mmg --download-parmmg --with-scalapack-include=/apps/intel-tools/intel-mkl/2024.2.1/include --with-scalapack-lib="-lmkl_scalapack_lp64 -lmkl_intel_lp64 -lmkl_sequential -lmkl_core -lmkl_blacs_openmpi_lp64 -lpthread -lm -ldl" --with-make-np=12
[47]PETSC ERROR: #1 PetscMemoryGetMaximumUsage() at /g/data/fp50/apps/petsc/main-20260404/src/sys/memory/mem.c:148
[47]PETSC ERROR: #2 PetscMemoryView() at /g/data/fp50/apps/petsc/main-20260404/src/sys/memory/mtr.c:464
[47]PETSC ERROR: #3 PetscFinalize() at /g/data/fp50/apps/petsc/main-20260404/src/sys/objects/pinit.c:1512
PetscFinalize() failed [error code: 73]
[0]PETSC ERROR: --------------------- Error Message --------------------------------------------------------------
[0]PETSC ERROR: Object is in wrong state
[0]PETSC ERROR: To use this function you must first call PetscMemorySetGetMaximumUsage()
[0]PETSC ERROR: WARNING! There are unused option(s) set! Could be the program crashed before usage or a spelling mistake, etc!
[0]PETSC ERROR:   Option left: name:-log_view (no value) source: code
[0]PETSC ERROR:   Option left: name:-log_view_memory (no value) source: code
[0]PETSC ERROR: See https://petsc.org/release/faq/ for trouble shooting.
[0]PETSC ERROR: PETSc Development Git Revision: d6d17c0d2f413b1849bf4e4b675d0543e1c00865 Git Date: 2026-04-04 15:47:38 +0000
[0]PETSC ERROR: /scratch/xd2/sg8812/g-adopt-worktrees/sghelichkhani/richardson/tests/parallel_scaling_richards/cockett_3d.py with 48 MPI process(es) and PETSC_ARCH default on gadi-cpu-spr-0651.gadi.nci.org.au by sg8812 Wed Apr 15 15:23:45 2026
[0]PETSC ERROR: Configure options: PETSC_DIR=/g/data/fp50/apps/petsc/main-20260404 PETSC_ARCH=default --with-cc=mpicc --with-cxx=mpicxx --with-fc=mpif90 --with-mpiexec=mpirun COPTFLAGS="-O3 -g -xCASCADELAKE" CXXOPTFLAGS="-O3 -g -xCASCADELAKE" FOPTFLAGS="-O3 -g -xCASCADELAKE" --with-c2html=0 --with-debugging=0 --with-fortran-bindings=0 --with-shared-libraries=1 --with-strict-petscerrorcode --download-bison --download-hdf5 --with-hwloc --download-mumps --download-netcdf --download-pnetcdf --download-ptscotch --download-suitesparse --download-superlu_dist --with-zlib --download-hypre --download-eigen --download-metis --download-parmetis --download-mmg --download-parmmg --with-scalapack-include=/apps/intel-tools/intel-mkl/2024.2.1/include --with-scalapack-lib="-lmkl_scalapack_lp64 -lmkl_intel_lp64 -lmkl_sequential -lmkl_core -lmkl_blacs_openmpi_lp64 -lpthread -lm -ldl" --with-make-np=12
[0]PETSC ERROR: #1 PetscMemoryGetMaximumUsage() at /g/data/fp50/apps/petsc/main-20260404/src/sys/memory/mem.c:148
[0]PETSC ERROR: #2 PetscMemoryView() at /g/data/fp50/apps/petsc/main-20260404/src/sys/memory/mtr.c:464
[0]PETSC ERROR: #3 PetscFinalize() at /g/data/fp50/apps/petsc/main-20260404/src/sys/objects/pinit.c:1512
PetscFinalize() failed [error code: 73]
[6]PETSC ERROR: --------------------- Error Message --------------------------------------------------------------
[6]PETSC ERROR: Object is in wrong state
[6]PETSC ERROR: To use this function you must first call PetscMemorySetGetMaximumUsage()
[6]PETSC ERROR: WARNING! There are unused option(s) set! Could be the program crashed before usage or a spelling mistake, etc!
[6]PETSC ERROR:   Option left: name:-log_view (no value) source: code
[6]PETSC ERROR:   Option left: name:-log_view_memory (no value) source: code
[6]PETSC ERROR: See https://petsc.org/release/faq/ for trouble shooting.
[6]PETSC ERROR: PETSc Development Git Revision: d6d17c0d2f413b1849bf4e4b675d0543e1c00865 Git Date: 2026-04-04 15:47:38 +0000
[6]PETSC ERROR: /scratch/xd2/sg8812/g-adopt-worktrees/sghelichkhani/richardson/tests/parallel_scaling_richards/cockett_3d.py with 48 MPI process(es) and PETSC_ARCH default on gadi-cpu-spr-0651.gadi.nci.org.au by sg8812 Wed Apr 15 15:23:45 2026
[6]PETSC ERROR: Configure options: PETSC_DIR=/g/data/fp50/apps/petsc/main-20260404 PETSC_ARCH=default --with-cc=mpicc --with-cxx=mpicxx --with-fc=mpif90 --with-mpiexec=mpirun COPTFLAGS="-O3 -g -xCASCADELAKE" CXXOPTFLAGS="-O3 -g -xCASCADELAKE" FOPTFLAGS="-O3 -g -xCASCADELAKE" --with-c2html=0 --with-debugging=0 --with-fortran-bindings=0 --with-shared-libraries=1 --with-strict-petscerrorcode --download-bison --download-hdf5 --with-hwloc --download-mumps --download-netcdf --download-pnetcdf --download-ptscotch --download-suitesparse --download-superlu_dist --with-zlib --download-hypre --download-eigen --download-metis --download-parmetis --download-mmg --download-parmmg --with-scalapack-include=/apps/intel-tools/intel-mkl/2024.2.1/include --with-scalapack-lib="-lmkl_scalapack_lp64 -lmkl_intel_lp64 -lmkl_sequential -lmkl_core -lmkl_blacs_openmpi_lp64 -lpthread -lm -ldl" --with-make-np=12
[6]PETSC ERROR: #1 PetscMemoryGetMaximumUsage() at /g/data/fp50/apps/petsc/main-20260404/src/sys/memory/mem.c:148
[6]PETSC ERROR: #2 PetscMemoryView() at /g/data/fp50/apps/petsc/main-20260404/src/sys/memory/mtr.c:464
[6]PETSC ERROR: #3 PetscFinalize() at /g/data/fp50/apps/petsc/main-20260404/src/sys/objects/pinit.c:1512
PetscFinalize() failed [error code: 73]
[7]PETSC ERROR: --------------------- Error Message --------------------------------------------------------------
[7]PETSC ERROR: Object is in wrong state
[7]PETSC ERROR: To use this function you must first call PetscMemorySetGetMaximumUsage()
[7]PETSC ERROR: WARNING! There are unused option(s) set! Could be the program crashed before usage or a spelling mistake, etc!
[7]PETSC ERROR:   Option left: name:-log_view (no value) source: code
[7]PETSC ERROR:   Option left: name:-log_view_memory (no value) source: code
[7]PETSC ERROR: See https://petsc.org/release/faq/ for trouble shooting.
[7]PETSC ERROR: PETSc Development Git Revision: d6d17c0d2f413b1849bf4e4b675d0543e1c00865 Git Date: 2026-04-04 15:47:38 +0000
[7]PETSC ERROR: /scratch/xd2/sg8812/g-adopt-worktrees/sghelichkhani/richardson/tests/parallel_scaling_richards/cockett_3d.py with 48 MPI process(es) and PETSC_ARCH default on gadi-cpu-spr-0651.gadi.nci.org.au by sg8812 Wed Apr 15 15:23:45 2026
[7]PETSC ERROR: Configure options: PETSC_DIR=/g/data/fp50/apps/petsc/main-20260404 PETSC_ARCH=default --with-cc=mpicc --with-cxx=mpicxx --with-fc=mpif90 --with-mpiexec=mpirun COPTFLAGS="-O3 -g -xCASCADELAKE" CXXOPTFLAGS="-O3 -g -xCASCADELAKE" FOPTFLAGS="-O3 -g -xCASCADELAKE" --with-c2html=0 --with-debugging=0 --with-fortran-bindings=0 --with-shared-libraries=1 --with-strict-petscerrorcode --download-bison --download-hdf5 --with-hwloc --download-mumps --download-netcdf --download-pnetcdf --download-ptscotch --download-suitesparse --download-superlu_dist --with-zlib --download-hypre --download-eigen --download-metis --download-parmetis --download-mmg --download-parmmg --with-scalapack-include=/apps/intel-tools/intel-mkl/2024.2.1/include --with-scalapack-lib="-lmkl_scalapack_lp64 -lmkl_intel_lp64 -lmkl_sequential -lmkl_core -lmkl_blacs_openmpi_lp64 -lpthread -lm -ldl" --with-make-np=12
[7]PETSC ERROR: #1 PetscMemoryGetMaximumUsage() at /g/data/fp50/apps/petsc/main-20260404/src/sys/memory/mem.c:148
[7]PETSC ERROR: #2 PetscMemoryView() at /g/data/fp50/apps/petsc/main-20260404/src/sys/memory/mtr.c:464
[7]PETSC ERROR: #3 PetscFinalize() at /g/data/fp50/apps/petsc/main-20260404/src/sys/objects/pinit.c:1512
PetscFinalize() failed [error code: 73]
[9]PETSC ERROR: --------------------- Error Message --------------------------------------------------------------
[9]PETSC ERROR: Object is in wrong state
[9]PETSC ERROR: To use this function you must first call PetscMemorySetGetMaximumUsage()
[9]PETSC ERROR: WARNING! There are unused option(s) set! Could be the program crashed before usage or a spelling mistake, etc!
[9]PETSC ERROR:   Option left: name:-log_view (no value) source: code
[9]PETSC ERROR:   Option left: name:-log_view_memory (no value) source: code
[9]PETSC ERROR: See https://petsc.org/release/faq/ for trouble shooting.
[9]PETSC ERROR: PETSc Development Git Revision: d6d17c0d2f413b1849bf4e4b675d0543e1c00865 Git Date: 2026-04-04 15:47:38 +0000
[9]PETSC ERROR: /scratch/xd2/sg8812/g-adopt-worktrees/sghelichkhani/richardson/tests/parallel_scaling_richards/cockett_3d.py with 48 MPI process(es) and PETSC_ARCH default on gadi-cpu-spr-0651.gadi.nci.org.au by sg8812 Wed Apr 15 15:23:45 2026
[9]PETSC ERROR: Configure options: PETSC_DIR=/g/data/fp50/apps/petsc/main-20260404 PETSC_ARCH=default --with-cc=mpicc --with-cxx=mpicxx --with-fc=mpif90 --with-mpiexec=mpirun COPTFLAGS="-O3 -g -xCASCADELAKE" CXXOPTFLAGS="-O3 -g -xCASCADELAKE" FOPTFLAGS="-O3 -g -xCASCADELAKE" --with-c2html=0 --with-debugging=0 --with-fortran-bindings=0 --with-shared-libraries=1 --with-strict-petscerrorcode --download-bison --download-hdf5 --with-hwloc --download-mumps --download-netcdf --download-pnetcdf --download-ptscotch --download-suitesparse --download-superlu_dist --with-zlib --download-hypre --download-eigen --download-metis --download-parmetis --download-mmg --download-parmmg --with-scalapack-include=/apps/intel-tools/intel-mkl/2024.2.1/include --with-scalapack-lib="-lmkl_scalapack_lp64 -lmkl_intel_lp64 -lmkl_sequential -lmkl_core -lmkl_blacs_openmpi_lp64 -lpthread -lm -ldl" --with-make-np=12
[9]PETSC ERROR: #1 PetscMemoryGetMaximumUsage() at /g/data/fp50/apps/petsc/main-20260404/src/sys/memory/mem.c:148
[9]PETSC ERROR: #2 PetscMemoryView() at /g/data/fp50/apps/petsc/main-20260404/src/sys/memory/mtr.c:464
[9]PETSC ERROR: #3 PetscFinalize() at /g/data/fp50/apps/petsc/main-20260404/src/sys/objects/pinit.c:1512
PetscFinalize() failed [error code: 73]
[10]PETSC ERROR: --------------------- Error Message --------------------------------------------------------------
[10]PETSC ERROR: Object is in wrong state
[10]PETSC ERROR: To use this function you must first call PetscMemorySetGetMaximumUsage()
[10]PETSC ERROR: WARNING! There are unused option(s) set! Could be the program crashed before usage or a spelling mistake, etc!
[10]PETSC ERROR:   Option left: name:-log_view (no value) source: code
[10]PETSC ERROR:   Option left: name:-log_view_memory (no value) source: code
[10]PETSC ERROR: See https://petsc.org/release/faq/ for trouble shooting.
[10]PETSC ERROR: PETSc Development Git Revision: d6d17c0d2f413b1849bf4e4b675d0543e1c00865 Git Date: 2026-04-04 15:47:38 +0000
[10]PETSC ERROR: /scratch/xd2/sg8812/g-adopt-worktrees/sghelichkhani/richardson/tests/parallel_scaling_richards/cockett_3d.py with 48 MPI process(es) and PETSC_ARCH default on gadi-cpu-spr-0651.gadi.nci.org.au by sg8812 Wed Apr 15 15:23:45 2026
[10]PETSC ERROR: Configure options: PETSC_DIR=/g/data/fp50/apps/petsc/main-20260404 PETSC_ARCH=default --with-cc=mpicc --with-cxx=mpicxx --with-fc=mpif90 --with-mpiexec=mpirun COPTFLAGS="-O3 -g -xCASCADELAKE" CXXOPTFLAGS="-O3 -g -xCASCADELAKE" FOPTFLAGS="-O3 -g -xCASCADELAKE" --with-c2html=0 --with-debugging=0 --with-fortran-bindings=0 --with-shared-libraries=1 --with-strict-petscerrorcode --download-bison --download-hdf5 --with-hwloc --download-mumps --download-netcdf --download-pnetcdf --download-ptscotch --download-suitesparse --download-superlu_dist --with-zlib --download-hypre --download-eigen --download-metis --download-parmetis --download-mmg --download-parmmg --with-scalapack-include=/apps/intel-tools/intel-mkl/2024.2.1/include --with-scalapack-lib="-lmkl_scalapack_lp64 -lmkl_intel_lp64 -lmkl_sequential -lmkl_core -lmkl_blacs_openmpi_lp64 -lpthread -lm -ldl" --with-make-np=12
[10]PETSC ERROR: #1 PetscMemoryGetMaximumUsage() at /g/data/fp50/apps/petsc/main-20260404/src/sys/memory/mem.c:148
[10]PETSC ERROR: #2 PetscMemoryView() at /g/data/fp50/apps/petsc/main-20260404/src/sys/memory/mtr.c:464
[10]PETSC ERROR: #3 PetscFinalize() at /g/data/fp50/apps/petsc/main-20260404/src/sys/objects/pinit.c:1512
PetscFinalize() failed [error code: 73]
[14]PETSC ERROR: --------------------- Error Message --------------------------------------------------------------
[14]PETSC ERROR: Object is in wrong state
[14]PETSC ERROR: To use this function you must first call PetscMemorySetGetMaximumUsage()
[14]PETSC ERROR: WARNING! There are unused option(s) set! Could be the program crashed before usage or a spelling mistake, etc!
[14]PETSC ERROR:   Option left: name:-log_view (no value) source: code
[14]PETSC ERROR:   Option left: name:-log_view_memory (no value) source: code
[14]PETSC ERROR: See https://petsc.org/release/faq/ for trouble shooting.
[14]PETSC ERROR: PETSc Development Git Revision: d6d17c0d2f413b1849bf4e4b675d0543e1c00865 Git Date: 2026-04-04 15:47:38 +0000
[14]PETSC ERROR: /scratch/xd2/sg8812/g-adopt-worktrees/sghelichkhani/richardson/tests/parallel_scaling_richards/cockett_3d.py with 48 MPI process(es) and PETSC_ARCH default on gadi-cpu-spr-0651.gadi.nci.org.au by sg8812 Wed Apr 15 15:23:45 2026
[14]PETSC ERROR: Configure options: PETSC_DIR=/g/data/fp50/apps/petsc/main-20260404 PETSC_ARCH=default --with-cc=mpicc --with-cxx=mpicxx --with-fc=mpif90 --with-mpiexec=mpirun COPTFLAGS="-O3 -g -xCASCADELAKE" CXXOPTFLAGS="-O3 -g -xCASCADELAKE" FOPTFLAGS="-O3 -g -xCASCADELAKE" --with-c2html=0 --with-debugging=0 --with-fortran-bindings=0 --with-shared-libraries=1 --with-strict-petscerrorcode --download-bison --download-hdf5 --with-hwloc --download-mumps --download-netcdf --download-pnetcdf --download-ptscotch --download-suitesparse --download-superlu_dist --with-zlib --download-hypre --download-eigen --download-metis --download-parmetis --download-mmg --download-parmmg --with-scalapack-include=/apps/intel-tools/intel-mkl/2024.2.1/include --with-scalapack-lib="-lmkl_scalapack_lp64 -lmkl_intel_lp64 -lmkl_sequential -lmkl_core -lmkl_blacs_openmpi_lp64 -lpthread -lm -ldl" --with-make-np=12
[14]PETSC ERROR: #1 PetscMemoryGetMaximumUsage() at /g/data/fp50/apps/petsc/main-20260404/src/sys/memory/mem.c:148
[14]PETSC ERROR: #2 PetscMemoryView() at /g/data/fp50/apps/petsc/main-20260404/src/sys/memory/mtr.c:464
[14]PETSC ERROR: #3 PetscFinalize() at /g/data/fp50/apps/petsc/main-20260404/src/sys/objects/pinit.c:1512
PetscFinalize() failed [error code: 73]
--------------------------------------------------------------------------
mpiexec has exited due to process rank 27 with PID 0 on
node gadi-cpu-spr-0651 exiting improperly. There are three reasons this could occur:

1. this process did not call "init" before exiting, but others in
the job did. This can cause a job to hang indefinitely while it waits
for all processes to call "init". By rule, if one process calls "init",
then ALL processes must call "init" prior to termination.

2. this process called "init", but exited without calling "finalize".
By rule, all processes that call "init" MUST call "finalize" prior to
exiting or it will be considered an "abnormal termination"

3. this process called "MPI_Abort" or "orte_abort" and the mca parameter
orte_create_session_dirs is set to false. In this case, the run-time cannot
detect that the abort call was an abnormal termination. Hence, the only
error message you will receive is this one.

This may have caused other processes in the application to be
terminated by signals sent by mpiexec (as reported here).

You can avoid this message by specifying -quiet on the mpiexec command line.
--------------------------------------------------------------------------
=== Job completed: Wed Apr 15 15:26:03 AEST 2026 ===

======================================================================================
                  Resource Usage on 2026-04-15 15:26:06:
   Job Id:             165719633.gadi-pbs
   Project:            xd2
   Exit Status:        0
   Service Units:      8.11
   NCPUs Requested:    48                  CPU Time Used: 01:45:11        
   Memory Requested:   500.0GB               Memory Used: 38.93GB         
   Walltime Requested: 03:00:00            Walltime Used: 00:02:26        
   JobFS Requested:    400.0GB                JobFS Used: 55.52MB         
======================================================================================
