=== Job info ===
Case: cockett
Solver: gmg
Scale: smoke
Nodes: 1
CPUs: 48
Date: Wed Apr 15 15:23:39 AEST 2026
================
Number of degrees of freedom: 2555904
Mesh: 64x64x78, DQ1
Time stepper: BackwardEuler, dt = 300.0 s, steps = 10
Solver: gmg
Solver parameters: {'ksp_type': 'fgmres', 'ksp_rtol': 1e-06, 'ksp_max_it': 200, 'ksp_gmres_restart': 30, 'pc_type': 'mg', 'pc_mg_type': 'multiplicative', 'pc_mg_cycle_type': 'v', 'mg_levels_ksp_type': 'chebyshev', 'mg_levels_ksp_max_it': 1, 'mg_levels_ksp_convergence_test': 'skip', 'mg_levels_pc_type': 'bjacobi', 'mg_levels_sub_pc_type': 'ilu', 'mg_levels_sub_pc_factor_levels': 0, 'mg_coarse_ksp_type': 'gmres', 'mg_coarse_ksp_max_it': 30, 'mg_coarse_pc_type': 'bjacobi', 'mg_coarse_sub_pc_type': 'ilu', 'snes_type': 'newtonls', 'snes_linesearch_type': 'bt', 'snes_rtol': 1e-08, 'snes_atol': 1e-08, 'snes_max_it': 50}
  0 SNES Function norm 1.084233126410e-05
            Linear BackwardEuler-Equation_mg_coarse_ solve converged due to CONVERGED_RTOL iterations 9
            Linear BackwardEuler-Equation_mg_coarse_ solve converged due to CONVERGED_RTOL iterations 9
            Linear BackwardEuler-Equation_mg_coarse_ solve converged due to CONVERGED_RTOL iterations 9
            Linear BackwardEuler-Equation_mg_coarse_ solve converged due to CONVERGED_RTOL iterations 9
            Linear BackwardEuler-Equation_mg_coarse_ solve converged due to CONVERGED_RTOL iterations 9
            Linear BackwardEuler-Equation_mg_coarse_ solve converged due to CONVERGED_RTOL iterations 9
            Linear BackwardEuler-Equation_mg_coarse_ solve converged due to CONVERGED_RTOL iterations 9
            Linear BackwardEuler-Equation_mg_coarse_ solve converged due to CONVERGED_RTOL iterations 9
            Linear BackwardEuler-Equation_mg_coarse_ solve converged due to CONVERGED_RTOL iterations 9
            Linear BackwardEuler-Equation_mg_coarse_ solve converged due to CONVERGED_RTOL iterations 9
            Linear BackwardEuler-Equation_mg_coarse_ solve converged due to CONVERGED_RTOL iterations 9
            Linear BackwardEuler-Equation_mg_coarse_ solve converged due to CONVERGED_RTOL iterations 9
            Linear BackwardEuler-Equation_mg_coarse_ solve converged due to CONVERGED_RTOL iterations 9
            Linear BackwardEuler-Equation_mg_coarse_ solve converged due to CONVERGED_RTOL iterations 9
            Linear BackwardEuler-Equation_mg_coarse_ solve converged due to CONVERGED_RTOL iterations 9
            Linear BackwardEuler-Equation_mg_coarse_ solve converged due to CONVERGED_RTOL iterations 9
            Linear BackwardEuler-Equation_mg_coarse_ solve converged due to CONVERGED_RTOL iterations 9
            Linear BackwardEuler-Equation_mg_coarse_ solve converged due to CONVERGED_RTOL iterations 9
            Linear BackwardEuler-Equation_mg_coarse_ solve converged due to CONVERGED_RTOL iterations 9
            Linear BackwardEuler-Equation_mg_coarse_ solve converged due to CONVERGED_RTOL iterations 9
            Linear BackwardEuler-Equation_mg_coarse_ solve converged due to CONVERGED_RTOL iterations 9
            Linear BackwardEuler-Equation_mg_coarse_ solve converged due to CONVERGED_RTOL iterations 9
    Linear BackwardEuler-Equation_ solve converged due to CONVERGED_RTOL iterations 22
Mat Object: (BackwardEuler-Equation_) 48 MPI processes
  type: mpiaij
  rows=2555904, cols=2555904
  total: nonzeros=141328384, allocated nonzeros=141328384
  total number of mallocs used during MatSetValues calls=0
    has attached near null space
    not using I-node (on process 0) routines
  1 SNES Function norm 6.918819525642e-07
            Linear BackwardEuler-Equation_mg_coarse_ solve converged due to CONVERGED_RTOL iterations 9
            Linear BackwardEuler-Equation_mg_coarse_ solve converged due to CONVERGED_RTOL iterations 10
            Linear BackwardEuler-Equation_mg_coarse_ solve converged due to CONVERGED_RTOL iterations 10
            Linear BackwardEuler-Equation_mg_coarse_ solve converged due to CONVERGED_RTOL iterations 9
            Linear BackwardEuler-Equation_mg_coarse_ solve converged due to CONVERGED_RTOL iterations 9
            Linear BackwardEuler-Equation_mg_coarse_ solve converged due to CONVERGED_RTOL iterations 9
            Linear BackwardEuler-Equation_mg_coarse_ solve converged due to CONVERGED_RTOL iterations 9
            Linear BackwardEuler-Equation_mg_coarse_ solve converged due to CONVERGED_RTOL iterations 9
            Linear BackwardEuler-Equation_mg_coarse_ solve converged due to CONVERGED_RTOL iterations 9
            Linear BackwardEuler-Equation_mg_coarse_ solve converged due to CONVERGED_RTOL iterations 9
            Linear BackwardEuler-Equation_mg_coarse_ solve converged due to CONVERGED_RTOL iterations 9
            Linear BackwardEuler-Equation_mg_coarse_ solve converged due to CONVERGED_RTOL iterations 9
            Linear BackwardEuler-Equation_mg_coarse_ solve converged due to CONVERGED_RTOL iterations 9
            Linear BackwardEuler-Equation_mg_coarse_ solve converged due to CONVERGED_RTOL iterations 9
            Linear BackwardEuler-Equation_mg_coarse_ solve converged due to CONVERGED_RTOL iterations 9
            Linear BackwardEuler-Equation_mg_coarse_ solve converged due to CONVERGED_RTOL iterations 9
            Linear BackwardEuler-Equation_mg_coarse_ solve converged due to CONVERGED_RTOL iterations 9
            Linear BackwardEuler-Equation_mg_coarse_ solve converged due to CONVERGED_RTOL iterations 9
            Linear BackwardEuler-Equation_mg_coarse_ solve converged due to CONVERGED_RTOL iterations 9
            Linear BackwardEuler-Equation_mg_coarse_ solve converged due to CONVERGED_RTOL iterations 9
            Linear BackwardEuler-Equation_mg_coarse_ solve converged due to CONVERGED_RTOL iterations 9
            Linear BackwardEuler-Equation_mg_coarse_ solve converged due to CONVERGED_RTOL iterations 9
            Linear BackwardEuler-Equation_mg_coarse_ solve converged due to CONVERGED_RTOL iterations 9
    Linear BackwardEuler-Equation_ solve converged due to CONVERGED_RTOL iterations 23
Mat Object: (BackwardEuler-Equation_) 48 MPI processes
  type: mpiaij
  rows=2555904, cols=2555904
  total: nonzeros=141328384, allocated nonzeros=141328384
  total number of mallocs used during MatSetValues calls=0
    has attached near null space
    not using I-node (on process 0) routines
  2 SNES Function norm 6.152933864660e-09
  Nonlinear BackwardEuler-Equation_ solve converged due to CONVERGED_FNORM_ABS iterations 2
SNES Object: (BackwardEuler-Equation_) 48 MPI processes
  type: newtonls
  maximum iterations=50, maximum function evaluations=10000
  tolerances: relative=1e-08, absolute=1e-08, solution=1e-08
  total number of linear solver iterations=45
  total number of function evaluations=3
  norm schedule ALWAYS
  SNESLineSearch Object: (BackwardEuler-Equation_) 48 MPI processes
    type: bt
      interpolation: cubic
      alpha=1.000000e-04
    maxlambda=1.000000e+00, minlambda=1.000000e-12
    tolerances: relative=1.000000e-08, absolute=1.000000e-15, lambda=1.000000e-08
    maximum iterations=40
  KSP Object: (BackwardEuler-Equation_) 48 MPI processes
    type: fgmres
      restart=30, using classical (unmodified) Gram-Schmidt orthogonalization with no iterative refinement
      happy breakdown tolerance=1e-30
    maximum iterations=200, initial guess is zero
    tolerances: relative=1e-06, absolute=1e-50, divergence=10000.
    right preconditioning
    using UNPRECONDITIONED norm type for convergence test
  PC Object: (BackwardEuler-Equation_) 48 MPI processes
    type: mg
      type is MULTIPLICATIVE, levels=4 cycles=v
        Cycles per PCApply=1
        Not using Galerkin computed coarse grid matrices
    Coarse grid solver -- level 0 -------------------------------
      KSP Object: (BackwardEuler-Equation_mg_coarse_) 48 MPI processes
        type: gmres
          restart=30, using classical (unmodified) Gram-Schmidt orthogonalization with no iterative refinement
          happy breakdown tolerance=1e-30
        maximum iterations=30, initial guess is zero
        tolerances: relative=1e-05, absolute=1e-50, divergence=10000.
        left preconditioning
        using PRECONDITIONED norm type for convergence test
      PC Object: (BackwardEuler-Equation_mg_coarse_) 48 MPI processes
        type: bjacobi
          number of blocks = 48
          Local solver information for first block is in the following KSP and PC objects on rank 0:
          Use -BackwardEuler-Equation_mg_coarse_ksp_view ::ascii_info_detail to display information for all blocks
          KSP Object: (BackwardEuler-Equation_mg_coarse_sub_) 1 MPI process
            type: preonly
            maximum iterations=10000, initial guess is zero
            tolerances: relative=1e-05, absolute=1e-50, divergence=10000.
            left preconditioning
            not checking for convergence
          PC Object: (BackwardEuler-Equation_mg_coarse_sub_) 1 MPI process
            type: ilu
              out-of-place factorization
              0 levels of fill
              tolerance for zero pivot 2.22045e-14
              matrix ordering: natural
              factor fill ratio given 1., needed 1.
                Factored matrix:
                  Mat Object: (BackwardEuler-Equation_mg_coarse_sub_) 1 MPI process
                    type: seqaij
                    rows=0, cols=0
                    package used to perform factorization: petsc
                    total: nonzeros=0, allocated nonzeros=0
                      not using I-node routines
            linear system matrix, which is also used to construct the preconditioner:
            Mat Object: (BackwardEuler-Equation_mg_coarse_sub_) 1 MPI process
              type: seqaij
              rows=0, cols=0
              total: nonzeros=0, allocated nonzeros=0
              total number of mallocs used during MatSetValues calls=0
                not using I-node routines
        linear system matrix, which is also used to construct the preconditioner:
        Mat Object: (BackwardEuler-Equation_) 48 MPI processes
          type: mpiaij
          rows=39936, cols=39936
          total: nonzeros=2068480, allocated nonzeros=2068480
          total number of mallocs used during MatSetValues calls=0
            has attached near null space
            not using I-node (on process 0) routines
    Down solver (pre-smoother) on level 1 -------------------------------
      KSP Object: (BackwardEuler-Equation_mg_levels_1_) 48 MPI processes
        type: chebyshev
          Chebyshev polynomial of first kind
          eigenvalue targets used: min 0.169532, max 1.86485
          eigenvalues estimated via gmres: min 0.276705, max 1.69532
          eigenvalues estimated using gmres with transform: [0. 0.1; 0. 1.1]
          KSP Object: (BackwardEuler-Equation_mg_levels_1_esteig_) 48 MPI processes
            type: gmres
              restart=30, using classical (unmodified) Gram-Schmidt orthogonalization with no iterative refinement
              happy breakdown tolerance=1e-30
            maximum iterations=10, initial guess is zero
            tolerances: relative=1e-12, absolute=1e-50, divergence=10000.
            left preconditioning
            using PRECONDITIONED norm type for convergence test
          estimating eigenvalues using a noisy random number generated right-hand side
        maximum iterations=1, nonzero initial guess
        tolerances: relative=1e-05, absolute=1e-50, divergence=10000.
        left preconditioning
        not checking for convergence
      PC Object: (BackwardEuler-Equation_mg_levels_1_) 48 MPI processes
        type: bjacobi
          number of blocks = 48
          Local solver information for first block is in the following KSP and PC objects on rank 0:
          Use -BackwardEuler-Equation_mg_levels_1_ksp_view ::ascii_info_detail to display information for all blocks
          KSP Object: (BackwardEuler-Equation_mg_levels_1_sub_) 1 MPI process
            type: preonly
            maximum iterations=10000, initial guess is zero
            tolerances: relative=1e-05, absolute=1e-50, divergence=10000.
            left preconditioning
            not checking for convergence
          PC Object: (BackwardEuler-Equation_mg_levels_1_sub_) 1 MPI process
            type: ilu
              out-of-place factorization
              0 levels of fill
              tolerance for zero pivot 2.22045e-14
              matrix ordering: natural
              factor fill ratio given 1., needed 1.
                Factored matrix:
                  Mat Object: (BackwardEuler-Equation_mg_levels_1_sub_) 1 MPI process
                    type: seqaij
                    rows=0, cols=0
                    package used to perform factorization: petsc
                    total: nonzeros=0, allocated nonzeros=0
                      not using I-node routines
            linear system matrix, which is also used to construct the preconditioner:
            Mat Object: (BackwardEuler-Equation_mg_levels_1_sub_) 1 MPI process
              type: seqaij
              rows=0, cols=0
              total: nonzeros=0, allocated nonzeros=0
              total number of mallocs used during MatSetValues calls=0
                not using I-node routines
        linear system matrix, which is also used to construct the preconditioner:
        Mat Object: (BackwardEuler-Equation_) 48 MPI processes
          type: mpiaij
          rows=159744, cols=159744
          total: nonzeros=8593408, allocated nonzeros=8593408
          total number of mallocs used during MatSetValues calls=0
            has attached near null space
            not using I-node (on process 0) routines
    Up solver (post-smoother) same as down solver (pre-smoother)
    Down solver (pre-smoother) on level 2 -------------------------------
      KSP Object: (BackwardEuler-Equation_mg_levels_2_) 48 MPI processes
        type: chebyshev
          Chebyshev polynomial of first kind
          eigenvalue targets used: min 0.177037, max 1.94741
          eigenvalues estimated via gmres: min 0.221187, max 1.77037
          eigenvalues estimated using gmres with transform: [0. 0.1; 0. 1.1]
          KSP Object: (BackwardEuler-Equation_mg_levels_2_esteig_) 48 MPI processes
            type: gmres
              restart=30, using classical (unmodified) Gram-Schmidt orthogonalization with no iterative refinement
              happy breakdown tolerance=1e-30
            maximum iterations=10, initial guess is zero
            tolerances: relative=1e-12, absolute=1e-50, divergence=10000.
            left preconditioning
            using PRECONDITIONED norm type for convergence test
          estimating eigenvalues using a noisy random number generated right-hand side
        maximum iterations=1, nonzero initial guess
        tolerances: relative=1e-05, absolute=1e-50, divergence=10000.
        left preconditioning
        not checking for convergence
      PC Object: (BackwardEuler-Equation_mg_levels_2_) 48 MPI processes
        type: bjacobi
          number of blocks = 48
          Local solver information for first block is in the following KSP and PC objects on rank 0:
          Use -BackwardEuler-Equation_mg_levels_2_ksp_view ::ascii_info_detail to display information for all blocks
          KSP Object: (BackwardEuler-Equation_mg_levels_2_sub_) 1 MPI process
            type: preonly
            maximum iterations=10000, initial guess is zero
            tolerances: relative=1e-05, absolute=1e-50, divergence=10000.
            left preconditioning
            not checking for convergence
          PC Object: (BackwardEuler-Equation_mg_levels_2_sub_) 1 MPI process
            type: ilu
              out-of-place factorization
              0 levels of fill
              tolerance for zero pivot 2.22045e-14
              matrix ordering: natural
              factor fill ratio given 1., needed 1.
                Factored matrix:
                  Mat Object: (BackwardEuler-Equation_mg_levels_2_sub_) 1 MPI process
                    type: seqaij
                    rows=0, cols=0
                    package used to perform factorization: petsc
                    total: nonzeros=0, allocated nonzeros=0
                      not using I-node routines
            linear system matrix, which is also used to construct the preconditioner:
            Mat Object: (BackwardEuler-Equation_mg_levels_2_sub_) 1 MPI process
              type: seqaij
              rows=0, cols=0
              total: nonzeros=0, allocated nonzeros=0
              total number of mallocs used during MatSetValues calls=0
                not using I-node routines
        linear system matrix, which is also used to construct the preconditioner:
        Mat Object: (BackwardEuler-Equation_) 48 MPI processes
          type: mpiaij
          rows=638976, cols=638976
          total: nonzeros=35012608, allocated nonzeros=35012608
          total number of mallocs used during MatSetValues calls=0
            has attached near null space
            not using I-node (on process 0) routines
    Up solver (post-smoother) same as down solver (pre-smoother)
    Down solver (pre-smoother) on level 3 -------------------------------
      KSP Object: (BackwardEuler-Equation_mg_levels_3_) 48 MPI processes
        type: chebyshev
          Chebyshev polynomial of first kind
          eigenvalue targets used: min 0.185579, max 2.04137
          eigenvalues estimated via gmres: min 0.145506, max 1.85579
          eigenvalues estimated using gmres with transform: [0. 0.1; 0. 1.1]
          KSP Object: (BackwardEuler-Equation_mg_levels_3_esteig_) 48 MPI processes
            type: gmres
              restart=30, using classical (unmodified) Gram-Schmidt orthogonalization with no iterative refinement
              happy breakdown tolerance=1e-30
            maximum iterations=10, initial guess is zero
            tolerances: relative=1e-12, absolute=1e-50, divergence=10000.
            left preconditioning
            using PRECONDITIONED norm type for convergence test
          estimating eigenvalues using a noisy random number generated right-hand side
        maximum iterations=1, nonzero initial guess
        tolerances: relative=1e-05, absolute=1e-50, divergence=10000.
        left preconditioning
        not checking for convergence
      PC Object: (BackwardEuler-Equation_mg_levels_3_) 48 MPI processes
        type: bjacobi
          number of blocks = 48
          Local solver information for first block is in the following KSP and PC objects on rank 0:
          Use -BackwardEuler-Equation_mg_levels_3_ksp_view ::ascii_info_detail to display information for all blocks
          KSP Object: (BackwardEuler-Equation_mg_levels_3_sub_) 1 MPI process
            type: preonly
            maximum iterations=10000, initial guess is zero
            tolerances: relative=1e-05, absolute=1e-50, divergence=10000.
            left preconditioning
            not checking for convergence
          PC Object: (BackwardEuler-Equation_mg_levels_3_sub_) 1 MPI process
            type: ilu
              out-of-place factorization
              0 levels of fill
              tolerance for zero pivot 2.22045e-14
              matrix ordering: natural
              factor fill ratio given 1., needed 1.
                Factored matrix:
                  Mat Object: (BackwardEuler-Equation_mg_levels_3_sub_) 1 MPI process
                    type: seqaij
                    rows=0, cols=0
                    package used to perform factorization: petsc
                    total: nonzeros=0, allocated nonzeros=0
                      not using I-node routines
            linear system matrix, which is also used to construct the preconditioner:
            Mat Object: (BackwardEuler-Equation_mg_levels_3_sub_) 1 MPI process
              type: seqaij
              rows=0, cols=0
              total: nonzeros=0, allocated nonzeros=0
              total number of mallocs used during MatSetValues calls=0
                not using I-node routines
        linear system matrix, which is also used to construct the preconditioner:
        Mat Object: (BackwardEuler-Equation_) 48 MPI processes
          type: mpiaij
          rows=2555904, cols=2555904
          total: nonzeros=141328384, allocated nonzeros=141328384
          total number of mallocs used during MatSetValues calls=0
            has attached near null space
            not using I-node (on process 0) routines
    Up solver (post-smoother) same as down solver (pre-smoother)
    linear system matrix, which is also used to construct the preconditioner:
    Mat Object: (BackwardEuler-Equation_) 48 MPI processes
      type: mpiaij
      rows=2555904, cols=2555904
      total: nonzeros=141328384, allocated nonzeros=141328384
      total number of mallocs used during MatSetValues calls=0
        has attached near null space
        not using I-node (on process 0) routines
t = 300.00 s | step 1/10 | wall 73.12 s | NL 2 | L 45
  0 SNES Function norm 5.015977260370e-06
            Linear BackwardEuler-Equation_mg_coarse_ solve converged due to CONVERGED_RTOL iterations 9
            Linear BackwardEuler-Equation_mg_coarse_ solve converged due to CONVERGED_RTOL iterations 10
            Linear BackwardEuler-Equation_mg_coarse_ solve converged due to CONVERGED_RTOL iterations 9
            Linear BackwardEuler-Equation_mg_coarse_ solve converged due to CONVERGED_RTOL iterations 9
            Linear BackwardEuler-Equation_mg_coarse_ solve converged due to CONVERGED_RTOL iterations 9
            Linear BackwardEuler-Equation_mg_coarse_ solve converged due to CONVERGED_RTOL iterations 9
            Linear BackwardEuler-Equation_mg_coarse_ solve converged due to CONVERGED_RTOL iterations 9
            Linear BackwardEuler-Equation_mg_coarse_ solve converged due to CONVERGED_RTOL iterations 9
            Linear BackwardEuler-Equation_mg_coarse_ solve converged due to CONVERGED_RTOL iterations 9
            Linear BackwardEuler-Equation_mg_coarse_ solve converged due to CONVERGED_RTOL iterations 9
            Linear BackwardEuler-Equation_mg_coarse_ solve converged due to CONVERGED_RTOL iterations 9
            Linear BackwardEuler-Equation_mg_coarse_ solve converged due to CONVERGED_RTOL iterations 9
            Linear BackwardEuler-Equation_mg_coarse_ solve converged due to CONVERGED_RTOL iterations 9
            Linear BackwardEuler-Equation_mg_coarse_ solve converged due to CONVERGED_RTOL iterations 9
            Linear BackwardEuler-Equation_mg_coarse_ solve converged due to CONVERGED_RTOL iterations 9
            Linear BackwardEuler-Equation_mg_coarse_ solve converged due to CONVERGED_RTOL iterations 9
            Linear BackwardEuler-Equation_mg_coarse_ solve converged due to CONVERGED_RTOL iterations 9
            Linear BackwardEuler-Equation_mg_coarse_ solve converged due to CONVERGED_RTOL iterations 9
            Linear BackwardEuler-Equation_mg_coarse_ solve converged due to CONVERGED_RTOL iterations 9
            Linear BackwardEuler-Equation_mg_coarse_ solve converged due to CONVERGED_RTOL iterations 9
            Linear BackwardEuler-Equation_mg_coarse_ solve converged due to CONVERGED_RTOL iterations 9
            Linear BackwardEuler-Equation_mg_coarse_ solve converged due to CONVERGED_RTOL iterations 9
            Linear BackwardEuler-Equation_mg_coarse_ solve converged due to CONVERGED_RTOL iterations 9
    Linear BackwardEuler-Equation_ solve converged due to CONVERGED_RTOL iterations 23
Mat Object: (BackwardEuler-Equation_) 48 MPI processes
  type: mpiaij
  rows=2555904, cols=2555904
  total: nonzeros=141328384, allocated nonzeros=141328384
  total number of mallocs used during MatSetValues calls=0
    has attached near null space
    not using I-node (on process 0) routines
  1 SNES Function norm 1.880546340734e-07
            Linear BackwardEuler-Equation_mg_coarse_ solve converged due to CONVERGED_RTOL iterations 9
            Linear BackwardEuler-Equation_mg_coarse_ solve converged due to CONVERGED_RTOL iterations 10
            Linear BackwardEuler-Equation_mg_coarse_ solve converged due to CONVERGED_RTOL iterations 9
            Linear BackwardEuler-Equation_mg_coarse_ solve converged due to CONVERGED_RTOL iterations 10
            Linear BackwardEuler-Equation_mg_coarse_ solve converged due to CONVERGED_RTOL iterations 9
            Linear BackwardEuler-Equation_mg_coarse_ solve converged due to CONVERGED_RTOL iterations 9
            Linear BackwardEuler-Equation_mg_coarse_ solve converged due to CONVERGED_RTOL iterations 10
            Linear BackwardEuler-Equation_mg_coarse_ solve converged due to CONVERGED_RTOL iterations 9
            Linear BackwardEuler-Equation_mg_coarse_ solve converged due to CONVERGED_RTOL iterations 9
            Linear BackwardEuler-Equation_mg_coarse_ solve converged due to CONVERGED_RTOL iterations 9
            Linear BackwardEuler-Equation_mg_coarse_ solve converged due to CONVERGED_RTOL iterations 10
            Linear BackwardEuler-Equation_mg_coarse_ solve converged due to CONVERGED_RTOL iterations 9
            Linear BackwardEuler-Equation_mg_coarse_ solve converged due to CONVERGED_RTOL iterations 10
            Linear BackwardEuler-Equation_mg_coarse_ solve converged due to CONVERGED_RTOL iterations 9
            Linear BackwardEuler-Equation_mg_coarse_ solve converged due to CONVERGED_RTOL iterations 9
            Linear BackwardEuler-Equation_mg_coarse_ solve converged due to CONVERGED_RTOL iterations 10
            Linear BackwardEuler-Equation_mg_coarse_ solve converged due to CONVERGED_RTOL iterations 9
            Linear BackwardEuler-Equation_mg_coarse_ solve converged due to CONVERGED_RTOL iterations 9
            Linear BackwardEuler-Equation_mg_coarse_ solve converged due to CONVERGED_RTOL iterations 10
            Linear BackwardEuler-Equation_mg_coarse_ solve converged due to CONVERGED_RTOL iterations 9
            Linear BackwardEuler-Equation_mg_coarse_ solve converged due to CONVERGED_RTOL iterations 9
            Linear BackwardEuler-Equation_mg_coarse_ solve converged due to CONVERGED_RTOL iterations 9
            Linear BackwardEuler-Equation_mg_coarse_ solve converged due to CONVERGED_RTOL iterations 9
            Linear BackwardEuler-Equation_mg_coarse_ solve converged due to CONVERGED_RTOL iterations 10
    Linear BackwardEuler-Equation_ solve converged due to CONVERGED_RTOL iterations 24
Mat Object: (BackwardEuler-Equation_) 48 MPI processes
  type: mpiaij
  rows=2555904, cols=2555904
  total: nonzeros=141328384, allocated nonzeros=141328384
  total number of mallocs used during MatSetValues calls=0
    has attached near null space
    not using I-node (on process 0) routines
  2 SNES Function norm 5.261703567598e-10
  Nonlinear BackwardEuler-Equation_ solve converged due to CONVERGED_FNORM_ABS iterations 2
SNES Object: (BackwardEuler-Equation_) 48 MPI processes
  type: newtonls
  maximum iterations=50, maximum function evaluations=10000
  tolerances: relative=1e-08, absolute=1e-08, solution=1e-08
  total number of linear solver iterations=47
  total number of function evaluations=3
  norm schedule ALWAYS
  SNESLineSearch Object: (BackwardEuler-Equation_) 48 MPI processes
    type: bt
      interpolation: cubic
      alpha=1.000000e-04
    maxlambda=1.000000e+00, minlambda=1.000000e-12
    tolerances: relative=1.000000e-08, absolute=1.000000e-15, lambda=1.000000e-08
    maximum iterations=40
  KSP Object: (BackwardEuler-Equation_) 48 MPI processes
    type: fgmres
      restart=30, using classical (unmodified) Gram-Schmidt orthogonalization with no iterative refinement
      happy breakdown tolerance=1e-30
    maximum iterations=200, initial guess is zero
    tolerances: relative=1e-06, absolute=1e-50, divergence=10000.
    right preconditioning
    using UNPRECONDITIONED norm type for convergence test
  PC Object: (BackwardEuler-Equation_) 48 MPI processes
    type: mg
      type is MULTIPLICATIVE, levels=4 cycles=v
        Cycles per PCApply=1
        Not using Galerkin computed coarse grid matrices
    Coarse grid solver -- level 0 -------------------------------
      KSP Object: (BackwardEuler-Equation_mg_coarse_) 48 MPI processes
        type: gmres
          restart=30, using classical (unmodified) Gram-Schmidt orthogonalization with no iterative refinement
          happy breakdown tolerance=1e-30
        maximum iterations=30, initial guess is zero
        tolerances: relative=1e-05, absolute=1e-50, divergence=10000.
        left preconditioning
        using PRECONDITIONED norm type for convergence test
      PC Object: (BackwardEuler-Equation_mg_coarse_) 48 MPI processes
        type: bjacobi
          number of blocks = 48
          Local solver information for first block is in the following KSP and PC objects on rank 0:
          Use -BackwardEuler-Equation_mg_coarse_ksp_view ::ascii_info_detail to display information for all blocks
          KSP Object: (BackwardEuler-Equation_mg_coarse_sub_) 1 MPI process
            type: preonly
            maximum iterations=10000, initial guess is zero
            tolerances: relative=1e-05, absolute=1e-50, divergence=10000.
            left preconditioning
            not checking for convergence
          PC Object: (BackwardEuler-Equation_mg_coarse_sub_) 1 MPI process
            type: ilu
              out-of-place factorization
              0 levels of fill
              tolerance for zero pivot 2.22045e-14
              matrix ordering: natural
              factor fill ratio given 1., needed 1.
                Factored matrix:
                  Mat Object: (BackwardEuler-Equation_mg_coarse_sub_) 1 MPI process
                    type: seqaij
                    rows=0, cols=0
                    package used to perform factorization: petsc
                    total: nonzeros=0, allocated nonzeros=0
                      not using I-node routines
            linear system matrix, which is also used to construct the preconditioner:
            Mat Object: (BackwardEuler-Equation_mg_coarse_sub_) 1 MPI process
              type: seqaij
              rows=0, cols=0
              total: nonzeros=0, allocated nonzeros=0
              total number of mallocs used during MatSetValues calls=0
                not using I-node routines
        linear system matrix, which is also used to construct the preconditioner:
        Mat Object: (BackwardEuler-Equation_) 48 MPI processes
          type: mpiaij
          rows=39936, cols=39936
          total: nonzeros=2068480, allocated nonzeros=2068480
          total number of mallocs used during MatSetValues calls=0
            has attached near null space
            not using I-node (on process 0) routines
    Down solver (pre-smoother) on level 1 -------------------------------
      KSP Object: (BackwardEuler-Equation_mg_levels_1_) 48 MPI processes
        type: chebyshev
          Chebyshev polynomial of first kind
          eigenvalue targets used: min 0.170038, max 1.87042
          eigenvalues estimated via gmres: min 0.269162, max 1.70038
          eigenvalues estimated using gmres with transform: [0. 0.1; 0. 1.1]
          KSP Object: (BackwardEuler-Equation_mg_levels_1_esteig_) 48 MPI processes
            type: gmres
              restart=30, using classical (unmodified) Gram-Schmidt orthogonalization with no iterative refinement
              happy breakdown tolerance=1e-30
            maximum iterations=10, initial guess is zero
            tolerances: relative=1e-12, absolute=1e-50, divergence=10000.
            left preconditioning
            using PRECONDITIONED norm type for convergence test
          estimating eigenvalues using a noisy random number generated right-hand side
        maximum iterations=1, nonzero initial guess
        tolerances: relative=1e-05, absolute=1e-50, divergence=10000.
        left preconditioning
        not checking for convergence
      PC Object: (BackwardEuler-Equation_mg_levels_1_) 48 MPI processes
        type: bjacobi
          number of blocks = 48
          Local solver information for first block is in the following KSP and PC objects on rank 0:
          Use -BackwardEuler-Equation_mg_levels_1_ksp_view ::ascii_info_detail to display information for all blocks
          KSP Object: (BackwardEuler-Equation_mg_levels_1_sub_) 1 MPI process
            type: preonly
            maximum iterations=10000, initial guess is zero
            tolerances: relative=1e-05, absolute=1e-50, divergence=10000.
            left preconditioning
            not checking for convergence
          PC Object: (BackwardEuler-Equation_mg_levels_1_sub_) 1 MPI process
            type: ilu
              out-of-place factorization
              0 levels of fill
              tolerance for zero pivot 2.22045e-14
              matrix ordering: natural
              factor fill ratio given 1., needed 1.
                Factored matrix:
                  Mat Object: (BackwardEuler-Equation_mg_levels_1_sub_) 1 MPI process
                    type: seqaij
                    rows=0, cols=0
                    package used to perform factorization: petsc
                    total: nonzeros=0, allocated nonzeros=0
                      not using I-node routines
            linear system matrix, which is also used to construct the preconditioner:
            Mat Object: (BackwardEuler-Equation_mg_levels_1_sub_) 1 MPI process
              type: seqaij
              rows=0, cols=0
              total: nonzeros=0, allocated nonzeros=0
              total number of mallocs used during MatSetValues calls=0
                not using I-node routines
        linear system matrix, which is also used to construct the preconditioner:
        Mat Object: (BackwardEuler-Equation_) 48 MPI processes
          type: mpiaij
          rows=159744, cols=159744
          total: nonzeros=8593408, allocated nonzeros=8593408
          total number of mallocs used during MatSetValues calls=0
            has attached near null space
            not using I-node (on process 0) routines
    Up solver (post-smoother) same as down solver (pre-smoother)
    Down solver (pre-smoother) on level 2 -------------------------------
      KSP Object: (BackwardEuler-Equation_mg_levels_2_) 48 MPI processes
        type: chebyshev
          Chebyshev polynomial of first kind
          eigenvalue targets used: min 0.177044, max 1.94748
          eigenvalues estimated via gmres: min 0.22027, max 1.77044
          eigenvalues estimated using gmres with transform: [0. 0.1; 0. 1.1]
          KSP Object: (BackwardEuler-Equation_mg_levels_2_esteig_) 48 MPI processes
            type: gmres
              restart=30, using classical (unmodified) Gram-Schmidt orthogonalization with no iterative refinement
              happy breakdown tolerance=1e-30
            maximum iterations=10, initial guess is zero
            tolerances: relative=1e-12, absolute=1e-50, divergence=10000.
            left preconditioning
            using PRECONDITIONED norm type for convergence test
          estimating eigenvalues using a noisy random number generated right-hand side
        maximum iterations=1, nonzero initial guess
        tolerances: relative=1e-05, absolute=1e-50, divergence=10000.
        left preconditioning
        not checking for convergence
      PC Object: (BackwardEuler-Equation_mg_levels_2_) 48 MPI processes
        type: bjacobi
          number of blocks = 48
          Local solver information for first block is in the following KSP and PC objects on rank 0:
          Use -BackwardEuler-Equation_mg_levels_2_ksp_view ::ascii_info_detail to display information for all blocks
          KSP Object: (BackwardEuler-Equation_mg_levels_2_sub_) 1 MPI process
            type: preonly
            maximum iterations=10000, initial guess is zero
            tolerances: relative=1e-05, absolute=1e-50, divergence=10000.
            left preconditioning
            not checking for convergence
          PC Object: (BackwardEuler-Equation_mg_levels_2_sub_) 1 MPI process
            type: ilu
              out-of-place factorization
              0 levels of fill
              tolerance for zero pivot 2.22045e-14
              matrix ordering: natural
              factor fill ratio given 1., needed 1.
                Factored matrix:
                  Mat Object: (BackwardEuler-Equation_mg_levels_2_sub_) 1 MPI process
                    type: seqaij
                    rows=0, cols=0
                    package used to perform factorization: petsc
                    total: nonzeros=0, allocated nonzeros=0
                      not using I-node routines
            linear system matrix, which is also used to construct the preconditioner:
            Mat Object: (BackwardEuler-Equation_mg_levels_2_sub_) 1 MPI process
              type: seqaij
              rows=0, cols=0
              total: nonzeros=0, allocated nonzeros=0
              total number of mallocs used during MatSetValues calls=0
                not using I-node routines
        linear system matrix, which is also used to construct the preconditioner:
        Mat Object: (BackwardEuler-Equation_) 48 MPI processes
          type: mpiaij
          rows=638976, cols=638976
          total: nonzeros=35012608, allocated nonzeros=35012608
          total number of mallocs used during MatSetValues calls=0
            has attached near null space
            not using I-node (on process 0) routines
    Up solver (post-smoother) same as down solver (pre-smoother)
    Down solver (pre-smoother) on level 3 -------------------------------
      KSP Object: (BackwardEuler-Equation_mg_levels_3_) 48 MPI processes
        type: chebyshev
          Chebyshev polynomial of first kind
          eigenvalue targets used: min 0.185576, max 2.04134
          eigenvalues estimated via gmres: min 0.145516, max 1.85576
          eigenvalues estimated using gmres with transform: [0. 0.1; 0. 1.1]
          KSP Object: (BackwardEuler-Equation_mg_levels_3_esteig_) 48 MPI processes
            type: gmres
              restart=30, using classical (unmodified) Gram-Schmidt orthogonalization with no iterative refinement
              happy breakdown tolerance=1e-30
            maximum iterations=10, initial guess is zero
            tolerances: relative=1e-12, absolute=1e-50, divergence=10000.
            left preconditioning
            using PRECONDITIONED norm type for convergence test
          estimating eigenvalues using a noisy random number generated right-hand side
        maximum iterations=1, nonzero initial guess
        tolerances: relative=1e-05, absolute=1e-50, divergence=10000.
        left preconditioning
        not checking for convergence
      PC Object: (BackwardEuler-Equation_mg_levels_3_) 48 MPI processes
        type: bjacobi
          number of blocks = 48
          Local solver information for first block is in the following KSP and PC objects on rank 0:
          Use -BackwardEuler-Equation_mg_levels_3_ksp_view ::ascii_info_detail to display information for all blocks
          KSP Object: (BackwardEuler-Equation_mg_levels_3_sub_) 1 MPI process
            type: preonly
            maximum iterations=10000, initial guess is zero
            tolerances: relative=1e-05, absolute=1e-50, divergence=10000.
            left preconditioning
            not checking for convergence
          PC Object: (BackwardEuler-Equation_mg_levels_3_sub_) 1 MPI process
            type: ilu
              out-of-place factorization
              0 levels of fill
              tolerance for zero pivot 2.22045e-14
              matrix ordering: natural
              factor fill ratio given 1., needed 1.
                Factored matrix:
                  Mat Object: (BackwardEuler-Equation_mg_levels_3_sub_) 1 MPI process
                    type: seqaij
                    rows=0, cols=0
                    package used to perform factorization: petsc
                    total: nonzeros=0, allocated nonzeros=0
                      not using I-node routines
            linear system matrix, which is also used to construct the preconditioner:
            Mat Object: (BackwardEuler-Equation_mg_levels_3_sub_) 1 MPI process
              type: seqaij
              rows=0, cols=0
              total: nonzeros=0, allocated nonzeros=0
              total number of mallocs used during MatSetValues calls=0
                not using I-node routines
        linear system matrix, which is also used to construct the preconditioner:
        Mat Object: (BackwardEuler-Equation_) 48 MPI processes
          type: mpiaij
          rows=2555904, cols=2555904
          total: nonzeros=141328384, allocated nonzeros=141328384
          total number of mallocs used during MatSetValues calls=0
            has attached near null space
            not using I-node (on process 0) routines
    Up solver (post-smoother) same as down solver (pre-smoother)
    linear system matrix, which is also used to construct the preconditioner:
    Mat Object: (BackwardEuler-Equation_) 48 MPI processes
      type: mpiaij
      rows=2555904, cols=2555904
      total: nonzeros=141328384, allocated nonzeros=141328384
      total number of mallocs used during MatSetValues calls=0
        has attached near null space
        not using I-node (on process 0) routines
t = 600.00 s | step 2/10 | wall 7.78 s | NL 2 | L 47
  0 SNES Function norm 4.359137486892e-06
            Linear BackwardEuler-Equation_mg_coarse_ solve converged due to CONVERGED_RTOL iterations 9
            Linear BackwardEuler-Equation_mg_coarse_ solve converged due to CONVERGED_RTOL iterations 10
            Linear BackwardEuler-Equation_mg_coarse_ solve converged due to CONVERGED_RTOL iterations 9
            Linear BackwardEuler-Equation_mg_coarse_ solve converged due to CONVERGED_RTOL iterations 9
            Linear BackwardEuler-Equation_mg_coarse_ solve converged due to CONVERGED_RTOL iterations 9
            Linear BackwardEuler-Equation_mg_coarse_ solve converged due to CONVERGED_RTOL iterations 9
            Linear BackwardEuler-Equation_mg_coarse_ solve converged due to CONVERGED_RTOL iterations 9
            Linear BackwardEuler-Equation_mg_coarse_ solve converged due to CONVERGED_RTOL iterations 9
            Linear BackwardEuler-Equation_mg_coarse_ solve converged due to CONVERGED_RTOL iterations 9
            Linear BackwardEuler-Equation_mg_coarse_ solve converged due to CONVERGED_RTOL iterations 9
            Linear BackwardEuler-Equation_mg_coarse_ solve converged due to CONVERGED_RTOL iterations 9
            Linear BackwardEuler-Equation_mg_coarse_ solve converged due to CONVERGED_RTOL iterations 10
            Linear BackwardEuler-Equation_mg_coarse_ solve converged due to CONVERGED_RTOL iterations 10
            Linear BackwardEuler-Equation_mg_coarse_ solve converged due to CONVERGED_RTOL iterations 10
            Linear BackwardEuler-Equation_mg_coarse_ solve converged due to CONVERGED_RTOL iterations 10
            Linear BackwardEuler-Equation_mg_coarse_ solve converged due to CONVERGED_RTOL iterations 10
            Linear BackwardEuler-Equation_mg_coarse_ solve converged due to CONVERGED_RTOL iterations 9
            Linear BackwardEuler-Equation_mg_coarse_ solve converged due to CONVERGED_RTOL iterations 10
            Linear BackwardEuler-Equation_mg_coarse_ solve converged due to CONVERGED_RTOL iterations 10
            Linear BackwardEuler-Equation_mg_coarse_ solve converged due to CONVERGED_RTOL iterations 10
            Linear BackwardEuler-Equation_mg_coarse_ solve converged due to CONVERGED_RTOL iterations 10
            Linear BackwardEuler-Equation_mg_coarse_ solve converged due to CONVERGED_RTOL iterations 9
            Linear BackwardEuler-Equation_mg_coarse_ solve converged due to CONVERGED_RTOL iterations 10
    Linear BackwardEuler-Equation_ solve converged due to CONVERGED_RTOL iterations 23
Mat Object: (BackwardEuler-Equation_) 48 MPI processes
  type: mpiaij
  rows=2555904, cols=2555904
  total: nonzeros=141328384, allocated nonzeros=141328384
  total number of mallocs used during MatSetValues calls=0
    has attached near null space
    not using I-node (on process 0) routines
  1 SNES Function norm 1.161480346229e-07
            Linear BackwardEuler-Equation_mg_coarse_ solve converged due to CONVERGED_RTOL iterations 9
            Linear BackwardEuler-Equation_mg_coarse_ solve converged due to CONVERGED_RTOL iterations 10
            Linear BackwardEuler-Equation_mg_coarse_ solve converged due to CONVERGED_RTOL iterations 9
            Linear BackwardEuler-Equation_mg_coarse_ solve converged due to CONVERGED_RTOL iterations 10
            Linear BackwardEuler-Equation_mg_coarse_ solve converged due to CONVERGED_RTOL iterations 10
            Linear BackwardEuler-Equation_mg_coarse_ solve converged due to CONVERGED_RTOL iterations 9
            Linear BackwardEuler-Equation_mg_coarse_ solve converged due to CONVERGED_RTOL iterations 10
            Linear BackwardEuler-Equation_mg_coarse_ solve converged due to CONVERGED_RTOL iterations 9
            Linear BackwardEuler-Equation_mg_coarse_ solve converged due to CONVERGED_RTOL iterations 9
            Linear BackwardEuler-Equation_mg_coarse_ solve converged due to CONVERGED_RTOL iterations 10
            Linear BackwardEuler-Equation_mg_coarse_ solve converged due to CONVERGED_RTOL iterations 10
            Linear BackwardEuler-Equation_mg_coarse_ solve converged due to CONVERGED_RTOL iterations 10
            Linear BackwardEuler-Equation_mg_coarse_ solve converged due to CONVERGED_RTOL iterations 10
            Linear BackwardEuler-Equation_mg_coarse_ solve converged due to CONVERGED_RTOL iterations 10
            Linear BackwardEuler-Equation_mg_coarse_ solve converged due to CONVERGED_RTOL iterations 10
            Linear BackwardEuler-Equation_mg_coarse_ solve converged due to CONVERGED_RTOL iterations 10
            Linear BackwardEuler-Equation_mg_coarse_ solve converged due to CONVERGED_RTOL iterations 10
            Linear BackwardEuler-Equation_mg_coarse_ solve converged due to CONVERGED_RTOL iterations 10
            Linear BackwardEuler-Equation_mg_coarse_ solve converged due to CONVERGED_RTOL iterations 10
            Linear BackwardEuler-Equation_mg_coarse_ solve converged due to CONVERGED_RTOL iterations 10
            Linear BackwardEuler-Equation_mg_coarse_ solve converged due to CONVERGED_RTOL iterations 10
            Linear BackwardEuler-Equation_mg_coarse_ solve converged due to CONVERGED_RTOL iterations 9
            Linear BackwardEuler-Equation_mg_coarse_ solve converged due to CONVERGED_RTOL iterations 10
            Linear BackwardEuler-Equation_mg_coarse_ solve converged due to CONVERGED_RTOL iterations 9
    Linear BackwardEuler-Equation_ solve converged due to CONVERGED_RTOL iterations 24
Mat Object: (BackwardEuler-Equation_) 48 MPI processes
  type: mpiaij
  rows=2555904, cols=2555904
  total: nonzeros=141328384, allocated nonzeros=141328384
  total number of mallocs used during MatSetValues calls=0
    has attached near null space
    not using I-node (on process 0) routines
  2 SNES Function norm 1.608062072357e-10
  Nonlinear BackwardEuler-Equation_ solve converged due to CONVERGED_FNORM_ABS iterations 2
SNES Object: (BackwardEuler-Equation_) 48 MPI processes
  type: newtonls
  maximum iterations=50, maximum function evaluations=10000
  tolerances: relative=1e-08, absolute=1e-08, solution=1e-08
  total number of linear solver iterations=47
  total number of function evaluations=3
  norm schedule ALWAYS
  SNESLineSearch Object: (BackwardEuler-Equation_) 48 MPI processes
    type: bt
      interpolation: cubic
      alpha=1.000000e-04
    maxlambda=1.000000e+00, minlambda=1.000000e-12
    tolerances: relative=1.000000e-08, absolute=1.000000e-15, lambda=1.000000e-08
    maximum iterations=40
  KSP Object: (BackwardEuler-Equation_) 48 MPI processes
    type: fgmres
      restart=30, using classical (unmodified) Gram-Schmidt orthogonalization with no iterative refinement
      happy breakdown tolerance=1e-30
    maximum iterations=200, initial guess is zero
    tolerances: relative=1e-06, absolute=1e-50, divergence=10000.
    right preconditioning
    using UNPRECONDITIONED norm type for convergence test
  PC Object: (BackwardEuler-Equation_) 48 MPI processes
    type: mg
      type is MULTIPLICATIVE, levels=4 cycles=v
        Cycles per PCApply=1
        Not using Galerkin computed coarse grid matrices
    Coarse grid solver -- level 0 -------------------------------
      KSP Object: (BackwardEuler-Equation_mg_coarse_) 48 MPI processes
        type: gmres
          restart=30, using classical (unmodified) Gram-Schmidt orthogonalization with no iterative refinement
          happy breakdown tolerance=1e-30
        maximum iterations=30, initial guess is zero
        tolerances: relative=1e-05, absolute=1e-50, divergence=10000.
        left preconditioning
        using PRECONDITIONED norm type for convergence test
      PC Object: (BackwardEuler-Equation_mg_coarse_) 48 MPI processes
        type: bjacobi
          number of blocks = 48
          Local solver information for first block is in the following KSP and PC objects on rank 0:
          Use -BackwardEuler-Equation_mg_coarse_ksp_view ::ascii_info_detail to display information for all blocks
          KSP Object: (BackwardEuler-Equation_mg_coarse_sub_) 1 MPI process
            type: preonly
            maximum iterations=10000, initial guess is zero
            tolerances: relative=1e-05, absolute=1e-50, divergence=10000.
            left preconditioning
            not checking for convergence
          PC Object: (BackwardEuler-Equation_mg_coarse_sub_) 1 MPI process
            type: ilu
              out-of-place factorization
              0 levels of fill
              tolerance for zero pivot 2.22045e-14
              matrix ordering: natural
              factor fill ratio given 1., needed 1.
                Factored matrix:
                  Mat Object: (BackwardEuler-Equation_mg_coarse_sub_) 1 MPI process
                    type: seqaij
                    rows=0, cols=0
                    package used to perform factorization: petsc
                    total: nonzeros=0, allocated nonzeros=0
                      not using I-node routines
            linear system matrix, which is also used to construct the preconditioner:
            Mat Object: (BackwardEuler-Equation_mg_coarse_sub_) 1 MPI process
              type: seqaij
              rows=0, cols=0
              total: nonzeros=0, allocated nonzeros=0
              total number of mallocs used during MatSetValues calls=0
                not using I-node routines
        linear system matrix, which is also used to construct the preconditioner:
        Mat Object: (BackwardEuler-Equation_) 48 MPI processes
          type: mpiaij
          rows=39936, cols=39936
          total: nonzeros=2068480, allocated nonzeros=2068480
          total number of mallocs used during MatSetValues calls=0
            has attached near null space
            not using I-node (on process 0) routines
    Down solver (pre-smoother) on level 1 -------------------------------
      KSP Object: (BackwardEuler-Equation_mg_levels_1_) 48 MPI processes
        type: chebyshev
          Chebyshev polynomial of first kind
          eigenvalue targets used: min 0.170422, max 1.87464
          eigenvalues estimated via gmres: min 0.262959, max 1.70422
          eigenvalues estimated using gmres with transform: [0. 0.1; 0. 1.1]
          KSP Object: (BackwardEuler-Equation_mg_levels_1_esteig_) 48 MPI processes
            type: gmres
              restart=30, using classical (unmodified) Gram-Schmidt orthogonalization with no iterative refinement
              happy breakdown tolerance=1e-30
            maximum iterations=10, initial guess is zero
            tolerances: relative=1e-12, absolute=1e-50, divergence=10000.
            left preconditioning
            using PRECONDITIONED norm type for convergence test
          estimating eigenvalues using a noisy random number generated right-hand side
        maximum iterations=1, nonzero initial guess
        tolerances: relative=1e-05, absolute=1e-50, divergence=10000.
        left preconditioning
        not checking for convergence
      PC Object: (BackwardEuler-Equation_mg_levels_1_) 48 MPI processes
        type: bjacobi
          number of blocks = 48
          Local solver information for first block is in the following KSP and PC objects on rank 0:
          Use -BackwardEuler-Equation_mg_levels_1_ksp_view ::ascii_info_detail to display information for all blocks
          KSP Object: (BackwardEuler-Equation_mg_levels_1_sub_) 1 MPI process
            type: preonly
            maximum iterations=10000, initial guess is zero
            tolerances: relative=1e-05, absolute=1e-50, divergence=10000.
            left preconditioning
            not checking for convergence
          PC Object: (BackwardEuler-Equation_mg_levels_1_sub_) 1 MPI process
            type: ilu
              out-of-place factorization
              0 levels of fill
              tolerance for zero pivot 2.22045e-14
              matrix ordering: natural
              factor fill ratio given 1., needed 1.
                Factored matrix:
                  Mat Object: (BackwardEuler-Equation_mg_levels_1_sub_) 1 MPI process
                    type: seqaij
                    rows=0, cols=0
                    package used to perform factorization: petsc
                    total: nonzeros=0, allocated nonzeros=0
                      not using I-node routines
            linear system matrix, which is also used to construct the preconditioner:
            Mat Object: (BackwardEuler-Equation_mg_levels_1_sub_) 1 MPI process
              type: seqaij
              rows=0, cols=0
              total: nonzeros=0, allocated nonzeros=0
              total number of mallocs used during MatSetValues calls=0
                not using I-node routines
        linear system matrix, which is also used to construct the preconditioner:
        Mat Object: (BackwardEuler-Equation_) 48 MPI processes
          type: mpiaij
          rows=159744, cols=159744
          total: nonzeros=8593408, allocated nonzeros=8593408
          total number of mallocs used during MatSetValues calls=0
            has attached near null space
            not using I-node (on process 0) routines
    Up solver (post-smoother) same as down solver (pre-smoother)
    Down solver (pre-smoother) on level 2 -------------------------------
      KSP Object: (BackwardEuler-Equation_mg_levels_2_) 48 MPI processes
        type: chebyshev
          Chebyshev polynomial of first kind
          eigenvalue targets used: min 0.177049, max 1.94754
          eigenvalues estimated via gmres: min 0.219336, max 1.77049
          eigenvalues estimated using gmres with transform: [0. 0.1; 0. 1.1]
          KSP Object: (BackwardEuler-Equation_mg_levels_2_esteig_) 48 MPI processes
            type: gmres
              restart=30, using classical (unmodified) Gram-Schmidt orthogonalization with no iterative refinement
              happy breakdown tolerance=1e-30
            maximum iterations=10, initial guess is zero
            tolerances: relative=1e-12, absolute=1e-50, divergence=10000.
            left preconditioning
            using PRECONDITIONED norm type for convergence test
          estimating eigenvalues using a noisy random number generated right-hand side
        maximum iterations=1, nonzero initial guess
        tolerances: relative=1e-05, absolute=1e-50, divergence=10000.
        left preconditioning
        not checking for convergence
      PC Object: (BackwardEuler-Equation_mg_levels_2_) 48 MPI processes
        type: bjacobi
          number of blocks = 48
          Local solver information for first block is in the following KSP and PC objects on rank 0:
          Use -BackwardEuler-Equation_mg_levels_2_ksp_view ::ascii_info_detail to display information for all blocks
          KSP Object: (BackwardEuler-Equation_mg_levels_2_sub_) 1 MPI process
            type: preonly
            maximum iterations=10000, initial guess is zero
            tolerances: relative=1e-05, absolute=1e-50, divergence=10000.
            left preconditioning
            not checking for convergence
          PC Object: (BackwardEuler-Equation_mg_levels_2_sub_) 1 MPI process
            type: ilu
              out-of-place factorization
              0 levels of fill
              tolerance for zero pivot 2.22045e-14
              matrix ordering: natural
              factor fill ratio given 1., needed 1.
                Factored matrix:
                  Mat Object: (BackwardEuler-Equation_mg_levels_2_sub_) 1 MPI process
                    type: seqaij
                    rows=0, cols=0
                    package used to perform factorization: petsc
                    total: nonzeros=0, allocated nonzeros=0
                      not using I-node routines
            linear system matrix, which is also used to construct the preconditioner:
            Mat Object: (BackwardEuler-Equation_mg_levels_2_sub_) 1 MPI process
              type: seqaij
              rows=0, cols=0
              total: nonzeros=0, allocated nonzeros=0
              total number of mallocs used during MatSetValues calls=0
                not using I-node routines
        linear system matrix, which is also used to construct the preconditioner:
        Mat Object: (BackwardEuler-Equation_) 48 MPI processes
          type: mpiaij
          rows=638976, cols=638976
          total: nonzeros=35012608, allocated nonzeros=35012608
          total number of mallocs used during MatSetValues calls=0
            has attached near null space
            not using I-node (on process 0) routines
    Up solver (post-smoother) same as down solver (pre-smoother)
    Down solver (pre-smoother) on level 3 -------------------------------
      KSP Object: (BackwardEuler-Equation_mg_levels_3_) 48 MPI processes
        type: chebyshev
          Chebyshev polynomial of first kind
          eigenvalue targets used: min 0.185574, max 2.04131
          eigenvalues estimated via gmres: min 0.145525, max 1.85574
          eigenvalues estimated using gmres with transform: [0. 0.1; 0. 1.1]
          KSP Object: (BackwardEuler-Equation_mg_levels_3_esteig_) 48 MPI processes
            type: gmres
              restart=30, using classical (unmodified) Gram-Schmidt orthogonalization with no iterative refinement
              happy breakdown tolerance=1e-30
            maximum iterations=10, initial guess is zero
            tolerances: relative=1e-12, absolute=1e-50, divergence=10000.
            left preconditioning
            using PRECONDITIONED norm type for convergence test
          estimating eigenvalues using a noisy random number generated right-hand side
        maximum iterations=1, nonzero initial guess
        tolerances: relative=1e-05, absolute=1e-50, divergence=10000.
        left preconditioning
        not checking for convergence
      PC Object: (BackwardEuler-Equation_mg_levels_3_) 48 MPI processes
        type: bjacobi
          number of blocks = 48
          Local solver information for first block is in the following KSP and PC objects on rank 0:
          Use -BackwardEuler-Equation_mg_levels_3_ksp_view ::ascii_info_detail to display information for all blocks
          KSP Object: (BackwardEuler-Equation_mg_levels_3_sub_) 1 MPI process
            type: preonly
            maximum iterations=10000, initial guess is zero
            tolerances: relative=1e-05, absolute=1e-50, divergence=10000.
            left preconditioning
            not checking for convergence
          PC Object: (BackwardEuler-Equation_mg_levels_3_sub_) 1 MPI process
            type: ilu
              out-of-place factorization
              0 levels of fill
              tolerance for zero pivot 2.22045e-14
              matrix ordering: natural
              factor fill ratio given 1., needed 1.
                Factored matrix:
                  Mat Object: (BackwardEuler-Equation_mg_levels_3_sub_) 1 MPI process
                    type: seqaij
                    rows=0, cols=0
                    package used to perform factorization: petsc
                    total: nonzeros=0, allocated nonzeros=0
                      not using I-node routines
            linear system matrix, which is also used to construct the preconditioner:
            Mat Object: (BackwardEuler-Equation_mg_levels_3_sub_) 1 MPI process
              type: seqaij
              rows=0, cols=0
              total: nonzeros=0, allocated nonzeros=0
              total number of mallocs used during MatSetValues calls=0
                not using I-node routines
        linear system matrix, which is also used to construct the preconditioner:
        Mat Object: (BackwardEuler-Equation_) 48 MPI processes
          type: mpiaij
          rows=2555904, cols=2555904
          total: nonzeros=141328384, allocated nonzeros=141328384
          total number of mallocs used during MatSetValues calls=0
            has attached near null space
            not using I-node (on process 0) routines
    Up solver (post-smoother) same as down solver (pre-smoother)
    linear system matrix, which is also used to construct the preconditioner:
    Mat Object: (BackwardEuler-Equation_) 48 MPI processes
      type: mpiaij
      rows=2555904, cols=2555904
      total: nonzeros=141328384, allocated nonzeros=141328384
      total number of mallocs used during MatSetValues calls=0
        has attached near null space
        not using I-node (on process 0) routines
t = 900.00 s | step 3/10 | wall 7.71 s | NL 2 | L 47
  0 SNES Function norm 3.998736109886e-06
            Linear BackwardEuler-Equation_mg_coarse_ solve converged due to CONVERGED_RTOL iterations 9
            Linear BackwardEuler-Equation_mg_coarse_ solve converged due to CONVERGED_RTOL iterations 10
            Linear BackwardEuler-Equation_mg_coarse_ solve converged due to CONVERGED_RTOL iterations 10
            Linear BackwardEuler-Equation_mg_coarse_ solve converged due to CONVERGED_RTOL iterations 9
            Linear BackwardEuler-Equation_mg_coarse_ solve converged due to CONVERGED_RTOL iterations 9
            Linear BackwardEuler-Equation_mg_coarse_ solve converged due to CONVERGED_RTOL iterations 9
            Linear BackwardEuler-Equation_mg_coarse_ solve converged due to CONVERGED_RTOL iterations 9
            Linear BackwardEuler-Equation_mg_coarse_ solve converged due to CONVERGED_RTOL iterations 9
            Linear BackwardEuler-Equation_mg_coarse_ solve converged due to CONVERGED_RTOL iterations 9
            Linear BackwardEuler-Equation_mg_coarse_ solve converged due to CONVERGED_RTOL iterations 10
            Linear BackwardEuler-Equation_mg_coarse_ solve converged due to CONVERGED_RTOL iterations 10
            Linear BackwardEuler-Equation_mg_coarse_ solve converged due to CONVERGED_RTOL iterations 10
            Linear BackwardEuler-Equation_mg_coarse_ solve converged due to CONVERGED_RTOL iterations 10
            Linear BackwardEuler-Equation_mg_coarse_ solve converged due to CONVERGED_RTOL iterations 10
            Linear BackwardEuler-Equation_mg_coarse_ solve converged due to CONVERGED_RTOL iterations 10
            Linear BackwardEuler-Equation_mg_coarse_ solve converged due to CONVERGED_RTOL iterations 10
            Linear BackwardEuler-Equation_mg_coarse_ solve converged due to CONVERGED_RTOL iterations 10
            Linear BackwardEuler-Equation_mg_coarse_ solve converged due to CONVERGED_RTOL iterations 10
            Linear BackwardEuler-Equation_mg_coarse_ solve converged due to CONVERGED_RTOL iterations 10
            Linear BackwardEuler-Equation_mg_coarse_ solve converged due to CONVERGED_RTOL iterations 10
            Linear BackwardEuler-Equation_mg_coarse_ solve converged due to CONVERGED_RTOL iterations 10
            Linear BackwardEuler-Equation_mg_coarse_ solve converged due to CONVERGED_RTOL iterations 10
            Linear BackwardEuler-Equation_mg_coarse_ solve converged due to CONVERGED_RTOL iterations 10
    Linear BackwardEuler-Equation_ solve converged due to CONVERGED_RTOL iterations 23
Mat Object: (BackwardEuler-Equation_) 48 MPI processes
  type: mpiaij
  rows=2555904, cols=2555904
  total: nonzeros=141328384, allocated nonzeros=141328384
  total number of mallocs used during MatSetValues calls=0
    has attached near null space
    not using I-node (on process 0) routines
  1 SNES Function norm 9.071642499720e-08
            Linear BackwardEuler-Equation_mg_coarse_ solve converged due to CONVERGED_RTOL iterations 9
            Linear BackwardEuler-Equation_mg_coarse_ solve converged due to CONVERGED_RTOL iterations 10
            Linear BackwardEuler-Equation_mg_coarse_ solve converged due to CONVERGED_RTOL iterations 10
            Linear BackwardEuler-Equation_mg_coarse_ solve converged due to CONVERGED_RTOL iterations 10
            Linear BackwardEuler-Equation_mg_coarse_ solve converged due to CONVERGED_RTOL iterations 10
            Linear BackwardEuler-Equation_mg_coarse_ solve converged due to CONVERGED_RTOL iterations 9
            Linear BackwardEuler-Equation_mg_coarse_ solve converged due to CONVERGED_RTOL iterations 10
            Linear BackwardEuler-Equation_mg_coarse_ solve converged due to CONVERGED_RTOL iterations 10
            Linear BackwardEuler-Equation_mg_coarse_ solve converged due to CONVERGED_RTOL iterations 10
            Linear BackwardEuler-Equation_mg_coarse_ solve converged due to CONVERGED_RTOL iterations 10
            Linear BackwardEuler-Equation_mg_coarse_ solve converged due to CONVERGED_RTOL iterations 10
            Linear BackwardEuler-Equation_mg_coarse_ solve converged due to CONVERGED_RTOL iterations 10
            Linear BackwardEuler-Equation_mg_coarse_ solve converged due to CONVERGED_RTOL iterations 10
            Linear BackwardEuler-Equation_mg_coarse_ solve converged due to CONVERGED_RTOL iterations 10
            Linear BackwardEuler-Equation_mg_coarse_ solve converged due to CONVERGED_RTOL iterations 10
            Linear BackwardEuler-Equation_mg_coarse_ solve converged due to CONVERGED_RTOL iterations 10
            Linear BackwardEuler-Equation_mg_coarse_ solve converged due to CONVERGED_RTOL iterations 10
            Linear BackwardEuler-Equation_mg_coarse_ solve converged due to CONVERGED_RTOL iterations 10
            Linear BackwardEuler-Equation_mg_coarse_ solve converged due to CONVERGED_RTOL iterations 10
            Linear BackwardEuler-Equation_mg_coarse_ solve converged due to CONVERGED_RTOL iterations 10
            Linear BackwardEuler-Equation_mg_coarse_ solve converged due to CONVERGED_RTOL iterations 10
            Linear BackwardEuler-Equation_mg_coarse_ solve converged due to CONVERGED_RTOL iterations 10
            Linear BackwardEuler-Equation_mg_coarse_ solve converged due to CONVERGED_RTOL iterations 10
            Linear BackwardEuler-Equation_mg_coarse_ solve converged due to CONVERGED_RTOL iterations 10
    Linear BackwardEuler-Equation_ solve converged due to CONVERGED_RTOL iterations 24
Mat Object: (BackwardEuler-Equation_) 48 MPI processes
  type: mpiaij
  rows=2555904, cols=2555904
  total: nonzeros=141328384, allocated nonzeros=141328384
  total number of mallocs used during MatSetValues calls=0
    has attached near null space
    not using I-node (on process 0) routines
  2 SNES Function norm 9.370957561132e-11
  Nonlinear BackwardEuler-Equation_ solve converged due to CONVERGED_FNORM_ABS iterations 2
SNES Object: (BackwardEuler-Equation_) 48 MPI processes
  type: newtonls
  maximum iterations=50, maximum function evaluations=10000
  tolerances: relative=1e-08, absolute=1e-08, solution=1e-08
  total number of linear solver iterations=47
  total number of function evaluations=3
  norm schedule ALWAYS
  SNESLineSearch Object: (BackwardEuler-Equation_) 48 MPI processes
    type: bt
      interpolation: cubic
      alpha=1.000000e-04
    maxlambda=1.000000e+00, minlambda=1.000000e-12
    tolerances: relative=1.000000e-08, absolute=1.000000e-15, lambda=1.000000e-08
    maximum iterations=40
  KSP Object: (BackwardEuler-Equation_) 48 MPI processes
    type: fgmres
      restart=30, using classical (unmodified) Gram-Schmidt orthogonalization with no iterative refinement
      happy breakdown tolerance=1e-30
    maximum iterations=200, initial guess is zero
    tolerances: relative=1e-06, absolute=1e-50, divergence=10000.
    right preconditioning
    using UNPRECONDITIONED norm type for convergence test
  PC Object: (BackwardEuler-Equation_) 48 MPI processes
    type: mg
      type is MULTIPLICATIVE, levels=4 cycles=v
        Cycles per PCApply=1
        Not using Galerkin computed coarse grid matrices
    Coarse grid solver -- level 0 -------------------------------
      KSP Object: (BackwardEuler-Equation_mg_coarse_) 48 MPI processes
        type: gmres
          restart=30, using classical (unmodified) Gram-Schmidt orthogonalization with no iterative refinement
          happy breakdown tolerance=1e-30
        maximum iterations=30, initial guess is zero
        tolerances: relative=1e-05, absolute=1e-50, divergence=10000.
        left preconditioning
        using PRECONDITIONED norm type for convergence test
      PC Object: (BackwardEuler-Equation_mg_coarse_) 48 MPI processes
        type: bjacobi
          number of blocks = 48
          Local solver information for first block is in the following KSP and PC objects on rank 0:
          Use -BackwardEuler-Equation_mg_coarse_ksp_view ::ascii_info_detail to display information for all blocks
          KSP Object: (BackwardEuler-Equation_mg_coarse_sub_) 1 MPI process
            type: preonly
            maximum iterations=10000, initial guess is zero
            tolerances: relative=1e-05, absolute=1e-50, divergence=10000.
            left preconditioning
            not checking for convergence
          PC Object: (BackwardEuler-Equation_mg_coarse_sub_) 1 MPI process
            type: ilu
              out-of-place factorization
              0 levels of fill
              tolerance for zero pivot 2.22045e-14
              matrix ordering: natural
              factor fill ratio given 1., needed 1.
                Factored matrix:
                  Mat Object: (BackwardEuler-Equation_mg_coarse_sub_) 1 MPI process
                    type: seqaij
                    rows=0, cols=0
                    package used to perform factorization: petsc
                    total: nonzeros=0, allocated nonzeros=0
                      not using I-node routines
            linear system matrix, which is also used to construct the preconditioner:
            Mat Object: (BackwardEuler-Equation_mg_coarse_sub_) 1 MPI process
              type: seqaij
              rows=0, cols=0
              total: nonzeros=0, allocated nonzeros=0
              total number of mallocs used during MatSetValues calls=0
                not using I-node routines
        linear system matrix, which is also used to construct the preconditioner:
        Mat Object: (BackwardEuler-Equation_) 48 MPI processes
          type: mpiaij
          rows=39936, cols=39936
          total: nonzeros=2068480, allocated nonzeros=2068480
          total number of mallocs used during MatSetValues calls=0
            has attached near null space
            not using I-node (on process 0) routines
    Down solver (pre-smoother) on level 1 -------------------------------
      KSP Object: (BackwardEuler-Equation_mg_levels_1_) 48 MPI processes
        type: chebyshev
          Chebyshev polynomial of first kind
          eigenvalue targets used: min 0.170739, max 1.87813
          eigenvalues estimated via gmres: min 0.257831, max 1.70739
          eigenvalues estimated using gmres with transform: [0. 0.1; 0. 1.1]
          KSP Object: (BackwardEuler-Equation_mg_levels_1_esteig_) 48 MPI processes
            type: gmres
              restart=30, using classical (unmodified) Gram-Schmidt orthogonalization with no iterative refinement
              happy breakdown tolerance=1e-30
            maximum iterations=10, initial guess is zero
            tolerances: relative=1e-12, absolute=1e-50, divergence=10000.
            left preconditioning
            using PRECONDITIONED norm type for convergence test
          estimating eigenvalues using a noisy random number generated right-hand side
        maximum iterations=1, nonzero initial guess
        tolerances: relative=1e-05, absolute=1e-50, divergence=10000.
        left preconditioning
        not checking for convergence
      PC Object: (BackwardEuler-Equation_mg_levels_1_) 48 MPI processes
        type: bjacobi
          number of blocks = 48
          Local solver information for first block is in the following KSP and PC objects on rank 0:
          Use -BackwardEuler-Equation_mg_levels_1_ksp_view ::ascii_info_detail to display information for all blocks
          KSP Object: (BackwardEuler-Equation_mg_levels_1_sub_) 1 MPI process
            type: preonly
            maximum iterations=10000, initial guess is zero
            tolerances: relative=1e-05, absolute=1e-50, divergence=10000.
            left preconditioning
            not checking for convergence
          PC Object: (BackwardEuler-Equation_mg_levels_1_sub_) 1 MPI process
            type: ilu
              out-of-place factorization
              0 levels of fill
              tolerance for zero pivot 2.22045e-14
              matrix ordering: natural
              factor fill ratio given 1., needed 1.
                Factored matrix:
                  Mat Object: (BackwardEuler-Equation_mg_levels_1_sub_) 1 MPI process
                    type: seqaij
                    rows=0, cols=0
                    package used to perform factorization: petsc
                    total: nonzeros=0, allocated nonzeros=0
                      not using I-node routines
            linear system matrix, which is also used to construct the preconditioner:
            Mat Object: (BackwardEuler-Equation_mg_levels_1_sub_) 1 MPI process
              type: seqaij
              rows=0, cols=0
              total: nonzeros=0, allocated nonzeros=0
              total number of mallocs used during MatSetValues calls=0
                not using I-node routines
        linear system matrix, which is also used to construct the preconditioner:
        Mat Object: (BackwardEuler-Equation_) 48 MPI processes
          type: mpiaij
          rows=159744, cols=159744
          total: nonzeros=8593408, allocated nonzeros=8593408
          total number of mallocs used during MatSetValues calls=0
            has attached near null space
            not using I-node (on process 0) routines
    Up solver (post-smoother) same as down solver (pre-smoother)
    Down solver (pre-smoother) on level 2 -------------------------------
      KSP Object: (BackwardEuler-Equation_mg_levels_2_) 48 MPI processes
        type: chebyshev
          Chebyshev polynomial of first kind
          eigenvalue targets used: min 0.177052, max 1.94757
          eigenvalues estimated via gmres: min 0.218389, max 1.77052
          eigenvalues estimated using gmres with transform: [0. 0.1; 0. 1.1]
          KSP Object: (BackwardEuler-Equation_mg_levels_2_esteig_) 48 MPI processes
            type: gmres
              restart=30, using classical (unmodified) Gram-Schmidt orthogonalization with no iterative refinement
              happy breakdown tolerance=1e-30
            maximum iterations=10, initial guess is zero
            tolerances: relative=1e-12, absolute=1e-50, divergence=10000.
            left preconditioning
            using PRECONDITIONED norm type for convergence test
          estimating eigenvalues using a noisy random number generated right-hand side
        maximum iterations=1, nonzero initial guess
        tolerances: relative=1e-05, absolute=1e-50, divergence=10000.
        left preconditioning
        not checking for convergence
      PC Object: (BackwardEuler-Equation_mg_levels_2_) 48 MPI processes
        type: bjacobi
          number of blocks = 48
          Local solver information for first block is in the following KSP and PC objects on rank 0:
          Use -BackwardEuler-Equation_mg_levels_2_ksp_view ::ascii_info_detail to display information for all blocks
          KSP Object: (BackwardEuler-Equation_mg_levels_2_sub_) 1 MPI process
            type: preonly
            maximum iterations=10000, initial guess is zero
            tolerances: relative=1e-05, absolute=1e-50, divergence=10000.
            left preconditioning
            not checking for convergence
          PC Object: (BackwardEuler-Equation_mg_levels_2_sub_) 1 MPI process
            type: ilu
              out-of-place factorization
              0 levels of fill
              tolerance for zero pivot 2.22045e-14
              matrix ordering: natural
              factor fill ratio given 1., needed 1.
                Factored matrix:
                  Mat Object: (BackwardEuler-Equation_mg_levels_2_sub_) 1 MPI process
                    type: seqaij
                    rows=0, cols=0
                    package used to perform factorization: petsc
                    total: nonzeros=0, allocated nonzeros=0
                      not using I-node routines
            linear system matrix, which is also used to construct the preconditioner:
            Mat Object: (BackwardEuler-Equation_mg_levels_2_sub_) 1 MPI process
              type: seqaij
              rows=0, cols=0
              total: nonzeros=0, allocated nonzeros=0
              total number of mallocs used during MatSetValues calls=0
                not using I-node routines
        linear system matrix, which is also used to construct the preconditioner:
        Mat Object: (BackwardEuler-Equation_) 48 MPI processes
          type: mpiaij
          rows=638976, cols=638976
          total: nonzeros=35012608, allocated nonzeros=35012608
          total number of mallocs used during MatSetValues calls=0
            has attached near null space
            not using I-node (on process 0) routines
    Up solver (post-smoother) same as down solver (pre-smoother)
    Down solver (pre-smoother) on level 3 -------------------------------
      KSP Object: (BackwardEuler-Equation_mg_levels_3_) 48 MPI processes
        type: chebyshev
          Chebyshev polynomial of first kind
          eigenvalue targets used: min 0.185571, max 2.04128
          eigenvalues estimated via gmres: min 0.145533, max 1.85571
          eigenvalues estimated using gmres with transform: [0. 0.1; 0. 1.1]
          KSP Object: (BackwardEuler-Equation_mg_levels_3_esteig_) 48 MPI processes
            type: gmres
              restart=30, using classical (unmodified) Gram-Schmidt orthogonalization with no iterative refinement
              happy breakdown tolerance=1e-30
            maximum iterations=10, initial guess is zero
            tolerances: relative=1e-12, absolute=1e-50, divergence=10000.
            left preconditioning
            using PRECONDITIONED norm type for convergence test
          estimating eigenvalues using a noisy random number generated right-hand side
        maximum iterations=1, nonzero initial guess
        tolerances: relative=1e-05, absolute=1e-50, divergence=10000.
        left preconditioning
        not checking for convergence
      PC Object: (BackwardEuler-Equation_mg_levels_3_) 48 MPI processes
        type: bjacobi
          number of blocks = 48
          Local solver information for first block is in the following KSP and PC objects on rank 0:
          Use -BackwardEuler-Equation_mg_levels_3_ksp_view ::ascii_info_detail to display information for all blocks
          KSP Object: (BackwardEuler-Equation_mg_levels_3_sub_) 1 MPI process
            type: preonly
            maximum iterations=10000, initial guess is zero
            tolerances: relative=1e-05, absolute=1e-50, divergence=10000.
            left preconditioning
            not checking for convergence
          PC Object: (BackwardEuler-Equation_mg_levels_3_sub_) 1 MPI process
            type: ilu
              out-of-place factorization
              0 levels of fill
              tolerance for zero pivot 2.22045e-14
              matrix ordering: natural
              factor fill ratio given 1., needed 1.
                Factored matrix:
                  Mat Object: (BackwardEuler-Equation_mg_levels_3_sub_) 1 MPI process
                    type: seqaij
                    rows=0, cols=0
                    package used to perform factorization: petsc
                    total: nonzeros=0, allocated nonzeros=0
                      not using I-node routines
            linear system matrix, which is also used to construct the preconditioner:
            Mat Object: (BackwardEuler-Equation_mg_levels_3_sub_) 1 MPI process
              type: seqaij
              rows=0, cols=0
              total: nonzeros=0, allocated nonzeros=0
              total number of mallocs used during MatSetValues calls=0
                not using I-node routines
        linear system matrix, which is also used to construct the preconditioner:
        Mat Object: (BackwardEuler-Equation_) 48 MPI processes
          type: mpiaij
          rows=2555904, cols=2555904
          total: nonzeros=141328384, allocated nonzeros=141328384
          total number of mallocs used during MatSetValues calls=0
            has attached near null space
            not using I-node (on process 0) routines
    Up solver (post-smoother) same as down solver (pre-smoother)
    linear system matrix, which is also used to construct the preconditioner:
    Mat Object: (BackwardEuler-Equation_) 48 MPI processes
      type: mpiaij
      rows=2555904, cols=2555904
      total: nonzeros=141328384, allocated nonzeros=141328384
      total number of mallocs used during MatSetValues calls=0
        has attached near null space
        not using I-node (on process 0) routines
t = 1200.00 s | step 4/10 | wall 7.72 s | NL 2 | L 47
  0 SNES Function norm 3.762655010695e-06
            Linear BackwardEuler-Equation_mg_coarse_ solve converged due to CONVERGED_RTOL iterations 9
            Linear BackwardEuler-Equation_mg_coarse_ solve converged due to CONVERGED_RTOL iterations 10
            Linear BackwardEuler-Equation_mg_coarse_ solve converged due to CONVERGED_RTOL iterations 10
            Linear BackwardEuler-Equation_mg_coarse_ solve converged due to CONVERGED_RTOL iterations 9
            Linear BackwardEuler-Equation_mg_coarse_ solve converged due to CONVERGED_RTOL iterations 10
            Linear BackwardEuler-Equation_mg_coarse_ solve converged due to CONVERGED_RTOL iterations 9
            Linear BackwardEuler-Equation_mg_coarse_ solve converged due to CONVERGED_RTOL iterations 10
            Linear BackwardEuler-Equation_mg_coarse_ solve converged due to CONVERGED_RTOL iterations 10
            Linear BackwardEuler-Equation_mg_coarse_ solve converged due to CONVERGED_RTOL iterations 10
            Linear BackwardEuler-Equation_mg_coarse_ solve converged due to CONVERGED_RTOL iterations 10
            Linear BackwardEuler-Equation_mg_coarse_ solve converged due to CONVERGED_RTOL iterations 10
            Linear BackwardEuler-Equation_mg_coarse_ solve converged due to CONVERGED_RTOL iterations 10
            Linear BackwardEuler-Equation_mg_coarse_ solve converged due to CONVERGED_RTOL iterations 10
            Linear BackwardEuler-Equation_mg_coarse_ solve converged due to CONVERGED_RTOL iterations 10
            Linear BackwardEuler-Equation_mg_coarse_ solve converged due to CONVERGED_RTOL iterations 10
            Linear BackwardEuler-Equation_mg_coarse_ solve converged due to CONVERGED_RTOL iterations 10
            Linear BackwardEuler-Equation_mg_coarse_ solve converged due to CONVERGED_RTOL iterations 10
            Linear BackwardEuler-Equation_mg_coarse_ solve converged due to CONVERGED_RTOL iterations 10
            Linear BackwardEuler-Equation_mg_coarse_ solve converged due to CONVERGED_RTOL iterations 10
            Linear BackwardEuler-Equation_mg_coarse_ solve converged due to CONVERGED_RTOL iterations 10
            Linear BackwardEuler-Equation_mg_coarse_ solve converged due to CONVERGED_RTOL iterations 10
            Linear BackwardEuler-Equation_mg_coarse_ solve converged due to CONVERGED_RTOL iterations 10
            Linear BackwardEuler-Equation_mg_coarse_ solve converged due to CONVERGED_RTOL iterations 10
            Linear BackwardEuler-Equation_mg_coarse_ solve converged due to CONVERGED_RTOL iterations 10
    Linear BackwardEuler-Equation_ solve converged due to CONVERGED_RTOL iterations 24
Mat Object: (BackwardEuler-Equation_) 48 MPI processes
  type: mpiaij
  rows=2555904, cols=2555904
  total: nonzeros=141328384, allocated nonzeros=141328384
  total number of mallocs used during MatSetValues calls=0
    has attached near null space
    not using I-node (on process 0) routines
  1 SNES Function norm 7.583393621001e-08
            Linear BackwardEuler-Equation_mg_coarse_ solve converged due to CONVERGED_RTOL iterations 9
            Linear BackwardEuler-Equation_mg_coarse_ solve converged due to CONVERGED_RTOL iterations 10
            Linear BackwardEuler-Equation_mg_coarse_ solve converged due to CONVERGED_RTOL iterations 10
            Linear BackwardEuler-Equation_mg_coarse_ solve converged due to CONVERGED_RTOL iterations 10
            Linear BackwardEuler-Equation_mg_coarse_ solve converged due to CONVERGED_RTOL iterations 10
            Linear BackwardEuler-Equation_mg_coarse_ solve converged due to CONVERGED_RTOL iterations 10
            Linear BackwardEuler-Equation_mg_coarse_ solve converged due to CONVERGED_RTOL iterations 10
            Linear BackwardEuler-Equation_mg_coarse_ solve converged due to CONVERGED_RTOL iterations 10
            Linear BackwardEuler-Equation_mg_coarse_ solve converged due to CONVERGED_RTOL iterations 10
            Linear BackwardEuler-Equation_mg_coarse_ solve converged due to CONVERGED_RTOL iterations 10
            Linear BackwardEuler-Equation_mg_coarse_ solve converged due to CONVERGED_RTOL iterations 10
            Linear BackwardEuler-Equation_mg_coarse_ solve converged due to CONVERGED_RTOL iterations 10
            Linear BackwardEuler-Equation_mg_coarse_ solve converged due to CONVERGED_RTOL iterations 10
            Linear BackwardEuler-Equation_mg_coarse_ solve converged due to CONVERGED_RTOL iterations 10
            Linear BackwardEuler-Equation_mg_coarse_ solve converged due to CONVERGED_RTOL iterations 10
            Linear BackwardEuler-Equation_mg_coarse_ solve converged due to CONVERGED_RTOL iterations 10
            Linear BackwardEuler-Equation_mg_coarse_ solve converged due to CONVERGED_RTOL iterations 10
            Linear BackwardEuler-Equation_mg_coarse_ solve converged due to CONVERGED_RTOL iterations 10
            Linear BackwardEuler-Equation_mg_coarse_ solve converged due to CONVERGED_RTOL iterations 10
            Linear BackwardEuler-Equation_mg_coarse_ solve converged due to CONVERGED_RTOL iterations 10
            Linear BackwardEuler-Equation_mg_coarse_ solve converged due to CONVERGED_RTOL iterations 10
            Linear BackwardEuler-Equation_mg_coarse_ solve converged due to CONVERGED_RTOL iterations 10
            Linear BackwardEuler-Equation_mg_coarse_ solve converged due to CONVERGED_RTOL iterations 10
            Linear BackwardEuler-Equation_mg_coarse_ solve converged due to CONVERGED_RTOL iterations 10
    Linear BackwardEuler-Equation_ solve converged due to CONVERGED_RTOL iterations 24
Mat Object: (BackwardEuler-Equation_) 48 MPI processes
  type: mpiaij
  rows=2555904, cols=2555904
  total: nonzeros=141328384, allocated nonzeros=141328384
  total number of mallocs used during MatSetValues calls=0
    has attached near null space
    not using I-node (on process 0) routines
  2 SNES Function norm 5.988451587413e-11
  Nonlinear BackwardEuler-Equation_ solve converged due to CONVERGED_FNORM_ABS iterations 2
SNES Object: (BackwardEuler-Equation_) 48 MPI processes
  type: newtonls
  maximum iterations=50, maximum function evaluations=10000
  tolerances: relative=1e-08, absolute=1e-08, solution=1e-08
  total number of linear solver iterations=48
  total number of function evaluations=3
  norm schedule ALWAYS
  SNESLineSearch Object: (BackwardEuler-Equation_) 48 MPI processes
    type: bt
      interpolation: cubic
      alpha=1.000000e-04
    maxlambda=1.000000e+00, minlambda=1.000000e-12
    tolerances: relative=1.000000e-08, absolute=1.000000e-15, lambda=1.000000e-08
    maximum iterations=40
  KSP Object: (BackwardEuler-Equation_) 48 MPI processes
    type: fgmres
      restart=30, using classical (unmodified) Gram-Schmidt orthogonalization with no iterative refinement
      happy breakdown tolerance=1e-30
    maximum iterations=200, initial guess is zero
    tolerances: relative=1e-06, absolute=1e-50, divergence=10000.
    right preconditioning
    using UNPRECONDITIONED norm type for convergence test
  PC Object: (BackwardEuler-Equation_) 48 MPI processes
    type: mg
      type is MULTIPLICATIVE, levels=4 cycles=v
        Cycles per PCApply=1
        Not using Galerkin computed coarse grid matrices
    Coarse grid solver -- level 0 -------------------------------
      KSP Object: (BackwardEuler-Equation_mg_coarse_) 48 MPI processes
        type: gmres
          restart=30, using classical (unmodified) Gram-Schmidt orthogonalization with no iterative refinement
          happy breakdown tolerance=1e-30
        maximum iterations=30, initial guess is zero
        tolerances: relative=1e-05, absolute=1e-50, divergence=10000.
        left preconditioning
        using PRECONDITIONED norm type for convergence test
      PC Object: (BackwardEuler-Equation_mg_coarse_) 48 MPI processes
        type: bjacobi
          number of blocks = 48
          Local solver information for first block is in the following KSP and PC objects on rank 0:
          Use -BackwardEuler-Equation_mg_coarse_ksp_view ::ascii_info_detail to display information for all blocks
          KSP Object: (BackwardEuler-Equation_mg_coarse_sub_) 1 MPI process
            type: preonly
            maximum iterations=10000, initial guess is zero
            tolerances: relative=1e-05, absolute=1e-50, divergence=10000.
            left preconditioning
            not checking for convergence
          PC Object: (BackwardEuler-Equation_mg_coarse_sub_) 1 MPI process
            type: ilu
              out-of-place factorization
              0 levels of fill
              tolerance for zero pivot 2.22045e-14
              matrix ordering: natural
              factor fill ratio given 1., needed 1.
                Factored matrix:
                  Mat Object: (BackwardEuler-Equation_mg_coarse_sub_) 1 MPI process
                    type: seqaij
                    rows=0, cols=0
                    package used to perform factorization: petsc
                    total: nonzeros=0, allocated nonzeros=0
                      not using I-node routines
            linear system matrix, which is also used to construct the preconditioner:
            Mat Object: (BackwardEuler-Equation_mg_coarse_sub_) 1 MPI process
              type: seqaij
              rows=0, cols=0
              total: nonzeros=0, allocated nonzeros=0
              total number of mallocs used during MatSetValues calls=0
                not using I-node routines
        linear system matrix, which is also used to construct the preconditioner:
        Mat Object: (BackwardEuler-Equation_) 48 MPI processes
          type: mpiaij
          rows=39936, cols=39936
          total: nonzeros=2068480, allocated nonzeros=2068480
          total number of mallocs used during MatSetValues calls=0
            has attached near null space
            not using I-node (on process 0) routines
    Down solver (pre-smoother) on level 1 -------------------------------
      KSP Object: (BackwardEuler-Equation_mg_levels_1_) 48 MPI processes
        type: chebyshev
          Chebyshev polynomial of first kind
          eigenvalue targets used: min 0.171021, max 1.88123
          eigenvalues estimated via gmres: min 0.253554, max 1.71021
          eigenvalues estimated using gmres with transform: [0. 0.1; 0. 1.1]
          KSP Object: (BackwardEuler-Equation_mg_levels_1_esteig_) 48 MPI processes
            type: gmres
              restart=30, using classical (unmodified) Gram-Schmidt orthogonalization with no iterative refinement
              happy breakdown tolerance=1e-30
            maximum iterations=10, initial guess is zero
            tolerances: relative=1e-12, absolute=1e-50, divergence=10000.
            left preconditioning
            using PRECONDITIONED norm type for convergence test
          estimating eigenvalues using a noisy random number generated right-hand side
        maximum iterations=1, nonzero initial guess
        tolerances: relative=1e-05, absolute=1e-50, divergence=10000.
        left preconditioning
        not checking for convergence
      PC Object: (BackwardEuler-Equation_mg_levels_1_) 48 MPI processes
        type: bjacobi
          number of blocks = 48
          Local solver information for first block is in the following KSP and PC objects on rank 0:
          Use -BackwardEuler-Equation_mg_levels_1_ksp_view ::ascii_info_detail to display information for all blocks
          KSP Object: (BackwardEuler-Equation_mg_levels_1_sub_) 1 MPI process
            type: preonly
            maximum iterations=10000, initial guess is zero
            tolerances: relative=1e-05, absolute=1e-50, divergence=10000.
            left preconditioning
            not checking for convergence
          PC Object: (BackwardEuler-Equation_mg_levels_1_sub_) 1 MPI process
            type: ilu
              out-of-place factorization
              0 levels of fill
              tolerance for zero pivot 2.22045e-14
              matrix ordering: natural
              factor fill ratio given 1., needed 1.
                Factored matrix:
                  Mat Object: (BackwardEuler-Equation_mg_levels_1_sub_) 1 MPI process
                    type: seqaij
                    rows=0, cols=0
                    package used to perform factorization: petsc
                    total: nonzeros=0, allocated nonzeros=0
                      not using I-node routines
            linear system matrix, which is also used to construct the preconditioner:
            Mat Object: (BackwardEuler-Equation_mg_levels_1_sub_) 1 MPI process
              type: seqaij
              rows=0, cols=0
              total: nonzeros=0, allocated nonzeros=0
              total number of mallocs used during MatSetValues calls=0
                not using I-node routines
        linear system matrix, which is also used to construct the preconditioner:
        Mat Object: (BackwardEuler-Equation_) 48 MPI processes
          type: mpiaij
          rows=159744, cols=159744
          total: nonzeros=8593408, allocated nonzeros=8593408
          total number of mallocs used during MatSetValues calls=0
            has attached near null space
            not using I-node (on process 0) routines
    Up solver (post-smoother) same as down solver (pre-smoother)
    Down solver (pre-smoother) on level 2 -------------------------------
      KSP Object: (BackwardEuler-Equation_mg_levels_2_) 48 MPI processes
        type: chebyshev
          Chebyshev polynomial of first kind
          eigenvalue targets used: min 0.177053, max 1.94758
          eigenvalues estimated via gmres: min 0.217435, max 1.77053
          eigenvalues estimated using gmres with transform: [0. 0.1; 0. 1.1]
          KSP Object: (BackwardEuler-Equation_mg_levels_2_esteig_) 48 MPI processes
            type: gmres
              restart=30, using classical (unmodified) Gram-Schmidt orthogonalization with no iterative refinement
              happy breakdown tolerance=1e-30
            maximum iterations=10, initial guess is zero
            tolerances: relative=1e-12, absolute=1e-50, divergence=10000.
            left preconditioning
            using PRECONDITIONED norm type for convergence test
          estimating eigenvalues using a noisy random number generated right-hand side
        maximum iterations=1, nonzero initial guess
        tolerances: relative=1e-05, absolute=1e-50, divergence=10000.
        left preconditioning
        not checking for convergence
      PC Object: (BackwardEuler-Equation_mg_levels_2_) 48 MPI processes
        type: bjacobi
          number of blocks = 48
          Local solver information for first block is in the following KSP and PC objects on rank 0:
          Use -BackwardEuler-Equation_mg_levels_2_ksp_view ::ascii_info_detail to display information for all blocks
          KSP Object: (BackwardEuler-Equation_mg_levels_2_sub_) 1 MPI process
            type: preonly
            maximum iterations=10000, initial guess is zero
            tolerances: relative=1e-05, absolute=1e-50, divergence=10000.
            left preconditioning
            not checking for convergence
          PC Object: (BackwardEuler-Equation_mg_levels_2_sub_) 1 MPI process
            type: ilu
              out-of-place factorization
              0 levels of fill
              tolerance for zero pivot 2.22045e-14
              matrix ordering: natural
              factor fill ratio given 1., needed 1.
                Factored matrix:
                  Mat Object: (BackwardEuler-Equation_mg_levels_2_sub_) 1 MPI process
                    type: seqaij
                    rows=0, cols=0
                    package used to perform factorization: petsc
                    total: nonzeros=0, allocated nonzeros=0
                      not using I-node routines
            linear system matrix, which is also used to construct the preconditioner:
            Mat Object: (BackwardEuler-Equation_mg_levels_2_sub_) 1 MPI process
              type: seqaij
              rows=0, cols=0
              total: nonzeros=0, allocated nonzeros=0
              total number of mallocs used during MatSetValues calls=0
                not using I-node routines
        linear system matrix, which is also used to construct the preconditioner:
        Mat Object: (BackwardEuler-Equation_) 48 MPI processes
          type: mpiaij
          rows=638976, cols=638976
          total: nonzeros=35012608, allocated nonzeros=35012608
          total number of mallocs used during MatSetValues calls=0
            has attached near null space
            not using I-node (on process 0) routines
    Up solver (post-smoother) same as down solver (pre-smoother)
    Down solver (pre-smoother) on level 3 -------------------------------
      KSP Object: (BackwardEuler-Equation_mg_levels_3_) 48 MPI processes
        type: chebyshev
          Chebyshev polynomial of first kind
          eigenvalue targets used: min 0.185569, max 2.04126
          eigenvalues estimated via gmres: min 0.145541, max 1.85569
          eigenvalues estimated using gmres with transform: [0. 0.1; 0. 1.1]
          KSP Object: (BackwardEuler-Equation_mg_levels_3_esteig_) 48 MPI processes
            type: gmres
              restart=30, using classical (unmodified) Gram-Schmidt orthogonalization with no iterative refinement
              happy breakdown tolerance=1e-30
            maximum iterations=10, initial guess is zero
            tolerances: relative=1e-12, absolute=1e-50, divergence=10000.
            left preconditioning
            using PRECONDITIONED norm type for convergence test
          estimating eigenvalues using a noisy random number generated right-hand side
        maximum iterations=1, nonzero initial guess
        tolerances: relative=1e-05, absolute=1e-50, divergence=10000.
        left preconditioning
        not checking for convergence
      PC Object: (BackwardEuler-Equation_mg_levels_3_) 48 MPI processes
        type: bjacobi
          number of blocks = 48
          Local solver information for first block is in the following KSP and PC objects on rank 0:
          Use -BackwardEuler-Equation_mg_levels_3_ksp_view ::ascii_info_detail to display information for all blocks
          KSP Object: (BackwardEuler-Equation_mg_levels_3_sub_) 1 MPI process
            type: preonly
            maximum iterations=10000, initial guess is zero
            tolerances: relative=1e-05, absolute=1e-50, divergence=10000.
            left preconditioning
            not checking for convergence
          PC Object: (BackwardEuler-Equation_mg_levels_3_sub_) 1 MPI process
            type: ilu
              out-of-place factorization
              0 levels of fill
              tolerance for zero pivot 2.22045e-14
              matrix ordering: natural
              factor fill ratio given 1., needed 1.
                Factored matrix:
                  Mat Object: (BackwardEuler-Equation_mg_levels_3_sub_) 1 MPI process
                    type: seqaij
                    rows=0, cols=0
                    package used to perform factorization: petsc
                    total: nonzeros=0, allocated nonzeros=0
                      not using I-node routines
            linear system matrix, which is also used to construct the preconditioner:
            Mat Object: (BackwardEuler-Equation_mg_levels_3_sub_) 1 MPI process
              type: seqaij
              rows=0, cols=0
              total: nonzeros=0, allocated nonzeros=0
              total number of mallocs used during MatSetValues calls=0
                not using I-node routines
        linear system matrix, which is also used to construct the preconditioner:
        Mat Object: (BackwardEuler-Equation_) 48 MPI processes
          type: mpiaij
          rows=2555904, cols=2555904
          total: nonzeros=141328384, allocated nonzeros=141328384
          total number of mallocs used during MatSetValues calls=0
            has attached near null space
            not using I-node (on process 0) routines
    Up solver (post-smoother) same as down solver (pre-smoother)
    linear system matrix, which is also used to construct the preconditioner:
    Mat Object: (BackwardEuler-Equation_) 48 MPI processes
      type: mpiaij
      rows=2555904, cols=2555904
      total: nonzeros=141328384, allocated nonzeros=141328384
      total number of mallocs used during MatSetValues calls=0
        has attached near null space
        not using I-node (on process 0) routines
t = 1500.00 s | step 5/10 | wall 7.81 s | NL 2 | L 48
  0 SNES Function norm 3.591448191553e-06
            Linear BackwardEuler-Equation_mg_coarse_ solve converged due to CONVERGED_RTOL iterations 9
            Linear BackwardEuler-Equation_mg_coarse_ solve converged due to CONVERGED_RTOL iterations 10
            Linear BackwardEuler-Equation_mg_coarse_ solve converged due to CONVERGED_RTOL iterations 10
            Linear BackwardEuler-Equation_mg_coarse_ solve converged due to CONVERGED_RTOL iterations 10
            Linear BackwardEuler-Equation_mg_coarse_ solve converged due to CONVERGED_RTOL iterations 10
            Linear BackwardEuler-Equation_mg_coarse_ solve converged due to CONVERGED_RTOL iterations 10
            Linear BackwardEuler-Equation_mg_coarse_ solve converged due to CONVERGED_RTOL iterations 10
            Linear BackwardEuler-Equation_mg_coarse_ solve converged due to CONVERGED_RTOL iterations 10
            Linear BackwardEuler-Equation_mg_coarse_ solve converged due to CONVERGED_RTOL iterations 10
            Linear BackwardEuler-Equation_mg_coarse_ solve converged due to CONVERGED_RTOL iterations 10
            Linear BackwardEuler-Equation_mg_coarse_ solve converged due to CONVERGED_RTOL iterations 10
            Linear BackwardEuler-Equation_mg_coarse_ solve converged due to CONVERGED_RTOL iterations 10
            Linear BackwardEuler-Equation_mg_coarse_ solve converged due to CONVERGED_RTOL iterations 10
            Linear BackwardEuler-Equation_mg_coarse_ solve converged due to CONVERGED_RTOL iterations 10
            Linear BackwardEuler-Equation_mg_coarse_ solve converged due to CONVERGED_RTOL iterations 10
            Linear BackwardEuler-Equation_mg_coarse_ solve converged due to CONVERGED_RTOL iterations 10
            Linear BackwardEuler-Equation_mg_coarse_ solve converged due to CONVERGED_RTOL iterations 10
            Linear BackwardEuler-Equation_mg_coarse_ solve converged due to CONVERGED_RTOL iterations 10
            Linear BackwardEuler-Equation_mg_coarse_ solve converged due to CONVERGED_RTOL iterations 10
            Linear BackwardEuler-Equation_mg_coarse_ solve converged due to CONVERGED_RTOL iterations 10
            Linear BackwardEuler-Equation_mg_coarse_ solve converged due to CONVERGED_RTOL iterations 10
            Linear BackwardEuler-Equation_mg_coarse_ solve converged due to CONVERGED_RTOL iterations 10
            Linear BackwardEuler-Equation_mg_coarse_ solve converged due to CONVERGED_RTOL iterations 10
            Linear BackwardEuler-Equation_mg_coarse_ solve converged due to CONVERGED_RTOL iterations 10
    Linear BackwardEuler-Equation_ solve converged due to CONVERGED_RTOL iterations 24
Mat Object: (BackwardEuler-Equation_) 48 MPI processes
  type: mpiaij
  rows=2555904, cols=2555904
  total: nonzeros=141328384, allocated nonzeros=141328384
  total number of mallocs used during MatSetValues calls=0
    has attached near null space
    not using I-node (on process 0) routines
  1 SNES Function norm 6.635883313902e-08
            Linear BackwardEuler-Equation_mg_coarse_ solve converged due to CONVERGED_RTOL iterations 9
            Linear BackwardEuler-Equation_mg_coarse_ solve converged due to CONVERGED_RTOL iterations 10
            Linear BackwardEuler-Equation_mg_coarse_ solve converged due to CONVERGED_RTOL iterations 10
            Linear BackwardEuler-Equation_mg_coarse_ solve converged due to CONVERGED_RTOL iterations 10
            Linear BackwardEuler-Equation_mg_coarse_ solve converged due to CONVERGED_RTOL iterations 10
            Linear BackwardEuler-Equation_mg_coarse_ solve converged due to CONVERGED_RTOL iterations 10
            Linear BackwardEuler-Equation_mg_coarse_ solve converged due to CONVERGED_RTOL iterations 10
            Linear BackwardEuler-Equation_mg_coarse_ solve converged due to CONVERGED_RTOL iterations 10
            Linear BackwardEuler-Equation_mg_coarse_ solve converged due to CONVERGED_RTOL iterations 10
            Linear BackwardEuler-Equation_mg_coarse_ solve converged due to CONVERGED_RTOL iterations 10
            Linear BackwardEuler-Equation_mg_coarse_ solve converged due to CONVERGED_RTOL iterations 10
            Linear BackwardEuler-Equation_mg_coarse_ solve converged due to CONVERGED_RTOL iterations 10
            Linear BackwardEuler-Equation_mg_coarse_ solve converged due to CONVERGED_RTOL iterations 10
            Linear BackwardEuler-Equation_mg_coarse_ solve converged due to CONVERGED_RTOL iterations 10
            Linear BackwardEuler-Equation_mg_coarse_ solve converged due to CONVERGED_RTOL iterations 10
            Linear BackwardEuler-Equation_mg_coarse_ solve converged due to CONVERGED_RTOL iterations 10
            Linear BackwardEuler-Equation_mg_coarse_ solve converged due to CONVERGED_RTOL iterations 10
            Linear BackwardEuler-Equation_mg_coarse_ solve converged due to CONVERGED_RTOL iterations 10
            Linear BackwardEuler-Equation_mg_coarse_ solve converged due to CONVERGED_RTOL iterations 10
            Linear BackwardEuler-Equation_mg_coarse_ solve converged due to CONVERGED_RTOL iterations 10
            Linear BackwardEuler-Equation_mg_coarse_ solve converged due to CONVERGED_RTOL iterations 10
            Linear BackwardEuler-Equation_mg_coarse_ solve converged due to CONVERGED_RTOL iterations 10
            Linear BackwardEuler-Equation_mg_coarse_ solve converged due to CONVERGED_RTOL iterations 10
            Linear BackwardEuler-Equation_mg_coarse_ solve converged due to CONVERGED_RTOL iterations 10
    Linear BackwardEuler-Equation_ solve converged due to CONVERGED_RTOL iterations 24
Mat Object: (BackwardEuler-Equation_) 48 MPI processes
  type: mpiaij
  rows=2555904, cols=2555904
  total: nonzeros=141328384, allocated nonzeros=141328384
  total number of mallocs used during MatSetValues calls=0
    has attached near null space
    not using I-node (on process 0) routines
  2 SNES Function norm 4.243159437968e-11
  Nonlinear BackwardEuler-Equation_ solve converged due to CONVERGED_FNORM_ABS iterations 2
SNES Object: (BackwardEuler-Equation_) 48 MPI processes
  type: newtonls
  maximum iterations=50, maximum function evaluations=10000
  tolerances: relative=1e-08, absolute=1e-08, solution=1e-08
  total number of linear solver iterations=48
  total number of function evaluations=3
  norm schedule ALWAYS
  SNESLineSearch Object: (BackwardEuler-Equation_) 48 MPI processes
    type: bt
      interpolation: cubic
      alpha=1.000000e-04
    maxlambda=1.000000e+00, minlambda=1.000000e-12
    tolerances: relative=1.000000e-08, absolute=1.000000e-15, lambda=1.000000e-08
    maximum iterations=40
  KSP Object: (BackwardEuler-Equation_) 48 MPI processes
    type: fgmres
      restart=30, using classical (unmodified) Gram-Schmidt orthogonalization with no iterative refinement
      happy breakdown tolerance=1e-30
    maximum iterations=200, initial guess is zero
    tolerances: relative=1e-06, absolute=1e-50, divergence=10000.
    right preconditioning
    using UNPRECONDITIONED norm type for convergence test
  PC Object: (BackwardEuler-Equation_) 48 MPI processes
    type: mg
      type is MULTIPLICATIVE, levels=4 cycles=v
        Cycles per PCApply=1
        Not using Galerkin computed coarse grid matrices
    Coarse grid solver -- level 0 -------------------------------
      KSP Object: (BackwardEuler-Equation_mg_coarse_) 48 MPI processes
        type: gmres
          restart=30, using classical (unmodified) Gram-Schmidt orthogonalization with no iterative refinement
          happy breakdown tolerance=1e-30
        maximum iterations=30, initial guess is zero
        tolerances: relative=1e-05, absolute=1e-50, divergence=10000.
        left preconditioning
        using PRECONDITIONED norm type for convergence test
      PC Object: (BackwardEuler-Equation_mg_coarse_) 48 MPI processes
        type: bjacobi
          number of blocks = 48
          Local solver information for first block is in the following KSP and PC objects on rank 0:
          Use -BackwardEuler-Equation_mg_coarse_ksp_view ::ascii_info_detail to display information for all blocks
          KSP Object: (BackwardEuler-Equation_mg_coarse_sub_) 1 MPI process
            type: preonly
            maximum iterations=10000, initial guess is zero
            tolerances: relative=1e-05, absolute=1e-50, divergence=10000.
            left preconditioning
            not checking for convergence
          PC Object: (BackwardEuler-Equation_mg_coarse_sub_) 1 MPI process
            type: ilu
              out-of-place factorization
              0 levels of fill
              tolerance for zero pivot 2.22045e-14
              matrix ordering: natural
              factor fill ratio given 1., needed 1.
                Factored matrix:
                  Mat Object: (BackwardEuler-Equation_mg_coarse_sub_) 1 MPI process
                    type: seqaij
                    rows=0, cols=0
                    package used to perform factorization: petsc
                    total: nonzeros=0, allocated nonzeros=0
                      not using I-node routines
            linear system matrix, which is also used to construct the preconditioner:
            Mat Object: (BackwardEuler-Equation_mg_coarse_sub_) 1 MPI process
              type: seqaij
              rows=0, cols=0
              total: nonzeros=0, allocated nonzeros=0
              total number of mallocs used during MatSetValues calls=0
                not using I-node routines
        linear system matrix, which is also used to construct the preconditioner:
        Mat Object: (BackwardEuler-Equation_) 48 MPI processes
          type: mpiaij
          rows=39936, cols=39936
          total: nonzeros=2068480, allocated nonzeros=2068480
          total number of mallocs used during MatSetValues calls=0
            has attached near null space
            not using I-node (on process 0) routines
    Down solver (pre-smoother) on level 1 -------------------------------
      KSP Object: (BackwardEuler-Equation_mg_levels_1_) 48 MPI processes
        type: chebyshev
          Chebyshev polynomial of first kind
          eigenvalue targets used: min 0.17128, max 1.88408
          eigenvalues estimated via gmres: min 0.249949, max 1.7128
          eigenvalues estimated using gmres with transform: [0. 0.1; 0. 1.1]
          KSP Object: (BackwardEuler-Equation_mg_levels_1_esteig_) 48 MPI processes
            type: gmres
              restart=30, using classical (unmodified) Gram-Schmidt orthogonalization with no iterative refinement
              happy breakdown tolerance=1e-30
            maximum iterations=10, initial guess is zero
            tolerances: relative=1e-12, absolute=1e-50, divergence=10000.
            left preconditioning
            using PRECONDITIONED norm type for convergence test
          estimating eigenvalues using a noisy random number generated right-hand side
        maximum iterations=1, nonzero initial guess
        tolerances: relative=1e-05, absolute=1e-50, divergence=10000.
        left preconditioning
        not checking for convergence
      PC Object: (BackwardEuler-Equation_mg_levels_1_) 48 MPI processes
        type: bjacobi
          number of blocks = 48
          Local solver information for first block is in the following KSP and PC objects on rank 0:
          Use -BackwardEuler-Equation_mg_levels_1_ksp_view ::ascii_info_detail to display information for all blocks
          KSP Object: (BackwardEuler-Equation_mg_levels_1_sub_) 1 MPI process
            type: preonly
            maximum iterations=10000, initial guess is zero
            tolerances: relative=1e-05, absolute=1e-50, divergence=10000.
            left preconditioning
            not checking for convergence
          PC Object: (BackwardEuler-Equation_mg_levels_1_sub_) 1 MPI process
            type: ilu
              out-of-place factorization
              0 levels of fill
              tolerance for zero pivot 2.22045e-14
              matrix ordering: natural
              factor fill ratio given 1., needed 1.
                Factored matrix:
                  Mat Object: (BackwardEuler-Equation_mg_levels_1_sub_) 1 MPI process
                    type: seqaij
                    rows=0, cols=0
                    package used to perform factorization: petsc
                    total: nonzeros=0, allocated nonzeros=0
                      not using I-node routines
            linear system matrix, which is also used to construct the preconditioner:
            Mat Object: (BackwardEuler-Equation_mg_levels_1_sub_) 1 MPI process
              type: seqaij
              rows=0, cols=0
              total: nonzeros=0, allocated nonzeros=0
              total number of mallocs used during MatSetValues calls=0
                not using I-node routines
        linear system matrix, which is also used to construct the preconditioner:
        Mat Object: (BackwardEuler-Equation_) 48 MPI processes
          type: mpiaij
          rows=159744, cols=159744
          total: nonzeros=8593408, allocated nonzeros=8593408
          total number of mallocs used during MatSetValues calls=0
            has attached near null space
            not using I-node (on process 0) routines
    Up solver (post-smoother) same as down solver (pre-smoother)
    Down solver (pre-smoother) on level 2 -------------------------------
      KSP Object: (BackwardEuler-Equation_mg_levels_2_) 48 MPI processes
        type: chebyshev
          Chebyshev polynomial of first kind
          eigenvalue targets used: min 0.177053, max 1.94759
          eigenvalues estimated via gmres: min 0.21648, max 1.77053
          eigenvalues estimated using gmres with transform: [0. 0.1; 0. 1.1]
          KSP Object: (BackwardEuler-Equation_mg_levels_2_esteig_) 48 MPI processes
            type: gmres
              restart=30, using classical (unmodified) Gram-Schmidt orthogonalization with no iterative refinement
              happy breakdown tolerance=1e-30
            maximum iterations=10, initial guess is zero
            tolerances: relative=1e-12, absolute=1e-50, divergence=10000.
            left preconditioning
            using PRECONDITIONED norm type for convergence test
          estimating eigenvalues using a noisy random number generated right-hand side
        maximum iterations=1, nonzero initial guess
        tolerances: relative=1e-05, absolute=1e-50, divergence=10000.
        left preconditioning
        not checking for convergence
      PC Object: (BackwardEuler-Equation_mg_levels_2_) 48 MPI processes
        type: bjacobi
          number of blocks = 48
          Local solver information for first block is in the following KSP and PC objects on rank 0:
          Use -BackwardEuler-Equation_mg_levels_2_ksp_view ::ascii_info_detail to display information for all blocks
          KSP Object: (BackwardEuler-Equation_mg_levels_2_sub_) 1 MPI process
            type: preonly
            maximum iterations=10000, initial guess is zero
            tolerances: relative=1e-05, absolute=1e-50, divergence=10000.
            left preconditioning
            not checking for convergence
          PC Object: (BackwardEuler-Equation_mg_levels_2_sub_) 1 MPI process
            type: ilu
              out-of-place factorization
              0 levels of fill
              tolerance for zero pivot 2.22045e-14
              matrix ordering: natural
              factor fill ratio given 1., needed 1.
                Factored matrix:
                  Mat Object: (BackwardEuler-Equation_mg_levels_2_sub_) 1 MPI process
                    type: seqaij
                    rows=0, cols=0
                    package used to perform factorization: petsc
                    total: nonzeros=0, allocated nonzeros=0
                      not using I-node routines
            linear system matrix, which is also used to construct the preconditioner:
            Mat Object: (BackwardEuler-Equation_mg_levels_2_sub_) 1 MPI process
              type: seqaij
              rows=0, cols=0
              total: nonzeros=0, allocated nonzeros=0
              total number of mallocs used during MatSetValues calls=0
                not using I-node routines
        linear system matrix, which is also used to construct the preconditioner:
        Mat Object: (BackwardEuler-Equation_) 48 MPI processes
          type: mpiaij
          rows=638976, cols=638976
          total: nonzeros=35012608, allocated nonzeros=35012608
          total number of mallocs used during MatSetValues calls=0
            has attached near null space
            not using I-node (on process 0) routines
    Up solver (post-smoother) same as down solver (pre-smoother)
    Down solver (pre-smoother) on level 3 -------------------------------
      KSP Object: (BackwardEuler-Equation_mg_levels_3_) 48 MPI processes
        type: chebyshev
          Chebyshev polynomial of first kind
          eigenvalue targets used: min 0.185566, max 2.04123
          eigenvalues estimated via gmres: min 0.145549, max 1.85566
          eigenvalues estimated using gmres with transform: [0. 0.1; 0. 1.1]
          KSP Object: (BackwardEuler-Equation_mg_levels_3_esteig_) 48 MPI processes
            type: gmres
              restart=30, using classical (unmodified) Gram-Schmidt orthogonalization with no iterative refinement
              happy breakdown tolerance=1e-30
            maximum iterations=10, initial guess is zero
            tolerances: relative=1e-12, absolute=1e-50, divergence=10000.
            left preconditioning
            using PRECONDITIONED norm type for convergence test
          estimating eigenvalues using a noisy random number generated right-hand side
        maximum iterations=1, nonzero initial guess
        tolerances: relative=1e-05, absolute=1e-50, divergence=10000.
        left preconditioning
        not checking for convergence
      PC Object: (BackwardEuler-Equation_mg_levels_3_) 48 MPI processes
        type: bjacobi
          number of blocks = 48
          Local solver information for first block is in the following KSP and PC objects on rank 0:
          Use -BackwardEuler-Equation_mg_levels_3_ksp_view ::ascii_info_detail to display information for all blocks
          KSP Object: (BackwardEuler-Equation_mg_levels_3_sub_) 1 MPI process
            type: preonly
            maximum iterations=10000, initial guess is zero
            tolerances: relative=1e-05, absolute=1e-50, divergence=10000.
            left preconditioning
            not checking for convergence
          PC Object: (BackwardEuler-Equation_mg_levels_3_sub_) 1 MPI process
            type: ilu
              out-of-place factorization
              0 levels of fill
              tolerance for zero pivot 2.22045e-14
              matrix ordering: natural
              factor fill ratio given 1., needed 1.
                Factored matrix:
                  Mat Object: (BackwardEuler-Equation_mg_levels_3_sub_) 1 MPI process
                    type: seqaij
                    rows=0, cols=0
                    package used to perform factorization: petsc
                    total: nonzeros=0, allocated nonzeros=0
                      not using I-node routines
            linear system matrix, which is also used to construct the preconditioner:
            Mat Object: (BackwardEuler-Equation_mg_levels_3_sub_) 1 MPI process
              type: seqaij
              rows=0, cols=0
              total: nonzeros=0, allocated nonzeros=0
              total number of mallocs used during MatSetValues calls=0
                not using I-node routines
        linear system matrix, which is also used to construct the preconditioner:
        Mat Object: (BackwardEuler-Equation_) 48 MPI processes
          type: mpiaij
          rows=2555904, cols=2555904
          total: nonzeros=141328384, allocated nonzeros=141328384
          total number of mallocs used during MatSetValues calls=0
            has attached near null space
            not using I-node (on process 0) routines
    Up solver (post-smoother) same as down solver (pre-smoother)
    linear system matrix, which is also used to construct the preconditioner:
    Mat Object: (BackwardEuler-Equation_) 48 MPI processes
      type: mpiaij
      rows=2555904, cols=2555904
      total: nonzeros=141328384, allocated nonzeros=141328384
      total number of mallocs used during MatSetValues calls=0
        has attached near null space
        not using I-node (on process 0) routines
t = 1800.00 s | step 6/10 | wall 7.82 s | NL 2 | L 48
  0 SNES Function norm 3.459590411594e-06
            Linear BackwardEuler-Equation_mg_coarse_ solve converged due to CONVERGED_RTOL iterations 9
            Linear BackwardEuler-Equation_mg_coarse_ solve converged due to CONVERGED_RTOL iterations 10
            Linear BackwardEuler-Equation_mg_coarse_ solve converged due to CONVERGED_RTOL iterations 10
            Linear BackwardEuler-Equation_mg_coarse_ solve converged due to CONVERGED_RTOL iterations 10
            Linear BackwardEuler-Equation_mg_coarse_ solve converged due to CONVERGED_RTOL iterations 10
            Linear BackwardEuler-Equation_mg_coarse_ solve converged due to CONVERGED_RTOL iterations 10
            Linear BackwardEuler-Equation_mg_coarse_ solve converged due to CONVERGED_RTOL iterations 10
            Linear BackwardEuler-Equation_mg_coarse_ solve converged due to CONVERGED_RTOL iterations 10
            Linear BackwardEuler-Equation_mg_coarse_ solve converged due to CONVERGED_RTOL iterations 10
            Linear BackwardEuler-Equation_mg_coarse_ solve converged due to CONVERGED_RTOL iterations 10
            Linear BackwardEuler-Equation_mg_coarse_ solve converged due to CONVERGED_RTOL iterations 10
            Linear BackwardEuler-Equation_mg_coarse_ solve converged due to CONVERGED_RTOL iterations 10
            Linear BackwardEuler-Equation_mg_coarse_ solve converged due to CONVERGED_RTOL iterations 10
            Linear BackwardEuler-Equation_mg_coarse_ solve converged due to CONVERGED_RTOL iterations 10
            Linear BackwardEuler-Equation_mg_coarse_ solve converged due to CONVERGED_RTOL iterations 10
            Linear BackwardEuler-Equation_mg_coarse_ solve converged due to CONVERGED_RTOL iterations 10
            Linear BackwardEuler-Equation_mg_coarse_ solve converged due to CONVERGED_RTOL iterations 10
            Linear BackwardEuler-Equation_mg_coarse_ solve converged due to CONVERGED_RTOL iterations 10
            Linear BackwardEuler-Equation_mg_coarse_ solve converged due to CONVERGED_RTOL iterations 10
            Linear BackwardEuler-Equation_mg_coarse_ solve converged due to CONVERGED_RTOL iterations 10
            Linear BackwardEuler-Equation_mg_coarse_ solve converged due to CONVERGED_RTOL iterations 10
            Linear BackwardEuler-Equation_mg_coarse_ solve converged due to CONVERGED_RTOL iterations 10
            Linear BackwardEuler-Equation_mg_coarse_ solve converged due to CONVERGED_RTOL iterations 10
            Linear BackwardEuler-Equation_mg_coarse_ solve converged due to CONVERGED_RTOL iterations 10
    Linear BackwardEuler-Equation_ solve converged due to CONVERGED_RTOL iterations 24
Mat Object: (BackwardEuler-Equation_) 48 MPI processes
  type: mpiaij
  rows=2555904, cols=2555904
  total: nonzeros=141328384, allocated nonzeros=141328384
  total number of mallocs used during MatSetValues calls=0
    has attached near null space
    not using I-node (on process 0) routines
  1 SNES Function norm 5.985305847299e-08
            Linear BackwardEuler-Equation_mg_coarse_ solve converged due to CONVERGED_RTOL iterations 9
            Linear BackwardEuler-Equation_mg_coarse_ solve converged due to CONVERGED_RTOL iterations 10
            Linear BackwardEuler-Equation_mg_coarse_ solve converged due to CONVERGED_RTOL iterations 10
            Linear BackwardEuler-Equation_mg_coarse_ solve converged due to CONVERGED_RTOL iterations 10
            Linear BackwardEuler-Equation_mg_coarse_ solve converged due to CONVERGED_RTOL iterations 10
            Linear BackwardEuler-Equation_mg_coarse_ solve converged due to CONVERGED_RTOL iterations 10
            Linear BackwardEuler-Equation_mg_coarse_ solve converged due to CONVERGED_RTOL iterations 10
            Linear BackwardEuler-Equation_mg_coarse_ solve converged due to CONVERGED_RTOL iterations 10
            Linear BackwardEuler-Equation_mg_coarse_ solve converged due to CONVERGED_RTOL iterations 10
            Linear BackwardEuler-Equation_mg_coarse_ solve converged due to CONVERGED_RTOL iterations 10
            Linear BackwardEuler-Equation_mg_coarse_ solve converged due to CONVERGED_RTOL iterations 10
            Linear BackwardEuler-Equation_mg_coarse_ solve converged due to CONVERGED_RTOL iterations 10
            Linear BackwardEuler-Equation_mg_coarse_ solve converged due to CONVERGED_RTOL iterations 10
            Linear BackwardEuler-Equation_mg_coarse_ solve converged due to CONVERGED_RTOL iterations 10
            Linear BackwardEuler-Equation_mg_coarse_ solve converged due to CONVERGED_RTOL iterations 10
            Linear BackwardEuler-Equation_mg_coarse_ solve converged due to CONVERGED_RTOL iterations 10
            Linear BackwardEuler-Equation_mg_coarse_ solve converged due to CONVERGED_RTOL iterations 10
            Linear BackwardEuler-Equation_mg_coarse_ solve converged due to CONVERGED_RTOL iterations 10
            Linear BackwardEuler-Equation_mg_coarse_ solve converged due to CONVERGED_RTOL iterations 10
            Linear BackwardEuler-Equation_mg_coarse_ solve converged due to CONVERGED_RTOL iterations 10
            Linear BackwardEuler-Equation_mg_coarse_ solve converged due to CONVERGED_RTOL iterations 10
            Linear BackwardEuler-Equation_mg_coarse_ solve converged due to CONVERGED_RTOL iterations 10
            Linear BackwardEuler-Equation_mg_coarse_ solve converged due to CONVERGED_RTOL iterations 10
            Linear BackwardEuler-Equation_mg_coarse_ solve converged due to CONVERGED_RTOL iterations 10
    Linear BackwardEuler-Equation_ solve converged due to CONVERGED_RTOL iterations 24
Mat Object: (BackwardEuler-Equation_) 48 MPI processes
  type: mpiaij
  rows=2555904, cols=2555904
  total: nonzeros=141328384, allocated nonzeros=141328384
  total number of mallocs used during MatSetValues calls=0
    has attached near null space
    not using I-node (on process 0) routines
  2 SNES Function norm 3.376549811721e-11
  Nonlinear BackwardEuler-Equation_ solve converged due to CONVERGED_FNORM_ABS iterations 2
SNES Object: (BackwardEuler-Equation_) 48 MPI processes
  type: newtonls
  maximum iterations=50, maximum function evaluations=10000
  tolerances: relative=1e-08, absolute=1e-08, solution=1e-08
  total number of linear solver iterations=48
  total number of function evaluations=3
  norm schedule ALWAYS
  SNESLineSearch Object: (BackwardEuler-Equation_) 48 MPI processes
    type: bt
      interpolation: cubic
      alpha=1.000000e-04
    maxlambda=1.000000e+00, minlambda=1.000000e-12
    tolerances: relative=1.000000e-08, absolute=1.000000e-15, lambda=1.000000e-08
    maximum iterations=40
  KSP Object: (BackwardEuler-Equation_) 48 MPI processes
    type: fgmres
      restart=30, using classical (unmodified) Gram-Schmidt orthogonalization with no iterative refinement
      happy breakdown tolerance=1e-30
    maximum iterations=200, initial guess is zero
    tolerances: relative=1e-06, absolute=1e-50, divergence=10000.
    right preconditioning
    using UNPRECONDITIONED norm type for convergence test
  PC Object: (BackwardEuler-Equation_) 48 MPI processes
    type: mg
      type is MULTIPLICATIVE, levels=4 cycles=v
        Cycles per PCApply=1
        Not using Galerkin computed coarse grid matrices
    Coarse grid solver -- level 0 -------------------------------
      KSP Object: (BackwardEuler-Equation_mg_coarse_) 48 MPI processes
        type: gmres
          restart=30, using classical (unmodified) Gram-Schmidt orthogonalization with no iterative refinement
          happy breakdown tolerance=1e-30
        maximum iterations=30, initial guess is zero
        tolerances: relative=1e-05, absolute=1e-50, divergence=10000.
        left preconditioning
        using PRECONDITIONED norm type for convergence test
      PC Object: (BackwardEuler-Equation_mg_coarse_) 48 MPI processes
        type: bjacobi
          number of blocks = 48
          Local solver information for first block is in the following KSP and PC objects on rank 0:
          Use -BackwardEuler-Equation_mg_coarse_ksp_view ::ascii_info_detail to display information for all blocks
          KSP Object: (BackwardEuler-Equation_mg_coarse_sub_) 1 MPI process
            type: preonly
            maximum iterations=10000, initial guess is zero
            tolerances: relative=1e-05, absolute=1e-50, divergence=10000.
            left preconditioning
            not checking for convergence
          PC Object: (BackwardEuler-Equation_mg_coarse_sub_) 1 MPI process
            type: ilu
              out-of-place factorization
              0 levels of fill
              tolerance for zero pivot 2.22045e-14
              matrix ordering: natural
              factor fill ratio given 1., needed 1.
                Factored matrix:
                  Mat Object: (BackwardEuler-Equation_mg_coarse_sub_) 1 MPI process
                    type: seqaij
                    rows=0, cols=0
                    package used to perform factorization: petsc
                    total: nonzeros=0, allocated nonzeros=0
                      not using I-node routines
            linear system matrix, which is also used to construct the preconditioner:
            Mat Object: (BackwardEuler-Equation_mg_coarse_sub_) 1 MPI process
              type: seqaij
              rows=0, cols=0
              total: nonzeros=0, allocated nonzeros=0
              total number of mallocs used during MatSetValues calls=0
                not using I-node routines
        linear system matrix, which is also used to construct the preconditioner:
        Mat Object: (BackwardEuler-Equation_) 48 MPI processes
          type: mpiaij
          rows=39936, cols=39936
          total: nonzeros=2068480, allocated nonzeros=2068480
          total number of mallocs used during MatSetValues calls=0
            has attached near null space
            not using I-node (on process 0) routines
    Down solver (pre-smoother) on level 1 -------------------------------
      KSP Object: (BackwardEuler-Equation_mg_levels_1_) 48 MPI processes
        type: chebyshev
          Chebyshev polynomial of first kind
          eigenvalue targets used: min 0.171521, max 1.88673
          eigenvalues estimated via gmres: min 0.246876, max 1.71521
          eigenvalues estimated using gmres with transform: [0. 0.1; 0. 1.1]
          KSP Object: (BackwardEuler-Equation_mg_levels_1_esteig_) 48 MPI processes
            type: gmres
              restart=30, using classical (unmodified) Gram-Schmidt orthogonalization with no iterative refinement
              happy breakdown tolerance=1e-30
            maximum iterations=10, initial guess is zero
            tolerances: relative=1e-12, absolute=1e-50, divergence=10000.
            left preconditioning
            using PRECONDITIONED norm type for convergence test
          estimating eigenvalues using a noisy random number generated right-hand side
        maximum iterations=1, nonzero initial guess
        tolerances: relative=1e-05, absolute=1e-50, divergence=10000.
        left preconditioning
        not checking for convergence
      PC Object: (BackwardEuler-Equation_mg_levels_1_) 48 MPI processes
        type: bjacobi
          number of blocks = 48
          Local solver information for first block is in the following KSP and PC objects on rank 0:
          Use -BackwardEuler-Equation_mg_levels_1_ksp_view ::ascii_info_detail to display information for all blocks
          KSP Object: (BackwardEuler-Equation_mg_levels_1_sub_) 1 MPI process
            type: preonly
            maximum iterations=10000, initial guess is zero
            tolerances: relative=1e-05, absolute=1e-50, divergence=10000.
            left preconditioning
            not checking for convergence
          PC Object: (BackwardEuler-Equation_mg_levels_1_sub_) 1 MPI process
            type: ilu
              out-of-place factorization
              0 levels of fill
              tolerance for zero pivot 2.22045e-14
              matrix ordering: natural
              factor fill ratio given 1., needed 1.
                Factored matrix:
                  Mat Object: (BackwardEuler-Equation_mg_levels_1_sub_) 1 MPI process
                    type: seqaij
                    rows=0, cols=0
                    package used to perform factorization: petsc
                    total: nonzeros=0, allocated nonzeros=0
                      not using I-node routines
            linear system matrix, which is also used to construct the preconditioner:
            Mat Object: (BackwardEuler-Equation_mg_levels_1_sub_) 1 MPI process
              type: seqaij
              rows=0, cols=0
              total: nonzeros=0, allocated nonzeros=0
              total number of mallocs used during MatSetValues calls=0
                not using I-node routines
        linear system matrix, which is also used to construct the preconditioner:
        Mat Object: (BackwardEuler-Equation_) 48 MPI processes
          type: mpiaij
          rows=159744, cols=159744
          total: nonzeros=8593408, allocated nonzeros=8593408
          total number of mallocs used during MatSetValues calls=0
            has attached near null space
            not using I-node (on process 0) routines
    Up solver (post-smoother) same as down solver (pre-smoother)
    Down solver (pre-smoother) on level 2 -------------------------------
      KSP Object: (BackwardEuler-Equation_mg_levels_2_) 48 MPI processes
        type: chebyshev
          Chebyshev polynomial of first kind
          eigenvalue targets used: min 0.177053, max 1.94758
          eigenvalues estimated via gmres: min 0.215528, max 1.77053
          eigenvalues estimated using gmres with transform: [0. 0.1; 0. 1.1]
          KSP Object: (BackwardEuler-Equation_mg_levels_2_esteig_) 48 MPI processes
            type: gmres
              restart=30, using classical (unmodified) Gram-Schmidt orthogonalization with no iterative refinement
              happy breakdown tolerance=1e-30
            maximum iterations=10, initial guess is zero
            tolerances: relative=1e-12, absolute=1e-50, divergence=10000.
            left preconditioning
            using PRECONDITIONED norm type for convergence test
          estimating eigenvalues using a noisy random number generated right-hand side
        maximum iterations=1, nonzero initial guess
        tolerances: relative=1e-05, absolute=1e-50, divergence=10000.
        left preconditioning
        not checking for convergence
      PC Object: (BackwardEuler-Equation_mg_levels_2_) 48 MPI processes
        type: bjacobi
          number of blocks = 48
          Local solver information for first block is in the following KSP and PC objects on rank 0:
          Use -BackwardEuler-Equation_mg_levels_2_ksp_view ::ascii_info_detail to display information for all blocks
          KSP Object: (BackwardEuler-Equation_mg_levels_2_sub_) 1 MPI process
            type: preonly
            maximum iterations=10000, initial guess is zero
            tolerances: relative=1e-05, absolute=1e-50, divergence=10000.
            left preconditioning
            not checking for convergence
          PC Object: (BackwardEuler-Equation_mg_levels_2_sub_) 1 MPI process
            type: ilu
              out-of-place factorization
              0 levels of fill
              tolerance for zero pivot 2.22045e-14
              matrix ordering: natural
              factor fill ratio given 1., needed 1.
                Factored matrix:
                  Mat Object: (BackwardEuler-Equation_mg_levels_2_sub_) 1 MPI process
                    type: seqaij
                    rows=0, cols=0
                    package used to perform factorization: petsc
                    total: nonzeros=0, allocated nonzeros=0
                      not using I-node routines
            linear system matrix, which is also used to construct the preconditioner:
            Mat Object: (BackwardEuler-Equation_mg_levels_2_sub_) 1 MPI process
              type: seqaij
              rows=0, cols=0
              total: nonzeros=0, allocated nonzeros=0
              total number of mallocs used during MatSetValues calls=0
                not using I-node routines
        linear system matrix, which is also used to construct the preconditioner:
        Mat Object: (BackwardEuler-Equation_) 48 MPI processes
          type: mpiaij
          rows=638976, cols=638976
          total: nonzeros=35012608, allocated nonzeros=35012608
          total number of mallocs used during MatSetValues calls=0
            has attached near null space
            not using I-node (on process 0) routines
    Up solver (post-smoother) same as down solver (pre-smoother)
    Down solver (pre-smoother) on level 3 -------------------------------
      KSP Object: (BackwardEuler-Equation_mg_levels_3_) 48 MPI processes
        type: chebyshev
          Chebyshev polynomial of first kind
          eigenvalue targets used: min 0.185565, max 2.04121
          eigenvalues estimated via gmres: min 0.145557, max 1.85565
          eigenvalues estimated using gmres with transform: [0. 0.1; 0. 1.1]
          KSP Object: (BackwardEuler-Equation_mg_levels_3_esteig_) 48 MPI processes
            type: gmres
              restart=30, using classical (unmodified) Gram-Schmidt orthogonalization with no iterative refinement
              happy breakdown tolerance=1e-30
            maximum iterations=10, initial guess is zero
            tolerances: relative=1e-12, absolute=1e-50, divergence=10000.
            left preconditioning
            using PRECONDITIONED norm type for convergence test
          estimating eigenvalues using a noisy random number generated right-hand side
        maximum iterations=1, nonzero initial guess
        tolerances: relative=1e-05, absolute=1e-50, divergence=10000.
        left preconditioning
        not checking for convergence
      PC Object: (BackwardEuler-Equation_mg_levels_3_) 48 MPI processes
        type: bjacobi
          number of blocks = 48
          Local solver information for first block is in the following KSP and PC objects on rank 0:
          Use -BackwardEuler-Equation_mg_levels_3_ksp_view ::ascii_info_detail to display information for all blocks
          KSP Object: (BackwardEuler-Equation_mg_levels_3_sub_) 1 MPI process
            type: preonly
            maximum iterations=10000, initial guess is zero
            tolerances: relative=1e-05, absolute=1e-50, divergence=10000.
            left preconditioning
            not checking for convergence
          PC Object: (BackwardEuler-Equation_mg_levels_3_sub_) 1 MPI process
            type: ilu
              out-of-place factorization
              0 levels of fill
              tolerance for zero pivot 2.22045e-14
              matrix ordering: natural
              factor fill ratio given 1., needed 1.
                Factored matrix:
                  Mat Object: (BackwardEuler-Equation_mg_levels_3_sub_) 1 MPI process
                    type: seqaij
                    rows=0, cols=0
                    package used to perform factorization: petsc
                    total: nonzeros=0, allocated nonzeros=0
                      not using I-node routines
            linear system matrix, which is also used to construct the preconditioner:
            Mat Object: (BackwardEuler-Equation_mg_levels_3_sub_) 1 MPI process
              type: seqaij
              rows=0, cols=0
              total: nonzeros=0, allocated nonzeros=0
              total number of mallocs used during MatSetValues calls=0
                not using I-node routines
        linear system matrix, which is also used to construct the preconditioner:
        Mat Object: (BackwardEuler-Equation_) 48 MPI processes
          type: mpiaij
          rows=2555904, cols=2555904
          total: nonzeros=141328384, allocated nonzeros=141328384
          total number of mallocs used during MatSetValues calls=0
            has attached near null space
            not using I-node (on process 0) routines
    Up solver (post-smoother) same as down solver (pre-smoother)
    linear system matrix, which is also used to construct the preconditioner:
    Mat Object: (BackwardEuler-Equation_) 48 MPI processes
      type: mpiaij
      rows=2555904, cols=2555904
      total: nonzeros=141328384, allocated nonzeros=141328384
      total number of mallocs used during MatSetValues calls=0
        has attached near null space
        not using I-node (on process 0) routines
t = 2100.00 s | step 7/10 | wall 7.81 s | NL 2 | L 48
  0 SNES Function norm 3.353843492055e-06
            Linear BackwardEuler-Equation_mg_coarse_ solve converged due to CONVERGED_RTOL iterations 9
            Linear BackwardEuler-Equation_mg_coarse_ solve converged due to CONVERGED_RTOL iterations 10
            Linear BackwardEuler-Equation_mg_coarse_ solve converged due to CONVERGED_RTOL iterations 10
            Linear BackwardEuler-Equation_mg_coarse_ solve converged due to CONVERGED_RTOL iterations 10
            Linear BackwardEuler-Equation_mg_coarse_ solve converged due to CONVERGED_RTOL iterations 10
            Linear BackwardEuler-Equation_mg_coarse_ solve converged due to CONVERGED_RTOL iterations 10
            Linear BackwardEuler-Equation_mg_coarse_ solve converged due to CONVERGED_RTOL iterations 10
            Linear BackwardEuler-Equation_mg_coarse_ solve converged due to CONVERGED_RTOL iterations 10
            Linear BackwardEuler-Equation_mg_coarse_ solve converged due to CONVERGED_RTOL iterations 10
            Linear BackwardEuler-Equation_mg_coarse_ solve converged due to CONVERGED_RTOL iterations 10
            Linear BackwardEuler-Equation_mg_coarse_ solve converged due to CONVERGED_RTOL iterations 10
            Linear BackwardEuler-Equation_mg_coarse_ solve converged due to CONVERGED_RTOL iterations 10
            Linear BackwardEuler-Equation_mg_coarse_ solve converged due to CONVERGED_RTOL iterations 10
            Linear BackwardEuler-Equation_mg_coarse_ solve converged due to CONVERGED_RTOL iterations 10
            Linear BackwardEuler-Equation_mg_coarse_ solve converged due to CONVERGED_RTOL iterations 10
            Linear BackwardEuler-Equation_mg_coarse_ solve converged due to CONVERGED_RTOL iterations 10
            Linear BackwardEuler-Equation_mg_coarse_ solve converged due to CONVERGED_RTOL iterations 10
            Linear BackwardEuler-Equation_mg_coarse_ solve converged due to CONVERGED_RTOL iterations 10
            Linear BackwardEuler-Equation_mg_coarse_ solve converged due to CONVERGED_RTOL iterations 10
            Linear BackwardEuler-Equation_mg_coarse_ solve converged due to CONVERGED_RTOL iterations 10
            Linear BackwardEuler-Equation_mg_coarse_ solve converged due to CONVERGED_RTOL iterations 10
            Linear BackwardEuler-Equation_mg_coarse_ solve converged due to CONVERGED_RTOL iterations 10
            Linear BackwardEuler-Equation_mg_coarse_ solve converged due to CONVERGED_RTOL iterations 10
            Linear BackwardEuler-Equation_mg_coarse_ solve converged due to CONVERGED_RTOL iterations 10
    Linear BackwardEuler-Equation_ solve converged due to CONVERGED_RTOL iterations 24
Mat Object: (BackwardEuler-Equation_) 48 MPI processes
  type: mpiaij
  rows=2555904, cols=2555904
  total: nonzeros=141328384, allocated nonzeros=141328384
  total number of mallocs used during MatSetValues calls=0
    has attached near null space
    not using I-node (on process 0) routines
  1 SNES Function norm 5.490642690386e-08
            Linear BackwardEuler-Equation_mg_coarse_ solve converged due to CONVERGED_RTOL iterations 9
            Linear BackwardEuler-Equation_mg_coarse_ solve converged due to CONVERGED_RTOL iterations 10
            Linear BackwardEuler-Equation_mg_coarse_ solve converged due to CONVERGED_RTOL iterations 10
            Linear BackwardEuler-Equation_mg_coarse_ solve converged due to CONVERGED_RTOL iterations 10
            Linear BackwardEuler-Equation_mg_coarse_ solve converged due to CONVERGED_RTOL iterations 10
            Linear BackwardEuler-Equation_mg_coarse_ solve converged due to CONVERGED_RTOL iterations 10
            Linear BackwardEuler-Equation_mg_coarse_ solve converged due to CONVERGED_RTOL iterations 10
            Linear BackwardEuler-Equation_mg_coarse_ solve converged due to CONVERGED_RTOL iterations 10
            Linear BackwardEuler-Equation_mg_coarse_ solve converged due to CONVERGED_RTOL iterations 10
            Linear BackwardEuler-Equation_mg_coarse_ solve converged due to CONVERGED_RTOL iterations 10
            Linear BackwardEuler-Equation_mg_coarse_ solve converged due to CONVERGED_RTOL iterations 10
            Linear BackwardEuler-Equation_mg_coarse_ solve converged due to CONVERGED_RTOL iterations 10
            Linear BackwardEuler-Equation_mg_coarse_ solve converged due to CONVERGED_RTOL iterations 10
            Linear BackwardEuler-Equation_mg_coarse_ solve converged due to CONVERGED_RTOL iterations 10
            Linear BackwardEuler-Equation_mg_coarse_ solve converged due to CONVERGED_RTOL iterations 10
            Linear BackwardEuler-Equation_mg_coarse_ solve converged due to CONVERGED_RTOL iterations 10
            Linear BackwardEuler-Equation_mg_coarse_ solve converged due to CONVERGED_RTOL iterations 10
            Linear BackwardEuler-Equation_mg_coarse_ solve converged due to CONVERGED_RTOL iterations 10
            Linear BackwardEuler-Equation_mg_coarse_ solve converged due to CONVERGED_RTOL iterations 10
            Linear BackwardEuler-Equation_mg_coarse_ solve converged due to CONVERGED_RTOL iterations 10
            Linear BackwardEuler-Equation_mg_coarse_ solve converged due to CONVERGED_RTOL iterations 10
            Linear BackwardEuler-Equation_mg_coarse_ solve converged due to CONVERGED_RTOL iterations 10
            Linear BackwardEuler-Equation_mg_coarse_ solve converged due to CONVERGED_RTOL iterations 10
            Linear BackwardEuler-Equation_mg_coarse_ solve converged due to CONVERGED_RTOL iterations 10
    Linear BackwardEuler-Equation_ solve converged due to CONVERGED_RTOL iterations 24
Mat Object: (BackwardEuler-Equation_) 48 MPI processes
  type: mpiaij
  rows=2555904, cols=2555904
  total: nonzeros=141328384, allocated nonzeros=141328384
  total number of mallocs used during MatSetValues calls=0
    has attached near null space
    not using I-node (on process 0) routines
  2 SNES Function norm 2.753787356816e-11
  Nonlinear BackwardEuler-Equation_ solve converged due to CONVERGED_FNORM_ABS iterations 2
SNES Object: (BackwardEuler-Equation_) 48 MPI processes
  type: newtonls
  maximum iterations=50, maximum function evaluations=10000
  tolerances: relative=1e-08, absolute=1e-08, solution=1e-08
  total number of linear solver iterations=48
  total number of function evaluations=3
  norm schedule ALWAYS
  SNESLineSearch Object: (BackwardEuler-Equation_) 48 MPI processes
    type: bt
      interpolation: cubic
      alpha=1.000000e-04
    maxlambda=1.000000e+00, minlambda=1.000000e-12
    tolerances: relative=1.000000e-08, absolute=1.000000e-15, lambda=1.000000e-08
    maximum iterations=40
  KSP Object: (BackwardEuler-Equation_) 48 MPI processes
    type: fgmres
      restart=30, using classical (unmodified) Gram-Schmidt orthogonalization with no iterative refinement
      happy breakdown tolerance=1e-30
    maximum iterations=200, initial guess is zero
    tolerances: relative=1e-06, absolute=1e-50, divergence=10000.
    right preconditioning
    using UNPRECONDITIONED norm type for convergence test
  PC Object: (BackwardEuler-Equation_) 48 MPI processes
    type: mg
      type is MULTIPLICATIVE, levels=4 cycles=v
        Cycles per PCApply=1
        Not using Galerkin computed coarse grid matrices
    Coarse grid solver -- level 0 -------------------------------
      KSP Object: (BackwardEuler-Equation_mg_coarse_) 48 MPI processes
        type: gmres
          restart=30, using classical (unmodified) Gram-Schmidt orthogonalization with no iterative refinement
          happy breakdown tolerance=1e-30
        maximum iterations=30, initial guess is zero
        tolerances: relative=1e-05, absolute=1e-50, divergence=10000.
        left preconditioning
        using PRECONDITIONED norm type for convergence test
      PC Object: (BackwardEuler-Equation_mg_coarse_) 48 MPI processes
        type: bjacobi
          number of blocks = 48
          Local solver information for first block is in the following KSP and PC objects on rank 0:
          Use -BackwardEuler-Equation_mg_coarse_ksp_view ::ascii_info_detail to display information for all blocks
          KSP Object: (BackwardEuler-Equation_mg_coarse_sub_) 1 MPI process
            type: preonly
            maximum iterations=10000, initial guess is zero
            tolerances: relative=1e-05, absolute=1e-50, divergence=10000.
            left preconditioning
            not checking for convergence
          PC Object: (BackwardEuler-Equation_mg_coarse_sub_) 1 MPI process
            type: ilu
              out-of-place factorization
              0 levels of fill
              tolerance for zero pivot 2.22045e-14
              matrix ordering: natural
              factor fill ratio given 1., needed 1.
                Factored matrix:
                  Mat Object: (BackwardEuler-Equation_mg_coarse_sub_) 1 MPI process
                    type: seqaij
                    rows=0, cols=0
                    package used to perform factorization: petsc
                    total: nonzeros=0, allocated nonzeros=0
                      not using I-node routines
            linear system matrix, which is also used to construct the preconditioner:
            Mat Object: (BackwardEuler-Equation_mg_coarse_sub_) 1 MPI process
              type: seqaij
              rows=0, cols=0
              total: nonzeros=0, allocated nonzeros=0
              total number of mallocs used during MatSetValues calls=0
                not using I-node routines
        linear system matrix, which is also used to construct the preconditioner:
        Mat Object: (BackwardEuler-Equation_) 48 MPI processes
          type: mpiaij
          rows=39936, cols=39936
          total: nonzeros=2068480, allocated nonzeros=2068480
          total number of mallocs used during MatSetValues calls=0
            has attached near null space
            not using I-node (on process 0) routines
    Down solver (pre-smoother) on level 1 -------------------------------
      KSP Object: (BackwardEuler-Equation_mg_levels_1_) 48 MPI processes
        type: chebyshev
          Chebyshev polynomial of first kind
          eigenvalue targets used: min 0.171743, max 1.88917
          eigenvalues estimated via gmres: min 0.244229, max 1.71743
          eigenvalues estimated using gmres with transform: [0. 0.1; 0. 1.1]
          KSP Object: (BackwardEuler-Equation_mg_levels_1_esteig_) 48 MPI processes
            type: gmres
              restart=30, using classical (unmodified) Gram-Schmidt orthogonalization with no iterative refinement
              happy breakdown tolerance=1e-30
            maximum iterations=10, initial guess is zero
            tolerances: relative=1e-12, absolute=1e-50, divergence=10000.
            left preconditioning
            using PRECONDITIONED norm type for convergence test
          estimating eigenvalues using a noisy random number generated right-hand side
        maximum iterations=1, nonzero initial guess
        tolerances: relative=1e-05, absolute=1e-50, divergence=10000.
        left preconditioning
        not checking for convergence
      PC Object: (BackwardEuler-Equation_mg_levels_1_) 48 MPI processes
        type: bjacobi
          number of blocks = 48
          Local solver information for first block is in the following KSP and PC objects on rank 0:
          Use -BackwardEuler-Equation_mg_levels_1_ksp_view ::ascii_info_detail to display information for all blocks
          KSP Object: (BackwardEuler-Equation_mg_levels_1_sub_) 1 MPI process
            type: preonly
            maximum iterations=10000, initial guess is zero
            tolerances: relative=1e-05, absolute=1e-50, divergence=10000.
            left preconditioning
            not checking for convergence
          PC Object: (BackwardEuler-Equation_mg_levels_1_sub_) 1 MPI process
            type: ilu
              out-of-place factorization
              0 levels of fill
              tolerance for zero pivot 2.22045e-14
              matrix ordering: natural
              factor fill ratio given 1., needed 1.
                Factored matrix:
                  Mat Object: (BackwardEuler-Equation_mg_levels_1_sub_) 1 MPI process
                    type: seqaij
                    rows=0, cols=0
                    package used to perform factorization: petsc
                    total: nonzeros=0, allocated nonzeros=0
                      not using I-node routines
            linear system matrix, which is also used to construct the preconditioner:
            Mat Object: (BackwardEuler-Equation_mg_levels_1_sub_) 1 MPI process
              type: seqaij
              rows=0, cols=0
              total: nonzeros=0, allocated nonzeros=0
              total number of mallocs used during MatSetValues calls=0
                not using I-node routines
        linear system matrix, which is also used to construct the preconditioner:
        Mat Object: (BackwardEuler-Equation_) 48 MPI processes
          type: mpiaij
          rows=159744, cols=159744
          total: nonzeros=8593408, allocated nonzeros=8593408
          total number of mallocs used during MatSetValues calls=0
            has attached near null space
            not using I-node (on process 0) routines
    Up solver (post-smoother) same as down solver (pre-smoother)
    Down solver (pre-smoother) on level 2 -------------------------------
      KSP Object: (BackwardEuler-Equation_mg_levels_2_) 48 MPI processes
        type: chebyshev
          Chebyshev polynomial of first kind
          eigenvalue targets used: min 0.177053, max 1.94758
          eigenvalues estimated via gmres: min 0.214583, max 1.77053
          eigenvalues estimated using gmres with transform: [0. 0.1; 0. 1.1]
          KSP Object: (BackwardEuler-Equation_mg_levels_2_esteig_) 48 MPI processes
            type: gmres
              restart=30, using classical (unmodified) Gram-Schmidt orthogonalization with no iterative refinement
              happy breakdown tolerance=1e-30
            maximum iterations=10, initial guess is zero
            tolerances: relative=1e-12, absolute=1e-50, divergence=10000.
            left preconditioning
            using PRECONDITIONED norm type for convergence test
          estimating eigenvalues using a noisy random number generated right-hand side
        maximum iterations=1, nonzero initial guess
        tolerances: relative=1e-05, absolute=1e-50, divergence=10000.
        left preconditioning
        not checking for convergence
      PC Object: (BackwardEuler-Equation_mg_levels_2_) 48 MPI processes
        type: bjacobi
          number of blocks = 48
          Local solver information for first block is in the following KSP and PC objects on rank 0:
          Use -BackwardEuler-Equation_mg_levels_2_ksp_view ::ascii_info_detail to display information for all blocks
          KSP Object: (BackwardEuler-Equation_mg_levels_2_sub_) 1 MPI process
            type: preonly
            maximum iterations=10000, initial guess is zero
            tolerances: relative=1e-05, absolute=1e-50, divergence=10000.
            left preconditioning
            not checking for convergence
          PC Object: (BackwardEuler-Equation_mg_levels_2_sub_) 1 MPI process
            type: ilu
              out-of-place factorization
              0 levels of fill
              tolerance for zero pivot 2.22045e-14
              matrix ordering: natural
              factor fill ratio given 1., needed 1.
                Factored matrix:
                  Mat Object: (BackwardEuler-Equation_mg_levels_2_sub_) 1 MPI process
                    type: seqaij
                    rows=0, cols=0
                    package used to perform factorization: petsc
                    total: nonzeros=0, allocated nonzeros=0
                      not using I-node routines
            linear system matrix, which is also used to construct the preconditioner:
            Mat Object: (BackwardEuler-Equation_mg_levels_2_sub_) 1 MPI process
              type: seqaij
              rows=0, cols=0
              total: nonzeros=0, allocated nonzeros=0
              total number of mallocs used during MatSetValues calls=0
                not using I-node routines
        linear system matrix, which is also used to construct the preconditioner:
        Mat Object: (BackwardEuler-Equation_) 48 MPI processes
          type: mpiaij
          rows=638976, cols=638976
          total: nonzeros=35012608, allocated nonzeros=35012608
          total number of mallocs used during MatSetValues calls=0
            has attached near null space
            not using I-node (on process 0) routines
    Up solver (post-smoother) same as down solver (pre-smoother)
    Down solver (pre-smoother) on level 3 -------------------------------
      KSP Object: (BackwardEuler-Equation_mg_levels_3_) 48 MPI processes
        type: chebyshev
          Chebyshev polynomial of first kind
          eigenvalue targets used: min 0.185563, max 2.04119
          eigenvalues estimated via gmres: min 0.145565, max 1.85563
          eigenvalues estimated using gmres with transform: [0. 0.1; 0. 1.1]
          KSP Object: (BackwardEuler-Equation_mg_levels_3_esteig_) 48 MPI processes
            type: gmres
              restart=30, using classical (unmodified) Gram-Schmidt orthogonalization with no iterative refinement
              happy breakdown tolerance=1e-30
            maximum iterations=10, initial guess is zero
            tolerances: relative=1e-12, absolute=1e-50, divergence=10000.
            left preconditioning
            using PRECONDITIONED norm type for convergence test
          estimating eigenvalues using a noisy random number generated right-hand side
        maximum iterations=1, nonzero initial guess
        tolerances: relative=1e-05, absolute=1e-50, divergence=10000.
        left preconditioning
        not checking for convergence
      PC Object: (BackwardEuler-Equation_mg_levels_3_) 48 MPI processes
        type: bjacobi
          number of blocks = 48
          Local solver information for first block is in the following KSP and PC objects on rank 0:
          Use -BackwardEuler-Equation_mg_levels_3_ksp_view ::ascii_info_detail to display information for all blocks
          KSP Object: (BackwardEuler-Equation_mg_levels_3_sub_) 1 MPI process
            type: preonly
            maximum iterations=10000, initial guess is zero
            tolerances: relative=1e-05, absolute=1e-50, divergence=10000.
            left preconditioning
            not checking for convergence
          PC Object: (BackwardEuler-Equation_mg_levels_3_sub_) 1 MPI process
            type: ilu
              out-of-place factorization
              0 levels of fill
              tolerance for zero pivot 2.22045e-14
              matrix ordering: natural
              factor fill ratio given 1., needed 1.
                Factored matrix:
                  Mat Object: (BackwardEuler-Equation_mg_levels_3_sub_) 1 MPI process
                    type: seqaij
                    rows=0, cols=0
                    package used to perform factorization: petsc
                    total: nonzeros=0, allocated nonzeros=0
                      not using I-node routines
            linear system matrix, which is also used to construct the preconditioner:
            Mat Object: (BackwardEuler-Equation_mg_levels_3_sub_) 1 MPI process
              type: seqaij
              rows=0, cols=0
              total: nonzeros=0, allocated nonzeros=0
              total number of mallocs used during MatSetValues calls=0
                not using I-node routines
        linear system matrix, which is also used to construct the preconditioner:
        Mat Object: (BackwardEuler-Equation_) 48 MPI processes
          type: mpiaij
          rows=2555904, cols=2555904
          total: nonzeros=141328384, allocated nonzeros=141328384
          total number of mallocs used during MatSetValues calls=0
            has attached near null space
            not using I-node (on process 0) routines
    Up solver (post-smoother) same as down solver (pre-smoother)
    linear system matrix, which is also used to construct the preconditioner:
    Mat Object: (BackwardEuler-Equation_) 48 MPI processes
      type: mpiaij
      rows=2555904, cols=2555904
      total: nonzeros=141328384, allocated nonzeros=141328384
      total number of mallocs used during MatSetValues calls=0
        has attached near null space
        not using I-node (on process 0) routines
t = 2400.00 s | step 8/10 | wall 7.82 s | NL 2 | L 48
  0 SNES Function norm 3.266619857788e-06
            Linear BackwardEuler-Equation_mg_coarse_ solve converged due to CONVERGED_RTOL iterations 9
            Linear BackwardEuler-Equation_mg_coarse_ solve converged due to CONVERGED_RTOL iterations 10
            Linear BackwardEuler-Equation_mg_coarse_ solve converged due to CONVERGED_RTOL iterations 10
            Linear BackwardEuler-Equation_mg_coarse_ solve converged due to CONVERGED_RTOL iterations 10
            Linear BackwardEuler-Equation_mg_coarse_ solve converged due to CONVERGED_RTOL iterations 10
            Linear BackwardEuler-Equation_mg_coarse_ solve converged due to CONVERGED_RTOL iterations 10
            Linear BackwardEuler-Equation_mg_coarse_ solve converged due to CONVERGED_RTOL iterations 10
            Linear BackwardEuler-Equation_mg_coarse_ solve converged due to CONVERGED_RTOL iterations 10
            Linear BackwardEuler-Equation_mg_coarse_ solve converged due to CONVERGED_RTOL iterations 10
            Linear BackwardEuler-Equation_mg_coarse_ solve converged due to CONVERGED_RTOL iterations 10
            Linear BackwardEuler-Equation_mg_coarse_ solve converged due to CONVERGED_RTOL iterations 10
            Linear BackwardEuler-Equation_mg_coarse_ solve converged due to CONVERGED_RTOL iterations 10
            Linear BackwardEuler-Equation_mg_coarse_ solve converged due to CONVERGED_RTOL iterations 10
            Linear BackwardEuler-Equation_mg_coarse_ solve converged due to CONVERGED_RTOL iterations 10
            Linear BackwardEuler-Equation_mg_coarse_ solve converged due to CONVERGED_RTOL iterations 10
            Linear BackwardEuler-Equation_mg_coarse_ solve converged due to CONVERGED_RTOL iterations 10
            Linear BackwardEuler-Equation_mg_coarse_ solve converged due to CONVERGED_RTOL iterations 10
            Linear BackwardEuler-Equation_mg_coarse_ solve converged due to CONVERGED_RTOL iterations 10
            Linear BackwardEuler-Equation_mg_coarse_ solve converged due to CONVERGED_RTOL iterations 10
            Linear BackwardEuler-Equation_mg_coarse_ solve converged due to CONVERGED_RTOL iterations 10
            Linear BackwardEuler-Equation_mg_coarse_ solve converged due to CONVERGED_RTOL iterations 10
            Linear BackwardEuler-Equation_mg_coarse_ solve converged due to CONVERGED_RTOL iterations 10
            Linear BackwardEuler-Equation_mg_coarse_ solve converged due to CONVERGED_RTOL iterations 10
            Linear BackwardEuler-Equation_mg_coarse_ solve converged due to CONVERGED_RTOL iterations 10
    Linear BackwardEuler-Equation_ solve converged due to CONVERGED_RTOL iterations 24
Mat Object: (BackwardEuler-Equation_) 48 MPI processes
  type: mpiaij
  rows=2555904, cols=2555904
  total: nonzeros=141328384, allocated nonzeros=141328384
  total number of mallocs used during MatSetValues calls=0
    has attached near null space
    not using I-node (on process 0) routines
  1 SNES Function norm 5.102404914762e-08
            Linear BackwardEuler-Equation_mg_coarse_ solve converged due to CONVERGED_RTOL iterations 9
            Linear BackwardEuler-Equation_mg_coarse_ solve converged due to CONVERGED_RTOL iterations 10
            Linear BackwardEuler-Equation_mg_coarse_ solve converged due to CONVERGED_RTOL iterations 10
            Linear BackwardEuler-Equation_mg_coarse_ solve converged due to CONVERGED_RTOL iterations 10
            Linear BackwardEuler-Equation_mg_coarse_ solve converged due to CONVERGED_RTOL iterations 10
            Linear BackwardEuler-Equation_mg_coarse_ solve converged due to CONVERGED_RTOL iterations 10
            Linear BackwardEuler-Equation_mg_coarse_ solve converged due to CONVERGED_RTOL iterations 10
            Linear BackwardEuler-Equation_mg_coarse_ solve converged due to CONVERGED_RTOL iterations 10
            Linear BackwardEuler-Equation_mg_coarse_ solve converged due to CONVERGED_RTOL iterations 10
            Linear BackwardEuler-Equation_mg_coarse_ solve converged due to CONVERGED_RTOL iterations 10
            Linear BackwardEuler-Equation_mg_coarse_ solve converged due to CONVERGED_RTOL iterations 10
            Linear BackwardEuler-Equation_mg_coarse_ solve converged due to CONVERGED_RTOL iterations 10
            Linear BackwardEuler-Equation_mg_coarse_ solve converged due to CONVERGED_RTOL iterations 10
            Linear BackwardEuler-Equation_mg_coarse_ solve converged due to CONVERGED_RTOL iterations 10
            Linear BackwardEuler-Equation_mg_coarse_ solve converged due to CONVERGED_RTOL iterations 10
            Linear BackwardEuler-Equation_mg_coarse_ solve converged due to CONVERGED_RTOL iterations 10
            Linear BackwardEuler-Equation_mg_coarse_ solve converged due to CONVERGED_RTOL iterations 10
            Linear BackwardEuler-Equation_mg_coarse_ solve converged due to CONVERGED_RTOL iterations 10
            Linear BackwardEuler-Equation_mg_coarse_ solve converged due to CONVERGED_RTOL iterations 10
            Linear BackwardEuler-Equation_mg_coarse_ solve converged due to CONVERGED_RTOL iterations 10
            Linear BackwardEuler-Equation_mg_coarse_ solve converged due to CONVERGED_RTOL iterations 10
            Linear BackwardEuler-Equation_mg_coarse_ solve converged due to CONVERGED_RTOL iterations 10
            Linear BackwardEuler-Equation_mg_coarse_ solve converged due to CONVERGED_RTOL iterations 10
            Linear BackwardEuler-Equation_mg_coarse_ solve converged due to CONVERGED_RTOL iterations 10
    Linear BackwardEuler-Equation_ solve converged due to CONVERGED_RTOL iterations 24
Mat Object: (BackwardEuler-Equation_) 48 MPI processes
  type: mpiaij
  rows=2555904, cols=2555904
  total: nonzeros=141328384, allocated nonzeros=141328384
  total number of mallocs used during MatSetValues calls=0
    has attached near null space
    not using I-node (on process 0) routines
  2 SNES Function norm 2.253093188402e-11
  Nonlinear BackwardEuler-Equation_ solve converged due to CONVERGED_FNORM_ABS iterations 2
SNES Object: (BackwardEuler-Equation_) 48 MPI processes
  type: newtonls
  maximum iterations=50, maximum function evaluations=10000
  tolerances: relative=1e-08, absolute=1e-08, solution=1e-08
  total number of linear solver iterations=48
  total number of function evaluations=3
  norm schedule ALWAYS
  SNESLineSearch Object: (BackwardEuler-Equation_) 48 MPI processes
    type: bt
      interpolation: cubic
      alpha=1.000000e-04
    maxlambda=1.000000e+00, minlambda=1.000000e-12
    tolerances: relative=1.000000e-08, absolute=1.000000e-15, lambda=1.000000e-08
    maximum iterations=40
  KSP Object: (BackwardEuler-Equation_) 48 MPI processes
    type: fgmres
      restart=30, using classical (unmodified) Gram-Schmidt orthogonalization with no iterative refinement
      happy breakdown tolerance=1e-30
    maximum iterations=200, initial guess is zero
    tolerances: relative=1e-06, absolute=1e-50, divergence=10000.
    right preconditioning
    using UNPRECONDITIONED norm type for convergence test
  PC Object: (BackwardEuler-Equation_) 48 MPI processes
    type: mg
      type is MULTIPLICATIVE, levels=4 cycles=v
        Cycles per PCApply=1
        Not using Galerkin computed coarse grid matrices
    Coarse grid solver -- level 0 -------------------------------
      KSP Object: (BackwardEuler-Equation_mg_coarse_) 48 MPI processes
        type: gmres
          restart=30, using classical (unmodified) Gram-Schmidt orthogonalization with no iterative refinement
          happy breakdown tolerance=1e-30
        maximum iterations=30, initial guess is zero
        tolerances: relative=1e-05, absolute=1e-50, divergence=10000.
        left preconditioning
        using PRECONDITIONED norm type for convergence test
      PC Object: (BackwardEuler-Equation_mg_coarse_) 48 MPI processes
        type: bjacobi
          number of blocks = 48
          Local solver information for first block is in the following KSP and PC objects on rank 0:
          Use -BackwardEuler-Equation_mg_coarse_ksp_view ::ascii_info_detail to display information for all blocks
          KSP Object: (BackwardEuler-Equation_mg_coarse_sub_) 1 MPI process
            type: preonly
            maximum iterations=10000, initial guess is zero
            tolerances: relative=1e-05, absolute=1e-50, divergence=10000.
            left preconditioning
            not checking for convergence
          PC Object: (BackwardEuler-Equation_mg_coarse_sub_) 1 MPI process
            type: ilu
              out-of-place factorization
              0 levels of fill
              tolerance for zero pivot 2.22045e-14
              matrix ordering: natural
              factor fill ratio given 1., needed 1.
                Factored matrix:
                  Mat Object: (BackwardEuler-Equation_mg_coarse_sub_) 1 MPI process
                    type: seqaij
                    rows=0, cols=0
                    package used to perform factorization: petsc
                    total: nonzeros=0, allocated nonzeros=0
                      not using I-node routines
            linear system matrix, which is also used to construct the preconditioner:
            Mat Object: (BackwardEuler-Equation_mg_coarse_sub_) 1 MPI process
              type: seqaij
              rows=0, cols=0
              total: nonzeros=0, allocated nonzeros=0
              total number of mallocs used during MatSetValues calls=0
                not using I-node routines
        linear system matrix, which is also used to construct the preconditioner:
        Mat Object: (BackwardEuler-Equation_) 48 MPI processes
          type: mpiaij
          rows=39936, cols=39936
          total: nonzeros=2068480, allocated nonzeros=2068480
          total number of mallocs used during MatSetValues calls=0
            has attached near null space
            not using I-node (on process 0) routines
    Down solver (pre-smoother) on level 1 -------------------------------
      KSP Object: (BackwardEuler-Equation_mg_levels_1_) 48 MPI processes
        type: chebyshev
          Chebyshev polynomial of first kind
          eigenvalue targets used: min 0.171945, max 1.89139
          eigenvalues estimated via gmres: min 0.241926, max 1.71945
          eigenvalues estimated using gmres with transform: [0. 0.1; 0. 1.1]
          KSP Object: (BackwardEuler-Equation_mg_levels_1_esteig_) 48 MPI processes
            type: gmres
              restart=30, using classical (unmodified) Gram-Schmidt orthogonalization with no iterative refinement
              happy breakdown tolerance=1e-30
            maximum iterations=10, initial guess is zero
            tolerances: relative=1e-12, absolute=1e-50, divergence=10000.
            left preconditioning
            using PRECONDITIONED norm type for convergence test
          estimating eigenvalues using a noisy random number generated right-hand side
        maximum iterations=1, nonzero initial guess
        tolerances: relative=1e-05, absolute=1e-50, divergence=10000.
        left preconditioning
        not checking for convergence
      PC Object: (BackwardEuler-Equation_mg_levels_1_) 48 MPI processes
        type: bjacobi
          number of blocks = 48
          Local solver information for first block is in the following KSP and PC objects on rank 0:
          Use -BackwardEuler-Equation_mg_levels_1_ksp_view ::ascii_info_detail to display information for all blocks
          KSP Object: (BackwardEuler-Equation_mg_levels_1_sub_) 1 MPI process
            type: preonly
            maximum iterations=10000, initial guess is zero
            tolerances: relative=1e-05, absolute=1e-50, divergence=10000.
            left preconditioning
            not checking for convergence
          PC Object: (BackwardEuler-Equation_mg_levels_1_sub_) 1 MPI process
            type: ilu
              out-of-place factorization
              0 levels of fill
              tolerance for zero pivot 2.22045e-14
              matrix ordering: natural
              factor fill ratio given 1., needed 1.
                Factored matrix:
                  Mat Object: (BackwardEuler-Equation_mg_levels_1_sub_) 1 MPI process
                    type: seqaij
                    rows=0, cols=0
                    package used to perform factorization: petsc
                    total: nonzeros=0, allocated nonzeros=0
                      not using I-node routines
            linear system matrix, which is also used to construct the preconditioner:
            Mat Object: (BackwardEuler-Equation_mg_levels_1_sub_) 1 MPI process
              type: seqaij
              rows=0, cols=0
              total: nonzeros=0, allocated nonzeros=0
              total number of mallocs used during MatSetValues calls=0
                not using I-node routines
        linear system matrix, which is also used to construct the preconditioner:
        Mat Object: (BackwardEuler-Equation_) 48 MPI processes
          type: mpiaij
          rows=159744, cols=159744
          total: nonzeros=8593408, allocated nonzeros=8593408
          total number of mallocs used during MatSetValues calls=0
            has attached near null space
            not using I-node (on process 0) routines
    Up solver (post-smoother) same as down solver (pre-smoother)
    Down solver (pre-smoother) on level 2 -------------------------------
      KSP Object: (BackwardEuler-Equation_mg_levels_2_) 48 MPI processes
        type: chebyshev
          Chebyshev polynomial of first kind
          eigenvalue targets used: min 0.177053, max 1.94758
          eigenvalues estimated via gmres: min 0.21365, max 1.77053
          eigenvalues estimated using gmres with transform: [0. 0.1; 0. 1.1]
          KSP Object: (BackwardEuler-Equation_mg_levels_2_esteig_) 48 MPI processes
            type: gmres
              restart=30, using classical (unmodified) Gram-Schmidt orthogonalization with no iterative refinement
              happy breakdown tolerance=1e-30
            maximum iterations=10, initial guess is zero
            tolerances: relative=1e-12, absolute=1e-50, divergence=10000.
            left preconditioning
            using PRECONDITIONED norm type for convergence test
          estimating eigenvalues using a noisy random number generated right-hand side
        maximum iterations=1, nonzero initial guess
        tolerances: relative=1e-05, absolute=1e-50, divergence=10000.
        left preconditioning
        not checking for convergence
      PC Object: (BackwardEuler-Equation_mg_levels_2_) 48 MPI processes
        type: bjacobi
          number of blocks = 48
          Local solver information for first block is in the following KSP and PC objects on rank 0:
          Use -BackwardEuler-Equation_mg_levels_2_ksp_view ::ascii_info_detail to display information for all blocks
          KSP Object: (BackwardEuler-Equation_mg_levels_2_sub_) 1 MPI process
            type: preonly
            maximum iterations=10000, initial guess is zero
            tolerances: relative=1e-05, absolute=1e-50, divergence=10000.
            left preconditioning
            not checking for convergence
          PC Object: (BackwardEuler-Equation_mg_levels_2_sub_) 1 MPI process
            type: ilu
              out-of-place factorization
              0 levels of fill
              tolerance for zero pivot 2.22045e-14
              matrix ordering: natural
              factor fill ratio given 1., needed 1.
                Factored matrix:
                  Mat Object: (BackwardEuler-Equation_mg_levels_2_sub_) 1 MPI process
                    type: seqaij
                    rows=0, cols=0
                    package used to perform factorization: petsc
                    total: nonzeros=0, allocated nonzeros=0
                      not using I-node routines
            linear system matrix, which is also used to construct the preconditioner:
            Mat Object: (BackwardEuler-Equation_mg_levels_2_sub_) 1 MPI process
              type: seqaij
              rows=0, cols=0
              total: nonzeros=0, allocated nonzeros=0
              total number of mallocs used during MatSetValues calls=0
                not using I-node routines
        linear system matrix, which is also used to construct the preconditioner:
        Mat Object: (BackwardEuler-Equation_) 48 MPI processes
          type: mpiaij
          rows=638976, cols=638976
          total: nonzeros=35012608, allocated nonzeros=35012608
          total number of mallocs used during MatSetValues calls=0
            has attached near null space
            not using I-node (on process 0) routines
    Up solver (post-smoother) same as down solver (pre-smoother)
    Down solver (pre-smoother) on level 3 -------------------------------
      KSP Object: (BackwardEuler-Equation_mg_levels_3_) 48 MPI processes
        type: chebyshev
          Chebyshev polynomial of first kind
          eigenvalue targets used: min 0.185561, max 2.04117
          eigenvalues estimated via gmres: min 0.145572, max 1.85561
          eigenvalues estimated using gmres with transform: [0. 0.1; 0. 1.1]
          KSP Object: (BackwardEuler-Equation_mg_levels_3_esteig_) 48 MPI processes
            type: gmres
              restart=30, using classical (unmodified) Gram-Schmidt orthogonalization with no iterative refinement
              happy breakdown tolerance=1e-30
            maximum iterations=10, initial guess is zero
            tolerances: relative=1e-12, absolute=1e-50, divergence=10000.
            left preconditioning
            using PRECONDITIONED norm type for convergence test
          estimating eigenvalues using a noisy random number generated right-hand side
        maximum iterations=1, nonzero initial guess
        tolerances: relative=1e-05, absolute=1e-50, divergence=10000.
        left preconditioning
        not checking for convergence
      PC Object: (BackwardEuler-Equation_mg_levels_3_) 48 MPI processes
        type: bjacobi
          number of blocks = 48
          Local solver information for first block is in the following KSP and PC objects on rank 0:
          Use -BackwardEuler-Equation_mg_levels_3_ksp_view ::ascii_info_detail to display information for all blocks
          KSP Object: (BackwardEuler-Equation_mg_levels_3_sub_) 1 MPI process
            type: preonly
            maximum iterations=10000, initial guess is zero
            tolerances: relative=1e-05, absolute=1e-50, divergence=10000.
            left preconditioning
            not checking for convergence
          PC Object: (BackwardEuler-Equation_mg_levels_3_sub_) 1 MPI process
            type: ilu
              out-of-place factorization
              0 levels of fill
              tolerance for zero pivot 2.22045e-14
              matrix ordering: natural
              factor fill ratio given 1., needed 1.
                Factored matrix:
                  Mat Object: (BackwardEuler-Equation_mg_levels_3_sub_) 1 MPI process
                    type: seqaij
                    rows=0, cols=0
                    package used to perform factorization: petsc
                    total: nonzeros=0, allocated nonzeros=0
                      not using I-node routines
            linear system matrix, which is also used to construct the preconditioner:
            Mat Object: (BackwardEuler-Equation_mg_levels_3_sub_) 1 MPI process
              type: seqaij
              rows=0, cols=0
              total: nonzeros=0, allocated nonzeros=0
              total number of mallocs used during MatSetValues calls=0
                not using I-node routines
        linear system matrix, which is also used to construct the preconditioner:
        Mat Object: (BackwardEuler-Equation_) 48 MPI processes
          type: mpiaij
          rows=2555904, cols=2555904
          total: nonzeros=141328384, allocated nonzeros=141328384
          total number of mallocs used during MatSetValues calls=0
            has attached near null space
            not using I-node (on process 0) routines
    Up solver (post-smoother) same as down solver (pre-smoother)
    linear system matrix, which is also used to construct the preconditioner:
    Mat Object: (BackwardEuler-Equation_) 48 MPI processes
      type: mpiaij
      rows=2555904, cols=2555904
      total: nonzeros=141328384, allocated nonzeros=141328384
      total number of mallocs used during MatSetValues calls=0
        has attached near null space
        not using I-node (on process 0) routines
t = 2700.00 s | step 9/10 | wall 7.82 s | NL 2 | L 48
  0 SNES Function norm 3.193182838263e-06
            Linear BackwardEuler-Equation_mg_coarse_ solve converged due to CONVERGED_RTOL iterations 9
            Linear BackwardEuler-Equation_mg_coarse_ solve converged due to CONVERGED_RTOL iterations 10
            Linear BackwardEuler-Equation_mg_coarse_ solve converged due to CONVERGED_RTOL iterations 10
            Linear BackwardEuler-Equation_mg_coarse_ solve converged due to CONVERGED_RTOL iterations 10
            Linear BackwardEuler-Equation_mg_coarse_ solve converged due to CONVERGED_RTOL iterations 10
            Linear BackwardEuler-Equation_mg_coarse_ solve converged due to CONVERGED_RTOL iterations 10
            Linear BackwardEuler-Equation_mg_coarse_ solve converged due to CONVERGED_RTOL iterations 10
            Linear BackwardEuler-Equation_mg_coarse_ solve converged due to CONVERGED_RTOL iterations 10
            Linear BackwardEuler-Equation_mg_coarse_ solve converged due to CONVERGED_RTOL iterations 10
            Linear BackwardEuler-Equation_mg_coarse_ solve converged due to CONVERGED_RTOL iterations 10
            Linear BackwardEuler-Equation_mg_coarse_ solve converged due to CONVERGED_RTOL iterations 10
            Linear BackwardEuler-Equation_mg_coarse_ solve converged due to CONVERGED_RTOL iterations 10
            Linear BackwardEuler-Equation_mg_coarse_ solve converged due to CONVERGED_RTOL iterations 10
            Linear BackwardEuler-Equation_mg_coarse_ solve converged due to CONVERGED_RTOL iterations 10
            Linear BackwardEuler-Equation_mg_coarse_ solve converged due to CONVERGED_RTOL iterations 10
            Linear BackwardEuler-Equation_mg_coarse_ solve converged due to CONVERGED_RTOL iterations 10
            Linear BackwardEuler-Equation_mg_coarse_ solve converged due to CONVERGED_RTOL iterations 10
            Linear BackwardEuler-Equation_mg_coarse_ solve converged due to CONVERGED_RTOL iterations 10
            Linear BackwardEuler-Equation_mg_coarse_ solve converged due to CONVERGED_RTOL iterations 10
            Linear BackwardEuler-Equation_mg_coarse_ solve converged due to CONVERGED_RTOL iterations 10
            Linear BackwardEuler-Equation_mg_coarse_ solve converged due to CONVERGED_RTOL iterations 10
            Linear BackwardEuler-Equation_mg_coarse_ solve converged due to CONVERGED_RTOL iterations 10
            Linear BackwardEuler-Equation_mg_coarse_ solve converged due to CONVERGED_RTOL iterations 10
            Linear BackwardEuler-Equation_mg_coarse_ solve converged due to CONVERGED_RTOL iterations 10
    Linear BackwardEuler-Equation_ solve converged due to CONVERGED_RTOL iterations 24
Mat Object: (BackwardEuler-Equation_) 48 MPI processes
  type: mpiaij
  rows=2555904, cols=2555904
  total: nonzeros=141328384, allocated nonzeros=141328384
  total number of mallocs used during MatSetValues calls=0
    has attached near null space
    not using I-node (on process 0) routines
  1 SNES Function norm 4.796259223646e-08
            Linear BackwardEuler-Equation_mg_coarse_ solve converged due to CONVERGED_RTOL iterations 9
            Linear BackwardEuler-Equation_mg_coarse_ solve converged due to CONVERGED_RTOL iterations 10
            Linear BackwardEuler-Equation_mg_coarse_ solve converged due to CONVERGED_RTOL iterations 10
            Linear BackwardEuler-Equation_mg_coarse_ solve converged due to CONVERGED_RTOL iterations 10
            Linear BackwardEuler-Equation_mg_coarse_ solve converged due to CONVERGED_RTOL iterations 10
            Linear BackwardEuler-Equation_mg_coarse_ solve converged due to CONVERGED_RTOL iterations 10
            Linear BackwardEuler-Equation_mg_coarse_ solve converged due to CONVERGED_RTOL iterations 10
            Linear BackwardEuler-Equation_mg_coarse_ solve converged due to CONVERGED_RTOL iterations 10
            Linear BackwardEuler-Equation_mg_coarse_ solve converged due to CONVERGED_RTOL iterations 10
            Linear BackwardEuler-Equation_mg_coarse_ solve converged due to CONVERGED_RTOL iterations 10
            Linear BackwardEuler-Equation_mg_coarse_ solve converged due to CONVERGED_RTOL iterations 10
            Linear BackwardEuler-Equation_mg_coarse_ solve converged due to CONVERGED_RTOL iterations 10
            Linear BackwardEuler-Equation_mg_coarse_ solve converged due to CONVERGED_RTOL iterations 10
            Linear BackwardEuler-Equation_mg_coarse_ solve converged due to CONVERGED_RTOL iterations 10
            Linear BackwardEuler-Equation_mg_coarse_ solve converged due to CONVERGED_RTOL iterations 10
            Linear BackwardEuler-Equation_mg_coarse_ solve converged due to CONVERGED_RTOL iterations 10
            Linear BackwardEuler-Equation_mg_coarse_ solve converged due to CONVERGED_RTOL iterations 10
            Linear BackwardEuler-Equation_mg_coarse_ solve converged due to CONVERGED_RTOL iterations 10
            Linear BackwardEuler-Equation_mg_coarse_ solve converged due to CONVERGED_RTOL iterations 10
            Linear BackwardEuler-Equation_mg_coarse_ solve converged due to CONVERGED_RTOL iterations 10
            Linear BackwardEuler-Equation_mg_coarse_ solve converged due to CONVERGED_RTOL iterations 10
            Linear BackwardEuler-Equation_mg_coarse_ solve converged due to CONVERGED_RTOL iterations 10
            Linear BackwardEuler-Equation_mg_coarse_ solve converged due to CONVERGED_RTOL iterations 10
            Linear BackwardEuler-Equation_mg_coarse_ solve converged due to CONVERGED_RTOL iterations 10
    Linear BackwardEuler-Equation_ solve converged due to CONVERGED_RTOL iterations 24
Mat Object: (BackwardEuler-Equation_) 48 MPI processes
  type: mpiaij
  rows=2555904, cols=2555904
  total: nonzeros=141328384, allocated nonzeros=141328384
  total number of mallocs used during MatSetValues calls=0
    has attached near null space
    not using I-node (on process 0) routines
  2 SNES Function norm 1.905368407320e-11
  Nonlinear BackwardEuler-Equation_ solve converged due to CONVERGED_FNORM_ABS iterations 2
SNES Object: (BackwardEuler-Equation_) 48 MPI processes
  type: newtonls
  maximum iterations=50, maximum function evaluations=10000
  tolerances: relative=1e-08, absolute=1e-08, solution=1e-08
  total number of linear solver iterations=48
  total number of function evaluations=3
  norm schedule ALWAYS
  SNESLineSearch Object: (BackwardEuler-Equation_) 48 MPI processes
    type: bt
      interpolation: cubic
      alpha=1.000000e-04
    maxlambda=1.000000e+00, minlambda=1.000000e-12
    tolerances: relative=1.000000e-08, absolute=1.000000e-15, lambda=1.000000e-08
    maximum iterations=40
  KSP Object: (BackwardEuler-Equation_) 48 MPI processes
    type: fgmres
      restart=30, using classical (unmodified) Gram-Schmidt orthogonalization with no iterative refinement
      happy breakdown tolerance=1e-30
    maximum iterations=200, initial guess is zero
    tolerances: relative=1e-06, absolute=1e-50, divergence=10000.
    right preconditioning
    using UNPRECONDITIONED norm type for convergence test
  PC Object: (BackwardEuler-Equation_) 48 MPI processes
    type: mg
      type is MULTIPLICATIVE, levels=4 cycles=v
        Cycles per PCApply=1
        Not using Galerkin computed coarse grid matrices
    Coarse grid solver -- level 0 -------------------------------
      KSP Object: (BackwardEuler-Equation_mg_coarse_) 48 MPI processes
        type: gmres
          restart=30, using classical (unmodified) Gram-Schmidt orthogonalization with no iterative refinement
          happy breakdown tolerance=1e-30
        maximum iterations=30, initial guess is zero
        tolerances: relative=1e-05, absolute=1e-50, divergence=10000.
        left preconditioning
        using PRECONDITIONED norm type for convergence test
      PC Object: (BackwardEuler-Equation_mg_coarse_) 48 MPI processes
        type: bjacobi
          number of blocks = 48
          Local solver information for first block is in the following KSP and PC objects on rank 0:
          Use -BackwardEuler-Equation_mg_coarse_ksp_view ::ascii_info_detail to display information for all blocks
          KSP Object: (BackwardEuler-Equation_mg_coarse_sub_) 1 MPI process
            type: preonly
            maximum iterations=10000, initial guess is zero
            tolerances: relative=1e-05, absolute=1e-50, divergence=10000.
            left preconditioning
            not checking for convergence
          PC Object: (BackwardEuler-Equation_mg_coarse_sub_) 1 MPI process
            type: ilu
              out-of-place factorization
              0 levels of fill
              tolerance for zero pivot 2.22045e-14
              matrix ordering: natural
              factor fill ratio given 1., needed 1.
                Factored matrix:
                  Mat Object: (BackwardEuler-Equation_mg_coarse_sub_) 1 MPI process
                    type: seqaij
                    rows=0, cols=0
                    package used to perform factorization: petsc
                    total: nonzeros=0, allocated nonzeros=0
                      not using I-node routines
            linear system matrix, which is also used to construct the preconditioner:
            Mat Object: (BackwardEuler-Equation_mg_coarse_sub_) 1 MPI process
              type: seqaij
              rows=0, cols=0
              total: nonzeros=0, allocated nonzeros=0
              total number of mallocs used during MatSetValues calls=0
                not using I-node routines
        linear system matrix, which is also used to construct the preconditioner:
        Mat Object: (BackwardEuler-Equation_) 48 MPI processes
          type: mpiaij
          rows=39936, cols=39936
          total: nonzeros=2068480, allocated nonzeros=2068480
          total number of mallocs used during MatSetValues calls=0
            has attached near null space
            not using I-node (on process 0) routines
    Down solver (pre-smoother) on level 1 -------------------------------
      KSP Object: (BackwardEuler-Equation_mg_levels_1_) 48 MPI processes
        type: chebyshev
          Chebyshev polynomial of first kind
          eigenvalue targets used: min 0.172125, max 1.89337
          eigenvalues estimated via gmres: min 0.239902, max 1.72125
          eigenvalues estimated using gmres with transform: [0. 0.1; 0. 1.1]
          KSP Object: (BackwardEuler-Equation_mg_levels_1_esteig_) 48 MPI processes
            type: gmres
              restart=30, using classical (unmodified) Gram-Schmidt orthogonalization with no iterative refinement
              happy breakdown tolerance=1e-30
            maximum iterations=10, initial guess is zero
            tolerances: relative=1e-12, absolute=1e-50, divergence=10000.
            left preconditioning
            using PRECONDITIONED norm type for convergence test
          estimating eigenvalues using a noisy random number generated right-hand side
        maximum iterations=1, nonzero initial guess
        tolerances: relative=1e-05, absolute=1e-50, divergence=10000.
        left preconditioning
        not checking for convergence
      PC Object: (BackwardEuler-Equation_mg_levels_1_) 48 MPI processes
        type: bjacobi
          number of blocks = 48
          Local solver information for first block is in the following KSP and PC objects on rank 0:
          Use -BackwardEuler-Equation_mg_levels_1_ksp_view ::ascii_info_detail to display information for all blocks
          KSP Object: (BackwardEuler-Equation_mg_levels_1_sub_) 1 MPI process
            type: preonly
            maximum iterations=10000, initial guess is zero
            tolerances: relative=1e-05, absolute=1e-50, divergence=10000.
            left preconditioning
            not checking for convergence
          PC Object: (BackwardEuler-Equation_mg_levels_1_sub_) 1 MPI process
            type: ilu
              out-of-place factorization
              0 levels of fill
              tolerance for zero pivot 2.22045e-14
              matrix ordering: natural
              factor fill ratio given 1., needed 1.
                Factored matrix:
                  Mat Object: (BackwardEuler-Equation_mg_levels_1_sub_) 1 MPI process
                    type: seqaij
                    rows=0, cols=0
                    package used to perform factorization: petsc
                    total: nonzeros=0, allocated nonzeros=0
                      not using I-node routines
            linear system matrix, which is also used to construct the preconditioner:
            Mat Object: (BackwardEuler-Equation_mg_levels_1_sub_) 1 MPI process
              type: seqaij
              rows=0, cols=0
              total: nonzeros=0, allocated nonzeros=0
              total number of mallocs used during MatSetValues calls=0
                not using I-node routines
        linear system matrix, which is also used to construct the preconditioner:
        Mat Object: (BackwardEuler-Equation_) 48 MPI processes
          type: mpiaij
          rows=159744, cols=159744
          total: nonzeros=8593408, allocated nonzeros=8593408
          total number of mallocs used during MatSetValues calls=0
            has attached near null space
            not using I-node (on process 0) routines
    Up solver (post-smoother) same as down solver (pre-smoother)
    Down solver (pre-smoother) on level 2 -------------------------------
      KSP Object: (BackwardEuler-Equation_mg_levels_2_) 48 MPI processes
        type: chebyshev
          Chebyshev polynomial of first kind
          eigenvalue targets used: min 0.177053, max 1.94759
          eigenvalues estimated via gmres: min 0.212731, max 1.77053
          eigenvalues estimated using gmres with transform: [0. 0.1; 0. 1.1]
          KSP Object: (BackwardEuler-Equation_mg_levels_2_esteig_) 48 MPI processes
            type: gmres
              restart=30, using classical (unmodified) Gram-Schmidt orthogonalization with no iterative refinement
              happy breakdown tolerance=1e-30
            maximum iterations=10, initial guess is zero
            tolerances: relative=1e-12, absolute=1e-50, divergence=10000.
            left preconditioning
            using PRECONDITIONED norm type for convergence test
          estimating eigenvalues using a noisy random number generated right-hand side
        maximum iterations=1, nonzero initial guess
        tolerances: relative=1e-05, absolute=1e-50, divergence=10000.
        left preconditioning
        not checking for convergence
      PC Object: (BackwardEuler-Equation_mg_levels_2_) 48 MPI processes
        type: bjacobi
          number of blocks = 48
          Local solver information for first block is in the following KSP and PC objects on rank 0:
          Use -BackwardEuler-Equation_mg_levels_2_ksp_view ::ascii_info_detail to display information for all blocks
          KSP Object: (BackwardEuler-Equation_mg_levels_2_sub_) 1 MPI process
            type: preonly
            maximum iterations=10000, initial guess is zero
            tolerances: relative=1e-05, absolute=1e-50, divergence=10000.
            left preconditioning
            not checking for convergence
          PC Object: (BackwardEuler-Equation_mg_levels_2_sub_) 1 MPI process
            type: ilu
              out-of-place factorization
              0 levels of fill
              tolerance for zero pivot 2.22045e-14
              matrix ordering: natural
              factor fill ratio given 1., needed 1.
                Factored matrix:
                  Mat Object: (BackwardEuler-Equation_mg_levels_2_sub_) 1 MPI process
                    type: seqaij
                    rows=0, cols=0
                    package used to perform factorization: petsc
                    total: nonzeros=0, allocated nonzeros=0
                      not using I-node routines
            linear system matrix, which is also used to construct the preconditioner:
            Mat Object: (BackwardEuler-Equation_mg_levels_2_sub_) 1 MPI process
              type: seqaij
              rows=0, cols=0
              total: nonzeros=0, allocated nonzeros=0
              total number of mallocs used during MatSetValues calls=0
                not using I-node routines
        linear system matrix, which is also used to construct the preconditioner:
        Mat Object: (BackwardEuler-Equation_) 48 MPI processes
          type: mpiaij
          rows=638976, cols=638976
          total: nonzeros=35012608, allocated nonzeros=35012608
          total number of mallocs used during MatSetValues calls=0
            has attached near null space
            not using I-node (on process 0) routines
    Up solver (post-smoother) same as down solver (pre-smoother)
    Down solver (pre-smoother) on level 3 -------------------------------
      KSP Object: (BackwardEuler-Equation_mg_levels_3_) 48 MPI processes
        type: chebyshev
          Chebyshev polynomial of first kind
          eigenvalue targets used: min 0.18556, max 2.04116
          eigenvalues estimated via gmres: min 0.14558, max 1.8556
          eigenvalues estimated using gmres with transform: [0. 0.1; 0. 1.1]
          KSP Object: (BackwardEuler-Equation_mg_levels_3_esteig_) 48 MPI processes
            type: gmres
              restart=30, using classical (unmodified) Gram-Schmidt orthogonalization with no iterative refinement
              happy breakdown tolerance=1e-30
            maximum iterations=10, initial guess is zero
            tolerances: relative=1e-12, absolute=1e-50, divergence=10000.
            left preconditioning
            using PRECONDITIONED norm type for convergence test
          estimating eigenvalues using a noisy random number generated right-hand side
        maximum iterations=1, nonzero initial guess
        tolerances: relative=1e-05, absolute=1e-50, divergence=10000.
        left preconditioning
        not checking for convergence
      PC Object: (BackwardEuler-Equation_mg_levels_3_) 48 MPI processes
        type: bjacobi
          number of blocks = 48
          Local solver information for first block is in the following KSP and PC objects on rank 0:
          Use -BackwardEuler-Equation_mg_levels_3_ksp_view ::ascii_info_detail to display information for all blocks
          KSP Object: (BackwardEuler-Equation_mg_levels_3_sub_) 1 MPI process
            type: preonly
            maximum iterations=10000, initial guess is zero
            tolerances: relative=1e-05, absolute=1e-50, divergence=10000.
            left preconditioning
            not checking for convergence
          PC Object: (BackwardEuler-Equation_mg_levels_3_sub_) 1 MPI process
            type: ilu
              out-of-place factorization
              0 levels of fill
              tolerance for zero pivot 2.22045e-14
              matrix ordering: natural
              factor fill ratio given 1., needed 1.
                Factored matrix:
                  Mat Object: (BackwardEuler-Equation_mg_levels_3_sub_) 1 MPI process
                    type: seqaij
                    rows=0, cols=0
                    package used to perform factorization: petsc
                    total: nonzeros=0, allocated nonzeros=0
                      not using I-node routines
            linear system matrix, which is also used to construct the preconditioner:
            Mat Object: (BackwardEuler-Equation_mg_levels_3_sub_) 1 MPI process
              type: seqaij
              rows=0, cols=0
              total: nonzeros=0, allocated nonzeros=0
              total number of mallocs used during MatSetValues calls=0
                not using I-node routines
        linear system matrix, which is also used to construct the preconditioner:
        Mat Object: (BackwardEuler-Equation_) 48 MPI processes
          type: mpiaij
          rows=2555904, cols=2555904
          total: nonzeros=141328384, allocated nonzeros=141328384
          total number of mallocs used during MatSetValues calls=0
            has attached near null space
            not using I-node (on process 0) routines
    Up solver (post-smoother) same as down solver (pre-smoother)
    linear system matrix, which is also used to construct the preconditioner:
    Mat Object: (BackwardEuler-Equation_) 48 MPI processes
      type: mpiaij
      rows=2555904, cols=2555904
      total: nonzeros=141328384, allocated nonzeros=141328384
      total number of mallocs used during MatSetValues calls=0
        has attached near null space
        not using I-node (on process 0) routines
t = 3000.00 s | step 10/10 | wall 7.81 s | NL 2 | L 48
Done | total NL 20 | total L 474 | mean wall/step 14.32 s | peak RSS 833 MB
[33]PETSC ERROR: --------------------- Error Message --------------------------------------------------------------
[33]PETSC ERROR: Object is in wrong state
[33]PETSC ERROR: To use this function you must first call PetscMemorySetGetMaximumUsage()
[33]PETSC ERROR: WARNING! There are unused option(s) set! Could be the program crashed before usage or a spelling mistake, etc!
[33]PETSC ERROR:   Option left: name:-log_view (no value) source: code
[33]PETSC ERROR:   Option left: name:-log_view_memory (no value) source: code
[33]PETSC ERROR: See https://petsc.org/release/faq/ for trouble shooting.
[33]PETSC ERROR: PETSc Development Git Revision: d6d17c0d2f413b1849bf4e4b675d0543e1c00865 Git Date: 2026-04-04 15:47:38 +0000
[33]PETSC ERROR: /scratch/xd2/sg8812/g-adopt-worktrees/sghelichkhani/richardson/tests/parallel_scaling_richards/cockett_3d.py with 48 MPI process(es) and PETSC_ARCH default on gadi-cpu-spr-0650.gadi.nci.org.au by sg8812 Wed Apr 15 15:23:45 2026
[33]PETSC ERROR: Configure options: PETSC_DIR=/g/data/fp50/apps/petsc/main-20260404 PETSC_ARCH=default --with-cc=mpicc --with-cxx=mpicxx --with-fc=mpif90 --with-mpiexec=mpirun COPTFLAGS="-O3 -g -xCASCADELAKE" CXXOPTFLAGS="-O3 -g -xCASCADELAKE" FOPTFLAGS="-O3 -g -xCASCADELAKE" --with-c2html=0 --with-debugging=0 --with-fortran-bindings=0 --with-shared-libraries=1 --with-strict-petscerrorcode --download-bison --download-hdf5 --with-hwloc --download-mumps --download-netcdf --download-pnetcdf --download-ptscotch --download-suitesparse --download-superlu_dist --with-zlib --download-hypre --download-eigen --download-metis --download-parmetis --download-mmg --download-parmmg --with-scalapack-include=/apps/intel-tools/intel-mkl/2024.2.1/include --with-scalapack-lib="-lmkl_scalapack_lp64 -lmkl_intel_lp64 -lmkl_sequential -lmkl_core -lmkl_blacs_openmpi_lp64 -lpthread -lm -ldl" --with-make-np=12
[33]PETSC ERROR: #1 PetscMemoryGetMaximumUsage() at /g/data/fp50/apps/petsc/main-20260404/src/sys/memory/mem.c:148
[33]PETSC ERROR: #2 PetscMemoryView() at /g/data/fp50/apps/petsc/main-20260404/src/sys/memory/mtr.c:464
[33]PETSC ERROR: #3 PetscFinalize() at /g/data/fp50/apps/petsc/main-20260404/src/sys/objects/pinit.c:1512
PetscFinalize() failed [error code: 73]
[34]PETSC ERROR: --------------------- Error Message --------------------------------------------------------------
[34]PETSC ERROR: Object is in wrong state
[34]PETSC ERROR: To use this function you must first call PetscMemorySetGetMaximumUsage()
[34]PETSC ERROR: WARNING! There are unused option(s) set! Could be the program crashed before usage or a spelling mistake, etc!
[34]PETSC ERROR:   Option left: name:-log_view (no value) source: code
[34]PETSC ERROR:   Option left: name:-log_view_memory (no value) source: code
[34]PETSC ERROR: See https://petsc.org/release/faq/ for trouble shooting.
[34]PETSC ERROR: PETSc Development Git Revision: d6d17c0d2f413b1849bf4e4b675d0543e1c00865 Git Date: 2026-04-04 15:47:38 +0000
[34]PETSC ERROR: /scratch/xd2/sg8812/g-adopt-worktrees/sghelichkhani/richardson/tests/parallel_scaling_richards/cockett_3d.py with 48 MPI process(es) and PETSC_ARCH default on gadi-cpu-spr-0650.gadi.nci.org.au by sg8812 Wed Apr 15 15:23:45 2026
[34]PETSC ERROR: Configure options: PETSC_DIR=/g/data/fp50/apps/petsc/main-20260404 PETSC_ARCH=default --with-cc=mpicc --with-cxx=mpicxx --with-fc=mpif90 --with-mpiexec=mpirun COPTFLAGS="-O3 -g -xCASCADELAKE" CXXOPTFLAGS="-O3 -g -xCASCADELAKE" FOPTFLAGS="-O3 -g -xCASCADELAKE" --with-c2html=0 --with-debugging=0 --with-fortran-bindings=0 --with-shared-libraries=1 --with-strict-petscerrorcode --download-bison --download-hdf5 --with-hwloc --download-mumps --download-netcdf --download-pnetcdf --download-ptscotch --download-suitesparse --download-superlu_dist --with-zlib --download-hypre --download-eigen --download-metis --download-parmetis --download-mmg --download-parmmg --with-scalapack-include=/apps/intel-tools/intel-mkl/2024.2.1/include --with-scalapack-lib="-lmkl_scalapack_lp64 -lmkl_intel_lp64 -lmkl_sequential -lmkl_core -lmkl_blacs_openmpi_lp64 -lpthread -lm -ldl" --with-make-np=12
[34]PETSC ERROR: #1 PetscMemoryGetMaximumUsage() at /g/data/fp50/apps/petsc/main-20260404/src/sys/memory/mem.c:148
[34]PETSC ERROR: #2 PetscMemoryView() at /g/data/fp50/apps/petsc/main-20260404/src/sys/memory/mtr.c:464
[34]PETSC ERROR: #3 PetscFinalize() at /g/data/fp50/apps/petsc/main-20260404/src/sys/objects/pinit.c:1512
PetscFinalize() failed [error code: 73]
[43]PETSC ERROR: --------------------- Error Message --------------------------------------------------------------
[43]PETSC ERROR: Object is in wrong state
[43]PETSC ERROR: To use this function you must first call PetscMemorySetGetMaximumUsage()
[43]PETSC ERROR: WARNING! There are unused option(s) set! Could be the program crashed before usage or a spelling mistake, etc!
[43]PETSC ERROR:   Option left: name:-log_view (no value) source: code
[43]PETSC ERROR:   Option left: name:-log_view_memory (no value) source: code
[43]PETSC ERROR: See https://petsc.org/release/faq/ for trouble shooting.
[43]PETSC ERROR: PETSc Development Git Revision: d6d17c0d2f413b1849bf4e4b675d0543e1c00865 Git Date: 2026-04-04 15:47:38 +0000
[43]PETSC ERROR: /scratch/xd2/sg8812/g-adopt-worktrees/sghelichkhani/richardson/tests/parallel_scaling_richards/cockett_3d.py with 48 MPI process(es) and PETSC_ARCH default on gadi-cpu-spr-0650.gadi.nci.org.au by sg8812 Wed Apr 15 15:23:45 2026
[43]PETSC ERROR: Configure options: PETSC_DIR=/g/data/fp50/apps/petsc/main-20260404 PETSC_ARCH=default --with-cc=mpicc --with-cxx=mpicxx --with-fc=mpif90 --with-mpiexec=mpirun COPTFLAGS="-O3 -g -xCASCADELAKE" CXXOPTFLAGS="-O3 -g -xCASCADELAKE" FOPTFLAGS="-O3 -g -xCASCADELAKE" --with-c2html=0 --with-debugging=0 --with-fortran-bindings=0 --with-shared-libraries=1 --with-strict-petscerrorcode --download-bison --download-hdf5 --with-hwloc --download-mumps --download-netcdf --download-pnetcdf --download-ptscotch --download-suitesparse --download-superlu_dist --with-zlib --download-hypre --download-eigen --download-metis --download-parmetis --download-mmg --download-parmmg --with-scalapack-include=/apps/intel-tools/intel-mkl/2024.2.1/include --with-scalapack-lib="-lmkl_scalapack_lp64 -lmkl_intel_lp64 -lmkl_sequential -lmkl_core -lmkl_blacs_openmpi_lp64 -lpthread -lm -ldl" --with-make-np=12
[43]PETSC ERROR: #1 PetscMemoryGetMaximumUsage() at /g/data/fp50/apps/petsc/main-20260404/src/sys/memory/mem.c:148
[43]PETSC ERROR: #2 PetscMemoryView() at /g/data/fp50/apps/petsc/main-20260404/src/sys/memory/mtr.c:464
[43]PETSC ERROR: #3 PetscFinalize() at /g/data/fp50/apps/petsc/main-20260404/src/sys/objects/pinit.c:1512
PetscFinalize() failed [error code: 73]
[45]PETSC ERROR: --------------------- Error Message --------------------------------------------------------------
[45]PETSC ERROR: Object is in wrong state
[45]PETSC ERROR: To use this function you must first call PetscMemorySetGetMaximumUsage()
[45]PETSC ERROR: WARNING! There are unused option(s) set! Could be the program crashed before usage or a spelling mistake, etc!
[45]PETSC ERROR:   Option left: name:-log_view (no value) source: code
[45]PETSC ERROR:   Option left: name:-log_view_memory (no value) source: code
[45]PETSC ERROR: See https://petsc.org/release/faq/ for trouble shooting.
[45]PETSC ERROR: PETSc Development Git Revision: d6d17c0d2f413b1849bf4e4b675d0543e1c00865 Git Date: 2026-04-04 15:47:38 +0000
[45]PETSC ERROR: /scratch/xd2/sg8812/g-adopt-worktrees/sghelichkhani/richardson/tests/parallel_scaling_richards/cockett_3d.py with 48 MPI process(es) and PETSC_ARCH default on gadi-cpu-spr-0650.gadi.nci.org.au by sg8812 Wed Apr 15 15:23:45 2026
[45]PETSC ERROR: Configure options: PETSC_DIR=/g/data/fp50/apps/petsc/main-20260404 PETSC_ARCH=default --with-cc=mpicc --with-cxx=mpicxx --with-fc=mpif90 --with-mpiexec=mpirun COPTFLAGS="-O3 -g -xCASCADELAKE" CXXOPTFLAGS="-O3 -g -xCASCADELAKE" FOPTFLAGS="-O3 -g -xCASCADELAKE" --with-c2html=0 --with-debugging=0 --with-fortran-bindings=0 --with-shared-libraries=1 --with-strict-petscerrorcode --download-bison --download-hdf5 --with-hwloc --download-mumps --download-netcdf --download-pnetcdf --download-ptscotch --download-suitesparse --download-superlu_dist --with-zlib --download-hypre --download-eigen --download-metis --download-parmetis --download-mmg --download-parmmg --with-scalapack-include=/apps/intel-tools/intel-mkl/2024.2.1/include --with-scalapack-lib="-lmkl_scalapack_lp64 -lmkl_intel_lp64 -lmkl_sequential -lmkl_core -lmkl_blacs_openmpi_lp64 -lpthread -lm -ldl" --with-make-np=12
[45]PETSC ERROR: #1 PetscMemoryGetMaximumUsage() at /g/data/fp50/apps/petsc/main-20260404/src/sys/memory/mem.c:148
[45]PETSC ERROR: #2 PetscMemoryView() at /g/data/fp50/apps/petsc/main-20260404/src/sys/memory/mtr.c:464
[45]PETSC ERROR: #3 PetscFinalize() at /g/data/fp50/apps/petsc/main-20260404/src/sys/objects/pinit.c:1512
PetscFinalize() failed [error code: 73]
[46]PETSC ERROR: --------------------- Error Message --------------------------------------------------------------
[46]PETSC ERROR: Object is in wrong state
[46]PETSC ERROR: To use this function you must first call PetscMemorySetGetMaximumUsage()
[46]PETSC ERROR: WARNING! There are unused option(s) set! Could be the program crashed before usage or a spelling mistake, etc!
[46]PETSC ERROR:   Option left: name:-log_view (no value) source: code
[46]PETSC ERROR:   Option left: name:-log_view_memory (no value) source: code
[46]PETSC ERROR: See https://petsc.org/release/faq/ for trouble shooting.
[46]PETSC ERROR: PETSc Development Git Revision: d6d17c0d2f413b1849bf4e4b675d0543e1c00865 Git Date: 2026-04-04 15:47:38 +0000
[46]PETSC ERROR: /scratch/xd2/sg8812/g-adopt-worktrees/sghelichkhani/richardson/tests/parallel_scaling_richards/cockett_3d.py with 48 MPI process(es) and PETSC_ARCH default on gadi-cpu-spr-0650.gadi.nci.org.au by sg8812 Wed Apr 15 15:23:45 2026
[46]PETSC ERROR: Configure options: PETSC_DIR=/g/data/fp50/apps/petsc/main-20260404 PETSC_ARCH=default --with-cc=mpicc --with-cxx=mpicxx --with-fc=mpif90 --with-mpiexec=mpirun COPTFLAGS="-O3 -g -xCASCADELAKE" CXXOPTFLAGS="-O3 -g -xCASCADELAKE" FOPTFLAGS="-O3 -g -xCASCADELAKE" --with-c2html=0 --with-debugging=0 --with-fortran-bindings=0 --with-shared-libraries=1 --with-strict-petscerrorcode --download-bison --download-hdf5 --with-hwloc --download-mumps --download-netcdf --download-pnetcdf --download-ptscotch --download-suitesparse --download-superlu_dist --with-zlib --download-hypre --download-eigen --download-metis --download-parmetis --download-mmg --download-parmmg --with-scalapack-include=/apps/intel-tools/intel-mkl/2024.2.1/include --with-scalapack-lib="-lmkl_scalapack_lp64 -lmkl_intel_lp64 -lmkl_sequential -lmkl_core -lmkl_blacs_openmpi_lp64 -lpthread -lm -ldl" --with-make-np=12
[46]PETSC ERROR: #1 PetscMemoryGetMaximumUsage() at /g/data/fp50/apps/petsc/main-20260404/src/sys/memory/mem.c:148
[46]PETSC ERROR: #2 PetscMemoryView() at /g/data/fp50/apps/petsc/main-20260404/src/sys/memory/mtr.c:464
[46]PETSC ERROR: #3 PetscFinalize() at /g/data/fp50/apps/petsc/main-20260404/src/sys/objects/pinit.c:1512
PetscFinalize() failed [error code: 73]
[47]PETSC ERROR: --------------------- Error Message --------------------------------------------------------------
[47]PETSC ERROR: Object is in wrong state
[47]PETSC ERROR: To use this function you must first call PetscMemorySetGetMaximumUsage()
[47]PETSC ERROR: WARNING! There are unused option(s) set! Could be the program crashed before usage or a spelling mistake, etc!
[47]PETSC ERROR:   Option left: name:-log_view (no value) source: code
[47]PETSC ERROR:   Option left: name:-log_view_memory (no value) source: code
[47]PETSC ERROR: See https://petsc.org/release/faq/ for trouble shooting.
[47]PETSC ERROR: PETSc Development Git Revision: d6d17c0d2f413b1849bf4e4b675d0543e1c00865 Git Date: 2026-04-04 15:47:38 +0000
[47]PETSC ERROR: /scratch/xd2/sg8812/g-adopt-worktrees/sghelichkhani/richardson/tests/parallel_scaling_richards/cockett_3d.py with 48 MPI process(es) and PETSC_ARCH default on gadi-cpu-spr-0650.gadi.nci.org.au by sg8812 Wed Apr 15 15:23:45 2026
[47]PETSC ERROR: Configure options: PETSC_DIR=/g/data/fp50/apps/petsc/main-20260404 PETSC_ARCH=default --with-cc=mpicc --with-cxx=mpicxx --with-fc=mpif90 --with-mpiexec=mpirun COPTFLAGS="-O3 -g -xCASCADELAKE" CXXOPTFLAGS="-O3 -g -xCASCADELAKE" FOPTFLAGS="-O3 -g -xCASCADELAKE" --with-c2html=0 --with-debugging=0 --with-fortran-bindings=0 --with-shared-libraries=1 --with-strict-petscerrorcode --download-bison --download-hdf5 --with-hwloc --download-mumps --download-netcdf --download-pnetcdf --download-ptscotch --download-suitesparse --download-superlu_dist --with-zlib --download-hypre --download-eigen --download-metis --download-parmetis --download-mmg --download-parmmg --with-scalapack-include=/apps/intel-tools/intel-mkl/2024.2.1/include --with-scalapack-lib="-lmkl_scalapack_lp64 -lmkl_intel_lp64 -lmkl_sequential -lmkl_core -lmkl_blacs_openmpi_lp64 -lpthread -lm -ldl" --with-make-np=12
[47]PETSC ERROR: #1 PetscMemoryGetMaximumUsage() at /g/data/fp50/apps/petsc/main-20260404/src/sys/memory/mem.c:148
[47]PETSC ERROR: #2 PetscMemoryView() at /g/data/fp50/apps/petsc/main-20260404/src/sys/memory/mtr.c:464
[47]PETSC ERROR: #3 PetscFinalize() at /g/data/fp50/apps/petsc/main-20260404/src/sys/objects/pinit.c:1512
PetscFinalize() failed [error code: 73]
[0]PETSC ERROR: --------------------- Error Message --------------------------------------------------------------
[0]PETSC ERROR: Object is in wrong state
[0]PETSC ERROR: To use this function you must first call PetscMemorySetGetMaximumUsage()
[0]PETSC ERROR: WARNING! There are unused option(s) set! Could be the program crashed before usage or a spelling mistake, etc!
[0]PETSC ERROR:   Option left: name:-log_view (no value) source: code
[0]PETSC ERROR:   Option left: name:-log_view_memory (no value) source: code
[0]PETSC ERROR: See https://petsc.org/release/faq/ for trouble shooting.
[0]PETSC ERROR: PETSc Development Git Revision: d6d17c0d2f413b1849bf4e4b675d0543e1c00865 Git Date: 2026-04-04 15:47:38 +0000
[0]PETSC ERROR: /scratch/xd2/sg8812/g-adopt-worktrees/sghelichkhani/richardson/tests/parallel_scaling_richards/cockett_3d.py with 48 MPI process(es) and PETSC_ARCH default on gadi-cpu-spr-0650.gadi.nci.org.au by sg8812 Wed Apr 15 15:23:45 2026
[0]PETSC ERROR: Configure options: PETSC_DIR=/g/data/fp50/apps/petsc/main-20260404 PETSC_ARCH=default --with-cc=mpicc --with-cxx=mpicxx --with-fc=mpif90 --with-mpiexec=mpirun COPTFLAGS="-O3 -g -xCASCADELAKE" CXXOPTFLAGS="-O3 -g -xCASCADELAKE" FOPTFLAGS="-O3 -g -xCASCADELAKE" --with-c2html=0 --with-debugging=0 --with-fortran-bindings=0 --with-shared-libraries=1 --with-strict-petscerrorcode --download-bison --download-hdf5 --with-hwloc --download-mumps --download-netcdf --download-pnetcdf --download-ptscotch --download-suitesparse --download-superlu_dist --with-zlib --download-hypre --download-eigen --download-metis --download-parmetis --download-mmg --download-parmmg --with-scalapack-include=/apps/intel-tools/intel-mkl/2024.2.1/include --with-scalapack-lib="-lmkl_scalapack_lp64 -lmkl_intel_lp64 -lmkl_sequential -lmkl_core -lmkl_blacs_openmpi_lp64 -lpthread -lm -ldl" --with-make-np=12
[0]PETSC ERROR: #1 PetscMemoryGetMaximumUsage() at /g/data/fp50/apps/petsc/main-20260404/src/sys/memory/mem.c:148
[0]PETSC ERROR: #2 PetscMemoryView() at /g/data/fp50/apps/petsc/main-20260404/src/sys/memory/mtr.c:464
[0]PETSC ERROR: #3 PetscFinalize() at /g/data/fp50/apps/petsc/main-20260404/src/sys/objects/pinit.c:1512
PetscFinalize() failed [error code: 73]
[1]PETSC ERROR: --------------------- Error Message --------------------------------------------------------------
[1]PETSC ERROR: Object is in wrong state
[1]PETSC ERROR: To use this function you must first call PetscMemorySetGetMaximumUsage()
[1]PETSC ERROR: WARNING! There are unused option(s) set! Could be the program crashed before usage or a spelling mistake, etc!
[1]PETSC ERROR:   Option left: name:-log_view (no value) source: code
[1]PETSC ERROR:   Option left: name:-log_view_memory (no value) source: code
[1]PETSC ERROR: See https://petsc.org/release/faq/ for trouble shooting.
[1]PETSC ERROR: PETSc Development Git Revision: d6d17c0d2f413b1849bf4e4b675d0543e1c00865 Git Date: 2026-04-04 15:47:38 +0000
[1]PETSC ERROR: /scratch/xd2/sg8812/g-adopt-worktrees/sghelichkhani/richardson/tests/parallel_scaling_richards/cockett_3d.py with 48 MPI process(es) and PETSC_ARCH default on gadi-cpu-spr-0650.gadi.nci.org.au by sg8812 Wed Apr 15 15:23:45 2026
[1]PETSC ERROR: Configure options: PETSC_DIR=/g/data/fp50/apps/petsc/main-20260404 PETSC_ARCH=default --with-cc=mpicc --with-cxx=mpicxx --with-fc=mpif90 --with-mpiexec=mpirun COPTFLAGS="-O3 -g -xCASCADELAKE" CXXOPTFLAGS="-O3 -g -xCASCADELAKE" FOPTFLAGS="-O3 -g -xCASCADELAKE" --with-c2html=0 --with-debugging=0 --with-fortran-bindings=0 --with-shared-libraries=1 --with-strict-petscerrorcode --download-bison --download-hdf5 --with-hwloc --download-mumps --download-netcdf --download-pnetcdf --download-ptscotch --download-suitesparse --download-superlu_dist --with-zlib --download-hypre --download-eigen --download-metis --download-parmetis --download-mmg --download-parmmg --with-scalapack-include=/apps/intel-tools/intel-mkl/2024.2.1/include --with-scalapack-lib="-lmkl_scalapack_lp64 -lmkl_intel_lp64 -lmkl_sequential -lmkl_core -lmkl_blacs_openmpi_lp64 -lpthread -lm -ldl" --with-make-np=12
[1]PETSC ERROR: #1 PetscMemoryGetMaximumUsage() at /g/data/fp50/apps/petsc/main-20260404/src/sys/memory/mem.c:148
[1]PETSC ERROR: #2 PetscMemoryView() at /g/data/fp50/apps/petsc/main-20260404/src/sys/memory/mtr.c:464
[1]PETSC ERROR: #3 PetscFinalize() at /g/data/fp50/apps/petsc/main-20260404/src/sys/objects/pinit.c:1512
PetscFinalize() failed [error code: 73]
[2]PETSC ERROR: --------------------- Error Message --------------------------------------------------------------
[2]PETSC ERROR: Object is in wrong state
[2]PETSC ERROR: To use this function you must first call PetscMemorySetGetMaximumUsage()
[2]PETSC ERROR: WARNING! There are unused option(s) set! Could be the program crashed before usage or a spelling mistake, etc!
[2]PETSC ERROR:   Option left: name:-log_view (no value) source: code
[2]PETSC ERROR:   Option left: name:-log_view_memory (no value) source: code
[2]PETSC ERROR: See https://petsc.org/release/faq/ for trouble shooting.
[2]PETSC ERROR: PETSc Development Git Revision: d6d17c0d2f413b1849bf4e4b675d0543e1c00865 Git Date: 2026-04-04 15:47:38 +0000
[2]PETSC ERROR: /scratch/xd2/sg8812/g-adopt-worktrees/sghelichkhani/richardson/tests/parallel_scaling_richards/cockett_3d.py with 48 MPI process(es) and PETSC_ARCH default on gadi-cpu-spr-0650.gadi.nci.org.au by sg8812 Wed Apr 15 15:23:45 2026
[2]PETSC ERROR: Configure options: PETSC_DIR=/g/data/fp50/apps/petsc/main-20260404 PETSC_ARCH=default --with-cc=mpicc --with-cxx=mpicxx --with-fc=mpif90 --with-mpiexec=mpirun COPTFLAGS="-O3 -g -xCASCADELAKE" CXXOPTFLAGS="-O3 -g -xCASCADELAKE" FOPTFLAGS="-O3 -g -xCASCADELAKE" --with-c2html=0 --with-debugging=0 --with-fortran-bindings=0 --with-shared-libraries=1 --with-strict-petscerrorcode --download-bison --download-hdf5 --with-hwloc --download-mumps --download-netcdf --download-pnetcdf --download-ptscotch --download-suitesparse --download-superlu_dist --with-zlib --download-hypre --download-eigen --download-metis --download-parmetis --download-mmg --download-parmmg --with-scalapack-include=/apps/intel-tools/intel-mkl/2024.2.1/include --with-scalapack-lib="-lmkl_scalapack_lp64 -lmkl_intel_lp64 -lmkl_sequential -lmkl_core -lmkl_blacs_openmpi_lp64 -lpthread -lm -ldl" --with-make-np=12
[2]PETSC ERROR: #1 PetscMemoryGetMaximumUsage() at /g/data/fp50/apps/petsc/main-20260404/src/sys/memory/mem.c:148
[2]PETSC ERROR: #2 PetscMemoryView() at /g/data/fp50/apps/petsc/main-20260404/src/sys/memory/mtr.c:464
[2]PETSC ERROR: #3 PetscFinalize() at /g/data/fp50/apps/petsc/main-20260404/src/sys/objects/pinit.c:1512
PetscFinalize() failed [error code: 73]
[3]PETSC ERROR: --------------------- Error Message --------------------------------------------------------------
[3]PETSC ERROR: Object is in wrong state
[3]PETSC ERROR: To use this function you must first call PetscMemorySetGetMaximumUsage()
[3]PETSC ERROR: WARNING! There are unused option(s) set! Could be the program crashed before usage or a spelling mistake, etc!
[3]PETSC ERROR:   Option left: name:-log_view (no value) source: code
[3]PETSC ERROR:   Option left: name:-log_view_memory (no value) source: code
[3]PETSC ERROR: See https://petsc.org/release/faq/ for trouble shooting.
[3]PETSC ERROR: PETSc Development Git Revision: d6d17c0d2f413b1849bf4e4b675d0543e1c00865 Git Date: 2026-04-04 15:47:38 +0000
[3]PETSC ERROR: /scratch/xd2/sg8812/g-adopt-worktrees/sghelichkhani/richardson/tests/parallel_scaling_richards/cockett_3d.py with 48 MPI process(es) and PETSC_ARCH default on gadi-cpu-spr-0650.gadi.nci.org.au by sg8812 Wed Apr 15 15:23:45 2026
[3]PETSC ERROR: Configure options: PETSC_DIR=/g/data/fp50/apps/petsc/main-20260404 PETSC_ARCH=default --with-cc=mpicc --with-cxx=mpicxx --with-fc=mpif90 --with-mpiexec=mpirun COPTFLAGS="-O3 -g -xCASCADELAKE" CXXOPTFLAGS="-O3 -g -xCASCADELAKE" FOPTFLAGS="-O3 -g -xCASCADELAKE" --with-c2html=0 --with-debugging=0 --with-fortran-bindings=0 --with-shared-libraries=1 --with-strict-petscerrorcode --download-bison --download-hdf5 --with-hwloc --download-mumps --download-netcdf --download-pnetcdf --download-ptscotch --download-suitesparse --download-superlu_dist --with-zlib --download-hypre --download-eigen --download-metis --download-parmetis --download-mmg --download-parmmg --with-scalapack-include=/apps/intel-tools/intel-mkl/2024.2.1/include --with-scalapack-lib="-lmkl_scalapack_lp64 -lmkl_intel_lp64 -lmkl_sequential -lmkl_core -lmkl_blacs_openmpi_lp64 -lpthread -lm -ldl" --with-make-np=12
[3]PETSC ERROR: #1 PetscMemoryGetMaximumUsage() at /g/data/fp50/apps/petsc/main-20260404/src/sys/memory/mem.c:148
[3]PETSC ERROR: #2 PetscMemoryView() at /g/data/fp50/apps/petsc/main-20260404/src/sys/memory/mtr.c:464
[3]PETSC ERROR: #3 PetscFinalize() at /g/data/fp50/apps/petsc/main-20260404/src/sys/objects/pinit.c:1512
PetscFinalize() failed [error code: 73]
[4]PETSC ERROR: --------------------- Error Message --------------------------------------------------------------
[4]PETSC ERROR: Object is in wrong state
[4]PETSC ERROR: To use this function you must first call PetscMemorySetGetMaximumUsage()
[4]PETSC ERROR: WARNING! There are unused option(s) set! Could be the program crashed before usage or a spelling mistake, etc!
[4]PETSC ERROR:   Option left: name:-log_view (no value) source: code
[4]PETSC ERROR:   Option left: name:-log_view_memory (no value) source: code
[4]PETSC ERROR: See https://petsc.org/release/faq/ for trouble shooting.
[4]PETSC ERROR: PETSc Development Git Revision: d6d17c0d2f413b1849bf4e4b675d0543e1c00865 Git Date: 2026-04-04 15:47:38 +0000
[4]PETSC ERROR: /scratch/xd2/sg8812/g-adopt-worktrees/sghelichkhani/richardson/tests/parallel_scaling_richards/cockett_3d.py with 48 MPI process(es) and PETSC_ARCH default on gadi-cpu-spr-0650.gadi.nci.org.au by sg8812 Wed Apr 15 15:23:45 2026
[4]PETSC ERROR: Configure options: PETSC_DIR=/g/data/fp50/apps/petsc/main-20260404 PETSC_ARCH=default --with-cc=mpicc --with-cxx=mpicxx --with-fc=mpif90 --with-mpiexec=mpirun COPTFLAGS="-O3 -g -xCASCADELAKE" CXXOPTFLAGS="-O3 -g -xCASCADELAKE" FOPTFLAGS="-O3 -g -xCASCADELAKE" --with-c2html=0 --with-debugging=0 --with-fortran-bindings=0 --with-shared-libraries=1 --with-strict-petscerrorcode --download-bison --download-hdf5 --with-hwloc --download-mumps --download-netcdf --download-pnetcdf --download-ptscotch --download-suitesparse --download-superlu_dist --with-zlib --download-hypre --download-eigen --download-metis --download-parmetis --download-mmg --download-parmmg --with-scalapack-include=/apps/intel-tools/intel-mkl/2024.2.1/include --with-scalapack-lib="-lmkl_scalapack_lp64 -lmkl_intel_lp64 -lmkl_sequential -lmkl_core -lmkl_blacs_openmpi_lp64 -lpthread -lm -ldl" --with-make-np=12
[4]PETSC ERROR: #1 PetscMemoryGetMaximumUsage() at /g/data/fp50/apps/petsc/main-20260404/src/sys/memory/mem.c:148
[4]PETSC ERROR: #2 PetscMemoryView() at /g/data/fp50/apps/petsc/main-20260404/src/sys/memory/mtr.c:464
[4]PETSC ERROR: #3 PetscFinalize() at /g/data/fp50/apps/petsc/main-20260404/src/sys/objects/pinit.c:1512
PetscFinalize() failed [error code: 73]
[5]PETSC ERROR: --------------------- Error Message --------------------------------------------------------------
[5]PETSC ERROR: Object is in wrong state
[5]PETSC ERROR: To use this function you must first call PetscMemorySetGetMaximumUsage()
[5]PETSC ERROR: WARNING! There are unused option(s) set! Could be the program crashed before usage or a spelling mistake, etc!
[5]PETSC ERROR:   Option left: name:-log_view (no value) source: code
[5]PETSC ERROR:   Option left: name:-log_view_memory (no value) source: code
[5]PETSC ERROR: See https://petsc.org/release/faq/ for trouble shooting.
[5]PETSC ERROR: PETSc Development Git Revision: d6d17c0d2f413b1849bf4e4b675d0543e1c00865 Git Date: 2026-04-04 15:47:38 +0000
[5]PETSC ERROR: /scratch/xd2/sg8812/g-adopt-worktrees/sghelichkhani/richardson/tests/parallel_scaling_richards/cockett_3d.py with 48 MPI process(es) and PETSC_ARCH default on gadi-cpu-spr-0650.gadi.nci.org.au by sg8812 Wed Apr 15 15:23:45 2026
[5]PETSC ERROR: Configure options: PETSC_DIR=/g/data/fp50/apps/petsc/main-20260404 PETSC_ARCH=default --with-cc=mpicc --with-cxx=mpicxx --with-fc=mpif90 --with-mpiexec=mpirun COPTFLAGS="-O3 -g -xCASCADELAKE" CXXOPTFLAGS="-O3 -g -xCASCADELAKE" FOPTFLAGS="-O3 -g -xCASCADELAKE" --with-c2html=0 --with-debugging=0 --with-fortran-bindings=0 --with-shared-libraries=1 --with-strict-petscerrorcode --download-bison --download-hdf5 --with-hwloc --download-mumps --download-netcdf --download-pnetcdf --download-ptscotch --download-suitesparse --download-superlu_dist --with-zlib --download-hypre --download-eigen --download-metis --download-parmetis --download-mmg --download-parmmg --with-scalapack-include=/apps/intel-tools/intel-mkl/2024.2.1/include --with-scalapack-lib="-lmkl_scalapack_lp64 -lmkl_intel_lp64 -lmkl_sequential -lmkl_core -lmkl_blacs_openmpi_lp64 -lpthread -lm -ldl" --with-make-np=12
[5]PETSC ERROR: #1 PetscMemoryGetMaximumUsage() at /g/data/fp50/apps/petsc/main-20260404/src/sys/memory/mem.c:148
[5]PETSC ERROR: #2 PetscMemoryView() at /g/data/fp50/apps/petsc/main-20260404/src/sys/memory/mtr.c:464
[5]PETSC ERROR: #3 PetscFinalize() at /g/data/fp50/apps/petsc/main-20260404/src/sys/objects/pinit.c:1512
PetscFinalize() failed [error code: 73]
[6]PETSC ERROR: --------------------- Error Message --------------------------------------------------------------
[6]PETSC ERROR: Object is in wrong state
[6]PETSC ERROR: To use this function you must first call PetscMemorySetGetMaximumUsage()
[6]PETSC ERROR: WARNING! There are unused option(s) set! Could be the program crashed before usage or a spelling mistake, etc!
[6]PETSC ERROR:   Option left: name:-log_view (no value) source: code
[6]PETSC ERROR:   Option left: name:-log_view_memory (no value) source: code
[6]PETSC ERROR: See https://petsc.org/release/faq/ for trouble shooting.
[6]PETSC ERROR: PETSc Development Git Revision: d6d17c0d2f413b1849bf4e4b675d0543e1c00865 Git Date: 2026-04-04 15:47:38 +0000
[6]PETSC ERROR: /scratch/xd2/sg8812/g-adopt-worktrees/sghelichkhani/richardson/tests/parallel_scaling_richards/cockett_3d.py with 48 MPI process(es) and PETSC_ARCH default on gadi-cpu-spr-0650.gadi.nci.org.au by sg8812 Wed Apr 15 15:23:45 2026
[6]PETSC ERROR: Configure options: PETSC_DIR=/g/data/fp50/apps/petsc/main-20260404 PETSC_ARCH=default --with-cc=mpicc --with-cxx=mpicxx --with-fc=mpif90 --with-mpiexec=mpirun COPTFLAGS="-O3 -g -xCASCADELAKE" CXXOPTFLAGS="-O3 -g -xCASCADELAKE" FOPTFLAGS="-O3 -g -xCASCADELAKE" --with-c2html=0 --with-debugging=0 --with-fortran-bindings=0 --with-shared-libraries=1 --with-strict-petscerrorcode --download-bison --download-hdf5 --with-hwloc --download-mumps --download-netcdf --download-pnetcdf --download-ptscotch --download-suitesparse --download-superlu_dist --with-zlib --download-hypre --download-eigen --download-metis --download-parmetis --download-mmg --download-parmmg --with-scalapack-include=/apps/intel-tools/intel-mkl/2024.2.1/include --with-scalapack-lib="-lmkl_scalapack_lp64 -lmkl_intel_lp64 -lmkl_sequential -lmkl_core -lmkl_blacs_openmpi_lp64 -lpthread -lm -ldl" --with-make-np=12
[6]PETSC ERROR: #1 PetscMemoryGetMaximumUsage() at /g/data/fp50/apps/petsc/main-20260404/src/sys/memory/mem.c:148
[6]PETSC ERROR: #2 PetscMemoryView() at /g/data/fp50/apps/petsc/main-20260404/src/sys/memory/mtr.c:464
[6]PETSC ERROR: #3 PetscFinalize() at /g/data/fp50/apps/petsc/main-20260404/src/sys/objects/pinit.c:1512
PetscFinalize() failed [error code: 73]
[7]PETSC ERROR: --------------------- Error Message --------------------------------------------------------------
[7]PETSC ERROR: Object is in wrong state
[7]PETSC ERROR: To use this function you must first call PetscMemorySetGetMaximumUsage()
[7]PETSC ERROR: WARNING! There are unused option(s) set! Could be the program crashed before usage or a spelling mistake, etc!
[7]PETSC ERROR:   Option left: name:-log_view (no value) source: code
[7]PETSC ERROR:   Option left: name:-log_view_memory (no value) source: code
[7]PETSC ERROR: See https://petsc.org/release/faq/ for trouble shooting.
[7]PETSC ERROR: PETSc Development Git Revision: d6d17c0d2f413b1849bf4e4b675d0543e1c00865 Git Date: 2026-04-04 15:47:38 +0000
[7]PETSC ERROR: /scratch/xd2/sg8812/g-adopt-worktrees/sghelichkhani/richardson/tests/parallel_scaling_richards/cockett_3d.py with 48 MPI process(es) and PETSC_ARCH default on gadi-cpu-spr-0650.gadi.nci.org.au by sg8812 Wed Apr 15 15:23:45 2026
[7]PETSC ERROR: Configure options: PETSC_DIR=/g/data/fp50/apps/petsc/main-20260404 PETSC_ARCH=default --with-cc=mpicc --with-cxx=mpicxx --with-fc=mpif90 --with-mpiexec=mpirun COPTFLAGS="-O3 -g -xCASCADELAKE" CXXOPTFLAGS="-O3 -g -xCASCADELAKE" FOPTFLAGS="-O3 -g -xCASCADELAKE" --with-c2html=0 --with-debugging=0 --with-fortran-bindings=0 --with-shared-libraries=1 --with-strict-petscerrorcode --download-bison --download-hdf5 --with-hwloc --download-mumps --download-netcdf --download-pnetcdf --download-ptscotch --download-suitesparse --download-superlu_dist --with-zlib --download-hypre --download-eigen --download-metis --download-parmetis --download-mmg --download-parmmg --with-scalapack-include=/apps/intel-tools/intel-mkl/2024.2.1/include --with-scalapack-lib="-lmkl_scalapack_lp64 -lmkl_intel_lp64 -lmkl_sequential -lmkl_core -lmkl_blacs_openmpi_lp64 -lpthread -lm -ldl" --with-make-np=12
[7]PETSC ERROR: #1 PetscMemoryGetMaximumUsage() at /g/data/fp50/apps/petsc/main-20260404/src/sys/memory/mem.c:148
[7]PETSC ERROR: #2 PetscMemoryView() at /g/data/fp50/apps/petsc/main-20260404/src/sys/memory/mtr.c:464
[7]PETSC ERROR: #3 PetscFinalize() at /g/data/fp50/apps/petsc/main-20260404/src/sys/objects/pinit.c:1512
PetscFinalize() failed [error code: 73]
[8]PETSC ERROR: --------------------- Error Message --------------------------------------------------------------
[8]PETSC ERROR: Object is in wrong state
[8]PETSC ERROR: To use this function you must first call PetscMemorySetGetMaximumUsage()
[8]PETSC ERROR: WARNING! There are unused option(s) set! Could be the program crashed before usage or a spelling mistake, etc!
[8]PETSC ERROR:   Option left: name:-log_view (no value) source: code
[8]PETSC ERROR:   Option left: name:-log_view_memory (no value) source: code
[8]PETSC ERROR: See https://petsc.org/release/faq/ for trouble shooting.
[8]PETSC ERROR: PETSc Development Git Revision: d6d17c0d2f413b1849bf4e4b675d0543e1c00865 Git Date: 2026-04-04 15:47:38 +0000
[8]PETSC ERROR: /scratch/xd2/sg8812/g-adopt-worktrees/sghelichkhani/richardson/tests/parallel_scaling_richards/cockett_3d.py with 48 MPI process(es) and PETSC_ARCH default on gadi-cpu-spr-0650.gadi.nci.org.au by sg8812 Wed Apr 15 15:23:45 2026
[8]PETSC ERROR: Configure options: PETSC_DIR=/g/data/fp50/apps/petsc/main-20260404 PETSC_ARCH=default --with-cc=mpicc --with-cxx=mpicxx --with-fc=mpif90 --with-mpiexec=mpirun COPTFLAGS="-O3 -g -xCASCADELAKE" CXXOPTFLAGS="-O3 -g -xCASCADELAKE" FOPTFLAGS="-O3 -g -xCASCADELAKE" --with-c2html=0 --with-debugging=0 --with-fortran-bindings=0 --with-shared-libraries=1 --with-strict-petscerrorcode --download-bison --download-hdf5 --with-hwloc --download-mumps --download-netcdf --download-pnetcdf --download-ptscotch --download-suitesparse --download-superlu_dist --with-zlib --download-hypre --download-eigen --download-metis --download-parmetis --download-mmg --download-parmmg --with-scalapack-include=/apps/intel-tools/intel-mkl/2024.2.1/include --with-scalapack-lib="-lmkl_scalapack_lp64 -lmkl_intel_lp64 -lmkl_sequential -lmkl_core -lmkl_blacs_openmpi_lp64 -lpthread -lm -ldl" --with-make-np=12
[8]PETSC ERROR: #1 PetscMemoryGetMaximumUsage() at /g/data/fp50/apps/petsc/main-20260404/src/sys/memory/mem.c:148
[8]PETSC ERROR: #2 PetscMemoryView() at /g/data/fp50/apps/petsc/main-20260404/src/sys/memory/mtr.c:464
[8]PETSC ERROR: #3 PetscFinalize() at /g/data/fp50/apps/petsc/main-20260404/src/sys/objects/pinit.c:1512
PetscFinalize() failed [error code: 73]
[9]PETSC ERROR: --------------------- Error Message --------------------------------------------------------------
[9]PETSC ERROR: Object is in wrong state
[9]PETSC ERROR: To use this function you must first call PetscMemorySetGetMaximumUsage()
[9]PETSC ERROR: WARNING! There are unused option(s) set! Could be the program crashed before usage or a spelling mistake, etc!
[9]PETSC ERROR:   Option left: name:-log_view (no value) source: code
[9]PETSC ERROR:   Option left: name:-log_view_memory (no value) source: code
[9]PETSC ERROR: See https://petsc.org/release/faq/ for trouble shooting.
[9]PETSC ERROR: PETSc Development Git Revision: d6d17c0d2f413b1849bf4e4b675d0543e1c00865 Git Date: 2026-04-04 15:47:38 +0000
[9]PETSC ERROR: /scratch/xd2/sg8812/g-adopt-worktrees/sghelichkhani/richardson/tests/parallel_scaling_richards/cockett_3d.py with 48 MPI process(es) and PETSC_ARCH default on gadi-cpu-spr-0650.gadi.nci.org.au by sg8812 Wed Apr 15 15:23:45 2026
[9]PETSC ERROR: Configure options: PETSC_DIR=/g/data/fp50/apps/petsc/main-20260404 PETSC_ARCH=default --with-cc=mpicc --with-cxx=mpicxx --with-fc=mpif90 --with-mpiexec=mpirun COPTFLAGS="-O3 -g -xCASCADELAKE" CXXOPTFLAGS="-O3 -g -xCASCADELAKE" FOPTFLAGS="-O3 -g -xCASCADELAKE" --with-c2html=0 --with-debugging=0 --with-fortran-bindings=0 --with-shared-libraries=1 --with-strict-petscerrorcode --download-bison --download-hdf5 --with-hwloc --download-mumps --download-netcdf --download-pnetcdf --download-ptscotch --download-suitesparse --download-superlu_dist --with-zlib --download-hypre --download-eigen --download-metis --download-parmetis --download-mmg --download-parmmg --with-scalapack-include=/apps/intel-tools/intel-mkl/2024.2.1/include --with-scalapack-lib="-lmkl_scalapack_lp64 -lmkl_intel_lp64 -lmkl_sequential -lmkl_core -lmkl_blacs_openmpi_lp64 -lpthread -lm -ldl" --with-make-np=12
[9]PETSC ERROR: #1 PetscMemoryGetMaximumUsage() at /g/data/fp50/apps/petsc/main-20260404/src/sys/memory/mem.c:148
[9]PETSC ERROR: #2 PetscMemoryView() at /g/data/fp50/apps/petsc/main-20260404/src/sys/memory/mtr.c:464
[9]PETSC ERROR: #3 PetscFinalize() at /g/data/fp50/apps/petsc/main-20260404/src/sys/objects/pinit.c:1512
PetscFinalize() failed [error code: 73]
[10]PETSC ERROR: --------------------- Error Message --------------------------------------------------------------
[10]PETSC ERROR: Object is in wrong state
[10]PETSC ERROR: To use this function you must first call PetscMemorySetGetMaximumUsage()
[10]PETSC ERROR: WARNING! There are unused option(s) set! Could be the program crashed before usage or a spelling mistake, etc!
[10]PETSC ERROR:   Option left: name:-log_view (no value) source: code
[10]PETSC ERROR:   Option left: name:-log_view_memory (no value) source: code
[10]PETSC ERROR: See https://petsc.org/release/faq/ for trouble shooting.
[10]PETSC ERROR: PETSc Development Git Revision: d6d17c0d2f413b1849bf4e4b675d0543e1c00865 Git Date: 2026-04-04 15:47:38 +0000
[10]PETSC ERROR: /scratch/xd2/sg8812/g-adopt-worktrees/sghelichkhani/richardson/tests/parallel_scaling_richards/cockett_3d.py with 48 MPI process(es) and PETSC_ARCH default on gadi-cpu-spr-0650.gadi.nci.org.au by sg8812 Wed Apr 15 15:23:45 2026
[10]PETSC ERROR: Configure options: PETSC_DIR=/g/data/fp50/apps/petsc/main-20260404 PETSC_ARCH=default --with-cc=mpicc --with-cxx=mpicxx --with-fc=mpif90 --with-mpiexec=mpirun COPTFLAGS="-O3 -g -xCASCADELAKE" CXXOPTFLAGS="-O3 -g -xCASCADELAKE" FOPTFLAGS="-O3 -g -xCASCADELAKE" --with-c2html=0 --with-debugging=0 --with-fortran-bindings=0 --with-shared-libraries=1 --with-strict-petscerrorcode --download-bison --download-hdf5 --with-hwloc --download-mumps --download-netcdf --download-pnetcdf --download-ptscotch --download-suitesparse --download-superlu_dist --with-zlib --download-hypre --download-eigen --download-metis --download-parmetis --download-mmg --download-parmmg --with-scalapack-include=/apps/intel-tools/intel-mkl/2024.2.1/include --with-scalapack-lib="-lmkl_scalapack_lp64 -lmkl_intel_lp64 -lmkl_sequential -lmkl_core -lmkl_blacs_openmpi_lp64 -lpthread -lm -ldl" --with-make-np=12
[10]PETSC ERROR: #1 PetscMemoryGetMaximumUsage() at /g/data/fp50/apps/petsc/main-20260404/src/sys/memory/mem.c:148
[10]PETSC ERROR: #2 PetscMemoryView() at /g/data/fp50/apps/petsc/main-20260404/src/sys/memory/mtr.c:464
[10]PETSC ERROR: #3 PetscFinalize() at /g/data/fp50/apps/petsc/main-20260404/src/sys/objects/pinit.c:1512
PetscFinalize() failed [error code: 73]
[11]PETSC ERROR: --------------------- Error Message --------------------------------------------------------------
[11]PETSC ERROR: Object is in wrong state
[11]PETSC ERROR: To use this function you must first call PetscMemorySetGetMaximumUsage()
[11]PETSC ERROR: WARNING! There are unused option(s) set! Could be the program crashed before usage or a spelling mistake, etc!
[11]PETSC ERROR:   Option left: name:-log_view (no value) source: code
[11]PETSC ERROR:   Option left: name:-log_view_memory (no value) source: code
[11]PETSC ERROR: See https://petsc.org/release/faq/ for trouble shooting.
[11]PETSC ERROR: PETSc Development Git Revision: d6d17c0d2f413b1849bf4e4b675d0543e1c00865 Git Date: 2026-04-04 15:47:38 +0000
[11]PETSC ERROR: /scratch/xd2/sg8812/g-adopt-worktrees/sghelichkhani/richardson/tests/parallel_scaling_richards/cockett_3d.py with 48 MPI process(es) and PETSC_ARCH default on gadi-cpu-spr-0650.gadi.nci.org.au by sg8812 Wed Apr 15 15:23:45 2026
[11]PETSC ERROR: Configure options: PETSC_DIR=/g/data/fp50/apps/petsc/main-20260404 PETSC_ARCH=default --with-cc=mpicc --with-cxx=mpicxx --with-fc=mpif90 --with-mpiexec=mpirun COPTFLAGS="-O3 -g -xCASCADELAKE" CXXOPTFLAGS="-O3 -g -xCASCADELAKE" FOPTFLAGS="-O3 -g -xCASCADELAKE" --with-c2html=0 --with-debugging=0 --with-fortran-bindings=0 --with-shared-libraries=1 --with-strict-petscerrorcode --download-bison --download-hdf5 --with-hwloc --download-mumps --download-netcdf --download-pnetcdf --download-ptscotch --download-suitesparse --download-superlu_dist --with-zlib --download-hypre --download-eigen --download-metis --download-parmetis --download-mmg --download-parmmg --with-scalapack-include=/apps/intel-tools/intel-mkl/2024.2.1/include --with-scalapack-lib="-lmkl_scalapack_lp64 -lmkl_intel_lp64 -lmkl_sequential -lmkl_core -lmkl_blacs_openmpi_lp64 -lpthread -lm -ldl" --with-make-np=12
[11]PETSC ERROR: #1 PetscMemoryGetMaximumUsage() at /g/data/fp50/apps/petsc/main-20260404/src/sys/memory/mem.c:148
[11]PETSC ERROR: #2 PetscMemoryView() at /g/data/fp50/apps/petsc/main-20260404/src/sys/memory/mtr.c:464
[11]PETSC ERROR: #3 PetscFinalize() at /g/data/fp50/apps/petsc/main-20260404/src/sys/objects/pinit.c:1512
PetscFinalize() failed [error code: 73]
[12]PETSC ERROR: --------------------- Error Message --------------------------------------------------------------
[12]PETSC ERROR: Object is in wrong state
[12]PETSC ERROR: To use this function you must first call PetscMemorySetGetMaximumUsage()
[12]PETSC ERROR: WARNING! There are unused option(s) set! Could be the program crashed before usage or a spelling mistake, etc!
[12]PETSC ERROR:   Option left: name:-log_view (no value) source: code
[12]PETSC ERROR:   Option left: name:-log_view_memory (no value) source: code
[12]PETSC ERROR: See https://petsc.org/release/faq/ for trouble shooting.
[12]PETSC ERROR: PETSc Development Git Revision: d6d17c0d2f413b1849bf4e4b675d0543e1c00865 Git Date: 2026-04-04 15:47:38 +0000
[12]PETSC ERROR: /scratch/xd2/sg8812/g-adopt-worktrees/sghelichkhani/richardson/tests/parallel_scaling_richards/cockett_3d.py with 48 MPI process(es) and PETSC_ARCH default on gadi-cpu-spr-0650.gadi.nci.org.au by sg8812 Wed Apr 15 15:23:45 2026
[12]PETSC ERROR: Configure options: PETSC_DIR=/g/data/fp50/apps/petsc/main-20260404 PETSC_ARCH=default --with-cc=mpicc --with-cxx=mpicxx --with-fc=mpif90 --with-mpiexec=mpirun COPTFLAGS="-O3 -g -xCASCADELAKE" CXXOPTFLAGS="-O3 -g -xCASCADELAKE" FOPTFLAGS="-O3 -g -xCASCADELAKE" --with-c2html=0 --with-debugging=0 --with-fortran-bindings=0 --with-shared-libraries=1 --with-strict-petscerrorcode --download-bison --download-hdf5 --with-hwloc --download-mumps --download-netcdf --download-pnetcdf --download-ptscotch --download-suitesparse --download-superlu_dist --with-zlib --download-hypre --download-eigen --download-metis --download-parmetis --download-mmg --download-parmmg --with-scalapack-include=/apps/intel-tools/intel-mkl/2024.2.1/include --with-scalapack-lib="-lmkl_scalapack_lp64 -lmkl_intel_lp64 -lmkl_sequential -lmkl_core -lmkl_blacs_openmpi_lp64 -lpthread -lm -ldl" --with-make-np=12
[12]PETSC ERROR: #1 PetscMemoryGetMaximumUsage() at /g/data/fp50/apps/petsc/main-20260404/src/sys/memory/mem.c:148
[12]PETSC ERROR: #2 PetscMemoryView() at /g/data/fp50/apps/petsc/main-20260404/src/sys/memory/mtr.c:464
[12]PETSC ERROR: #3 PetscFinalize() at /g/data/fp50/apps/petsc/main-20260404/src/sys/objects/pinit.c:1512
PetscFinalize() failed [error code: 73]
[13]PETSC ERROR: --------------------- Error Message --------------------------------------------------------------
[13]PETSC ERROR: Object is in wrong state
[13]PETSC ERROR: To use this function you must first call PetscMemorySetGetMaximumUsage()
[13]PETSC ERROR: WARNING! There are unused option(s) set! Could be the program crashed before usage or a spelling mistake, etc!
[13]PETSC ERROR:   Option left: name:-log_view (no value) source: code
[13]PETSC ERROR:   Option left: name:-log_view_memory (no value) source: code
[13]PETSC ERROR: See https://petsc.org/release/faq/ for trouble shooting.
[13]PETSC ERROR: PETSc Development Git Revision: d6d17c0d2f413b1849bf4e4b675d0543e1c00865 Git Date: 2026-04-04 15:47:38 +0000
[13]PETSC ERROR: /scratch/xd2/sg8812/g-adopt-worktrees/sghelichkhani/richardson/tests/parallel_scaling_richards/cockett_3d.py with 48 MPI process(es) and PETSC_ARCH default on gadi-cpu-spr-0650.gadi.nci.org.au by sg8812 Wed Apr 15 15:23:45 2026
[13]PETSC ERROR: Configure options: PETSC_DIR=/g/data/fp50/apps/petsc/main-20260404 PETSC_ARCH=default --with-cc=mpicc --with-cxx=mpicxx --with-fc=mpif90 --with-mpiexec=mpirun COPTFLAGS="-O3 -g -xCASCADELAKE" CXXOPTFLAGS="-O3 -g -xCASCADELAKE" FOPTFLAGS="-O3 -g -xCASCADELAKE" --with-c2html=0 --with-debugging=0 --with-fortran-bindings=0 --with-shared-libraries=1 --with-strict-petscerrorcode --download-bison --download-hdf5 --with-hwloc --download-mumps --download-netcdf --download-pnetcdf --download-ptscotch --download-suitesparse --download-superlu_dist --with-zlib --download-hypre --download-eigen --download-metis --download-parmetis --download-mmg --download-parmmg --with-scalapack-include=/apps/intel-tools/intel-mkl/2024.2.1/include --with-scalapack-lib="-lmkl_scalapack_lp64 -lmkl_intel_lp64 -lmkl_sequential -lmkl_core -lmkl_blacs_openmpi_lp64 -lpthread -lm -ldl" --with-make-np=12
[13]PETSC ERROR: #1 PetscMemoryGetMaximumUsage() at /g/data/fp50/apps/petsc/main-20260404/src/sys/memory/mem.c:148
[13]PETSC ERROR: #2 PetscMemoryView() at /g/data/fp50/apps/petsc/main-20260404/src/sys/memory/mtr.c:464
[13]PETSC ERROR: #3 PetscFinalize() at /g/data/fp50/apps/petsc/main-20260404/src/sys/objects/pinit.c:1512
PetscFinalize() failed [error code: 73]
[14]PETSC ERROR: --------------------- Error Message --------------------------------------------------------------
[14]PETSC ERROR: Object is in wrong state
[14]PETSC ERROR: To use this function you must first call PetscMemorySetGetMaximumUsage()
[14]PETSC ERROR: WARNING! There are unused option(s) set! Could be the program crashed before usage or a spelling mistake, etc!
[14]PETSC ERROR:   Option left: name:-log_view (no value) source: code
[14]PETSC ERROR:   Option left: name:-log_view_memory (no value) source: code
[14]PETSC ERROR: See https://petsc.org/release/faq/ for trouble shooting.
[14]PETSC ERROR: PETSc Development Git Revision: d6d17c0d2f413b1849bf4e4b675d0543e1c00865 Git Date: 2026-04-04 15:47:38 +0000
[14]PETSC ERROR: /scratch/xd2/sg8812/g-adopt-worktrees/sghelichkhani/richardson/tests/parallel_scaling_richards/cockett_3d.py with 48 MPI process(es) and PETSC_ARCH default on gadi-cpu-spr-0650.gadi.nci.org.au by sg8812 Wed Apr 15 15:23:45 2026
[14]PETSC ERROR: Configure options: PETSC_DIR=/g/data/fp50/apps/petsc/main-20260404 PETSC_ARCH=default --with-cc=mpicc --with-cxx=mpicxx --with-fc=mpif90 --with-mpiexec=mpirun COPTFLAGS="-O3 -g -xCASCADELAKE" CXXOPTFLAGS="-O3 -g -xCASCADELAKE" FOPTFLAGS="-O3 -g -xCASCADELAKE" --with-c2html=0 --with-debugging=0 --with-fortran-bindings=0 --with-shared-libraries=1 --with-strict-petscerrorcode --download-bison --download-hdf5 --with-hwloc --download-mumps --download-netcdf --download-pnetcdf --download-ptscotch --download-suitesparse --download-superlu_dist --with-zlib --download-hypre --download-eigen --download-metis --download-parmetis --download-mmg --download-parmmg --with-scalapack-include=/apps/intel-tools/intel-mkl/2024.2.1/include --with-scalapack-lib="-lmkl_scalapack_lp64 -lmkl_intel_lp64 -lmkl_sequential -lmkl_core -lmkl_blacs_openmpi_lp64 -lpthread -lm -ldl" --with-make-np=12
[14]PETSC ERROR: #1 PetscMemoryGetMaximumUsage() at /g/data/fp50/apps/petsc/main-20260404/src/sys/memory/mem.c:148
[14]PETSC ERROR: #2 PetscMemoryView() at /g/data/fp50/apps/petsc/main-20260404/src/sys/memory/mtr.c:464
[14]PETSC ERROR: #3 PetscFinalize() at /g/data/fp50/apps/petsc/main-20260404/src/sys/objects/pinit.c:1512
PetscFinalize() failed [error code: 73]
[15]PETSC ERROR: --------------------- Error Message --------------------------------------------------------------
[15]PETSC ERROR: Object is in wrong state
[15]PETSC ERROR: To use this function you must first call PetscMemorySetGetMaximumUsage()
[15]PETSC ERROR: WARNING! There are unused option(s) set! Could be the program crashed before usage or a spelling mistake, etc!
[15]PETSC ERROR:   Option left: name:-log_view (no value) source: code
[15]PETSC ERROR:   Option left: name:-log_view_memory (no value) source: code
[15]PETSC ERROR: See https://petsc.org/release/faq/ for trouble shooting.
[15]PETSC ERROR: PETSc Development Git Revision: d6d17c0d2f413b1849bf4e4b675d0543e1c00865 Git Date: 2026-04-04 15:47:38 +0000
[15]PETSC ERROR: /scratch/xd2/sg8812/g-adopt-worktrees/sghelichkhani/richardson/tests/parallel_scaling_richards/cockett_3d.py with 48 MPI process(es) and PETSC_ARCH default on gadi-cpu-spr-0650.gadi.nci.org.au by sg8812 Wed Apr 15 15:23:45 2026
[15]PETSC ERROR: Configure options: PETSC_DIR=/g/data/fp50/apps/petsc/main-20260404 PETSC_ARCH=default --with-cc=mpicc --with-cxx=mpicxx --with-fc=mpif90 --with-mpiexec=mpirun COPTFLAGS="-O3 -g -xCASCADELAKE" CXXOPTFLAGS="-O3 -g -xCASCADELAKE" FOPTFLAGS="-O3 -g -xCASCADELAKE" --with-c2html=0 --with-debugging=0 --with-fortran-bindings=0 --with-shared-libraries=1 --with-strict-petscerrorcode --download-bison --download-hdf5 --with-hwloc --download-mumps --download-netcdf --download-pnetcdf --download-ptscotch --download-suitesparse --download-superlu_dist --with-zlib --download-hypre --download-eigen --download-metis --download-parmetis --download-mmg --download-parmmg --with-scalapack-include=/apps/intel-tools/intel-mkl/2024.2.1/include --with-scalapack-lib="-lmkl_scalapack_lp64 -lmkl_intel_lp64 -lmkl_sequential -lmkl_core -lmkl_blacs_openmpi_lp64 -lpthread -lm -ldl" --with-make-np=12
[15]PETSC ERROR: #1 PetscMemoryGetMaximumUsage() at /g/data/fp50/apps/petsc/main-20260404/src/sys/memory/mem.c:148
[15]PETSC ERROR: #2 PetscMemoryView() at /g/data/fp50/apps/petsc/main-20260404/src/sys/memory/mtr.c:464
[15]PETSC ERROR: #3 PetscFinalize() at /g/data/fp50/apps/petsc/main-20260404/src/sys/objects/pinit.c:1512
PetscFinalize() failed [error code: 73]
[16]PETSC ERROR: --------------------- Error Message --------------------------------------------------------------
[16]PETSC ERROR: Object is in wrong state
[16]PETSC ERROR: To use this function you must first call PetscMemorySetGetMaximumUsage()
[16]PETSC ERROR: WARNING! There are unused option(s) set! Could be the program crashed before usage or a spelling mistake, etc!
[16]PETSC ERROR:   Option left: name:-log_view (no value) source: code
[16]PETSC ERROR:   Option left: name:-log_view_memory (no value) source: code
[16]PETSC ERROR: See https://petsc.org/release/faq/ for trouble shooting.
[16]PETSC ERROR: PETSc Development Git Revision: d6d17c0d2f413b1849bf4e4b675d0543e1c00865 Git Date: 2026-04-04 15:47:38 +0000
[16]PETSC ERROR: /scratch/xd2/sg8812/g-adopt-worktrees/sghelichkhani/richardson/tests/parallel_scaling_richards/cockett_3d.py with 48 MPI process(es) and PETSC_ARCH default on gadi-cpu-spr-0650.gadi.nci.org.au by sg8812 Wed Apr 15 15:23:45 2026
[16]PETSC ERROR: Configure options: PETSC_DIR=/g/data/fp50/apps/petsc/main-20260404 PETSC_ARCH=default --with-cc=mpicc --with-cxx=mpicxx --with-fc=mpif90 --with-mpiexec=mpirun COPTFLAGS="-O3 -g -xCASCADELAKE" CXXOPTFLAGS="-O3 -g -xCASCADELAKE" FOPTFLAGS="-O3 -g -xCASCADELAKE" --with-c2html=0 --with-debugging=0 --with-fortran-bindings=0 --with-shared-libraries=1 --with-strict-petscerrorcode --download-bison --download-hdf5 --with-hwloc --download-mumps --download-netcdf --download-pnetcdf --download-ptscotch --download-suitesparse --download-superlu_dist --with-zlib --download-hypre --download-eigen --download-metis --download-parmetis --download-mmg --download-parmmg --with-scalapack-include=/apps/intel-tools/intel-mkl/2024.2.1/include --with-scalapack-lib="-lmkl_scalapack_lp64 -lmkl_intel_lp64 -lmkl_sequential -lmkl_core -lmkl_blacs_openmpi_lp64 -lpthread -lm -ldl" --with-make-np=12
[16]PETSC ERROR: #1 PetscMemoryGetMaximumUsage() at /g/data/fp50/apps/petsc/main-20260404/src/sys/memory/mem.c:148
[16]PETSC ERROR: #2 PetscMemoryView() at /g/data/fp50/apps/petsc/main-20260404/src/sys/memory/mtr.c:464
[16]PETSC ERROR: #3 PetscFinalize() at /g/data/fp50/apps/petsc/main-20260404/src/sys/objects/pinit.c:1512
PetscFinalize() failed [error code: 73]
[17]PETSC ERROR: --------------------- Error Message --------------------------------------------------------------
[17]PETSC ERROR: Object is in wrong state
[17]PETSC ERROR: To use this function you must first call PetscMemorySetGetMaximumUsage()
[17]PETSC ERROR: WARNING! There are unused option(s) set! Could be the program crashed before usage or a spelling mistake, etc!
[17]PETSC ERROR:   Option left: name:-log_view (no value) source: code
[17]PETSC ERROR:   Option left: name:-log_view_memory (no value) source: code
[17]PETSC ERROR: See https://petsc.org/release/faq/ for trouble shooting.
[17]PETSC ERROR: PETSc Development Git Revision: d6d17c0d2f413b1849bf4e4b675d0543e1c00865 Git Date: 2026-04-04 15:47:38 +0000
[17]PETSC ERROR: /scratch/xd2/sg8812/g-adopt-worktrees/sghelichkhani/richardson/tests/parallel_scaling_richards/cockett_3d.py with 48 MPI process(es) and PETSC_ARCH default on gadi-cpu-spr-0650.gadi.nci.org.au by sg8812 Wed Apr 15 15:23:45 2026
[17]PETSC ERROR: Configure options: PETSC_DIR=/g/data/fp50/apps/petsc/main-20260404 PETSC_ARCH=default --with-cc=mpicc --with-cxx=mpicxx --with-fc=mpif90 --with-mpiexec=mpirun COPTFLAGS="-O3 -g -xCASCADELAKE" CXXOPTFLAGS="-O3 -g -xCASCADELAKE" FOPTFLAGS="-O3 -g -xCASCADELAKE" --with-c2html=0 --with-debugging=0 --with-fortran-bindings=0 --with-shared-libraries=1 --with-strict-petscerrorcode --download-bison --download-hdf5 --with-hwloc --download-mumps --download-netcdf --download-pnetcdf --download-ptscotch --download-suitesparse --download-superlu_dist --with-zlib --download-hypre --download-eigen --download-metis --download-parmetis --download-mmg --download-parmmg --with-scalapack-include=/apps/intel-tools/intel-mkl/2024.2.1/include --with-scalapack-lib="-lmkl_scalapack_lp64 -lmkl_intel_lp64 -lmkl_sequential -lmkl_core -lmkl_blacs_openmpi_lp64 -lpthread -lm -ldl" --with-make-np=12
[17]PETSC ERROR: #1 PetscMemoryGetMaximumUsage() at /g/data/fp50/apps/petsc/main-20260404/src/sys/memory/mem.c:148
[17]PETSC ERROR: #2 PetscMemoryView() at /g/data/fp50/apps/petsc/main-20260404/src/sys/memory/mtr.c:464
[17]PETSC ERROR: #3 PetscFinalize() at /g/data/fp50/apps/petsc/main-20260404/src/sys/objects/pinit.c:1512
PetscFinalize() failed [error code: 73]
[18]PETSC ERROR: --------------------- Error Message --------------------------------------------------------------
[18]PETSC ERROR: Object is in wrong state
[18]PETSC ERROR: To use this function you must first call PetscMemorySetGetMaximumUsage()
[18]PETSC ERROR: WARNING! There are unused option(s) set! Could be the program crashed before usage or a spelling mistake, etc!
[18]PETSC ERROR:   Option left: name:-log_view (no value) source: code
[18]PETSC ERROR:   Option left: name:-log_view_memory (no value) source: code
[18]PETSC ERROR: See https://petsc.org/release/faq/ for trouble shooting.
[18]PETSC ERROR: PETSc Development Git Revision: d6d17c0d2f413b1849bf4e4b675d0543e1c00865 Git Date: 2026-04-04 15:47:38 +0000
[18]PETSC ERROR: /scratch/xd2/sg8812/g-adopt-worktrees/sghelichkhani/richardson/tests/parallel_scaling_richards/cockett_3d.py with 48 MPI process(es) and PETSC_ARCH default on gadi-cpu-spr-0650.gadi.nci.org.au by sg8812 Wed Apr 15 15:23:45 2026
[18]PETSC ERROR: Configure options: PETSC_DIR=/g/data/fp50/apps/petsc/main-20260404 PETSC_ARCH=default --with-cc=mpicc --with-cxx=mpicxx --with-fc=mpif90 --with-mpiexec=mpirun COPTFLAGS="-O3 -g -xCASCADELAKE" CXXOPTFLAGS="-O3 -g -xCASCADELAKE" FOPTFLAGS="-O3 -g -xCASCADELAKE" --with-c2html=0 --with-debugging=0 --with-fortran-bindings=0 --with-shared-libraries=1 --with-strict-petscerrorcode --download-bison --download-hdf5 --with-hwloc --download-mumps --download-netcdf --download-pnetcdf --download-ptscotch --download-suitesparse --download-superlu_dist --with-zlib --download-hypre --download-eigen --download-metis --download-parmetis --download-mmg --download-parmmg --with-scalapack-include=/apps/intel-tools/intel-mkl/2024.2.1/include --with-scalapack-lib="-lmkl_scalapack_lp64 -lmkl_intel_lp64 -lmkl_sequential -lmkl_core -lmkl_blacs_openmpi_lp64 -lpthread -lm -ldl" --with-make-np=12
[18]PETSC ERROR: #1 PetscMemoryGetMaximumUsage() at /g/data/fp50/apps/petsc/main-20260404/src/sys/memory/mem.c:148
[18]PETSC ERROR: #2 PetscMemoryView() at /g/data/fp50/apps/petsc/main-20260404/src/sys/memory/mtr.c:464
[18]PETSC ERROR: #3 PetscFinalize() at /g/data/fp50/apps/petsc/main-20260404/src/sys/objects/pinit.c:1512
PetscFinalize() failed [error code: 73]
[19]PETSC ERROR: --------------------- Error Message --------------------------------------------------------------
[19]PETSC ERROR: Object is in wrong state
[19]PETSC ERROR: To use this function you must first call PetscMemorySetGetMaximumUsage()
[19]PETSC ERROR: WARNING! There are unused option(s) set! Could be the program crashed before usage or a spelling mistake, etc!
[19]PETSC ERROR:   Option left: name:-log_view (no value) source: code
[19]PETSC ERROR:   Option left: name:-log_view_memory (no value) source: code
[19]PETSC ERROR: See https://petsc.org/release/faq/ for trouble shooting.
[19]PETSC ERROR: PETSc Development Git Revision: d6d17c0d2f413b1849bf4e4b675d0543e1c00865 Git Date: 2026-04-04 15:47:38 +0000
[19]PETSC ERROR: /scratch/xd2/sg8812/g-adopt-worktrees/sghelichkhani/richardson/tests/parallel_scaling_richards/cockett_3d.py with 48 MPI process(es) and PETSC_ARCH default on gadi-cpu-spr-0650.gadi.nci.org.au by sg8812 Wed Apr 15 15:23:45 2026
[19]PETSC ERROR: Configure options: PETSC_DIR=/g/data/fp50/apps/petsc/main-20260404 PETSC_ARCH=default --with-cc=mpicc --with-cxx=mpicxx --with-fc=mpif90 --with-mpiexec=mpirun COPTFLAGS="-O3 -g -xCASCADELAKE" CXXOPTFLAGS="-O3 -g -xCASCADELAKE" FOPTFLAGS="-O3 -g -xCASCADELAKE" --with-c2html=0 --with-debugging=0 --with-fortran-bindings=0 --with-shared-libraries=1 --with-strict-petscerrorcode --download-bison --download-hdf5 --with-hwloc --download-mumps --download-netcdf --download-pnetcdf --download-ptscotch --download-suitesparse --download-superlu_dist --with-zlib --download-hypre --download-eigen --download-metis --download-parmetis --download-mmg --download-parmmg --with-scalapack-include=/apps/intel-tools/intel-mkl/2024.2.1/include --with-scalapack-lib="-lmkl_scalapack_lp64 -lmkl_intel_lp64 -lmkl_sequential -lmkl_core -lmkl_blacs_openmpi_lp64 -lpthread -lm -ldl" --with-make-np=12
[19]PETSC ERROR: #1 PetscMemoryGetMaximumUsage() at /g/data/fp50/apps/petsc/main-20260404/src/sys/memory/mem.c:148
[19]PETSC ERROR: #2 PetscMemoryView() at /g/data/fp50/apps/petsc/main-20260404/src/sys/memory/mtr.c:464
[19]PETSC ERROR: #3 PetscFinalize() at /g/data/fp50/apps/petsc/main-20260404/src/sys/objects/pinit.c:1512
PetscFinalize() failed [error code: 73]
[20]PETSC ERROR: --------------------- Error Message --------------------------------------------------------------
[20]PETSC ERROR: Object is in wrong state
[20]PETSC ERROR: To use this function you must first call PetscMemorySetGetMaximumUsage()
[20]PETSC ERROR: WARNING! There are unused option(s) set! Could be the program crashed before usage or a spelling mistake, etc!
[20]PETSC ERROR:   Option left: name:-log_view (no value) source: code
[20]PETSC ERROR:   Option left: name:-log_view_memory (no value) source: code
[20]PETSC ERROR: See https://petsc.org/release/faq/ for trouble shooting.
[20]PETSC ERROR: PETSc Development Git Revision: d6d17c0d2f413b1849bf4e4b675d0543e1c00865 Git Date: 2026-04-04 15:47:38 +0000
[20]PETSC ERROR: /scratch/xd2/sg8812/g-adopt-worktrees/sghelichkhani/richardson/tests/parallel_scaling_richards/cockett_3d.py with 48 MPI process(es) and PETSC_ARCH default on gadi-cpu-spr-0650.gadi.nci.org.au by sg8812 Wed Apr 15 15:23:45 2026
[20]PETSC ERROR: Configure options: PETSC_DIR=/g/data/fp50/apps/petsc/main-20260404 PETSC_ARCH=default --with-cc=mpicc --with-cxx=mpicxx --with-fc=mpif90 --with-mpiexec=mpirun COPTFLAGS="-O3 -g -xCASCADELAKE" CXXOPTFLAGS="-O3 -g -xCASCADELAKE" FOPTFLAGS="-O3 -g -xCASCADELAKE" --with-c2html=0 --with-debugging=0 --with-fortran-bindings=0 --with-shared-libraries=1 --with-strict-petscerrorcode --download-bison --download-hdf5 --with-hwloc --download-mumps --download-netcdf --download-pnetcdf --download-ptscotch --download-suitesparse --download-superlu_dist --with-zlib --download-hypre --download-eigen --download-metis --download-parmetis --download-mmg --download-parmmg --with-scalapack-include=/apps/intel-tools/intel-mkl/2024.2.1/include --with-scalapack-lib="-lmkl_scalapack_lp64 -lmkl_intel_lp64 -lmkl_sequential -lmkl_core -lmkl_blacs_openmpi_lp64 -lpthread -lm -ldl" --with-make-np=12
[20]PETSC ERROR: #1 PetscMemoryGetMaximumUsage() at /g/data/fp50/apps/petsc/main-20260404/src/sys/memory/mem.c:148
[20]PETSC ERROR: #2 PetscMemoryView() at /g/data/fp50/apps/petsc/main-20260404/src/sys/memory/mtr.c:464
[20]PETSC ERROR: #3 PetscFinalize() at /g/data/fp50/apps/petsc/main-20260404/src/sys/objects/pinit.c:1512
PetscFinalize() failed [error code: 73]
[21]PETSC ERROR: --------------------- Error Message --------------------------------------------------------------
[21]PETSC ERROR: Object is in wrong state
[21]PETSC ERROR: To use this function you must first call PetscMemorySetGetMaximumUsage()
[21]PETSC ERROR: WARNING! There are unused option(s) set! Could be the program crashed before usage or a spelling mistake, etc!
[21]PETSC ERROR:   Option left: name:-log_view (no value) source: code
[21]PETSC ERROR:   Option left: name:-log_view_memory (no value) source: code
[21]PETSC ERROR: See https://petsc.org/release/faq/ for trouble shooting.
[21]PETSC ERROR: PETSc Development Git Revision: d6d17c0d2f413b1849bf4e4b675d0543e1c00865 Git Date: 2026-04-04 15:47:38 +0000
[21]PETSC ERROR: /scratch/xd2/sg8812/g-adopt-worktrees/sghelichkhani/richardson/tests/parallel_scaling_richards/cockett_3d.py with 48 MPI process(es) and PETSC_ARCH default on gadi-cpu-spr-0650.gadi.nci.org.au by sg8812 Wed Apr 15 15:23:45 2026
[21]PETSC ERROR: Configure options: PETSC_DIR=/g/data/fp50/apps/petsc/main-20260404 PETSC_ARCH=default --with-cc=mpicc --with-cxx=mpicxx --with-fc=mpif90 --with-mpiexec=mpirun COPTFLAGS="-O3 -g -xCASCADELAKE" CXXOPTFLAGS="-O3 -g -xCASCADELAKE" FOPTFLAGS="-O3 -g -xCASCADELAKE" --with-c2html=0 --with-debugging=0 --with-fortran-bindings=0 --with-shared-libraries=1 --with-strict-petscerrorcode --download-bison --download-hdf5 --with-hwloc --download-mumps --download-netcdf --download-pnetcdf --download-ptscotch --download-suitesparse --download-superlu_dist --with-zlib --download-hypre --download-eigen --download-metis --download-parmetis --download-mmg --download-parmmg --with-scalapack-include=/apps/intel-tools/intel-mkl/2024.2.1/include --with-scalapack-lib="-lmkl_scalapack_lp64 -lmkl_intel_lp64 -lmkl_sequential -lmkl_core -lmkl_blacs_openmpi_lp64 -lpthread -lm -ldl" --with-make-np=12
[21]PETSC ERROR: #1 PetscMemoryGetMaximumUsage() at /g/data/fp50/apps/petsc/main-20260404/src/sys/memory/mem.c:148
[21]PETSC ERROR: #2 PetscMemoryView() at /g/data/fp50/apps/petsc/main-20260404/src/sys/memory/mtr.c:464
[21]PETSC ERROR: #3 PetscFinalize() at /g/data/fp50/apps/petsc/main-20260404/src/sys/objects/pinit.c:1512
PetscFinalize() failed [error code: 73]
[22]PETSC ERROR: --------------------- Error Message --------------------------------------------------------------
[22]PETSC ERROR: Object is in wrong state
[22]PETSC ERROR: To use this function you must first call PetscMemorySetGetMaximumUsage()
[22]PETSC ERROR: WARNING! There are unused option(s) set! Could be the program crashed before usage or a spelling mistake, etc!
[22]PETSC ERROR:   Option left: name:-log_view (no value) source: code
[22]PETSC ERROR:   Option left: name:-log_view_memory (no value) source: code
[22]PETSC ERROR: See https://petsc.org/release/faq/ for trouble shooting.
[22]PETSC ERROR: PETSc Development Git Revision: d6d17c0d2f413b1849bf4e4b675d0543e1c00865 Git Date: 2026-04-04 15:47:38 +0000
[22]PETSC ERROR: /scratch/xd2/sg8812/g-adopt-worktrees/sghelichkhani/richardson/tests/parallel_scaling_richards/cockett_3d.py with 48 MPI process(es) and PETSC_ARCH default on gadi-cpu-spr-0650.gadi.nci.org.au by sg8812 Wed Apr 15 15:23:45 2026
[22]PETSC ERROR: Configure options: PETSC_DIR=/g/data/fp50/apps/petsc/main-20260404 PETSC_ARCH=default --with-cc=mpicc --with-cxx=mpicxx --with-fc=mpif90 --with-mpiexec=mpirun COPTFLAGS="-O3 -g -xCASCADELAKE" CXXOPTFLAGS="-O3 -g -xCASCADELAKE" FOPTFLAGS="-O3 -g -xCASCADELAKE" --with-c2html=0 --with-debugging=0 --with-fortran-bindings=0 --with-shared-libraries=1 --with-strict-petscerrorcode --download-bison --download-hdf5 --with-hwloc --download-mumps --download-netcdf --download-pnetcdf --download-ptscotch --download-suitesparse --download-superlu_dist --with-zlib --download-hypre --download-eigen --download-metis --download-parmetis --download-mmg --download-parmmg --with-scalapack-include=/apps/intel-tools/intel-mkl/2024.2.1/include --with-scalapack-lib="-lmkl_scalapack_lp64 -lmkl_intel_lp64 -lmkl_sequential -lmkl_core -lmkl_blacs_openmpi_lp64 -lpthread -lm -ldl" --with-make-np=12
[22]PETSC ERROR: #1 PetscMemoryGetMaximumUsage() at /g/data/fp50/apps/petsc/main-20260404/src/sys/memory/mem.c:148
[22]PETSC ERROR: #2 PetscMemoryView() at /g/data/fp50/apps/petsc/main-20260404/src/sys/memory/mtr.c:464
[22]PETSC ERROR: #3 PetscFinalize() at /g/data/fp50/apps/petsc/main-20260404/src/sys/objects/pinit.c:1512
PetscFinalize() failed [error code: 73]
[23]PETSC ERROR: --------------------- Error Message --------------------------------------------------------------
[23]PETSC ERROR: Object is in wrong state
[23]PETSC ERROR: To use this function you must first call PetscMemorySetGetMaximumUsage()
[23]PETSC ERROR: WARNING! There are unused option(s) set! Could be the program crashed before usage or a spelling mistake, etc!
[23]PETSC ERROR:   Option left: name:-log_view (no value) source: code
[23]PETSC ERROR:   Option left: name:-log_view_memory (no value) source: code
[23]PETSC ERROR: See https://petsc.org/release/faq/ for trouble shooting.
[23]PETSC ERROR: PETSc Development Git Revision: d6d17c0d2f413b1849bf4e4b675d0543e1c00865 Git Date: 2026-04-04 15:47:38 +0000
[23]PETSC ERROR: /scratch/xd2/sg8812/g-adopt-worktrees/sghelichkhani/richardson/tests/parallel_scaling_richards/cockett_3d.py with 48 MPI process(es) and PETSC_ARCH default on gadi-cpu-spr-0650.gadi.nci.org.au by sg8812 Wed Apr 15 15:23:45 2026
[23]PETSC ERROR: Configure options: PETSC_DIR=/g/data/fp50/apps/petsc/main-20260404 PETSC_ARCH=default --with-cc=mpicc --with-cxx=mpicxx --with-fc=mpif90 --with-mpiexec=mpirun COPTFLAGS="-O3 -g -xCASCADELAKE" CXXOPTFLAGS="-O3 -g -xCASCADELAKE" FOPTFLAGS="-O3 -g -xCASCADELAKE" --with-c2html=0 --with-debugging=0 --with-fortran-bindings=0 --with-shared-libraries=1 --with-strict-petscerrorcode --download-bison --download-hdf5 --with-hwloc --download-mumps --download-netcdf --download-pnetcdf --download-ptscotch --download-suitesparse --download-superlu_dist --with-zlib --download-hypre --download-eigen --download-metis --download-parmetis --download-mmg --download-parmmg --with-scalapack-include=/apps/intel-tools/intel-mkl/2024.2.1/include --with-scalapack-lib="-lmkl_scalapack_lp64 -lmkl_intel_lp64 -lmkl_sequential -lmkl_core -lmkl_blacs_openmpi_lp64 -lpthread -lm -ldl" --with-make-np=12
[23]PETSC ERROR: #1 PetscMemoryGetMaximumUsage() at /g/data/fp50/apps/petsc/main-20260404/src/sys/memory/mem.c:148
[23]PETSC ERROR: #2 PetscMemoryView() at /g/data/fp50/apps/petsc/main-20260404/src/sys/memory/mtr.c:464
[23]PETSC ERROR: #3 PetscFinalize() at /g/data/fp50/apps/petsc/main-20260404/src/sys/objects/pinit.c:1512
PetscFinalize() failed [error code: 73]
[24]PETSC ERROR: --------------------- Error Message --------------------------------------------------------------
[24]PETSC ERROR: Object is in wrong state
[24]PETSC ERROR: To use this function you must first call PetscMemorySetGetMaximumUsage()
[24]PETSC ERROR: WARNING! There are unused option(s) set! Could be the program crashed before usage or a spelling mistake, etc!
[24]PETSC ERROR:   Option left: name:-log_view (no value) source: code
[24]PETSC ERROR:   Option left: name:-log_view_memory (no value) source: code
[24]PETSC ERROR: See https://petsc.org/release/faq/ for trouble shooting.
[24]PETSC ERROR: PETSc Development Git Revision: d6d17c0d2f413b1849bf4e4b675d0543e1c00865 Git Date: 2026-04-04 15:47:38 +0000
[24]PETSC ERROR: /scratch/xd2/sg8812/g-adopt-worktrees/sghelichkhani/richardson/tests/parallel_scaling_richards/cockett_3d.py with 48 MPI process(es) and PETSC_ARCH default on gadi-cpu-spr-0650.gadi.nci.org.au by sg8812 Wed Apr 15 15:23:45 2026
[24]PETSC ERROR: Configure options: PETSC_DIR=/g/data/fp50/apps/petsc/main-20260404 PETSC_ARCH=default --with-cc=mpicc --with-cxx=mpicxx --with-fc=mpif90 --with-mpiexec=mpirun COPTFLAGS="-O3 -g -xCASCADELAKE" CXXOPTFLAGS="-O3 -g -xCASCADELAKE" FOPTFLAGS="-O3 -g -xCASCADELAKE" --with-c2html=0 --with-debugging=0 --with-fortran-bindings=0 --with-shared-libraries=1 --with-strict-petscerrorcode --download-bison --download-hdf5 --with-hwloc --download-mumps --download-netcdf --download-pnetcdf --download-ptscotch --download-suitesparse --download-superlu_dist --with-zlib --download-hypre --download-eigen --download-metis --download-parmetis --download-mmg --download-parmmg --with-scalapack-include=/apps/intel-tools/intel-mkl/2024.2.1/include --with-scalapack-lib="-lmkl_scalapack_lp64 -lmkl_intel_lp64 -lmkl_sequential -lmkl_core -lmkl_blacs_openmpi_lp64 -lpthread -lm -ldl" --with-make-np=12
[24]PETSC ERROR: #1 PetscMemoryGetMaximumUsage() at /g/data/fp50/apps/petsc/main-20260404/src/sys/memory/mem.c:148
[24]PETSC ERROR: #2 PetscMemoryView() at /g/data/fp50/apps/petsc/main-20260404/src/sys/memory/mtr.c:464
[24]PETSC ERROR: #3 PetscFinalize() at /g/data/fp50/apps/petsc/main-20260404/src/sys/objects/pinit.c:1512
PetscFinalize() failed [error code: 73]
[25]PETSC ERROR: --------------------- Error Message --------------------------------------------------------------
[25]PETSC ERROR: Object is in wrong state
[25]PETSC ERROR: To use this function you must first call PetscMemorySetGetMaximumUsage()
[25]PETSC ERROR: WARNING! There are unused option(s) set! Could be the program crashed before usage or a spelling mistake, etc!
[25]PETSC ERROR:   Option left: name:-log_view (no value) source: code
[25]PETSC ERROR:   Option left: name:-log_view_memory (no value) source: code
[25]PETSC ERROR: See https://petsc.org/release/faq/ for trouble shooting.
[25]PETSC ERROR: PETSc Development Git Revision: d6d17c0d2f413b1849bf4e4b675d0543e1c00865 Git Date: 2026-04-04 15:47:38 +0000
[25]PETSC ERROR: /scratch/xd2/sg8812/g-adopt-worktrees/sghelichkhani/richardson/tests/parallel_scaling_richards/cockett_3d.py with 48 MPI process(es) and PETSC_ARCH default on gadi-cpu-spr-0650.gadi.nci.org.au by sg8812 Wed Apr 15 15:23:45 2026
[25]PETSC ERROR: Configure options: PETSC_DIR=/g/data/fp50/apps/petsc/main-20260404 PETSC_ARCH=default --with-cc=mpicc --with-cxx=mpicxx --with-fc=mpif90 --with-mpiexec=mpirun COPTFLAGS="-O3 -g -xCASCADELAKE" CXXOPTFLAGS="-O3 -g -xCASCADELAKE" FOPTFLAGS="-O3 -g -xCASCADELAKE" --with-c2html=0 --with-debugging=0 --with-fortran-bindings=0 --with-shared-libraries=1 --with-strict-petscerrorcode --download-bison --download-hdf5 --with-hwloc --download-mumps --download-netcdf --download-pnetcdf --download-ptscotch --download-suitesparse --download-superlu_dist --with-zlib --download-hypre --download-eigen --download-metis --download-parmetis --download-mmg --download-parmmg --with-scalapack-include=/apps/intel-tools/intel-mkl/2024.2.1/include --with-scalapack-lib="-lmkl_scalapack_lp64 -lmkl_intel_lp64 -lmkl_sequential -lmkl_core -lmkl_blacs_openmpi_lp64 -lpthread -lm -ldl" --with-make-np=12
[25]PETSC ERROR: #1 PetscMemoryGetMaximumUsage() at /g/data/fp50/apps/petsc/main-20260404/src/sys/memory/mem.c:148
[25]PETSC ERROR: #2 PetscMemoryView() at /g/data/fp50/apps/petsc/main-20260404/src/sys/memory/mtr.c:464
[25]PETSC ERROR: #3 PetscFinalize() at /g/data/fp50/apps/petsc/main-20260404/src/sys/objects/pinit.c:1512
PetscFinalize() failed [error code: 73]
[26]PETSC ERROR: --------------------- Error Message --------------------------------------------------------------
[26]PETSC ERROR: Object is in wrong state
[26]PETSC ERROR: To use this function you must first call PetscMemorySetGetMaximumUsage()
[26]PETSC ERROR: WARNING! There are unused option(s) set! Could be the program crashed before usage or a spelling mistake, etc!
[26]PETSC ERROR:   Option left: name:-log_view (no value) source: code
[26]PETSC ERROR:   Option left: name:-log_view_memory (no value) source: code
[26]PETSC ERROR: See https://petsc.org/release/faq/ for trouble shooting.
[26]PETSC ERROR: PETSc Development Git Revision: d6d17c0d2f413b1849bf4e4b675d0543e1c00865 Git Date: 2026-04-04 15:47:38 +0000
[26]PETSC ERROR: /scratch/xd2/sg8812/g-adopt-worktrees/sghelichkhani/richardson/tests/parallel_scaling_richards/cockett_3d.py with 48 MPI process(es) and PETSC_ARCH default on gadi-cpu-spr-0650.gadi.nci.org.au by sg8812 Wed Apr 15 15:23:45 2026
[26]PETSC ERROR: Configure options: PETSC_DIR=/g/data/fp50/apps/petsc/main-20260404 PETSC_ARCH=default --with-cc=mpicc --with-cxx=mpicxx --with-fc=mpif90 --with-mpiexec=mpirun COPTFLAGS="-O3 -g -xCASCADELAKE" CXXOPTFLAGS="-O3 -g -xCASCADELAKE" FOPTFLAGS="-O3 -g -xCASCADELAKE" --with-c2html=0 --with-debugging=0 --with-fortran-bindings=0 --with-shared-libraries=1 --with-strict-petscerrorcode --download-bison --download-hdf5 --with-hwloc --download-mumps --download-netcdf --download-pnetcdf --download-ptscotch --download-suitesparse --download-superlu_dist --with-zlib --download-hypre --download-eigen --download-metis --download-parmetis --download-mmg --download-parmmg --with-scalapack-include=/apps/intel-tools/intel-mkl/2024.2.1/include --with-scalapack-lib="-lmkl_scalapack_lp64 -lmkl_intel_lp64 -lmkl_sequential -lmkl_core -lmkl_blacs_openmpi_lp64 -lpthread -lm -ldl" --with-make-np=12
[26]PETSC ERROR: #1 PetscMemoryGetMaximumUsage() at /g/data/fp50/apps/petsc/main-20260404/src/sys/memory/mem.c:148
[26]PETSC ERROR: #2 PetscMemoryView() at /g/data/fp50/apps/petsc/main-20260404/src/sys/memory/mtr.c:464
[26]PETSC ERROR: #3 PetscFinalize() at /g/data/fp50/apps/petsc/main-20260404/src/sys/objects/pinit.c:1512
PetscFinalize() failed [error code: 73]
[27]PETSC ERROR: --------------------- Error Message --------------------------------------------------------------
[27]PETSC ERROR: Object is in wrong state
[27]PETSC ERROR: To use this function you must first call PetscMemorySetGetMaximumUsage()
[27]PETSC ERROR: WARNING! There are unused option(s) set! Could be the program crashed before usage or a spelling mistake, etc!
[27]PETSC ERROR:   Option left: name:-log_view (no value) source: code
[27]PETSC ERROR:   Option left: name:-log_view_memory (no value) source: code
[27]PETSC ERROR: See https://petsc.org/release/faq/ for trouble shooting.
[27]PETSC ERROR: PETSc Development Git Revision: d6d17c0d2f413b1849bf4e4b675d0543e1c00865 Git Date: 2026-04-04 15:47:38 +0000
[27]PETSC ERROR: /scratch/xd2/sg8812/g-adopt-worktrees/sghelichkhani/richardson/tests/parallel_scaling_richards/cockett_3d.py with 48 MPI process(es) and PETSC_ARCH default on gadi-cpu-spr-0650.gadi.nci.org.au by sg8812 Wed Apr 15 15:23:45 2026
[27]PETSC ERROR: Configure options: PETSC_DIR=/g/data/fp50/apps/petsc/main-20260404 PETSC_ARCH=default --with-cc=mpicc --with-cxx=mpicxx --with-fc=mpif90 --with-mpiexec=mpirun COPTFLAGS="-O3 -g -xCASCADELAKE" CXXOPTFLAGS="-O3 -g -xCASCADELAKE" FOPTFLAGS="-O3 -g -xCASCADELAKE" --with-c2html=0 --with-debugging=0 --with-fortran-bindings=0 --with-shared-libraries=1 --with-strict-petscerrorcode --download-bison --download-hdf5 --with-hwloc --download-mumps --download-netcdf --download-pnetcdf --download-ptscotch --download-suitesparse --download-superlu_dist --with-zlib --download-hypre --download-eigen --download-metis --download-parmetis --download-mmg --download-parmmg --with-scalapack-include=/apps/intel-tools/intel-mkl/2024.2.1/include --with-scalapack-lib="-lmkl_scalapack_lp64 -lmkl_intel_lp64 -lmkl_sequential -lmkl_core -lmkl_blacs_openmpi_lp64 -lpthread -lm -ldl" --with-make-np=12
[27]PETSC ERROR: #1 PetscMemoryGetMaximumUsage() at /g/data/fp50/apps/petsc/main-20260404/src/sys/memory/mem.c:148
[27]PETSC ERROR: #2 PetscMemoryView() at /g/data/fp50/apps/petsc/main-20260404/src/sys/memory/mtr.c:464
[27]PETSC ERROR: #3 PetscFinalize() at /g/data/fp50/apps/petsc/main-20260404/src/sys/objects/pinit.c:1512
PetscFinalize() failed [error code: 73]
[28]PETSC ERROR: --------------------- Error Message --------------------------------------------------------------
[28]PETSC ERROR: Object is in wrong state
[28]PETSC ERROR: To use this function you must first call PetscMemorySetGetMaximumUsage()
[28]PETSC ERROR: WARNING! There are unused option(s) set! Could be the program crashed before usage or a spelling mistake, etc!
[28]PETSC ERROR:   Option left: name:-log_view (no value) source: code
[28]PETSC ERROR:   Option left: name:-log_view_memory (no value) source: code
[28]PETSC ERROR: See https://petsc.org/release/faq/ for trouble shooting.
[28]PETSC ERROR: PETSc Development Git Revision: d6d17c0d2f413b1849bf4e4b675d0543e1c00865 Git Date: 2026-04-04 15:47:38 +0000
[28]PETSC ERROR: /scratch/xd2/sg8812/g-adopt-worktrees/sghelichkhani/richardson/tests/parallel_scaling_richards/cockett_3d.py with 48 MPI process(es) and PETSC_ARCH default on gadi-cpu-spr-0650.gadi.nci.org.au by sg8812 Wed Apr 15 15:23:45 2026
[28]PETSC ERROR: Configure options: PETSC_DIR=/g/data/fp50/apps/petsc/main-20260404 PETSC_ARCH=default --with-cc=mpicc --with-cxx=mpicxx --with-fc=mpif90 --with-mpiexec=mpirun COPTFLAGS="-O3 -g -xCASCADELAKE" CXXOPTFLAGS="-O3 -g -xCASCADELAKE" FOPTFLAGS="-O3 -g -xCASCADELAKE" --with-c2html=0 --with-debugging=0 --with-fortran-bindings=0 --with-shared-libraries=1 --with-strict-petscerrorcode --download-bison --download-hdf5 --with-hwloc --download-mumps --download-netcdf --download-pnetcdf --download-ptscotch --download-suitesparse --download-superlu_dist --with-zlib --download-hypre --download-eigen --download-metis --download-parmetis --download-mmg --download-parmmg --with-scalapack-include=/apps/intel-tools/intel-mkl/2024.2.1/include --with-scalapack-lib="-lmkl_scalapack_lp64 -lmkl_intel_lp64 -lmkl_sequential -lmkl_core -lmkl_blacs_openmpi_lp64 -lpthread -lm -ldl" --with-make-np=12
[28]PETSC ERROR: #1 PetscMemoryGetMaximumUsage() at /g/data/fp50/apps/petsc/main-20260404/src/sys/memory/mem.c:148
[28]PETSC ERROR: #2 PetscMemoryView() at /g/data/fp50/apps/petsc/main-20260404/src/sys/memory/mtr.c:464
[28]PETSC ERROR: #3 PetscFinalize() at /g/data/fp50/apps/petsc/main-20260404/src/sys/objects/pinit.c:1512
PetscFinalize() failed [error code: 73]
[29]PETSC ERROR: --------------------- Error Message --------------------------------------------------------------
[29]PETSC ERROR: Object is in wrong state
[29]PETSC ERROR: To use this function you must first call PetscMemorySetGetMaximumUsage()
[29]PETSC ERROR: WARNING! There are unused option(s) set! Could be the program crashed before usage or a spelling mistake, etc!
[29]PETSC ERROR:   Option left: name:-log_view (no value) source: code
[29]PETSC ERROR:   Option left: name:-log_view_memory (no value) source: code
[29]PETSC ERROR: See https://petsc.org/release/faq/ for trouble shooting.
[29]PETSC ERROR: PETSc Development Git Revision: d6d17c0d2f413b1849bf4e4b675d0543e1c00865 Git Date: 2026-04-04 15:47:38 +0000
[29]PETSC ERROR: /scratch/xd2/sg8812/g-adopt-worktrees/sghelichkhani/richardson/tests/parallel_scaling_richards/cockett_3d.py with 48 MPI process(es) and PETSC_ARCH default on gadi-cpu-spr-0650.gadi.nci.org.au by sg8812 Wed Apr 15 15:23:45 2026
[29]PETSC ERROR: Configure options: PETSC_DIR=/g/data/fp50/apps/petsc/main-20260404 PETSC_ARCH=default --with-cc=mpicc --with-cxx=mpicxx --with-fc=mpif90 --with-mpiexec=mpirun COPTFLAGS="-O3 -g -xCASCADELAKE" CXXOPTFLAGS="-O3 -g -xCASCADELAKE" FOPTFLAGS="-O3 -g -xCASCADELAKE" --with-c2html=0 --with-debugging=0 --with-fortran-bindings=0 --with-shared-libraries=1 --with-strict-petscerrorcode --download-bison --download-hdf5 --with-hwloc --download-mumps --download-netcdf --download-pnetcdf --download-ptscotch --download-suitesparse --download-superlu_dist --with-zlib --download-hypre --download-eigen --download-metis --download-parmetis --download-mmg --download-parmmg --with-scalapack-include=/apps/intel-tools/intel-mkl/2024.2.1/include --with-scalapack-lib="-lmkl_scalapack_lp64 -lmkl_intel_lp64 -lmkl_sequential -lmkl_core -lmkl_blacs_openmpi_lp64 -lpthread -lm -ldl" --with-make-np=12
[29]PETSC ERROR: #1 PetscMemoryGetMaximumUsage() at /g/data/fp50/apps/petsc/main-20260404/src/sys/memory/mem.c:148
[29]PETSC ERROR: #2 PetscMemoryView() at /g/data/fp50/apps/petsc/main-20260404/src/sys/memory/mtr.c:464
[29]PETSC ERROR: #3 PetscFinalize() at /g/data/fp50/apps/petsc/main-20260404/src/sys/objects/pinit.c:1512
PetscFinalize() failed [error code: 73]
[30]PETSC ERROR: --------------------- Error Message --------------------------------------------------------------
[30]PETSC ERROR: Object is in wrong state
[30]PETSC ERROR: To use this function you must first call PetscMemorySetGetMaximumUsage()
[30]PETSC ERROR: WARNING! There are unused option(s) set! Could be the program crashed before usage or a spelling mistake, etc!
[30]PETSC ERROR:   Option left: name:-log_view (no value) source: code
[30]PETSC ERROR:   Option left: name:-log_view_memory (no value) source: code
[30]PETSC ERROR: See https://petsc.org/release/faq/ for trouble shooting.
[30]PETSC ERROR: PETSc Development Git Revision: d6d17c0d2f413b1849bf4e4b675d0543e1c00865 Git Date: 2026-04-04 15:47:38 +0000
[30]PETSC ERROR: /scratch/xd2/sg8812/g-adopt-worktrees/sghelichkhani/richardson/tests/parallel_scaling_richards/cockett_3d.py with 48 MPI process(es) and PETSC_ARCH default on gadi-cpu-spr-0650.gadi.nci.org.au by sg8812 Wed Apr 15 15:23:45 2026
[30]PETSC ERROR: Configure options: PETSC_DIR=/g/data/fp50/apps/petsc/main-20260404 PETSC_ARCH=default --with-cc=mpicc --with-cxx=mpicxx --with-fc=mpif90 --with-mpiexec=mpirun COPTFLAGS="-O3 -g -xCASCADELAKE" CXXOPTFLAGS="-O3 -g -xCASCADELAKE" FOPTFLAGS="-O3 -g -xCASCADELAKE" --with-c2html=0 --with-debugging=0 --with-fortran-bindings=0 --with-shared-libraries=1 --with-strict-petscerrorcode --download-bison --download-hdf5 --with-hwloc --download-mumps --download-netcdf --download-pnetcdf --download-ptscotch --download-suitesparse --download-superlu_dist --with-zlib --download-hypre --download-eigen --download-metis --download-parmetis --download-mmg --download-parmmg --with-scalapack-include=/apps/intel-tools/intel-mkl/2024.2.1/include --with-scalapack-lib="-lmkl_scalapack_lp64 -lmkl_intel_lp64 -lmkl_sequential -lmkl_core -lmkl_blacs_openmpi_lp64 -lpthread -lm -ldl" --with-make-np=12
[30]PETSC ERROR: #1 PetscMemoryGetMaximumUsage() at /g/data/fp50/apps/petsc/main-20260404/src/sys/memory/mem.c:148
[30]PETSC ERROR: #2 PetscMemoryView() at /g/data/fp50/apps/petsc/main-20260404/src/sys/memory/mtr.c:464
[30]PETSC ERROR: #3 PetscFinalize() at /g/data/fp50/apps/petsc/main-20260404/src/sys/objects/pinit.c:1512
PetscFinalize() failed [error code: 73]
[31]PETSC ERROR: --------------------- Error Message --------------------------------------------------------------
[31]PETSC ERROR: Object is in wrong state
[31]PETSC ERROR: To use this function you must first call PetscMemorySetGetMaximumUsage()
[31]PETSC ERROR: WARNING! There are unused option(s) set! Could be the program crashed before usage or a spelling mistake, etc!
[31]PETSC ERROR:   Option left: name:-log_view (no value) source: code
[31]PETSC ERROR:   Option left: name:-log_view_memory (no value) source: code
[31]PETSC ERROR: See https://petsc.org/release/faq/ for trouble shooting.
[31]PETSC ERROR: PETSc Development Git Revision: d6d17c0d2f413b1849bf4e4b675d0543e1c00865 Git Date: 2026-04-04 15:47:38 +0000
[31]PETSC ERROR: /scratch/xd2/sg8812/g-adopt-worktrees/sghelichkhani/richardson/tests/parallel_scaling_richards/cockett_3d.py with 48 MPI process(es) and PETSC_ARCH default on gadi-cpu-spr-0650.gadi.nci.org.au by sg8812 Wed Apr 15 15:23:45 2026
[31]PETSC ERROR: Configure options: PETSC_DIR=/g/data/fp50/apps/petsc/main-20260404 PETSC_ARCH=default --with-cc=mpicc --with-cxx=mpicxx --with-fc=mpif90 --with-mpiexec=mpirun COPTFLAGS="-O3 -g -xCASCADELAKE" CXXOPTFLAGS="-O3 -g -xCASCADELAKE" FOPTFLAGS="-O3 -g -xCASCADELAKE" --with-c2html=0 --with-debugging=0 --with-fortran-bindings=0 --with-shared-libraries=1 --with-strict-petscerrorcode --download-bison --download-hdf5 --with-hwloc --download-mumps --download-netcdf --download-pnetcdf --download-ptscotch --download-suitesparse --download-superlu_dist --with-zlib --download-hypre --download-eigen --download-metis --download-parmetis --download-mmg --download-parmmg --with-scalapack-include=/apps/intel-tools/intel-mkl/2024.2.1/include --with-scalapack-lib="-lmkl_scalapack_lp64 -lmkl_intel_lp64 -lmkl_sequential -lmkl_core -lmkl_blacs_openmpi_lp64 -lpthread -lm -ldl" --with-make-np=12
[31]PETSC ERROR: #1 PetscMemoryGetMaximumUsage() at /g/data/fp50/apps/petsc/main-20260404/src/sys/memory/mem.c:148
[31]PETSC ERROR: #2 PetscMemoryView() at /g/data/fp50/apps/petsc/main-20260404/src/sys/memory/mtr.c:464
[31]PETSC ERROR: #3 PetscFinalize() at /g/data/fp50/apps/petsc/main-20260404/src/sys/objects/pinit.c:1512
PetscFinalize() failed [error code: 73]
[32]PETSC ERROR: --------------------- Error Message --------------------------------------------------------------
[32]PETSC ERROR: Object is in wrong state
[32]PETSC ERROR: To use this function you must first call PetscMemorySetGetMaximumUsage()
[32]PETSC ERROR: WARNING! There are unused option(s) set! Could be the program crashed before usage or a spelling mistake, etc!
[32]PETSC ERROR:   Option left: name:-log_view (no value) source: code
[32]PETSC ERROR:   Option left: name:-log_view_memory (no value) source: code
[32]PETSC ERROR: See https://petsc.org/release/faq/ for trouble shooting.
[32]PETSC ERROR: PETSc Development Git Revision: d6d17c0d2f413b1849bf4e4b675d0543e1c00865 Git Date: 2026-04-04 15:47:38 +0000
[32]PETSC ERROR: /scratch/xd2/sg8812/g-adopt-worktrees/sghelichkhani/richardson/tests/parallel_scaling_richards/cockett_3d.py with 48 MPI process(es) and PETSC_ARCH default on gadi-cpu-spr-0650.gadi.nci.org.au by sg8812 Wed Apr 15 15:23:45 2026
[32]PETSC ERROR: Configure options: PETSC_DIR=/g/data/fp50/apps/petsc/main-20260404 PETSC_ARCH=default --with-cc=mpicc --with-cxx=mpicxx --with-fc=mpif90 --with-mpiexec=mpirun COPTFLAGS="-O3 -g -xCASCADELAKE" CXXOPTFLAGS="-O3 -g -xCASCADELAKE" FOPTFLAGS="-O3 -g -xCASCADELAKE" --with-c2html=0 --with-debugging=0 --with-fortran-bindings=0 --with-shared-libraries=1 --with-strict-petscerrorcode --download-bison --download-hdf5 --with-hwloc --download-mumps --download-netcdf --download-pnetcdf --download-ptscotch --download-suitesparse --download-superlu_dist --with-zlib --download-hypre --download-eigen --download-metis --download-parmetis --download-mmg --download-parmmg --with-scalapack-include=/apps/intel-tools/intel-mkl/2024.2.1/include --with-scalapack-lib="-lmkl_scalapack_lp64 -lmkl_intel_lp64 -lmkl_sequential -lmkl_core -lmkl_blacs_openmpi_lp64 -lpthread -lm -ldl" --with-make-np=12
[32]PETSC ERROR: #1 PetscMemoryGetMaximumUsage() at /g/data/fp50/apps/petsc/main-20260404/src/sys/memory/mem.c:148
[32]PETSC ERROR: #2 PetscMemoryView() at /g/data/fp50/apps/petsc/main-20260404/src/sys/memory/mtr.c:464
[32]PETSC ERROR: #3 PetscFinalize() at /g/data/fp50/apps/petsc/main-20260404/src/sys/objects/pinit.c:1512
PetscFinalize() failed [error code: 73]
[35]PETSC ERROR: --------------------- Error Message --------------------------------------------------------------
[35]PETSC ERROR: Object is in wrong state
[35]PETSC ERROR: To use this function you must first call PetscMemorySetGetMaximumUsage()
[35]PETSC ERROR: WARNING! There are unused option(s) set! Could be the program crashed before usage or a spelling mistake, etc!
[35]PETSC ERROR:   Option left: name:-log_view (no value) source: code
[35]PETSC ERROR:   Option left: name:-log_view_memory (no value) source: code
[35]PETSC ERROR: See https://petsc.org/release/faq/ for trouble shooting.
[35]PETSC ERROR: PETSc Development Git Revision: d6d17c0d2f413b1849bf4e4b675d0543e1c00865 Git Date: 2026-04-04 15:47:38 +0000
[35]PETSC ERROR: /scratch/xd2/sg8812/g-adopt-worktrees/sghelichkhani/richardson/tests/parallel_scaling_richards/cockett_3d.py with 48 MPI process(es) and PETSC_ARCH default on gadi-cpu-spr-0650.gadi.nci.org.au by sg8812 Wed Apr 15 15:23:45 2026
[35]PETSC ERROR: Configure options: PETSC_DIR=/g/data/fp50/apps/petsc/main-20260404 PETSC_ARCH=default --with-cc=mpicc --with-cxx=mpicxx --with-fc=mpif90 --with-mpiexec=mpirun COPTFLAGS="-O3 -g -xCASCADELAKE" CXXOPTFLAGS="-O3 -g -xCASCADELAKE" FOPTFLAGS="-O3 -g -xCASCADELAKE" --with-c2html=0 --with-debugging=0 --with-fortran-bindings=0 --with-shared-libraries=1 --with-strict-petscerrorcode --download-bison --download-hdf5 --with-hwloc --download-mumps --download-netcdf --download-pnetcdf --download-ptscotch --download-suitesparse --download-superlu_dist --with-zlib --download-hypre --download-eigen --download-metis --download-parmetis --download-mmg --download-parmmg --with-scalapack-include=/apps/intel-tools/intel-mkl/2024.2.1/include --with-scalapack-lib="-lmkl_scalapack_lp64 -lmkl_intel_lp64 -lmkl_sequential -lmkl_core -lmkl_blacs_openmpi_lp64 -lpthread -lm -ldl" --with-make-np=12
[35]PETSC ERROR: #1 PetscMemoryGetMaximumUsage() at /g/data/fp50/apps/petsc/main-20260404/src/sys/memory/mem.c:148
[35]PETSC ERROR: #2 PetscMemoryView() at /g/data/fp50/apps/petsc/main-20260404/src/sys/memory/mtr.c:464
[35]PETSC ERROR: #3 PetscFinalize() at /g/data/fp50/apps/petsc/main-20260404/src/sys/objects/pinit.c:1512
PetscFinalize() failed [error code: 73]
[36]PETSC ERROR: --------------------- Error Message --------------------------------------------------------------
[36]PETSC ERROR: Object is in wrong state
[36]PETSC ERROR: To use this function you must first call PetscMemorySetGetMaximumUsage()
[36]PETSC ERROR: WARNING! There are unused option(s) set! Could be the program crashed before usage or a spelling mistake, etc!
[36]PETSC ERROR:   Option left: name:-log_view (no value) source: code
[36]PETSC ERROR:   Option left: name:-log_view_memory (no value) source: code
[36]PETSC ERROR: See https://petsc.org/release/faq/ for trouble shooting.
[36]PETSC ERROR: PETSc Development Git Revision: d6d17c0d2f413b1849bf4e4b675d0543e1c00865 Git Date: 2026-04-04 15:47:38 +0000
[36]PETSC ERROR: /scratch/xd2/sg8812/g-adopt-worktrees/sghelichkhani/richardson/tests/parallel_scaling_richards/cockett_3d.py with 48 MPI process(es) and PETSC_ARCH default on gadi-cpu-spr-0650.gadi.nci.org.au by sg8812 Wed Apr 15 15:23:45 2026
[36]PETSC ERROR: Configure options: PETSC_DIR=/g/data/fp50/apps/petsc/main-20260404 PETSC_ARCH=default --with-cc=mpicc --with-cxx=mpicxx --with-fc=mpif90 --with-mpiexec=mpirun COPTFLAGS="-O3 -g -xCASCADELAKE" CXXOPTFLAGS="-O3 -g -xCASCADELAKE" FOPTFLAGS="-O3 -g -xCASCADELAKE" --with-c2html=0 --with-debugging=0 --with-fortran-bindings=0 --with-shared-libraries=1 --with-strict-petscerrorcode --download-bison --download-hdf5 --with-hwloc --download-mumps --download-netcdf --download-pnetcdf --download-ptscotch --download-suitesparse --download-superlu_dist --with-zlib --download-hypre --download-eigen --download-metis --download-parmetis --download-mmg --download-parmmg --with-scalapack-include=/apps/intel-tools/intel-mkl/2024.2.1/include --with-scalapack-lib="-lmkl_scalapack_lp64 -lmkl_intel_lp64 -lmkl_sequential -lmkl_core -lmkl_blacs_openmpi_lp64 -lpthread -lm -ldl" --with-make-np=12
[36]PETSC ERROR: #1 PetscMemoryGetMaximumUsage() at /g/data/fp50/apps/petsc/main-20260404/src/sys/memory/mem.c:148
[36]PETSC ERROR: #2 PetscMemoryView() at /g/data/fp50/apps/petsc/main-20260404/src/sys/memory/mtr.c:464
[36]PETSC ERROR: #3 PetscFinalize() at /g/data/fp50/apps/petsc/main-20260404/src/sys/objects/pinit.c:1512
PetscFinalize() failed [error code: 73]
[37]PETSC ERROR: --------------------- Error Message --------------------------------------------------------------
[37]PETSC ERROR: Object is in wrong state
[37]PETSC ERROR: To use this function you must first call PetscMemorySetGetMaximumUsage()
[37]PETSC ERROR: WARNING! There are unused option(s) set! Could be the program crashed before usage or a spelling mistake, etc!
[37]PETSC ERROR:   Option left: name:-log_view (no value) source: code
[37]PETSC ERROR:   Option left: name:-log_view_memory (no value) source: code
[37]PETSC ERROR: See https://petsc.org/release/faq/ for trouble shooting.
[37]PETSC ERROR: PETSc Development Git Revision: d6d17c0d2f413b1849bf4e4b675d0543e1c00865 Git Date: 2026-04-04 15:47:38 +0000
[37]PETSC ERROR: /scratch/xd2/sg8812/g-adopt-worktrees/sghelichkhani/richardson/tests/parallel_scaling_richards/cockett_3d.py with 48 MPI process(es) and PETSC_ARCH default on gadi-cpu-spr-0650.gadi.nci.org.au by sg8812 Wed Apr 15 15:23:45 2026
[37]PETSC ERROR: Configure options: PETSC_DIR=/g/data/fp50/apps/petsc/main-20260404 PETSC_ARCH=default --with-cc=mpicc --with-cxx=mpicxx --with-fc=mpif90 --with-mpiexec=mpirun COPTFLAGS="-O3 -g -xCASCADELAKE" CXXOPTFLAGS="-O3 -g -xCASCADELAKE" FOPTFLAGS="-O3 -g -xCASCADELAKE" --with-c2html=0 --with-debugging=0 --with-fortran-bindings=0 --with-shared-libraries=1 --with-strict-petscerrorcode --download-bison --download-hdf5 --with-hwloc --download-mumps --download-netcdf --download-pnetcdf --download-ptscotch --download-suitesparse --download-superlu_dist --with-zlib --download-hypre --download-eigen --download-metis --download-parmetis --download-mmg --download-parmmg --with-scalapack-include=/apps/intel-tools/intel-mkl/2024.2.1/include --with-scalapack-lib="-lmkl_scalapack_lp64 -lmkl_intel_lp64 -lmkl_sequential -lmkl_core -lmkl_blacs_openmpi_lp64 -lpthread -lm -ldl" --with-make-np=12
[37]PETSC ERROR: #1 PetscMemoryGetMaximumUsage() at /g/data/fp50/apps/petsc/main-20260404/src/sys/memory/mem.c:148
[37]PETSC ERROR: #2 PetscMemoryView() at /g/data/fp50/apps/petsc/main-20260404/src/sys/memory/mtr.c:464
[37]PETSC ERROR: #3 PetscFinalize() at /g/data/fp50/apps/petsc/main-20260404/src/sys/objects/pinit.c:1512
PetscFinalize() failed [error code: 73]
[38]PETSC ERROR: --------------------- Error Message --------------------------------------------------------------
[38]PETSC ERROR: Object is in wrong state
[38]PETSC ERROR: To use this function you must first call PetscMemorySetGetMaximumUsage()
[38]PETSC ERROR: WARNING! There are unused option(s) set! Could be the program crashed before usage or a spelling mistake, etc!
[38]PETSC ERROR:   Option left: name:-log_view (no value) source: code
[38]PETSC ERROR:   Option left: name:-log_view_memory (no value) source: code
[38]PETSC ERROR: See https://petsc.org/release/faq/ for trouble shooting.
[38]PETSC ERROR: PETSc Development Git Revision: d6d17c0d2f413b1849bf4e4b675d0543e1c00865 Git Date: 2026-04-04 15:47:38 +0000
[38]PETSC ERROR: /scratch/xd2/sg8812/g-adopt-worktrees/sghelichkhani/richardson/tests/parallel_scaling_richards/cockett_3d.py with 48 MPI process(es) and PETSC_ARCH default on gadi-cpu-spr-0650.gadi.nci.org.au by sg8812 Wed Apr 15 15:23:45 2026
[38]PETSC ERROR: Configure options: PETSC_DIR=/g/data/fp50/apps/petsc/main-20260404 PETSC_ARCH=default --with-cc=mpicc --with-cxx=mpicxx --with-fc=mpif90 --with-mpiexec=mpirun COPTFLAGS="-O3 -g -xCASCADELAKE" CXXOPTFLAGS="-O3 -g -xCASCADELAKE" FOPTFLAGS="-O3 -g -xCASCADELAKE" --with-c2html=0 --with-debugging=0 --with-fortran-bindings=0 --with-shared-libraries=1 --with-strict-petscerrorcode --download-bison --download-hdf5 --with-hwloc --download-mumps --download-netcdf --download-pnetcdf --download-ptscotch --download-suitesparse --download-superlu_dist --with-zlib --download-hypre --download-eigen --download-metis --download-parmetis --download-mmg --download-parmmg --with-scalapack-include=/apps/intel-tools/intel-mkl/2024.2.1/include --with-scalapack-lib="-lmkl_scalapack_lp64 -lmkl_intel_lp64 -lmkl_sequential -lmkl_core -lmkl_blacs_openmpi_lp64 -lpthread -lm -ldl" --with-make-np=12
[38]PETSC ERROR: #1 PetscMemoryGetMaximumUsage() at /g/data/fp50/apps/petsc/main-20260404/src/sys/memory/mem.c:148
[38]PETSC ERROR: #2 PetscMemoryView() at /g/data/fp50/apps/petsc/main-20260404/src/sys/memory/mtr.c:464
[38]PETSC ERROR: #3 PetscFinalize() at /g/data/fp50/apps/petsc/main-20260404/src/sys/objects/pinit.c:1512
PetscFinalize() failed [error code: 73]
[39]PETSC ERROR: --------------------- Error Message --------------------------------------------------------------
[39]PETSC ERROR: Object is in wrong state
[39]PETSC ERROR: To use this function you must first call PetscMemorySetGetMaximumUsage()
[39]PETSC ERROR: WARNING! There are unused option(s) set! Could be the program crashed before usage or a spelling mistake, etc!
[39]PETSC ERROR:   Option left: name:-log_view (no value) source: code
[39]PETSC ERROR:   Option left: name:-log_view_memory (no value) source: code
[39]PETSC ERROR: See https://petsc.org/release/faq/ for trouble shooting.
[39]PETSC ERROR: PETSc Development Git Revision: d6d17c0d2f413b1849bf4e4b675d0543e1c00865 Git Date: 2026-04-04 15:47:38 +0000
[39]PETSC ERROR: /scratch/xd2/sg8812/g-adopt-worktrees/sghelichkhani/richardson/tests/parallel_scaling_richards/cockett_3d.py with 48 MPI process(es) and PETSC_ARCH default on gadi-cpu-spr-0650.gadi.nci.org.au by sg8812 Wed Apr 15 15:23:45 2026
[39]PETSC ERROR: Configure options: PETSC_DIR=/g/data/fp50/apps/petsc/main-20260404 PETSC_ARCH=default --with-cc=mpicc --with-cxx=mpicxx --with-fc=mpif90 --with-mpiexec=mpirun COPTFLAGS="-O3 -g -xCASCADELAKE" CXXOPTFLAGS="-O3 -g -xCASCADELAKE" FOPTFLAGS="-O3 -g -xCASCADELAKE" --with-c2html=0 --with-debugging=0 --with-fortran-bindings=0 --with-shared-libraries=1 --with-strict-petscerrorcode --download-bison --download-hdf5 --with-hwloc --download-mumps --download-netcdf --download-pnetcdf --download-ptscotch --download-suitesparse --download-superlu_dist --with-zlib --download-hypre --download-eigen --download-metis --download-parmetis --download-mmg --download-parmmg --with-scalapack-include=/apps/intel-tools/intel-mkl/2024.2.1/include --with-scalapack-lib="-lmkl_scalapack_lp64 -lmkl_intel_lp64 -lmkl_sequential -lmkl_core -lmkl_blacs_openmpi_lp64 -lpthread -lm -ldl" --with-make-np=12
[39]PETSC ERROR: #1 PetscMemoryGetMaximumUsage() at /g/data/fp50/apps/petsc/main-20260404/src/sys/memory/mem.c:148
[39]PETSC ERROR: #2 PetscMemoryView() at /g/data/fp50/apps/petsc/main-20260404/src/sys/memory/mtr.c:464
[39]PETSC ERROR: #3 PetscFinalize() at /g/data/fp50/apps/petsc/main-20260404/src/sys/objects/pinit.c:1512
PetscFinalize() failed [error code: 73]
[40]PETSC ERROR: --------------------- Error Message --------------------------------------------------------------
[40]PETSC ERROR: Object is in wrong state
[40]PETSC ERROR: To use this function you must first call PetscMemorySetGetMaximumUsage()
[40]PETSC ERROR: WARNING! There are unused option(s) set! Could be the program crashed before usage or a spelling mistake, etc!
[40]PETSC ERROR:   Option left: name:-log_view (no value) source: code
[40]PETSC ERROR:   Option left: name:-log_view_memory (no value) source: code
[40]PETSC ERROR: See https://petsc.org/release/faq/ for trouble shooting.
[40]PETSC ERROR: PETSc Development Git Revision: d6d17c0d2f413b1849bf4e4b675d0543e1c00865 Git Date: 2026-04-04 15:47:38 +0000
[40]PETSC ERROR: /scratch/xd2/sg8812/g-adopt-worktrees/sghelichkhani/richardson/tests/parallel_scaling_richards/cockett_3d.py with 48 MPI process(es) and PETSC_ARCH default on gadi-cpu-spr-0650.gadi.nci.org.au by sg8812 Wed Apr 15 15:23:45 2026
[40]PETSC ERROR: Configure options: PETSC_DIR=/g/data/fp50/apps/petsc/main-20260404 PETSC_ARCH=default --with-cc=mpicc --with-cxx=mpicxx --with-fc=mpif90 --with-mpiexec=mpirun COPTFLAGS="-O3 -g -xCASCADELAKE" CXXOPTFLAGS="-O3 -g -xCASCADELAKE" FOPTFLAGS="-O3 -g -xCASCADELAKE" --with-c2html=0 --with-debugging=0 --with-fortran-bindings=0 --with-shared-libraries=1 --with-strict-petscerrorcode --download-bison --download-hdf5 --with-hwloc --download-mumps --download-netcdf --download-pnetcdf --download-ptscotch --download-suitesparse --download-superlu_dist --with-zlib --download-hypre --download-eigen --download-metis --download-parmetis --download-mmg --download-parmmg --with-scalapack-include=/apps/intel-tools/intel-mkl/2024.2.1/include --with-scalapack-lib="-lmkl_scalapack_lp64 -lmkl_intel_lp64 -lmkl_sequential -lmkl_core -lmkl_blacs_openmpi_lp64 -lpthread -lm -ldl" --with-make-np=12
[40]PETSC ERROR: #1 PetscMemoryGetMaximumUsage() at /g/data/fp50/apps/petsc/main-20260404/src/sys/memory/mem.c:148
[40]PETSC ERROR: #2 PetscMemoryView() at /g/data/fp50/apps/petsc/main-20260404/src/sys/memory/mtr.c:464
[40]PETSC ERROR: #3 PetscFinalize() at /g/data/fp50/apps/petsc/main-20260404/src/sys/objects/pinit.c:1512
PetscFinalize() failed [error code: 73]
[41]PETSC ERROR: --------------------- Error Message --------------------------------------------------------------
[41]PETSC ERROR: Object is in wrong state
[41]PETSC ERROR: To use this function you must first call PetscMemorySetGetMaximumUsage()
[41]PETSC ERROR: WARNING! There are unused option(s) set! Could be the program crashed before usage or a spelling mistake, etc!
[41]PETSC ERROR:   Option left: name:-log_view (no value) source: code
[41]PETSC ERROR:   Option left: name:-log_view_memory (no value) source: code
[41]PETSC ERROR: See https://petsc.org/release/faq/ for trouble shooting.
[41]PETSC ERROR: PETSc Development Git Revision: d6d17c0d2f413b1849bf4e4b675d0543e1c00865 Git Date: 2026-04-04 15:47:38 +0000
[41]PETSC ERROR: /scratch/xd2/sg8812/g-adopt-worktrees/sghelichkhani/richardson/tests/parallel_scaling_richards/cockett_3d.py with 48 MPI process(es) and PETSC_ARCH default on gadi-cpu-spr-0650.gadi.nci.org.au by sg8812 Wed Apr 15 15:23:45 2026
[41]PETSC ERROR: Configure options: PETSC_DIR=/g/data/fp50/apps/petsc/main-20260404 PETSC_ARCH=default --with-cc=mpicc --with-cxx=mpicxx --with-fc=mpif90 --with-mpiexec=mpirun COPTFLAGS="-O3 -g -xCASCADELAKE" CXXOPTFLAGS="-O3 -g -xCASCADELAKE" FOPTFLAGS="-O3 -g -xCASCADELAKE" --with-c2html=0 --with-debugging=0 --with-fortran-bindings=0 --with-shared-libraries=1 --with-strict-petscerrorcode --download-bison --download-hdf5 --with-hwloc --download-mumps --download-netcdf --download-pnetcdf --download-ptscotch --download-suitesparse --download-superlu_dist --with-zlib --download-hypre --download-eigen --download-metis --download-parmetis --download-mmg --download-parmmg --with-scalapack-include=/apps/intel-tools/intel-mkl/2024.2.1/include --with-scalapack-lib="-lmkl_scalapack_lp64 -lmkl_intel_lp64 -lmkl_sequential -lmkl_core -lmkl_blacs_openmpi_lp64 -lpthread -lm -ldl" --with-make-np=12
[41]PETSC ERROR: #1 PetscMemoryGetMaximumUsage() at /g/data/fp50/apps/petsc/main-20260404/src/sys/memory/mem.c:148
[41]PETSC ERROR: #2 PetscMemoryView() at /g/data/fp50/apps/petsc/main-20260404/src/sys/memory/mtr.c:464
[41]PETSC ERROR: #3 PetscFinalize() at /g/data/fp50/apps/petsc/main-20260404/src/sys/objects/pinit.c:1512
PetscFinalize() failed [error code: 73]
[42]PETSC ERROR: --------------------- Error Message --------------------------------------------------------------
[42]PETSC ERROR: Object is in wrong state
[42]PETSC ERROR: To use this function you must first call PetscMemorySetGetMaximumUsage()
[42]PETSC ERROR: WARNING! There are unused option(s) set! Could be the program crashed before usage or a spelling mistake, etc!
[42]PETSC ERROR:   Option left: name:-log_view (no value) source: code
[42]PETSC ERROR:   Option left: name:-log_view_memory (no value) source: code
[42]PETSC ERROR: See https://petsc.org/release/faq/ for trouble shooting.
[42]PETSC ERROR: PETSc Development Git Revision: d6d17c0d2f413b1849bf4e4b675d0543e1c00865 Git Date: 2026-04-04 15:47:38 +0000
[42]PETSC ERROR: /scratch/xd2/sg8812/g-adopt-worktrees/sghelichkhani/richardson/tests/parallel_scaling_richards/cockett_3d.py with 48 MPI process(es) and PETSC_ARCH default on gadi-cpu-spr-0650.gadi.nci.org.au by sg8812 Wed Apr 15 15:23:45 2026
[42]PETSC ERROR: Configure options: PETSC_DIR=/g/data/fp50/apps/petsc/main-20260404 PETSC_ARCH=default --with-cc=mpicc --with-cxx=mpicxx --with-fc=mpif90 --with-mpiexec=mpirun COPTFLAGS="-O3 -g -xCASCADELAKE" CXXOPTFLAGS="-O3 -g -xCASCADELAKE" FOPTFLAGS="-O3 -g -xCASCADELAKE" --with-c2html=0 --with-debugging=0 --with-fortran-bindings=0 --with-shared-libraries=1 --with-strict-petscerrorcode --download-bison --download-hdf5 --with-hwloc --download-mumps --download-netcdf --download-pnetcdf --download-ptscotch --download-suitesparse --download-superlu_dist --with-zlib --download-hypre --download-eigen --download-metis --download-parmetis --download-mmg --download-parmmg --with-scalapack-include=/apps/intel-tools/intel-mkl/2024.2.1/include --with-scalapack-lib="-lmkl_scalapack_lp64 -lmkl_intel_lp64 -lmkl_sequential -lmkl_core -lmkl_blacs_openmpi_lp64 -lpthread -lm -ldl" --with-make-np=12
[42]PETSC ERROR: #1 PetscMemoryGetMaximumUsage() at /g/data/fp50/apps/petsc/main-20260404/src/sys/memory/mem.c:148
[42]PETSC ERROR: #2 PetscMemoryView() at /g/data/fp50/apps/petsc/main-20260404/src/sys/memory/mtr.c:464
[42]PETSC ERROR: #3 PetscFinalize() at /g/data/fp50/apps/petsc/main-20260404/src/sys/objects/pinit.c:1512
PetscFinalize() failed [error code: 73]
[44]PETSC ERROR: --------------------- Error Message --------------------------------------------------------------
[44]PETSC ERROR: Object is in wrong state
[44]PETSC ERROR: To use this function you must first call PetscMemorySetGetMaximumUsage()
[44]PETSC ERROR: WARNING! There are unused option(s) set! Could be the program crashed before usage or a spelling mistake, etc!
[44]PETSC ERROR:   Option left: name:-log_view (no value) source: code
[44]PETSC ERROR:   Option left: name:-log_view_memory (no value) source: code
[44]PETSC ERROR: See https://petsc.org/release/faq/ for trouble shooting.
[44]PETSC ERROR: PETSc Development Git Revision: d6d17c0d2f413b1849bf4e4b675d0543e1c00865 Git Date: 2026-04-04 15:47:38 +0000
[44]PETSC ERROR: /scratch/xd2/sg8812/g-adopt-worktrees/sghelichkhani/richardson/tests/parallel_scaling_richards/cockett_3d.py with 48 MPI process(es) and PETSC_ARCH default on gadi-cpu-spr-0650.gadi.nci.org.au by sg8812 Wed Apr 15 15:23:45 2026
[44]PETSC ERROR: Configure options: PETSC_DIR=/g/data/fp50/apps/petsc/main-20260404 PETSC_ARCH=default --with-cc=mpicc --with-cxx=mpicxx --with-fc=mpif90 --with-mpiexec=mpirun COPTFLAGS="-O3 -g -xCASCADELAKE" CXXOPTFLAGS="-O3 -g -xCASCADELAKE" FOPTFLAGS="-O3 -g -xCASCADELAKE" --with-c2html=0 --with-debugging=0 --with-fortran-bindings=0 --with-shared-libraries=1 --with-strict-petscerrorcode --download-bison --download-hdf5 --with-hwloc --download-mumps --download-netcdf --download-pnetcdf --download-ptscotch --download-suitesparse --download-superlu_dist --with-zlib --download-hypre --download-eigen --download-metis --download-parmetis --download-mmg --download-parmmg --with-scalapack-include=/apps/intel-tools/intel-mkl/2024.2.1/include --with-scalapack-lib="-lmkl_scalapack_lp64 -lmkl_intel_lp64 -lmkl_sequential -lmkl_core -lmkl_blacs_openmpi_lp64 -lpthread -lm -ldl" --with-make-np=12
[44]PETSC ERROR: #1 PetscMemoryGetMaximumUsage() at /g/data/fp50/apps/petsc/main-20260404/src/sys/memory/mem.c:148
[44]PETSC ERROR: #2 PetscMemoryView() at /g/data/fp50/apps/petsc/main-20260404/src/sys/memory/mtr.c:464
[44]PETSC ERROR: #3 PetscFinalize() at /g/data/fp50/apps/petsc/main-20260404/src/sys/objects/pinit.c:1512
PetscFinalize() failed [error code: 73]
--------------------------------------------------------------------------
mpiexec has exited due to process rank 9 with PID 0 on
node gadi-cpu-spr-0650 exiting improperly. There are three reasons this could occur:

1. this process did not call "init" before exiting, but others in
the job did. This can cause a job to hang indefinitely while it waits
for all processes to call "init". By rule, if one process calls "init",
then ALL processes must call "init" prior to termination.

2. this process called "init", but exited without calling "finalize".
By rule, all processes that call "init" MUST call "finalize" prior to
exiting or it will be considered an "abnormal termination"

3. this process called "MPI_Abort" or "orte_abort" and the mca parameter
orte_create_session_dirs is set to false. In this case, the run-time cannot
detect that the abort call was an abnormal termination. Hence, the only
error message you will receive is this one.

This may have caused other processes in the application to be
terminated by signals sent by mpiexec (as reported here).

You can avoid this message by specifying -quiet on the mpiexec command line.
--------------------------------------------------------------------------
=== Job completed: Wed Apr 15 15:26:39 AEST 2026 ===
