=== Job info ===
Case: cockett
Solver: gmg
Scale: sweep
Degree: 1
Nodes: 1
CPUs: 104
Date: Fri Aug 21 23:12:02 AEST 2026
G-ADOPT commit: 3ab20fabc820d68b6d1f820b80149bc8e452a7f4
Morrow commit: b153bd39bb0aa4da6fa4255ec076a2a14fc030fc
Driver SHA256: ba6abf3ce3388755b35208a104650d19c9d308d9f781cba9ec25e899ad444bb4
Solver SHA256: 3091186d0d271de3c82495f8d05133929a8d31fbdff3a1799099288dab1c49b4
Firedrake module: singularity:intel-compiler-llvm/2024.2.1:petsc/main-20260815:firedrake/main-20260806
PETSC_OPTIONS: -log_view :/scratch/xd2/sg8812/morrow2026/parallel_scaling/results/cockett/gmg/sweep.profile
================
Could not save font_manager cache Lock error: Matplotlib failed to acquire the following lock file:
    /jobfs/176973768.gadi-pbs/matplotlib/fontlist-v3.11.0.json.matplotlib-lock
This maybe due to another process holding this lock file.  If you are sure no
other Matplotlib process is running, remove this file and try again.
Could not save font_manager cache Lock error: Matplotlib failed to acquire the following lock file:
    /jobfs/176973768.gadi-pbs/matplotlib/fontlist-v3.11.0.json.matplotlib-lock
This maybe due to another process holding this lock file.  If you are sure no
other Matplotlib process is running, remove this file and try again.
Could not save font_manager cache Lock error: Matplotlib failed to acquire the following lock file:
    /jobfs/176973768.gadi-pbs/matplotlib/fontlist-v3.11.0.json.matplotlib-lock
This maybe due to another process holding this lock file.  If you are sure no
other Matplotlib process is running, remove this file and try again.
Could not save font_manager cache Lock error: Matplotlib failed to acquire the following lock file:
    /jobfs/176973768.gadi-pbs/matplotlib/fontlist-v3.11.0.json.matplotlib-lock
This maybe due to another process holding this lock file.  If you are sure no
other Matplotlib process is running, remove this file and try again.
Could not save font_manager cache Lock error: Matplotlib failed to acquire the following lock file:
    /jobfs/176973768.gadi-pbs/matplotlib/fontlist-v3.11.0.json.matplotlib-lock
This maybe due to another process holding this lock file.  If you are sure no
other Matplotlib process is running, remove this file and try again.
Could not save font_manager cache Lock error: Matplotlib failed to acquire the following lock file:
    /jobfs/176973768.gadi-pbs/matplotlib/fontlist-v3.11.0.json.matplotlib-lock
This maybe due to another process holding this lock file.  If you are sure no
other Matplotlib process is running, remove this file and try again.
Could not save font_manager cache Lock error: Matplotlib failed to acquire the following lock file:
    /jobfs/176973768.gadi-pbs/matplotlib/fontlist-v3.11.0.json.matplotlib-lock
This maybe due to another process holding this lock file.  If you are sure no
other Matplotlib process is running, remove this file and try again.
Could not save font_manager cache Lock error: Matplotlib failed to acquire the following lock file:
    /jobfs/176973768.gadi-pbs/matplotlib/fontlist-v3.11.0.json.matplotlib-lock
This maybe due to another process holding this lock file.  If you are sure no
other Matplotlib process is running, remove this file and try again.
Could not save font_manager cache Lock error: Matplotlib failed to acquire the following lock file:
    /jobfs/176973768.gadi-pbs/matplotlib/fontlist-v3.11.0.json.matplotlib-lock
This maybe due to another process holding this lock file.  If you are sure no
other Matplotlib process is running, remove this file and try again.
Could not save font_manager cache Lock error: Matplotlib failed to acquire the following lock file:
    /jobfs/176973768.gadi-pbs/matplotlib/fontlist-v3.11.0.json.matplotlib-lock
This maybe due to another process holding this lock file.  If you are sure no
other Matplotlib process is running, remove this file and try again.
Could not save font_manager cache Lock error: Matplotlib failed to acquire the following lock file:
    /jobfs/176973768.gadi-pbs/matplotlib/fontlist-v3.11.0.json.matplotlib-lock
This maybe due to another process holding this lock file.  If you are sure no
other Matplotlib process is running, remove this file and try again.
Could not save font_manager cache Lock error: Matplotlib failed to acquire the following lock file:
    /jobfs/176973768.gadi-pbs/matplotlib/fontlist-v3.11.0.json.matplotlib-lock
This maybe due to another process holding this lock file.  If you are sure no
other Matplotlib process is running, remove this file and try again.
Could not save font_manager cache Lock error: Matplotlib failed to acquire the following lock file:
    /jobfs/176973768.gadi-pbs/matplotlib/fontlist-v3.11.0.json.matplotlib-lock
This maybe due to another process holding this lock file.  If you are sure no
other Matplotlib process is running, remove this file and try again.
Could not save font_manager cache Lock error: Matplotlib failed to acquire the following lock file:
    /jobfs/176973768.gadi-pbs/matplotlib/fontlist-v3.11.0.json.matplotlib-lock
This maybe due to another process holding this lock file.  If you are sure no
other Matplotlib process is running, remove this file and try again.
Could not save font_manager cache Lock error: Matplotlib failed to acquire the following lock file:
    /jobfs/176973768.gadi-pbs/matplotlib/fontlist-v3.11.0.json.matplotlib-lock
This maybe due to another process holding this lock file.  If you are sure no
other Matplotlib process is running, remove this file and try again.
Could not save font_manager cache Lock error: Matplotlib failed to acquire the following lock file:
    /jobfs/176973768.gadi-pbs/matplotlib/fontlist-v3.11.0.json.matplotlib-lock
This maybe due to another process holding this lock file.  If you are sure no
other Matplotlib process is running, remove this file and try again.
Could not save font_manager cache Lock error: Matplotlib failed to acquire the following lock file:
    /jobfs/176973768.gadi-pbs/matplotlib/fontlist-v3.11.0.json.matplotlib-lock
This maybe due to another process holding this lock file.  If you are sure no
other Matplotlib process is running, remove this file and try again.
Could not save font_manager cache Lock error: Matplotlib failed to acquire the following lock file:
    /jobfs/176973768.gadi-pbs/matplotlib/fontlist-v3.11.0.json.matplotlib-lock
This maybe due to another process holding this lock file.  If you are sure no
other Matplotlib process is running, remove this file and try again.
Could not save font_manager cache Lock error: Matplotlib failed to acquire the following lock file:
    /jobfs/176973768.gadi-pbs/matplotlib/fontlist-v3.11.0.json.matplotlib-lock
This maybe due to another process holding this lock file.  If you are sure no
other Matplotlib process is running, remove this file and try again.
Could not save font_manager cache Lock error: Matplotlib failed to acquire the following lock file:
    /jobfs/176973768.gadi-pbs/matplotlib/fontlist-v3.11.0.json.matplotlib-lock
This maybe due to another process holding this lock file.  If you are sure no
other Matplotlib process is running, remove this file and try again.
Could not save font_manager cache Lock error: Matplotlib failed to acquire the following lock file:
    /jobfs/176973768.gadi-pbs/matplotlib/fontlist-v3.11.0.json.matplotlib-lock
This maybe due to another process holding this lock file.  If you are sure no
other Matplotlib process is running, remove this file and try again.
Number of degrees of freedom: 17971200
Mesh: 120x120x156, DQ1
Time stepper: BackwardEuler, dt = 300.0 s, steps = 30
Solver: gmg
Solver parameters: {'ksp_type': 'fgmres', 'ksp_rtol': 0.0001, 'ksp_max_it': 200, 'ksp_gmres_restart': 30, 'pc_type': 'mg', 'pc_mg_type': 'multiplicative', 'pc_mg_cycle_type': 'v', 'mg_levels_ksp_type': 'chebyshev', 'mg_levels_ksp_max_it': 1, 'mg_levels_ksp_convergence_test': 'skip', 'mg_levels_pc_type': 'bjacobi', 'mg_levels_sub_pc_type': 'ilu', 'mg_levels_sub_pc_factor_levels': 0, 'mg_coarse_ksp_type': 'gmres', 'mg_coarse_ksp_max_it': 30, 'mg_coarse_pc_type': 'bjacobi', 'mg_coarse_sub_pc_type': 'ilu', 'snes_type': 'newtonls', 'snes_linesearch_type': 'bt', 'snes_rtol': 1e-08, 'snes_atol': 1e-12, 'snes_stol': 1e-08, 'snes_max_it': 50}
            Linear BackwardEuler-Equation_mg_coarse_ solve converged due to CONVERGED_RTOL iterations 15
            Linear BackwardEuler-Equation_mg_coarse_ solve converged due to CONVERGED_RTOL iterations 16
            Linear BackwardEuler-Equation_mg_coarse_ solve converged due to CONVERGED_RTOL iterations 15
            Linear BackwardEuler-Equation_mg_coarse_ solve converged due to CONVERGED_RTOL iterations 16
            Linear BackwardEuler-Equation_mg_coarse_ solve converged due to CONVERGED_RTOL iterations 16
            Linear BackwardEuler-Equation_mg_coarse_ solve converged due to CONVERGED_RTOL iterations 16
            Linear BackwardEuler-Equation_mg_coarse_ solve converged due to CONVERGED_RTOL iterations 16
            Linear BackwardEuler-Equation_mg_coarse_ solve converged due to CONVERGED_RTOL iterations 15
            Linear BackwardEuler-Equation_mg_coarse_ solve converged due to CONVERGED_RTOL iterations 15
            Linear BackwardEuler-Equation_mg_coarse_ solve converged due to CONVERGED_RTOL iterations 15
            Linear BackwardEuler-Equation_mg_coarse_ solve converged due to CONVERGED_RTOL iterations 15
            Linear BackwardEuler-Equation_mg_coarse_ solve converged due to CONVERGED_RTOL iterations 15
            Linear BackwardEuler-Equation_mg_coarse_ solve converged due to CONVERGED_RTOL iterations 15
            Linear BackwardEuler-Equation_mg_coarse_ solve converged due to CONVERGED_RTOL iterations 15
            Linear BackwardEuler-Equation_mg_coarse_ solve converged due to CONVERGED_RTOL iterations 15
            Linear BackwardEuler-Equation_mg_coarse_ solve converged due to CONVERGED_RTOL iterations 15
    Linear BackwardEuler-Equation_ solve converged due to CONVERGED_RTOL iterations 16
            Linear BackwardEuler-Equation_mg_coarse_ solve converged due to CONVERGED_RTOL iterations 17
            Linear BackwardEuler-Equation_mg_coarse_ solve converged due to CONVERGED_RTOL iterations 17
            Linear BackwardEuler-Equation_mg_coarse_ solve converged due to CONVERGED_RTOL iterations 16
            Linear BackwardEuler-Equation_mg_coarse_ solve converged due to CONVERGED_RTOL iterations 16
            Linear BackwardEuler-Equation_mg_coarse_ solve converged due to CONVERGED_RTOL iterations 16
            Linear BackwardEuler-Equation_mg_coarse_ solve converged due to CONVERGED_RTOL iterations 16
            Linear BackwardEuler-Equation_mg_coarse_ solve converged due to CONVERGED_RTOL iterations 16
            Linear BackwardEuler-Equation_mg_coarse_ solve converged due to CONVERGED_RTOL iterations 16
            Linear BackwardEuler-Equation_mg_coarse_ solve converged due to CONVERGED_RTOL iterations 16
            Linear BackwardEuler-Equation_mg_coarse_ solve converged due to CONVERGED_RTOL iterations 16
            Linear BackwardEuler-Equation_mg_coarse_ solve converged due to CONVERGED_RTOL iterations 15
            Linear BackwardEuler-Equation_mg_coarse_ solve converged due to CONVERGED_RTOL iterations 16
            Linear BackwardEuler-Equation_mg_coarse_ solve converged due to CONVERGED_RTOL iterations 16
            Linear BackwardEuler-Equation_mg_coarse_ solve converged due to CONVERGED_RTOL iterations 16
            Linear BackwardEuler-Equation_mg_coarse_ solve converged due to CONVERGED_RTOL iterations 15
            Linear BackwardEuler-Equation_mg_coarse_ solve converged due to CONVERGED_RTOL iterations 15
            Linear BackwardEuler-Equation_mg_coarse_ solve converged due to CONVERGED_RTOL iterations 15
            Linear BackwardEuler-Equation_mg_coarse_ solve converged due to CONVERGED_RTOL iterations 15
    Linear BackwardEuler-Equation_ solve converged due to CONVERGED_RTOL iterations 18
            Linear BackwardEuler-Equation_mg_coarse_ solve converged due to CONVERGED_RTOL iterations 17
            Linear BackwardEuler-Equation_mg_coarse_ solve converged due to CONVERGED_RTOL iterations 17
            Linear BackwardEuler-Equation_mg_coarse_ solve converged due to CONVERGED_RTOL iterations 15
            Linear BackwardEuler-Equation_mg_coarse_ solve converged due to CONVERGED_RTOL iterations 15
            Linear BackwardEuler-Equation_mg_coarse_ solve converged due to CONVERGED_RTOL iterations 15
            Linear BackwardEuler-Equation_mg_coarse_ solve converged due to CONVERGED_RTOL iterations 15
            Linear BackwardEuler-Equation_mg_coarse_ solve converged due to CONVERGED_RTOL iterations 16
            Linear BackwardEuler-Equation_mg_coarse_ solve converged due to CONVERGED_RTOL iterations 15
            Linear BackwardEuler-Equation_mg_coarse_ solve converged due to CONVERGED_RTOL iterations 15
            Linear BackwardEuler-Equation_mg_coarse_ solve converged due to CONVERGED_RTOL iterations 16
            Linear BackwardEuler-Equation_mg_coarse_ solve converged due to CONVERGED_RTOL iterations 15
            Linear BackwardEuler-Equation_mg_coarse_ solve converged due to CONVERGED_RTOL iterations 16
            Linear BackwardEuler-Equation_mg_coarse_ solve converged due to CONVERGED_RTOL iterations 15
            Linear BackwardEuler-Equation_mg_coarse_ solve converged due to CONVERGED_RTOL iterations 15
            Linear BackwardEuler-Equation_mg_coarse_ solve converged due to CONVERGED_RTOL iterations 15
            Linear BackwardEuler-Equation_mg_coarse_ solve converged due to CONVERGED_RTOL iterations 15
            Linear BackwardEuler-Equation_mg_coarse_ solve converged due to CONVERGED_RTOL iterations 15
    Linear BackwardEuler-Equation_ solve converged due to CONVERGED_RTOL iterations 17
            Linear BackwardEuler-Equation_mg_coarse_ solve converged due to CONVERGED_RTOL iterations 16
            Linear BackwardEuler-Equation_mg_coarse_ solve converged due to CONVERGED_RTOL iterations 15
            Linear BackwardEuler-Equation_mg_coarse_ solve converged due to CONVERGED_RTOL iterations 13
            Linear BackwardEuler-Equation_mg_coarse_ solve converged due to CONVERGED_RTOL iterations 15
            Linear BackwardEuler-Equation_mg_coarse_ solve converged due to CONVERGED_RTOL iterations 14
            Linear BackwardEuler-Equation_mg_coarse_ solve converged due to CONVERGED_RTOL iterations 15
            Linear BackwardEuler-Equation_mg_coarse_ solve converged due to CONVERGED_RTOL iterations 15
            Linear BackwardEuler-Equation_mg_coarse_ solve converged due to CONVERGED_RTOL iterations 14
            Linear BackwardEuler-Equation_mg_coarse_ solve converged due to CONVERGED_RTOL iterations 15
            Linear BackwardEuler-Equation_mg_coarse_ solve converged due to CONVERGED_RTOL iterations 15
            Linear BackwardEuler-Equation_mg_coarse_ solve converged due to CONVERGED_RTOL iterations 15
            Linear BackwardEuler-Equation_mg_coarse_ solve converged due to CONVERGED_RTOL iterations 15
            Linear BackwardEuler-Equation_mg_coarse_ solve converged due to CONVERGED_RTOL iterations 14
            Linear BackwardEuler-Equation_mg_coarse_ solve converged due to CONVERGED_RTOL iterations 15
            Linear BackwardEuler-Equation_mg_coarse_ solve converged due to CONVERGED_RTOL iterations 15
            Linear BackwardEuler-Equation_mg_coarse_ solve converged due to CONVERGED_RTOL iterations 15
            Linear BackwardEuler-Equation_mg_coarse_ solve converged due to CONVERGED_RTOL iterations 14
            Linear BackwardEuler-Equation_mg_coarse_ solve converged due to CONVERGED_RTOL iterations 15
            Linear BackwardEuler-Equation_mg_coarse_ solve converged due to CONVERGED_RTOL iterations 14
    Linear BackwardEuler-Equation_ solve converged due to CONVERGED_RTOL iterations 19
  Nonlinear BackwardEuler-Equation_ solve converged due to CONVERGED_FNORM_ABS iterations 4
t = 300.00 s | step 1/30 | wall 111.13 s | NL 4 | L 70
            Linear BackwardEuler-Equation_mg_coarse_ solve converged due to CONVERGED_RTOL iterations 15
            Linear BackwardEuler-Equation_mg_coarse_ solve converged due to CONVERGED_RTOL iterations 16
            Linear BackwardEuler-Equation_mg_coarse_ solve converged due to CONVERGED_RTOL iterations 16
            Linear BackwardEuler-Equation_mg_coarse_ solve converged due to CONVERGED_RTOL iterations 16
            Linear BackwardEuler-Equation_mg_coarse_ solve converged due to CONVERGED_RTOL iterations 16
            Linear BackwardEuler-Equation_mg_coarse_ solve converged due to CONVERGED_RTOL iterations 16
            Linear BackwardEuler-Equation_mg_coarse_ solve converged due to CONVERGED_RTOL iterations 15
            Linear BackwardEuler-Equation_mg_coarse_ solve converged due to CONVERGED_RTOL iterations 16
            Linear BackwardEuler-Equation_mg_coarse_ solve converged due to CONVERGED_RTOL iterations 15
            Linear BackwardEuler-Equation_mg_coarse_ solve converged due to CONVERGED_RTOL iterations 16
            Linear BackwardEuler-Equation_mg_coarse_ solve converged due to CONVERGED_RTOL iterations 16
            Linear BackwardEuler-Equation_mg_coarse_ solve converged due to CONVERGED_RTOL iterations 15
            Linear BackwardEuler-Equation_mg_coarse_ solve converged due to CONVERGED_RTOL iterations 16
            Linear BackwardEuler-Equation_mg_coarse_ solve converged due to CONVERGED_RTOL iterations 15
            Linear BackwardEuler-Equation_mg_coarse_ solve converged due to CONVERGED_RTOL iterations 15
            Linear BackwardEuler-Equation_mg_coarse_ solve converged due to CONVERGED_RTOL iterations 15
            Linear BackwardEuler-Equation_mg_coarse_ solve converged due to CONVERGED_RTOL iterations 15
            Linear BackwardEuler-Equation_mg_coarse_ solve converged due to CONVERGED_RTOL iterations 15
    Linear BackwardEuler-Equation_ solve converged due to CONVERGED_RTOL iterations 18
            Linear BackwardEuler-Equation_mg_coarse_ solve converged due to CONVERGED_RTOL iterations 16
            Linear BackwardEuler-Equation_mg_coarse_ solve converged due to CONVERGED_RTOL iterations 17
            Linear BackwardEuler-Equation_mg_coarse_ solve converged due to CONVERGED_RTOL iterations 17
            Linear BackwardEuler-Equation_mg_coarse_ solve converged due to CONVERGED_RTOL iterations 16
            Linear BackwardEuler-Equation_mg_coarse_ solve converged due to CONVERGED_RTOL iterations 16
            Linear BackwardEuler-Equation_mg_coarse_ solve converged due to CONVERGED_RTOL iterations 16
            Linear BackwardEuler-Equation_mg_coarse_ solve converged due to CONVERGED_RTOL iterations 16
            Linear BackwardEuler-Equation_mg_coarse_ solve converged due to CONVERGED_RTOL iterations 16
            Linear BackwardEuler-Equation_mg_coarse_ solve converged due to CONVERGED_RTOL iterations 16
            Linear BackwardEuler-Equation_mg_coarse_ solve converged due to CONVERGED_RTOL iterations 16
            Linear BackwardEuler-Equation_mg_coarse_ solve converged due to CONVERGED_RTOL iterations 16
            Linear BackwardEuler-Equation_mg_coarse_ solve converged due to CONVERGED_RTOL iterations 16
            Linear BackwardEuler-Equation_mg_coarse_ solve converged due to CONVERGED_RTOL iterations 16
            Linear BackwardEuler-Equation_mg_coarse_ solve converged due to CONVERGED_RTOL iterations 16
            Linear BackwardEuler-Equation_mg_coarse_ solve converged due to CONVERGED_RTOL iterations 16
            Linear BackwardEuler-Equation_mg_coarse_ solve converged due to CONVERGED_RTOL iterations 16
            Linear BackwardEuler-Equation_mg_coarse_ solve converged due to CONVERGED_RTOL iterations 16
            Linear BackwardEuler-Equation_mg_coarse_ solve converged due to CONVERGED_RTOL iterations 15
            Linear BackwardEuler-Equation_mg_coarse_ solve converged due to CONVERGED_RTOL iterations 16
    Linear BackwardEuler-Equation_ solve converged due to CONVERGED_RTOL iterations 19
            Linear BackwardEuler-Equation_mg_coarse_ solve converged due to CONVERGED_RTOL iterations 17
            Linear BackwardEuler-Equation_mg_coarse_ solve converged due to CONVERGED_RTOL iterations 17
            Linear BackwardEuler-Equation_mg_coarse_ solve converged due to CONVERGED_RTOL iterations 16
            Linear BackwardEuler-Equation_mg_coarse_ solve converged due to CONVERGED_RTOL iterations 16
            Linear BackwardEuler-Equation_mg_coarse_ solve converged due to CONVERGED_RTOL iterations 16
            Linear BackwardEuler-Equation_mg_coarse_ solve converged due to CONVERGED_RTOL iterations 16
            Linear BackwardEuler-Equation_mg_coarse_ solve converged due to CONVERGED_RTOL iterations 16
            Linear BackwardEuler-Equation_mg_coarse_ solve converged due to CONVERGED_RTOL iterations 16
            Linear BackwardEuler-Equation_mg_coarse_ solve converged due to CONVERGED_RTOL iterations 16
            Linear BackwardEuler-Equation_mg_coarse_ solve converged due to CONVERGED_RTOL iterations 16
            Linear BackwardEuler-Equation_mg_coarse_ solve converged due to CONVERGED_RTOL iterations 16
            Linear BackwardEuler-Equation_mg_coarse_ solve converged due to CONVERGED_RTOL iterations 16
            Linear BackwardEuler-Equation_mg_coarse_ solve converged due to CONVERGED_RTOL iterations 15
            Linear BackwardEuler-Equation_mg_coarse_ solve converged due to CONVERGED_RTOL iterations 16
            Linear BackwardEuler-Equation_mg_coarse_ solve converged due to CONVERGED_RTOL iterations 15
            Linear BackwardEuler-Equation_mg_coarse_ solve converged due to CONVERGED_RTOL iterations 15
            Linear BackwardEuler-Equation_mg_coarse_ solve converged due to CONVERGED_RTOL iterations 15
            Linear BackwardEuler-Equation_mg_coarse_ solve converged due to CONVERGED_RTOL iterations 15
            Linear BackwardEuler-Equation_mg_coarse_ solve converged due to CONVERGED_RTOL iterations 15
            Linear BackwardEuler-Equation_mg_coarse_ solve converged due to CONVERGED_RTOL iterations 15
    Linear BackwardEuler-Equation_ solve converged due to CONVERGED_RTOL iterations 20
  Nonlinear BackwardEuler-Equation_ solve converged due to CONVERGED_FNORM_ABS iterations 3
t = 600.00 s | step 2/30 | wall 23.54 s | NL 3 | L 57
            Linear BackwardEuler-Equation_mg_coarse_ solve converged due to CONVERGED_RTOL iterations 15
            Linear BackwardEuler-Equation_mg_coarse_ solve converged due to CONVERGED_RTOL iterations 16
            Linear BackwardEuler-Equation_mg_coarse_ solve converged due to CONVERGED_RTOL iterations 16
            Linear BackwardEuler-Equation_mg_coarse_ solve converged due to CONVERGED_RTOL iterations 16
            Linear BackwardEuler-Equation_mg_coarse_ solve converged due to CONVERGED_RTOL iterations 16
            Linear BackwardEuler-Equation_mg_coarse_ solve converged due to CONVERGED_RTOL iterations 16
            Linear BackwardEuler-Equation_mg_coarse_ solve converged due to CONVERGED_RTOL iterations 16
            Linear BackwardEuler-Equation_mg_coarse_ solve converged due to CONVERGED_RTOL iterations 16
            Linear BackwardEuler-Equation_mg_coarse_ solve converged due to CONVERGED_RTOL iterations 16
            Linear BackwardEuler-Equation_mg_coarse_ solve converged due to CONVERGED_RTOL iterations 15
            Linear BackwardEuler-Equation_mg_coarse_ solve converged due to CONVERGED_RTOL iterations 16
            Linear BackwardEuler-Equation_mg_coarse_ solve converged due to CONVERGED_RTOL iterations 15
            Linear BackwardEuler-Equation_mg_coarse_ solve converged due to CONVERGED_RTOL iterations 16
            Linear BackwardEuler-Equation_mg_coarse_ solve converged due to CONVERGED_RTOL iterations 16
            Linear BackwardEuler-Equation_mg_coarse_ solve converged due to CONVERGED_RTOL iterations 15
            Linear BackwardEuler-Equation_mg_coarse_ solve converged due to CONVERGED_RTOL iterations 16
            Linear BackwardEuler-Equation_mg_coarse_ solve converged due to CONVERGED_RTOL iterations 16
            Linear BackwardEuler-Equation_mg_coarse_ solve converged due to CONVERGED_RTOL iterations 15
    Linear BackwardEuler-Equation_ solve converged due to CONVERGED_RTOL iterations 18
            Linear BackwardEuler-Equation_mg_coarse_ solve converged due to CONVERGED_RTOL iterations 16
            Linear BackwardEuler-Equation_mg_coarse_ solve converged due to CONVERGED_RTOL iterations 17
            Linear BackwardEuler-Equation_mg_coarse_ solve converged due to CONVERGED_RTOL iterations 17
            Linear BackwardEuler-Equation_mg_coarse_ solve converged due to CONVERGED_RTOL iterations 16
            Linear BackwardEuler-Equation_mg_coarse_ solve converged due to CONVERGED_RTOL iterations 16
            Linear BackwardEuler-Equation_mg_coarse_ solve converged due to CONVERGED_RTOL iterations 17
            Linear BackwardEuler-Equation_mg_coarse_ solve converged due to CONVERGED_RTOL iterations 16
            Linear BackwardEuler-Equation_mg_coarse_ solve converged due to CONVERGED_RTOL iterations 16
            Linear BackwardEuler-Equation_mg_coarse_ solve converged due to CONVERGED_RTOL iterations 16
            Linear BackwardEuler-Equation_mg_coarse_ solve converged due to CONVERGED_RTOL iterations 16
            Linear BackwardEuler-Equation_mg_coarse_ solve converged due to CONVERGED_RTOL iterations 16
            Linear BackwardEuler-Equation_mg_coarse_ solve converged due to CONVERGED_RTOL iterations 16
            Linear BackwardEuler-Equation_mg_coarse_ solve converged due to CONVERGED_RTOL iterations 16
            Linear BackwardEuler-Equation_mg_coarse_ solve converged due to CONVERGED_RTOL iterations 16
            Linear BackwardEuler-Equation_mg_coarse_ solve converged due to CONVERGED_RTOL iterations 16
            Linear BackwardEuler-Equation_mg_coarse_ solve converged due to CONVERGED_RTOL iterations 16
            Linear BackwardEuler-Equation_mg_coarse_ solve converged due to CONVERGED_RTOL iterations 16
            Linear BackwardEuler-Equation_mg_coarse_ solve converged due to CONVERGED_RTOL iterations 16
    Linear BackwardEuler-Equation_ solve converged due to CONVERGED_RTOL iterations 18
            Linear BackwardEuler-Equation_mg_coarse_ solve converged due to CONVERGED_RTOL iterations 17
            Linear BackwardEuler-Equation_mg_coarse_ solve converged due to CONVERGED_RTOL iterations 17
            Linear BackwardEuler-Equation_mg_coarse_ solve converged due to CONVERGED_RTOL iterations 17
            Linear BackwardEuler-Equation_mg_coarse_ solve converged due to CONVERGED_RTOL iterations 16
            Linear BackwardEuler-Equation_mg_coarse_ solve converged due to CONVERGED_RTOL iterations 16
            Linear BackwardEuler-Equation_mg_coarse_ solve converged due to CONVERGED_RTOL iterations 16
            Linear BackwardEuler-Equation_mg_coarse_ solve converged due to CONVERGED_RTOL iterations 16
            Linear BackwardEuler-Equation_mg_coarse_ solve converged due to CONVERGED_RTOL iterations 16
            Linear BackwardEuler-Equation_mg_coarse_ solve converged due to CONVERGED_RTOL iterations 16
            Linear BackwardEuler-Equation_mg_coarse_ solve converged due to CONVERGED_RTOL iterations 16
            Linear BackwardEuler-Equation_mg_coarse_ solve converged due to CONVERGED_RTOL iterations 16
            Linear BackwardEuler-Equation_mg_coarse_ solve converged due to CONVERGED_RTOL iterations 16
            Linear BackwardEuler-Equation_mg_coarse_ solve converged due to CONVERGED_RTOL iterations 16
            Linear BackwardEuler-Equation_mg_coarse_ solve converged due to CONVERGED_RTOL iterations 15
            Linear BackwardEuler-Equation_mg_coarse_ solve converged due to CONVERGED_RTOL iterations 16
            Linear BackwardEuler-Equation_mg_coarse_ solve converged due to CONVERGED_RTOL iterations 16
            Linear BackwardEuler-Equation_mg_coarse_ solve converged due to CONVERGED_RTOL iterations 16
            Linear BackwardEuler-Equation_mg_coarse_ solve converged due to CONVERGED_RTOL iterations 15
            Linear BackwardEuler-Equation_mg_coarse_ solve converged due to CONVERGED_RTOL iterations 16
            Linear BackwardEuler-Equation_mg_coarse_ solve converged due to CONVERGED_RTOL iterations 15
    Linear BackwardEuler-Equation_ solve converged due to CONVERGED_RTOL iterations 20
  Nonlinear BackwardEuler-Equation_ solve converged due to CONVERGED_FNORM_ABS iterations 3
t = 900.00 s | step 3/30 | wall 23.03 s | NL 3 | L 56
            Linear BackwardEuler-Equation_mg_coarse_ solve converged due to CONVERGED_RTOL iterations 16
            Linear BackwardEuler-Equation_mg_coarse_ solve converged due to CONVERGED_RTOL iterations 16
            Linear BackwardEuler-Equation_mg_coarse_ solve converged due to CONVERGED_RTOL iterations 16
            Linear BackwardEuler-Equation_mg_coarse_ solve converged due to CONVERGED_RTOL iterations 16
            Linear BackwardEuler-Equation_mg_coarse_ solve converged due to CONVERGED_RTOL iterations 16
            Linear BackwardEuler-Equation_mg_coarse_ solve converged due to CONVERGED_RTOL iterations 16
            Linear BackwardEuler-Equation_mg_coarse_ solve converged due to CONVERGED_RTOL iterations 16
            Linear BackwardEuler-Equation_mg_coarse_ solve converged due to CONVERGED_RTOL iterations 16
            Linear BackwardEuler-Equation_mg_coarse_ solve converged due to CONVERGED_RTOL iterations 16
            Linear BackwardEuler-Equation_mg_coarse_ solve converged due to CONVERGED_RTOL iterations 15
            Linear BackwardEuler-Equation_mg_coarse_ solve converged due to CONVERGED_RTOL iterations 16
            Linear BackwardEuler-Equation_mg_coarse_ solve converged due to CONVERGED_RTOL iterations 16
            Linear BackwardEuler-Equation_mg_coarse_ solve converged due to CONVERGED_RTOL iterations 16
            Linear BackwardEuler-Equation_mg_coarse_ solve converged due to CONVERGED_RTOL iterations 16
            Linear BackwardEuler-Equation_mg_coarse_ solve converged due to CONVERGED_RTOL iterations 16
            Linear BackwardEuler-Equation_mg_coarse_ solve converged due to CONVERGED_RTOL iterations 16
            Linear BackwardEuler-Equation_mg_coarse_ solve converged due to CONVERGED_RTOL iterations 16
            Linear BackwardEuler-Equation_mg_coarse_ solve converged due to CONVERGED_RTOL iterations 16
    Linear BackwardEuler-Equation_ solve converged due to CONVERGED_RTOL iterations 18
            Linear BackwardEuler-Equation_mg_coarse_ solve converged due to CONVERGED_RTOL iterations 16
            Linear BackwardEuler-Equation_mg_coarse_ solve converged due to CONVERGED_RTOL iterations 16
            Linear BackwardEuler-Equation_mg_coarse_ solve converged due to CONVERGED_RTOL iterations 16
            Linear BackwardEuler-Equation_mg_coarse_ solve converged due to CONVERGED_RTOL iterations 16
            Linear BackwardEuler-Equation_mg_coarse_ solve converged due to CONVERGED_RTOL iterations 16
            Linear BackwardEuler-Equation_mg_coarse_ solve converged due to CONVERGED_RTOL iterations 17
            Linear BackwardEuler-Equation_mg_coarse_ solve converged due to CONVERGED_RTOL iterations 16
            Linear BackwardEuler-Equation_mg_coarse_ solve converged due to CONVERGED_RTOL iterations 16
            Linear BackwardEuler-Equation_mg_coarse_ solve converged due to CONVERGED_RTOL iterations 16
            Linear BackwardEuler-Equation_mg_coarse_ solve converged due to CONVERGED_RTOL iterations 16
            Linear BackwardEuler-Equation_mg_coarse_ solve converged due to CONVERGED_RTOL iterations 16
            Linear BackwardEuler-Equation_mg_coarse_ solve converged due to CONVERGED_RTOL iterations 16
            Linear BackwardEuler-Equation_mg_coarse_ solve converged due to CONVERGED_RTOL iterations 16
            Linear BackwardEuler-Equation_mg_coarse_ solve converged due to CONVERGED_RTOL iterations 16
            Linear BackwardEuler-Equation_mg_coarse_ solve converged due to CONVERGED_RTOL iterations 16
            Linear BackwardEuler-Equation_mg_coarse_ solve converged due to CONVERGED_RTOL iterations 16
            Linear BackwardEuler-Equation_mg_coarse_ solve converged due to CONVERGED_RTOL iterations 16
            Linear BackwardEuler-Equation_mg_coarse_ solve converged due to CONVERGED_RTOL iterations 16
    Linear BackwardEuler-Equation_ solve converged due to CONVERGED_RTOL iterations 18
            Linear BackwardEuler-Equation_mg_coarse_ solve converged due to CONVERGED_RTOL iterations 17
            Linear BackwardEuler-Equation_mg_coarse_ solve converged due to CONVERGED_RTOL iterations 17
            Linear BackwardEuler-Equation_mg_coarse_ solve converged due to CONVERGED_RTOL iterations 17
            Linear BackwardEuler-Equation_mg_coarse_ solve converged due to CONVERGED_RTOL iterations 16
            Linear BackwardEuler-Equation_mg_coarse_ solve converged due to CONVERGED_RTOL iterations 16
            Linear BackwardEuler-Equation_mg_coarse_ solve converged due to CONVERGED_RTOL iterations 16
            Linear BackwardEuler-Equation_mg_coarse_ solve converged due to CONVERGED_RTOL iterations 16
            Linear BackwardEuler-Equation_mg_coarse_ solve converged due to CONVERGED_RTOL iterations 17
            Linear BackwardEuler-Equation_mg_coarse_ solve converged due to CONVERGED_RTOL iterations 16
            Linear BackwardEuler-Equation_mg_coarse_ solve converged due to CONVERGED_RTOL iterations 16
            Linear BackwardEuler-Equation_mg_coarse_ solve converged due to CONVERGED_RTOL iterations 16
            Linear BackwardEuler-Equation_mg_coarse_ solve converged due to CONVERGED_RTOL iterations 16
            Linear BackwardEuler-Equation_mg_coarse_ solve converged due to CONVERGED_RTOL iterations 16
            Linear BackwardEuler-Equation_mg_coarse_ solve converged due to CONVERGED_RTOL iterations 15
            Linear BackwardEuler-Equation_mg_coarse_ solve converged due to CONVERGED_RTOL iterations 16
            Linear BackwardEuler-Equation_mg_coarse_ solve converged due to CONVERGED_RTOL iterations 16
            Linear BackwardEuler-Equation_mg_coarse_ solve converged due to CONVERGED_RTOL iterations 16
            Linear BackwardEuler-Equation_mg_coarse_ solve converged due to CONVERGED_RTOL iterations 16
            Linear BackwardEuler-Equation_mg_coarse_ solve converged due to CONVERGED_RTOL iterations 16
            Linear BackwardEuler-Equation_mg_coarse_ solve converged due to CONVERGED_RTOL iterations 16
    Linear BackwardEuler-Equation_ solve converged due to CONVERGED_RTOL iterations 20
  Nonlinear BackwardEuler-Equation_ solve converged due to CONVERGED_FNORM_ABS iterations 3
t = 1200.00 s | step 4/30 | wall 23.01 s | NL 3 | L 56
            Linear BackwardEuler-Equation_mg_coarse_ solve converged due to CONVERGED_RTOL iterations 16
            Linear BackwardEuler-Equation_mg_coarse_ solve converged due to CONVERGED_RTOL iterations 16
            Linear BackwardEuler-Equation_mg_coarse_ solve converged due to CONVERGED_RTOL iterations 16
            Linear BackwardEuler-Equation_mg_coarse_ solve converged due to CONVERGED_RTOL iterations 16
            Linear BackwardEuler-Equation_mg_coarse_ solve converged due to CONVERGED_RTOL iterations 16
            Linear BackwardEuler-Equation_mg_coarse_ solve converged due to CONVERGED_RTOL iterations 16
            Linear BackwardEuler-Equation_mg_coarse_ solve converged due to CONVERGED_RTOL iterations 16
            Linear BackwardEuler-Equation_mg_coarse_ solve converged due to CONVERGED_RTOL iterations 16
            Linear BackwardEuler-Equation_mg_coarse_ solve converged due to CONVERGED_RTOL iterations 16
            Linear BackwardEuler-Equation_mg_coarse_ solve converged due to CONVERGED_RTOL iterations 15
            Linear BackwardEuler-Equation_mg_coarse_ solve converged due to CONVERGED_RTOL iterations 16
            Linear BackwardEuler-Equation_mg_coarse_ solve converged due to CONVERGED_RTOL iterations 16
            Linear BackwardEuler-Equation_mg_coarse_ solve converged due to CONVERGED_RTOL iterations 16
            Linear BackwardEuler-Equation_mg_coarse_ solve converged due to CONVERGED_RTOL iterations 16
            Linear BackwardEuler-Equation_mg_coarse_ solve converged due to CONVERGED_RTOL iterations 16
            Linear BackwardEuler-Equation_mg_coarse_ solve converged due to CONVERGED_RTOL iterations 16
            Linear BackwardEuler-Equation_mg_coarse_ solve converged due to CONVERGED_RTOL iterations 16
            Linear BackwardEuler-Equation_mg_coarse_ solve converged due to CONVERGED_RTOL iterations 16
    Linear BackwardEuler-Equation_ solve converged due to CONVERGED_RTOL iterations 18
            Linear BackwardEuler-Equation_mg_coarse_ solve converged due to CONVERGED_RTOL iterations 16
            Linear BackwardEuler-Equation_mg_coarse_ solve converged due to CONVERGED_RTOL iterations 16
            Linear BackwardEuler-Equation_mg_coarse_ solve converged due to CONVERGED_RTOL iterations 16
            Linear BackwardEuler-Equation_mg_coarse_ solve converged due to CONVERGED_RTOL iterations 17
            Linear BackwardEuler-Equation_mg_coarse_ solve converged due to CONVERGED_RTOL iterations 16
            Linear BackwardEuler-Equation_mg_coarse_ solve converged due to CONVERGED_RTOL iterations 17
            Linear BackwardEuler-Equation_mg_coarse_ solve converged due to CONVERGED_RTOL iterations 16
            Linear BackwardEuler-Equation_mg_coarse_ solve converged due to CONVERGED_RTOL iterations 16
            Linear BackwardEuler-Equation_mg_coarse_ solve converged due to CONVERGED_RTOL iterations 16
            Linear BackwardEuler-Equation_mg_coarse_ solve converged due to CONVERGED_RTOL iterations 16
            Linear BackwardEuler-Equation_mg_coarse_ solve converged due to CONVERGED_RTOL iterations 16
            Linear BackwardEuler-Equation_mg_coarse_ solve converged due to CONVERGED_RTOL iterations 16
            Linear BackwardEuler-Equation_mg_coarse_ solve converged due to CONVERGED_RTOL iterations 16
            Linear BackwardEuler-Equation_mg_coarse_ solve converged due to CONVERGED_RTOL iterations 16
            Linear BackwardEuler-Equation_mg_coarse_ solve converged due to CONVERGED_RTOL iterations 16
            Linear BackwardEuler-Equation_mg_coarse_ solve converged due to CONVERGED_RTOL iterations 16
            Linear BackwardEuler-Equation_mg_coarse_ solve converged due to CONVERGED_RTOL iterations 16
            Linear BackwardEuler-Equation_mg_coarse_ solve converged due to CONVERGED_RTOL iterations 16
    Linear BackwardEuler-Equation_ solve converged due to CONVERGED_RTOL iterations 18
            Linear BackwardEuler-Equation_mg_coarse_ solve converged due to CONVERGED_RTOL iterations 16
            Linear BackwardEuler-Equation_mg_coarse_ solve converged due to CONVERGED_RTOL iterations 17
            Linear BackwardEuler-Equation_mg_coarse_ solve converged due to CONVERGED_RTOL iterations 17
            Linear BackwardEuler-Equation_mg_coarse_ solve converged due to CONVERGED_RTOL iterations 16
            Linear BackwardEuler-Equation_mg_coarse_ solve converged due to CONVERGED_RTOL iterations 16
            Linear BackwardEuler-Equation_mg_coarse_ solve converged due to CONVERGED_RTOL iterations 16
            Linear BackwardEuler-Equation_mg_coarse_ solve converged due to CONVERGED_RTOL iterations 16
            Linear BackwardEuler-Equation_mg_coarse_ solve converged due to CONVERGED_RTOL iterations 17
            Linear BackwardEuler-Equation_mg_coarse_ solve converged due to CONVERGED_RTOL iterations 16
            Linear BackwardEuler-Equation_mg_coarse_ solve converged due to CONVERGED_RTOL iterations 16
            Linear BackwardEuler-Equation_mg_coarse_ solve converged due to CONVERGED_RTOL iterations 16
            Linear BackwardEuler-Equation_mg_coarse_ solve converged due to CONVERGED_RTOL iterations 16
            Linear BackwardEuler-Equation_mg_coarse_ solve converged due to CONVERGED_RTOL iterations 16
            Linear BackwardEuler-Equation_mg_coarse_ solve converged due to CONVERGED_RTOL iterations 16
            Linear BackwardEuler-Equation_mg_coarse_ solve converged due to CONVERGED_RTOL iterations 16
            Linear BackwardEuler-Equation_mg_coarse_ solve converged due to CONVERGED_RTOL iterations 16
            Linear BackwardEuler-Equation_mg_coarse_ solve converged due to CONVERGED_RTOL iterations 16
            Linear BackwardEuler-Equation_mg_coarse_ solve converged due to CONVERGED_RTOL iterations 16
            Linear BackwardEuler-Equation_mg_coarse_ solve converged due to CONVERGED_RTOL iterations 16
    Linear BackwardEuler-Equation_ solve converged due to CONVERGED_RTOL iterations 19
  Nonlinear BackwardEuler-Equation_ solve converged due to CONVERGED_FNORM_ABS iterations 3
t = 1500.00 s | step 5/30 | wall 22.75 s | NL 3 | L 55
            Linear BackwardEuler-Equation_mg_coarse_ solve converged due to CONVERGED_RTOL iterations 16
            Linear BackwardEuler-Equation_mg_coarse_ solve converged due to CONVERGED_RTOL iterations 17
            Linear BackwardEuler-Equation_mg_coarse_ solve converged due to CONVERGED_RTOL iterations 16
            Linear BackwardEuler-Equation_mg_coarse_ solve converged due to CONVERGED_RTOL iterations 16
            Linear BackwardEuler-Equation_mg_coarse_ solve converged due to CONVERGED_RTOL iterations 16
            Linear BackwardEuler-Equation_mg_coarse_ solve converged due to CONVERGED_RTOL iterations 16
            Linear BackwardEuler-Equation_mg_coarse_ solve converged due to CONVERGED_RTOL iterations 16
            Linear BackwardEuler-Equation_mg_coarse_ solve converged due to CONVERGED_RTOL iterations 16
            Linear BackwardEuler-Equation_mg_coarse_ solve converged due to CONVERGED_RTOL iterations 16
            Linear BackwardEuler-Equation_mg_coarse_ solve converged due to CONVERGED_RTOL iterations 16
            Linear BackwardEuler-Equation_mg_coarse_ solve converged due to CONVERGED_RTOL iterations 16
            Linear BackwardEuler-Equation_mg_coarse_ solve converged due to CONVERGED_RTOL iterations 16
            Linear BackwardEuler-Equation_mg_coarse_ solve converged due to CONVERGED_RTOL iterations 16
            Linear BackwardEuler-Equation_mg_coarse_ solve converged due to CONVERGED_RTOL iterations 16
            Linear BackwardEuler-Equation_mg_coarse_ solve converged due to CONVERGED_RTOL iterations 16
            Linear BackwardEuler-Equation_mg_coarse_ solve converged due to CONVERGED_RTOL iterations 16
            Linear BackwardEuler-Equation_mg_coarse_ solve converged due to CONVERGED_RTOL iterations 16
            Linear BackwardEuler-Equation_mg_coarse_ solve converged due to CONVERGED_RTOL iterations 16
    Linear BackwardEuler-Equation_ solve converged due to CONVERGED_RTOL iterations 18
            Linear BackwardEuler-Equation_mg_coarse_ solve converged due to CONVERGED_RTOL iterations 16
            Linear BackwardEuler-Equation_mg_coarse_ solve converged due to CONVERGED_RTOL iterations 17
            Linear BackwardEuler-Equation_mg_coarse_ solve converged due to CONVERGED_RTOL iterations 16
            Linear BackwardEuler-Equation_mg_coarse_ solve converged due to CONVERGED_RTOL iterations 17
            Linear BackwardEuler-Equation_mg_coarse_ solve converged due to CONVERGED_RTOL iterations 16
            Linear BackwardEuler-Equation_mg_coarse_ solve converged due to CONVERGED_RTOL iterations 17
            Linear BackwardEuler-Equation_mg_coarse_ solve converged due to CONVERGED_RTOL iterations 16
            Linear BackwardEuler-Equation_mg_coarse_ solve converged due to CONVERGED_RTOL iterations 16
            Linear BackwardEuler-Equation_mg_coarse_ solve converged due to CONVERGED_RTOL iterations 17
            Linear BackwardEuler-Equation_mg_coarse_ solve converged due to CONVERGED_RTOL iterations 16
            Linear BackwardEuler-Equation_mg_coarse_ solve converged due to CONVERGED_RTOL iterations 16
            Linear BackwardEuler-Equation_mg_coarse_ solve converged due to CONVERGED_RTOL iterations 16
            Linear BackwardEuler-Equation_mg_coarse_ solve converged due to CONVERGED_RTOL iterations 16
            Linear BackwardEuler-Equation_mg_coarse_ solve converged due to CONVERGED_RTOL iterations 16
            Linear BackwardEuler-Equation_mg_coarse_ solve converged due to CONVERGED_RTOL iterations 16
            Linear BackwardEuler-Equation_mg_coarse_ solve converged due to CONVERGED_RTOL iterations 16
            Linear BackwardEuler-Equation_mg_coarse_ solve converged due to CONVERGED_RTOL iterations 16
            Linear BackwardEuler-Equation_mg_coarse_ solve converged due to CONVERGED_RTOL iterations 16
    Linear BackwardEuler-Equation_ solve converged due to CONVERGED_RTOL iterations 18
            Linear BackwardEuler-Equation_mg_coarse_ solve converged due to CONVERGED_RTOL iterations 16
            Linear BackwardEuler-Equation_mg_coarse_ solve converged due to CONVERGED_RTOL iterations 17
            Linear BackwardEuler-Equation_mg_coarse_ solve converged due to CONVERGED_RTOL iterations 17
            Linear BackwardEuler-Equation_mg_coarse_ solve converged due to CONVERGED_RTOL iterations 17
            Linear BackwardEuler-Equation_mg_coarse_ solve converged due to CONVERGED_RTOL iterations 16
            Linear BackwardEuler-Equation_mg_coarse_ solve converged due to CONVERGED_RTOL iterations 16
            Linear BackwardEuler-Equation_mg_coarse_ solve converged due to CONVERGED_RTOL iterations 16
            Linear BackwardEuler-Equation_mg_coarse_ solve converged due to CONVERGED_RTOL iterations 17
            Linear BackwardEuler-Equation_mg_coarse_ solve converged due to CONVERGED_RTOL iterations 16
            Linear BackwardEuler-Equation_mg_coarse_ solve converged due to CONVERGED_RTOL iterations 16
            Linear BackwardEuler-Equation_mg_coarse_ solve converged due to CONVERGED_RTOL iterations 16
            Linear BackwardEuler-Equation_mg_coarse_ solve converged due to CONVERGED_RTOL iterations 16
            Linear BackwardEuler-Equation_mg_coarse_ solve converged due to CONVERGED_RTOL iterations 16
            Linear BackwardEuler-Equation_mg_coarse_ solve converged due to CONVERGED_RTOL iterations 16
            Linear BackwardEuler-Equation_mg_coarse_ solve converged due to CONVERGED_RTOL iterations 16
            Linear BackwardEuler-Equation_mg_coarse_ solve converged due to CONVERGED_RTOL iterations 16
            Linear BackwardEuler-Equation_mg_coarse_ solve converged due to CONVERGED_RTOL iterations 16
            Linear BackwardEuler-Equation_mg_coarse_ solve converged due to CONVERGED_RTOL iterations 16
            Linear BackwardEuler-Equation_mg_coarse_ solve converged due to CONVERGED_RTOL iterations 16
    Linear BackwardEuler-Equation_ solve converged due to CONVERGED_RTOL iterations 19
  Nonlinear BackwardEuler-Equation_ solve converged due to CONVERGED_FNORM_ABS iterations 3
t = 1800.00 s | step 6/30 | wall 22.77 s | NL 3 | L 55
            Linear BackwardEuler-Equation_mg_coarse_ solve converged due to CONVERGED_RTOL iterations 16
            Linear BackwardEuler-Equation_mg_coarse_ solve converged due to CONVERGED_RTOL iterations 17
            Linear BackwardEuler-Equation_mg_coarse_ solve converged due to CONVERGED_RTOL iterations 16
            Linear BackwardEuler-Equation_mg_coarse_ solve converged due to CONVERGED_RTOL iterations 16
            Linear BackwardEuler-Equation_mg_coarse_ solve converged due to CONVERGED_RTOL iterations 16
            Linear BackwardEuler-Equation_mg_coarse_ solve converged due to CONVERGED_RTOL iterations 16
            Linear BackwardEuler-Equation_mg_coarse_ solve converged due to CONVERGED_RTOL iterations 16
            Linear BackwardEuler-Equation_mg_coarse_ solve converged due to CONVERGED_RTOL iterations 16
            Linear BackwardEuler-Equation_mg_coarse_ solve converged due to CONVERGED_RTOL iterations 17
            Linear BackwardEuler-Equation_mg_coarse_ solve converged due to CONVERGED_RTOL iterations 16
            Linear BackwardEuler-Equation_mg_coarse_ solve converged due to CONVERGED_RTOL iterations 16
            Linear BackwardEuler-Equation_mg_coarse_ solve converged due to CONVERGED_RTOL iterations 16
            Linear BackwardEuler-Equation_mg_coarse_ solve converged due to CONVERGED_RTOL iterations 16
            Linear BackwardEuler-Equation_mg_coarse_ solve converged due to CONVERGED_RTOL iterations 16
            Linear BackwardEuler-Equation_mg_coarse_ solve converged due to CONVERGED_RTOL iterations 16
            Linear BackwardEuler-Equation_mg_coarse_ solve converged due to CONVERGED_RTOL iterations 16
            Linear BackwardEuler-Equation_mg_coarse_ solve converged due to CONVERGED_RTOL iterations 16
            Linear BackwardEuler-Equation_mg_coarse_ solve converged due to CONVERGED_RTOL iterations 16
    Linear BackwardEuler-Equation_ solve converged due to CONVERGED_RTOL iterations 18
            Linear BackwardEuler-Equation_mg_coarse_ solve converged due to CONVERGED_RTOL iterations 16
            Linear BackwardEuler-Equation_mg_coarse_ solve converged due to CONVERGED_RTOL iterations 17
            Linear BackwardEuler-Equation_mg_coarse_ solve converged due to CONVERGED_RTOL iterations 16
            Linear BackwardEuler-Equation_mg_coarse_ solve converged due to CONVERGED_RTOL iterations 17
            Linear BackwardEuler-Equation_mg_coarse_ solve converged due to CONVERGED_RTOL iterations 16
            Linear BackwardEuler-Equation_mg_coarse_ solve converged due to CONVERGED_RTOL iterations 17
            Linear BackwardEuler-Equation_mg_coarse_ solve converged due to CONVERGED_RTOL iterations 16
            Linear BackwardEuler-Equation_mg_coarse_ solve converged due to CONVERGED_RTOL iterations 16
            Linear BackwardEuler-Equation_mg_coarse_ solve converged due to CONVERGED_RTOL iterations 17
            Linear BackwardEuler-Equation_mg_coarse_ solve converged due to CONVERGED_RTOL iterations 16
            Linear BackwardEuler-Equation_mg_coarse_ solve converged due to CONVERGED_RTOL iterations 16
            Linear BackwardEuler-Equation_mg_coarse_ solve converged due to CONVERGED_RTOL iterations 16
            Linear BackwardEuler-Equation_mg_coarse_ solve converged due to CONVERGED_RTOL iterations 16
            Linear BackwardEuler-Equation_mg_coarse_ solve converged due to CONVERGED_RTOL iterations 16
            Linear BackwardEuler-Equation_mg_coarse_ solve converged due to CONVERGED_RTOL iterations 16
            Linear BackwardEuler-Equation_mg_coarse_ solve converged due to CONVERGED_RTOL iterations 16
            Linear BackwardEuler-Equation_mg_coarse_ solve converged due to CONVERGED_RTOL iterations 16
            Linear BackwardEuler-Equation_mg_coarse_ solve converged due to CONVERGED_RTOL iterations 16
    Linear BackwardEuler-Equation_ solve converged due to CONVERGED_RTOL iterations 18
            Linear BackwardEuler-Equation_mg_coarse_ solve converged due to CONVERGED_RTOL iterations 16
            Linear BackwardEuler-Equation_mg_coarse_ solve converged due to CONVERGED_RTOL iterations 17
            Linear BackwardEuler-Equation_mg_coarse_ solve converged due to CONVERGED_RTOL iterations 17
            Linear BackwardEuler-Equation_mg_coarse_ solve converged due to CONVERGED_RTOL iterations 17
            Linear BackwardEuler-Equation_mg_coarse_ solve converged due to CONVERGED_RTOL iterations 16
            Linear BackwardEuler-Equation_mg_coarse_ solve converged due to CONVERGED_RTOL iterations 16
            Linear BackwardEuler-Equation_mg_coarse_ solve converged due to CONVERGED_RTOL iterations 16
            Linear BackwardEuler-Equation_mg_coarse_ solve converged due to CONVERGED_RTOL iterations 17
            Linear BackwardEuler-Equation_mg_coarse_ solve converged due to CONVERGED_RTOL iterations 16
            Linear BackwardEuler-Equation_mg_coarse_ solve converged due to CONVERGED_RTOL iterations 16
            Linear BackwardEuler-Equation_mg_coarse_ solve converged due to CONVERGED_RTOL iterations 16
            Linear BackwardEuler-Equation_mg_coarse_ solve converged due to CONVERGED_RTOL iterations 16
            Linear BackwardEuler-Equation_mg_coarse_ solve converged due to CONVERGED_RTOL iterations 16
            Linear BackwardEuler-Equation_mg_coarse_ solve converged due to CONVERGED_RTOL iterations 16
            Linear BackwardEuler-Equation_mg_coarse_ solve converged due to CONVERGED_RTOL iterations 16
            Linear BackwardEuler-Equation_mg_coarse_ solve converged due to CONVERGED_RTOL iterations 16
            Linear BackwardEuler-Equation_mg_coarse_ solve converged due to CONVERGED_RTOL iterations 16
            Linear BackwardEuler-Equation_mg_coarse_ solve converged due to CONVERGED_RTOL iterations 16
            Linear BackwardEuler-Equation_mg_coarse_ solve converged due to CONVERGED_RTOL iterations 16
    Linear BackwardEuler-Equation_ solve converged due to CONVERGED_RTOL iterations 19
  Nonlinear BackwardEuler-Equation_ solve converged due to CONVERGED_FNORM_ABS iterations 3
t = 2100.00 s | step 7/30 | wall 22.76 s | NL 3 | L 55
            Linear BackwardEuler-Equation_mg_coarse_ solve converged due to CONVERGED_RTOL iterations 16
            Linear BackwardEuler-Equation_mg_coarse_ solve converged due to CONVERGED_RTOL iterations 17
            Linear BackwardEuler-Equation_mg_coarse_ solve converged due to CONVERGED_RTOL iterations 17
            Linear BackwardEuler-Equation_mg_coarse_ solve converged due to CONVERGED_RTOL iterations 17
            Linear BackwardEuler-Equation_mg_coarse_ solve converged due to CONVERGED_RTOL iterations 16
            Linear BackwardEuler-Equation_mg_coarse_ solve converged due to CONVERGED_RTOL iterations 16
            Linear BackwardEuler-Equation_mg_coarse_ solve converged due to CONVERGED_RTOL iterations 17
            Linear BackwardEuler-Equation_mg_coarse_ solve converged due to CONVERGED_RTOL iterations 16
            Linear BackwardEuler-Equation_mg_coarse_ solve converged due to CONVERGED_RTOL iterations 17
            Linear BackwardEuler-Equation_mg_coarse_ solve converged due to CONVERGED_RTOL iterations 16
            Linear BackwardEuler-Equation_mg_coarse_ solve converged due to CONVERGED_RTOL iterations 16
            Linear BackwardEuler-Equation_mg_coarse_ solve converged due to CONVERGED_RTOL iterations 16
            Linear BackwardEuler-Equation_mg_coarse_ solve converged due to CONVERGED_RTOL iterations 16
            Linear BackwardEuler-Equation_mg_coarse_ solve converged due to CONVERGED_RTOL iterations 16
            Linear BackwardEuler-Equation_mg_coarse_ solve converged due to CONVERGED_RTOL iterations 16
            Linear BackwardEuler-Equation_mg_coarse_ solve converged due to CONVERGED_RTOL iterations 16
            Linear BackwardEuler-Equation_mg_coarse_ solve converged due to CONVERGED_RTOL iterations 16
            Linear BackwardEuler-Equation_mg_coarse_ solve converged due to CONVERGED_RTOL iterations 16
    Linear BackwardEuler-Equation_ solve converged due to CONVERGED_RTOL iterations 18
            Linear BackwardEuler-Equation_mg_coarse_ solve converged due to CONVERGED_RTOL iterations 16
            Linear BackwardEuler-Equation_mg_coarse_ solve converged due to CONVERGED_RTOL iterations 17
            Linear BackwardEuler-Equation_mg_coarse_ solve converged due to CONVERGED_RTOL iterations 16
            Linear BackwardEuler-Equation_mg_coarse_ solve converged due to CONVERGED_RTOL iterations 17
            Linear BackwardEuler-Equation_mg_coarse_ solve converged due to CONVERGED_RTOL iterations 16
            Linear BackwardEuler-Equation_mg_coarse_ solve converged due to CONVERGED_RTOL iterations 17
            Linear BackwardEuler-Equation_mg_coarse_ solve converged due to CONVERGED_RTOL iterations 16
            Linear BackwardEuler-Equation_mg_coarse_ solve converged due to CONVERGED_RTOL iterations 16
            Linear BackwardEuler-Equation_mg_coarse_ solve converged due to CONVERGED_RTOL iterations 17
            Linear BackwardEuler-Equation_mg_coarse_ solve converged due to CONVERGED_RTOL iterations 16
            Linear BackwardEuler-Equation_mg_coarse_ solve converged due to CONVERGED_RTOL iterations 16
            Linear BackwardEuler-Equation_mg_coarse_ solve converged due to CONVERGED_RTOL iterations 16
            Linear BackwardEuler-Equation_mg_coarse_ solve converged due to CONVERGED_RTOL iterations 16
            Linear BackwardEuler-Equation_mg_coarse_ solve converged due to CONVERGED_RTOL iterations 16
            Linear BackwardEuler-Equation_mg_coarse_ solve converged due to CONVERGED_RTOL iterations 16
            Linear BackwardEuler-Equation_mg_coarse_ solve converged due to CONVERGED_RTOL iterations 16
            Linear BackwardEuler-Equation_mg_coarse_ solve converged due to CONVERGED_RTOL iterations 16
            Linear BackwardEuler-Equation_mg_coarse_ solve converged due to CONVERGED_RTOL iterations 16
    Linear BackwardEuler-Equation_ solve converged due to CONVERGED_RTOL iterations 18
            Linear BackwardEuler-Equation_mg_coarse_ solve converged due to CONVERGED_RTOL iterations 16
            Linear BackwardEuler-Equation_mg_coarse_ solve converged due to CONVERGED_RTOL iterations 17
            Linear BackwardEuler-Equation_mg_coarse_ solve converged due to CONVERGED_RTOL iterations 17
            Linear BackwardEuler-Equation_mg_coarse_ solve converged due to CONVERGED_RTOL iterations 17
            Linear BackwardEuler-Equation_mg_coarse_ solve converged due to CONVERGED_RTOL iterations 16
            Linear BackwardEuler-Equation_mg_coarse_ solve converged due to CONVERGED_RTOL iterations 16
            Linear BackwardEuler-Equation_mg_coarse_ solve converged due to CONVERGED_RTOL iterations 16
            Linear BackwardEuler-Equation_mg_coarse_ solve converged due to CONVERGED_RTOL iterations 16
            Linear BackwardEuler-Equation_mg_coarse_ solve converged due to CONVERGED_RTOL iterations 16
            Linear BackwardEuler-Equation_mg_coarse_ solve converged due to CONVERGED_RTOL iterations 16
            Linear BackwardEuler-Equation_mg_coarse_ solve converged due to CONVERGED_RTOL iterations 16
            Linear BackwardEuler-Equation_mg_coarse_ solve converged due to CONVERGED_RTOL iterations 16
            Linear BackwardEuler-Equation_mg_coarse_ solve converged due to CONVERGED_RTOL iterations 16
            Linear BackwardEuler-Equation_mg_coarse_ solve converged due to CONVERGED_RTOL iterations 16
            Linear BackwardEuler-Equation_mg_coarse_ solve converged due to CONVERGED_RTOL iterations 16
            Linear BackwardEuler-Equation_mg_coarse_ solve converged due to CONVERGED_RTOL iterations 16
            Linear BackwardEuler-Equation_mg_coarse_ solve converged due to CONVERGED_RTOL iterations 16
            Linear BackwardEuler-Equation_mg_coarse_ solve converged due to CONVERGED_RTOL iterations 16
            Linear BackwardEuler-Equation_mg_coarse_ solve converged due to CONVERGED_RTOL iterations 16
    Linear BackwardEuler-Equation_ solve converged due to CONVERGED_RTOL iterations 19
  Nonlinear BackwardEuler-Equation_ solve converged due to CONVERGED_FNORM_ABS iterations 3
t = 2400.00 s | step 8/30 | wall 22.77 s | NL 3 | L 55
            Linear BackwardEuler-Equation_mg_coarse_ solve converged due to CONVERGED_RTOL iterations 16
            Linear BackwardEuler-Equation_mg_coarse_ solve converged due to CONVERGED_RTOL iterations 17
            Linear BackwardEuler-Equation_mg_coarse_ solve converged due to CONVERGED_RTOL iterations 17
            Linear BackwardEuler-Equation_mg_coarse_ solve converged due to CONVERGED_RTOL iterations 17
            Linear BackwardEuler-Equation_mg_coarse_ solve converged due to CONVERGED_RTOL iterations 17
            Linear BackwardEuler-Equation_mg_coarse_ solve converged due to CONVERGED_RTOL iterations 17
            Linear BackwardEuler-Equation_mg_coarse_ solve converged due to CONVERGED_RTOL iterations 17
            Linear BackwardEuler-Equation_mg_coarse_ solve converged due to CONVERGED_RTOL iterations 16
            Linear BackwardEuler-Equation_mg_coarse_ solve converged due to CONVERGED_RTOL iterations 17
            Linear BackwardEuler-Equation_mg_coarse_ solve converged due to CONVERGED_RTOL iterations 16
            Linear BackwardEuler-Equation_mg_coarse_ solve converged due to CONVERGED_RTOL iterations 16
            Linear BackwardEuler-Equation_mg_coarse_ solve converged due to CONVERGED_RTOL iterations 16
            Linear BackwardEuler-Equation_mg_coarse_ solve converged due to CONVERGED_RTOL iterations 16
            Linear BackwardEuler-Equation_mg_coarse_ solve converged due to CONVERGED_RTOL iterations 16
            Linear BackwardEuler-Equation_mg_coarse_ solve converged due to CONVERGED_RTOL iterations 16
            Linear BackwardEuler-Equation_mg_coarse_ solve converged due to CONVERGED_RTOL iterations 16
            Linear BackwardEuler-Equation_mg_coarse_ solve converged due to CONVERGED_RTOL iterations 16
            Linear BackwardEuler-Equation_mg_coarse_ solve converged due to CONVERGED_RTOL iterations 16
    Linear BackwardEuler-Equation_ solve converged due to CONVERGED_RTOL iterations 18
            Linear BackwardEuler-Equation_mg_coarse_ solve converged due to CONVERGED_RTOL iterations 16
            Linear BackwardEuler-Equation_mg_coarse_ solve converged due to CONVERGED_RTOL iterations 17
            Linear BackwardEuler-Equation_mg_coarse_ solve converged due to CONVERGED_RTOL iterations 16
            Linear BackwardEuler-Equation_mg_coarse_ solve converged due to CONVERGED_RTOL iterations 17
            Linear BackwardEuler-Equation_mg_coarse_ solve converged due to CONVERGED_RTOL iterations 16
            Linear BackwardEuler-Equation_mg_coarse_ solve converged due to CONVERGED_RTOL iterations 17
            Linear BackwardEuler-Equation_mg_coarse_ solve converged due to CONVERGED_RTOL iterations 17
            Linear BackwardEuler-Equation_mg_coarse_ solve converged due to CONVERGED_RTOL iterations 16
            Linear BackwardEuler-Equation_mg_coarse_ solve converged due to CONVERGED_RTOL iterations 17
            Linear BackwardEuler-Equation_mg_coarse_ solve converged due to CONVERGED_RTOL iterations 16
            Linear BackwardEuler-Equation_mg_coarse_ solve converged due to CONVERGED_RTOL iterations 16
            Linear BackwardEuler-Equation_mg_coarse_ solve converged due to CONVERGED_RTOL iterations 16
            Linear BackwardEuler-Equation_mg_coarse_ solve converged due to CONVERGED_RTOL iterations 16
            Linear BackwardEuler-Equation_mg_coarse_ solve converged due to CONVERGED_RTOL iterations 16
            Linear BackwardEuler-Equation_mg_coarse_ solve converged due to CONVERGED_RTOL iterations 16
            Linear BackwardEuler-Equation_mg_coarse_ solve converged due to CONVERGED_RTOL iterations 16
            Linear BackwardEuler-Equation_mg_coarse_ solve converged due to CONVERGED_RTOL iterations 16
            Linear BackwardEuler-Equation_mg_coarse_ solve converged due to CONVERGED_RTOL iterations 16
    Linear BackwardEuler-Equation_ solve converged due to CONVERGED_RTOL iterations 18
            Linear BackwardEuler-Equation_mg_coarse_ solve converged due to CONVERGED_RTOL iterations 16
            Linear BackwardEuler-Equation_mg_coarse_ solve converged due to CONVERGED_RTOL iterations 17
            Linear BackwardEuler-Equation_mg_coarse_ solve converged due to CONVERGED_RTOL iterations 17
            Linear BackwardEuler-Equation_mg_coarse_ solve converged due to CONVERGED_RTOL iterations 17
            Linear BackwardEuler-Equation_mg_coarse_ solve converged due to CONVERGED_RTOL iterations 16
            Linear BackwardEuler-Equation_mg_coarse_ solve converged due to CONVERGED_RTOL iterations 16
            Linear BackwardEuler-Equation_mg_coarse_ solve converged due to CONVERGED_RTOL iterations 16
            Linear BackwardEuler-Equation_mg_coarse_ solve converged due to CONVERGED_RTOL iterations 16
            Linear BackwardEuler-Equation_mg_coarse_ solve converged due to CONVERGED_RTOL iterations 16
            Linear BackwardEuler-Equation_mg_coarse_ solve converged due to CONVERGED_RTOL iterations 16
            Linear BackwardEuler-Equation_mg_coarse_ solve converged due to CONVERGED_RTOL iterations 16
            Linear BackwardEuler-Equation_mg_coarse_ solve converged due to CONVERGED_RTOL iterations 16
            Linear BackwardEuler-Equation_mg_coarse_ solve converged due to CONVERGED_RTOL iterations 16
            Linear BackwardEuler-Equation_mg_coarse_ solve converged due to CONVERGED_RTOL iterations 16
            Linear BackwardEuler-Equation_mg_coarse_ solve converged due to CONVERGED_RTOL iterations 16
            Linear BackwardEuler-Equation_mg_coarse_ solve converged due to CONVERGED_RTOL iterations 16
            Linear BackwardEuler-Equation_mg_coarse_ solve converged due to CONVERGED_RTOL iterations 16
            Linear BackwardEuler-Equation_mg_coarse_ solve converged due to CONVERGED_RTOL iterations 16
            Linear BackwardEuler-Equation_mg_coarse_ solve converged due to CONVERGED_RTOL iterations 16
            Linear BackwardEuler-Equation_mg_coarse_ solve converged due to CONVERGED_RTOL iterations 16
    Linear BackwardEuler-Equation_ solve converged due to CONVERGED_RTOL iterations 20
  Nonlinear BackwardEuler-Equation_ solve converged due to CONVERGED_FNORM_ABS iterations 3
t = 2700.00 s | step 9/30 | wall 23.01 s | NL 3 | L 56
            Linear BackwardEuler-Equation_mg_coarse_ solve converged due to CONVERGED_RTOL iterations 16
            Linear BackwardEuler-Equation_mg_coarse_ solve converged due to CONVERGED_RTOL iterations 17
            Linear BackwardEuler-Equation_mg_coarse_ solve converged due to CONVERGED_RTOL iterations 17
            Linear BackwardEuler-Equation_mg_coarse_ solve converged due to CONVERGED_RTOL iterations 17
            Linear BackwardEuler-Equation_mg_coarse_ solve converged due to CONVERGED_RTOL iterations 17
            Linear BackwardEuler-Equation_mg_coarse_ solve converged due to CONVERGED_RTOL iterations 17
            Linear BackwardEuler-Equation_mg_coarse_ solve converged due to CONVERGED_RTOL iterations 17
            Linear BackwardEuler-Equation_mg_coarse_ solve converged due to CONVERGED_RTOL iterations 16
            Linear BackwardEuler-Equation_mg_coarse_ solve converged due to CONVERGED_RTOL iterations 17
            Linear BackwardEuler-Equation_mg_coarse_ solve converged due to CONVERGED_RTOL iterations 16
            Linear BackwardEuler-Equation_mg_coarse_ solve converged due to CONVERGED_RTOL iterations 16
            Linear BackwardEuler-Equation_mg_coarse_ solve converged due to CONVERGED_RTOL iterations 17
            Linear BackwardEuler-Equation_mg_coarse_ solve converged due to CONVERGED_RTOL iterations 16
            Linear BackwardEuler-Equation_mg_coarse_ solve converged due to CONVERGED_RTOL iterations 17
            Linear BackwardEuler-Equation_mg_coarse_ solve converged due to CONVERGED_RTOL iterations 16
            Linear BackwardEuler-Equation_mg_coarse_ solve converged due to CONVERGED_RTOL iterations 17
            Linear BackwardEuler-Equation_mg_coarse_ solve converged due to CONVERGED_RTOL iterations 16
            Linear BackwardEuler-Equation_mg_coarse_ solve converged due to CONVERGED_RTOL iterations 16
    Linear BackwardEuler-Equation_ solve converged due to CONVERGED_RTOL iterations 18
            Linear BackwardEuler-Equation_mg_coarse_ solve converged due to CONVERGED_RTOL iterations 16
            Linear BackwardEuler-Equation_mg_coarse_ solve converged due to CONVERGED_RTOL iterations 17
            Linear BackwardEuler-Equation_mg_coarse_ solve converged due to CONVERGED_RTOL iterations 16
            Linear BackwardEuler-Equation_mg_coarse_ solve converged due to CONVERGED_RTOL iterations 17
            Linear BackwardEuler-Equation_mg_coarse_ solve converged due to CONVERGED_RTOL iterations 16
            Linear BackwardEuler-Equation_mg_coarse_ solve converged due to CONVERGED_RTOL iterations 17
            Linear BackwardEuler-Equation_mg_coarse_ solve converged due to CONVERGED_RTOL iterations 17
            Linear BackwardEuler-Equation_mg_coarse_ solve converged due to CONVERGED_RTOL iterations 16
            Linear BackwardEuler-Equation_mg_coarse_ solve converged due to CONVERGED_RTOL iterations 17
            Linear BackwardEuler-Equation_mg_coarse_ solve converged due to CONVERGED_RTOL iterations 16
            Linear BackwardEuler-Equation_mg_coarse_ solve converged due to CONVERGED_RTOL iterations 16
            Linear BackwardEuler-Equation_mg_coarse_ solve converged due to CONVERGED_RTOL iterations 16
            Linear BackwardEuler-Equation_mg_coarse_ solve converged due to CONVERGED_RTOL iterations 16
            Linear BackwardEuler-Equation_mg_coarse_ solve converged due to CONVERGED_RTOL iterations 16
            Linear BackwardEuler-Equation_mg_coarse_ solve converged due to CONVERGED_RTOL iterations 16
            Linear BackwardEuler-Equation_mg_coarse_ solve converged due to CONVERGED_RTOL iterations 17
            Linear BackwardEuler-Equation_mg_coarse_ solve converged due to CONVERGED_RTOL iterations 16
            Linear BackwardEuler-Equation_mg_coarse_ solve converged due to CONVERGED_RTOL iterations 16
    Linear BackwardEuler-Equation_ solve converged due to CONVERGED_RTOL iterations 18
            Linear BackwardEuler-Equation_mg_coarse_ solve converged due to CONVERGED_RTOL iterations 16
            Linear BackwardEuler-Equation_mg_coarse_ solve converged due to CONVERGED_RTOL iterations 17
            Linear BackwardEuler-Equation_mg_coarse_ solve converged due to CONVERGED_RTOL iterations 17
            Linear BackwardEuler-Equation_mg_coarse_ solve converged due to CONVERGED_RTOL iterations 17
            Linear BackwardEuler-Equation_mg_coarse_ solve converged due to CONVERGED_RTOL iterations 16
            Linear BackwardEuler-Equation_mg_coarse_ solve converged due to CONVERGED_RTOL iterations 16
            Linear BackwardEuler-Equation_mg_coarse_ solve converged due to CONVERGED_RTOL iterations 16
            Linear BackwardEuler-Equation_mg_coarse_ solve converged due to CONVERGED_RTOL iterations 16
            Linear BackwardEuler-Equation_mg_coarse_ solve converged due to CONVERGED_RTOL iterations 16
            Linear BackwardEuler-Equation_mg_coarse_ solve converged due to CONVERGED_RTOL iterations 16
            Linear BackwardEuler-Equation_mg_coarse_ solve converged due to CONVERGED_RTOL iterations 16
            Linear BackwardEuler-Equation_mg_coarse_ solve converged due to CONVERGED_RTOL iterations 16
            Linear BackwardEuler-Equation_mg_coarse_ solve converged due to CONVERGED_RTOL iterations 16
            Linear BackwardEuler-Equation_mg_coarse_ solve converged due to CONVERGED_RTOL iterations 16
            Linear BackwardEuler-Equation_mg_coarse_ solve converged due to CONVERGED_RTOL iterations 16
            Linear BackwardEuler-Equation_mg_coarse_ solve converged due to CONVERGED_RTOL iterations 16
            Linear BackwardEuler-Equation_mg_coarse_ solve converged due to CONVERGED_RTOL iterations 16
            Linear BackwardEuler-Equation_mg_coarse_ solve converged due to CONVERGED_RTOL iterations 16
            Linear BackwardEuler-Equation_mg_coarse_ solve converged due to CONVERGED_RTOL iterations 16
            Linear BackwardEuler-Equation_mg_coarse_ solve converged due to CONVERGED_RTOL iterations 16
    Linear BackwardEuler-Equation_ solve converged due to CONVERGED_RTOL iterations 20
  Nonlinear BackwardEuler-Equation_ solve converged due to CONVERGED_FNORM_ABS iterations 3
t = 3000.00 s | step 10/30 | wall 23.02 s | NL 3 | L 56
            Linear BackwardEuler-Equation_mg_coarse_ solve converged due to CONVERGED_RTOL iterations 16
            Linear BackwardEuler-Equation_mg_coarse_ solve converged due to CONVERGED_RTOL iterations 17
            Linear BackwardEuler-Equation_mg_coarse_ solve converged due to CONVERGED_RTOL iterations 17
            Linear BackwardEuler-Equation_mg_coarse_ solve converged due to CONVERGED_RTOL iterations 17
            Linear BackwardEuler-Equation_mg_coarse_ solve converged due to CONVERGED_RTOL iterations 17
            Linear BackwardEuler-Equation_mg_coarse_ solve converged due to CONVERGED_RTOL iterations 17
            Linear BackwardEuler-Equation_mg_coarse_ solve converged due to CONVERGED_RTOL iterations 17
            Linear BackwardEuler-Equation_mg_coarse_ solve converged due to CONVERGED_RTOL iterations 16
            Linear BackwardEuler-Equation_mg_coarse_ solve converged due to CONVERGED_RTOL iterations 17
            Linear BackwardEuler-Equation_mg_coarse_ solve converged due to CONVERGED_RTOL iterations 16
            Linear BackwardEuler-Equation_mg_coarse_ solve converged due to CONVERGED_RTOL iterations 16
            Linear BackwardEuler-Equation_mg_coarse_ solve converged due to CONVERGED_RTOL iterations 17
            Linear BackwardEuler-Equation_mg_coarse_ solve converged due to CONVERGED_RTOL iterations 16
            Linear BackwardEuler-Equation_mg_coarse_ solve converged due to CONVERGED_RTOL iterations 17
            Linear BackwardEuler-Equation_mg_coarse_ solve converged due to CONVERGED_RTOL iterations 16
            Linear BackwardEuler-Equation_mg_coarse_ solve converged due to CONVERGED_RTOL iterations 17
            Linear BackwardEuler-Equation_mg_coarse_ solve converged due to CONVERGED_RTOL iterations 17
            Linear BackwardEuler-Equation_mg_coarse_ solve converged due to CONVERGED_RTOL iterations 16
    Linear BackwardEuler-Equation_ solve converged due to CONVERGED_RTOL iterations 18
            Linear BackwardEuler-Equation_mg_coarse_ solve converged due to CONVERGED_RTOL iterations 16
            Linear BackwardEuler-Equation_mg_coarse_ solve converged due to CONVERGED_RTOL iterations 17
            Linear BackwardEuler-Equation_mg_coarse_ solve converged due to CONVERGED_RTOL iterations 16
            Linear BackwardEuler-Equation_mg_coarse_ solve converged due to CONVERGED_RTOL iterations 17
            Linear BackwardEuler-Equation_mg_coarse_ solve converged due to CONVERGED_RTOL iterations 16
            Linear BackwardEuler-Equation_mg_coarse_ solve converged due to CONVERGED_RTOL iterations 17
            Linear BackwardEuler-Equation_mg_coarse_ solve converged due to CONVERGED_RTOL iterations 17
            Linear BackwardEuler-Equation_mg_coarse_ solve converged due to CONVERGED_RTOL iterations 16
            Linear BackwardEuler-Equation_mg_coarse_ solve converged due to CONVERGED_RTOL iterations 17
            Linear BackwardEuler-Equation_mg_coarse_ solve converged due to CONVERGED_RTOL iterations 16
            Linear BackwardEuler-Equation_mg_coarse_ solve converged due to CONVERGED_RTOL iterations 17
            Linear BackwardEuler-Equation_mg_coarse_ solve converged due to CONVERGED_RTOL iterations 16
            Linear BackwardEuler-Equation_mg_coarse_ solve converged due to CONVERGED_RTOL iterations 16
            Linear BackwardEuler-Equation_mg_coarse_ solve converged due to CONVERGED_RTOL iterations 16
            Linear BackwardEuler-Equation_mg_coarse_ solve converged due to CONVERGED_RTOL iterations 16
            Linear BackwardEuler-Equation_mg_coarse_ solve converged due to CONVERGED_RTOL iterations 17
            Linear BackwardEuler-Equation_mg_coarse_ solve converged due to CONVERGED_RTOL iterations 16
            Linear BackwardEuler-Equation_mg_coarse_ solve converged due to CONVERGED_RTOL iterations 16
    Linear BackwardEuler-Equation_ solve converged due to CONVERGED_RTOL iterations 18
            Linear BackwardEuler-Equation_mg_coarse_ solve converged due to CONVERGED_RTOL iterations 16
            Linear BackwardEuler-Equation_mg_coarse_ solve converged due to CONVERGED_RTOL iterations 17
            Linear BackwardEuler-Equation_mg_coarse_ solve converged due to CONVERGED_RTOL iterations 17
            Linear BackwardEuler-Equation_mg_coarse_ solve converged due to CONVERGED_RTOL iterations 17
            Linear BackwardEuler-Equation_mg_coarse_ solve converged due to CONVERGED_RTOL iterations 16
            Linear BackwardEuler-Equation_mg_coarse_ solve converged due to CONVERGED_RTOL iterations 16
            Linear BackwardEuler-Equation_mg_coarse_ solve converged due to CONVERGED_RTOL iterations 16
            Linear BackwardEuler-Equation_mg_coarse_ solve converged due to CONVERGED_RTOL iterations 16
            Linear BackwardEuler-Equation_mg_coarse_ solve converged due to CONVERGED_RTOL iterations 16
            Linear BackwardEuler-Equation_mg_coarse_ solve converged due to CONVERGED_RTOL iterations 16
            Linear BackwardEuler-Equation_mg_coarse_ solve converged due to CONVERGED_RTOL iterations 16
            Linear BackwardEuler-Equation_mg_coarse_ solve converged due to CONVERGED_RTOL iterations 16
            Linear BackwardEuler-Equation_mg_coarse_ solve converged due to CONVERGED_RTOL iterations 16
            Linear BackwardEuler-Equation_mg_coarse_ solve converged due to CONVERGED_RTOL iterations 16
            Linear BackwardEuler-Equation_mg_coarse_ solve converged due to CONVERGED_RTOL iterations 16
            Linear BackwardEuler-Equation_mg_coarse_ solve converged due to CONVERGED_RTOL iterations 16
            Linear BackwardEuler-Equation_mg_coarse_ solve converged due to CONVERGED_RTOL iterations 16
            Linear BackwardEuler-Equation_mg_coarse_ solve converged due to CONVERGED_RTOL iterations 16
            Linear BackwardEuler-Equation_mg_coarse_ solve converged due to CONVERGED_RTOL iterations 16
            Linear BackwardEuler-Equation_mg_coarse_ solve converged due to CONVERGED_RTOL iterations 16
    Linear BackwardEuler-Equation_ solve converged due to CONVERGED_RTOL iterations 20
  Nonlinear BackwardEuler-Equation_ solve converged due to CONVERGED_FNORM_ABS iterations 3
t = 3300.00 s | step 11/30 | wall 23.03 s | NL 3 | L 56
            Linear BackwardEuler-Equation_mg_coarse_ solve converged due to CONVERGED_RTOL iterations 16
            Linear BackwardEuler-Equation_mg_coarse_ solve converged due to CONVERGED_RTOL iterations 17
            Linear BackwardEuler-Equation_mg_coarse_ solve converged due to CONVERGED_RTOL iterations 17
            Linear BackwardEuler-Equation_mg_coarse_ solve converged due to CONVERGED_RTOL iterations 17
            Linear BackwardEuler-Equation_mg_coarse_ solve converged due to CONVERGED_RTOL iterations 17
            Linear BackwardEuler-Equation_mg_coarse_ solve converged due to CONVERGED_RTOL iterations 17
            Linear BackwardEuler-Equation_mg_coarse_ solve converged due to CONVERGED_RTOL iterations 17
            Linear BackwardEuler-Equation_mg_coarse_ solve converged due to CONVERGED_RTOL iterations 16
            Linear BackwardEuler-Equation_mg_coarse_ solve converged due to CONVERGED_RTOL iterations 17
            Linear BackwardEuler-Equation_mg_coarse_ solve converged due to CONVERGED_RTOL iterations 16
            Linear BackwardEuler-Equation_mg_coarse_ solve converged due to CONVERGED_RTOL iterations 16
            Linear BackwardEuler-Equation_mg_coarse_ solve converged due to CONVERGED_RTOL iterations 17
            Linear BackwardEuler-Equation_mg_coarse_ solve converged due to CONVERGED_RTOL iterations 16
            Linear BackwardEuler-Equation_mg_coarse_ solve converged due to CONVERGED_RTOL iterations 17
            Linear BackwardEuler-Equation_mg_coarse_ solve converged due to CONVERGED_RTOL iterations 16
            Linear BackwardEuler-Equation_mg_coarse_ solve converged due to CONVERGED_RTOL iterations 17
            Linear BackwardEuler-Equation_mg_coarse_ solve converged due to CONVERGED_RTOL iterations 17
            Linear BackwardEuler-Equation_mg_coarse_ solve converged due to CONVERGED_RTOL iterations 16
    Linear BackwardEuler-Equation_ solve converged due to CONVERGED_RTOL iterations 18
            Linear BackwardEuler-Equation_mg_coarse_ solve converged due to CONVERGED_RTOL iterations 16
            Linear BackwardEuler-Equation_mg_coarse_ solve converged due to CONVERGED_RTOL iterations 17
            Linear BackwardEuler-Equation_mg_coarse_ solve converged due to CONVERGED_RTOL iterations 17
            Linear BackwardEuler-Equation_mg_coarse_ solve converged due to CONVERGED_RTOL iterations 17
            Linear BackwardEuler-Equation_mg_coarse_ solve converged due to CONVERGED_RTOL iterations 16
            Linear BackwardEuler-Equation_mg_coarse_ solve converged due to CONVERGED_RTOL iterations 17
            Linear BackwardEuler-Equation_mg_coarse_ solve converged due to CONVERGED_RTOL iterations 17
            Linear BackwardEuler-Equation_mg_coarse_ solve converged due to CONVERGED_RTOL iterations 16
            Linear BackwardEuler-Equation_mg_coarse_ solve converged due to CONVERGED_RTOL iterations 17
            Linear BackwardEuler-Equation_mg_coarse_ solve converged due to CONVERGED_RTOL iterations 16
            Linear BackwardEuler-Equation_mg_coarse_ solve converged due to CONVERGED_RTOL iterations 17
            Linear BackwardEuler-Equation_mg_coarse_ solve converged due to CONVERGED_RTOL iterations 16
            Linear BackwardEuler-Equation_mg_coarse_ solve converged due to CONVERGED_RTOL iterations 16
            Linear BackwardEuler-Equation_mg_coarse_ solve converged due to CONVERGED_RTOL iterations 17
            Linear BackwardEuler-Equation_mg_coarse_ solve converged due to CONVERGED_RTOL iterations 16
            Linear BackwardEuler-Equation_mg_coarse_ solve converged due to CONVERGED_RTOL iterations 17
            Linear BackwardEuler-Equation_mg_coarse_ solve converged due to CONVERGED_RTOL iterations 16
            Linear BackwardEuler-Equation_mg_coarse_ solve converged due to CONVERGED_RTOL iterations 16
    Linear BackwardEuler-Equation_ solve converged due to CONVERGED_RTOL iterations 18
            Linear BackwardEuler-Equation_mg_coarse_ solve converged due to CONVERGED_RTOL iterations 16
            Linear BackwardEuler-Equation_mg_coarse_ solve converged due to CONVERGED_RTOL iterations 17
            Linear BackwardEuler-Equation_mg_coarse_ solve converged due to CONVERGED_RTOL iterations 17
            Linear BackwardEuler-Equation_mg_coarse_ solve converged due to CONVERGED_RTOL iterations 17
            Linear BackwardEuler-Equation_mg_coarse_ solve converged due to CONVERGED_RTOL iterations 16
            Linear BackwardEuler-Equation_mg_coarse_ solve converged due to CONVERGED_RTOL iterations 16
            Linear BackwardEuler-Equation_mg_coarse_ solve converged due to CONVERGED_RTOL iterations 16
            Linear BackwardEuler-Equation_mg_coarse_ solve converged due to CONVERGED_RTOL iterations 16
            Linear BackwardEuler-Equation_mg_coarse_ solve converged due to CONVERGED_RTOL iterations 16
            Linear BackwardEuler-Equation_mg_coarse_ solve converged due to CONVERGED_RTOL iterations 16
            Linear BackwardEuler-Equation_mg_coarse_ solve converged due to CONVERGED_RTOL iterations 16
            Linear BackwardEuler-Equation_mg_coarse_ solve converged due to CONVERGED_RTOL iterations 16
            Linear BackwardEuler-Equation_mg_coarse_ solve converged due to CONVERGED_RTOL iterations 16
            Linear BackwardEuler-Equation_mg_coarse_ solve converged due to CONVERGED_RTOL iterations 16
            Linear BackwardEuler-Equation_mg_coarse_ solve converged due to CONVERGED_RTOL iterations 16
            Linear BackwardEuler-Equation_mg_coarse_ solve converged due to CONVERGED_RTOL iterations 16
            Linear BackwardEuler-Equation_mg_coarse_ solve converged due to CONVERGED_RTOL iterations 16
            Linear BackwardEuler-Equation_mg_coarse_ solve converged due to CONVERGED_RTOL iterations 16
            Linear BackwardEuler-Equation_mg_coarse_ solve converged due to CONVERGED_RTOL iterations 16
            Linear BackwardEuler-Equation_mg_coarse_ solve converged due to CONVERGED_RTOL iterations 16
    Linear BackwardEuler-Equation_ solve converged due to CONVERGED_RTOL iterations 20
  Nonlinear BackwardEuler-Equation_ solve converged due to CONVERGED_FNORM_ABS iterations 3
t = 3600.00 s | step 12/30 | wall 23.02 s | NL 3 | L 56
            Linear BackwardEuler-Equation_mg_coarse_ solve converged due to CONVERGED_RTOL iterations 16
            Linear BackwardEuler-Equation_mg_coarse_ solve converged due to CONVERGED_RTOL iterations 17
            Linear BackwardEuler-Equation_mg_coarse_ solve converged due to CONVERGED_RTOL iterations 17
            Linear BackwardEuler-Equation_mg_coarse_ solve converged due to CONVERGED_RTOL iterations 17
            Linear BackwardEuler-Equation_mg_coarse_ solve converged due to CONVERGED_RTOL iterations 17
            Linear BackwardEuler-Equation_mg_coarse_ solve converged due to CONVERGED_RTOL iterations 17
            Linear BackwardEuler-Equation_mg_coarse_ solve converged due to CONVERGED_RTOL iterations 17
            Linear BackwardEuler-Equation_mg_coarse_ solve converged due to CONVERGED_RTOL iterations 16
            Linear BackwardEuler-Equation_mg_coarse_ solve converged due to CONVERGED_RTOL iterations 17
            Linear BackwardEuler-Equation_mg_coarse_ solve converged due to CONVERGED_RTOL iterations 17
            Linear BackwardEuler-Equation_mg_coarse_ solve converged due to CONVERGED_RTOL iterations 17
            Linear BackwardEuler-Equation_mg_coarse_ solve converged due to CONVERGED_RTOL iterations 17
            Linear BackwardEuler-Equation_mg_coarse_ solve converged due to CONVERGED_RTOL iterations 16
            Linear BackwardEuler-Equation_mg_coarse_ solve converged due to CONVERGED_RTOL iterations 17
            Linear BackwardEuler-Equation_mg_coarse_ solve converged due to CONVERGED_RTOL iterations 16
            Linear BackwardEuler-Equation_mg_coarse_ solve converged due to CONVERGED_RTOL iterations 17
            Linear BackwardEuler-Equation_mg_coarse_ solve converged due to CONVERGED_RTOL iterations 17
            Linear BackwardEuler-Equation_mg_coarse_ solve converged due to CONVERGED_RTOL iterations 16
    Linear BackwardEuler-Equation_ solve converged due to CONVERGED_RTOL iterations 18
            Linear BackwardEuler-Equation_mg_coarse_ solve converged due to CONVERGED_RTOL iterations 16
            Linear BackwardEuler-Equation_mg_coarse_ solve converged due to CONVERGED_RTOL iterations 17
            Linear BackwardEuler-Equation_mg_coarse_ solve converged due to CONVERGED_RTOL iterations 17
            Linear BackwardEuler-Equation_mg_coarse_ solve converged due to CONVERGED_RTOL iterations 17
            Linear BackwardEuler-Equation_mg_coarse_ solve converged due to CONVERGED_RTOL iterations 16
            Linear BackwardEuler-Equation_mg_coarse_ solve converged due to CONVERGED_RTOL iterations 17
            Linear BackwardEuler-Equation_mg_coarse_ solve converged due to CONVERGED_RTOL iterations 17
            Linear BackwardEuler-Equation_mg_coarse_ solve converged due to CONVERGED_RTOL iterations 16
            Linear BackwardEuler-Equation_mg_coarse_ solve converged due to CONVERGED_RTOL iterations 17
            Linear BackwardEuler-Equation_mg_coarse_ solve converged due to CONVERGED_RTOL iterations 16
            Linear BackwardEuler-Equation_mg_coarse_ solve converged due to CONVERGED_RTOL iterations 17
            Linear BackwardEuler-Equation_mg_coarse_ solve converged due to CONVERGED_RTOL iterations 16
            Linear BackwardEuler-Equation_mg_coarse_ solve converged due to CONVERGED_RTOL iterations 16
            Linear BackwardEuler-Equation_mg_coarse_ solve converged due to CONVERGED_RTOL iterations 17
            Linear BackwardEuler-Equation_mg_coarse_ solve converged due to CONVERGED_RTOL iterations 16
            Linear BackwardEuler-Equation_mg_coarse_ solve converged due to CONVERGED_RTOL iterations 17
            Linear BackwardEuler-Equation_mg_coarse_ solve converged due to CONVERGED_RTOL iterations 17
            Linear BackwardEuler-Equation_mg_coarse_ solve converged due to CONVERGED_RTOL iterations 16
    Linear BackwardEuler-Equation_ solve converged due to CONVERGED_RTOL iterations 18
            Linear BackwardEuler-Equation_mg_coarse_ solve converged due to CONVERGED_RTOL iterations 16
            Linear BackwardEuler-Equation_mg_coarse_ solve converged due to CONVERGED_RTOL iterations 16
            Linear BackwardEuler-Equation_mg_coarse_ solve converged due to CONVERGED_RTOL iterations 17
            Linear BackwardEuler-Equation_mg_coarse_ solve converged due to CONVERGED_RTOL iterations 16
            Linear BackwardEuler-Equation_mg_coarse_ solve converged due to CONVERGED_RTOL iterations 16
            Linear BackwardEuler-Equation_mg_coarse_ solve converged due to CONVERGED_RTOL iterations 16
            Linear BackwardEuler-Equation_mg_coarse_ solve converged due to CONVERGED_RTOL iterations 16
            Linear BackwardEuler-Equation_mg_coarse_ solve converged due to CONVERGED_RTOL iterations 16
            Linear BackwardEuler-Equation_mg_coarse_ solve converged due to CONVERGED_RTOL iterations 16
            Linear BackwardEuler-Equation_mg_coarse_ solve converged due to CONVERGED_RTOL iterations 16
            Linear BackwardEuler-Equation_mg_coarse_ solve converged due to CONVERGED_RTOL iterations 16
            Linear BackwardEuler-Equation_mg_coarse_ solve converged due to CONVERGED_RTOL iterations 16
            Linear BackwardEuler-Equation_mg_coarse_ solve converged due to CONVERGED_RTOL iterations 16
            Linear BackwardEuler-Equation_mg_coarse_ solve converged due to CONVERGED_RTOL iterations 16
            Linear BackwardEuler-Equation_mg_coarse_ solve converged due to CONVERGED_RTOL iterations 16
            Linear BackwardEuler-Equation_mg_coarse_ solve converged due to CONVERGED_RTOL iterations 16
            Linear BackwardEuler-Equation_mg_coarse_ solve converged due to CONVERGED_RTOL iterations 16
            Linear BackwardEuler-Equation_mg_coarse_ solve converged due to CONVERGED_RTOL iterations 16
            Linear BackwardEuler-Equation_mg_coarse_ solve converged due to CONVERGED_RTOL iterations 16
            Linear BackwardEuler-Equation_mg_coarse_ solve converged due to CONVERGED_RTOL iterations 16
    Linear BackwardEuler-Equation_ solve converged due to CONVERGED_RTOL iterations 20
  Nonlinear BackwardEuler-Equation_ solve converged due to CONVERGED_FNORM_ABS iterations 3
t = 3900.00 s | step 13/30 | wall 23.05 s | NL 3 | L 56
            Linear BackwardEuler-Equation_mg_coarse_ solve converged due to CONVERGED_RTOL iterations 16
            Linear BackwardEuler-Equation_mg_coarse_ solve converged due to CONVERGED_RTOL iterations 17
            Linear BackwardEuler-Equation_mg_coarse_ solve converged due to CONVERGED_RTOL iterations 17
            Linear BackwardEuler-Equation_mg_coarse_ solve converged due to CONVERGED_RTOL iterations 17
            Linear BackwardEuler-Equation_mg_coarse_ solve converged due to CONVERGED_RTOL iterations 17
            Linear BackwardEuler-Equation_mg_coarse_ solve converged due to CONVERGED_RTOL iterations 17
            Linear BackwardEuler-Equation_mg_coarse_ solve converged due to CONVERGED_RTOL iterations 17
            Linear BackwardEuler-Equation_mg_coarse_ solve converged due to CONVERGED_RTOL iterations 16
            Linear BackwardEuler-Equation_mg_coarse_ solve converged due to CONVERGED_RTOL iterations 17
            Linear BackwardEuler-Equation_mg_coarse_ solve converged due to CONVERGED_RTOL iterations 17
            Linear BackwardEuler-Equation_mg_coarse_ solve converged due to CONVERGED_RTOL iterations 17
            Linear BackwardEuler-Equation_mg_coarse_ solve converged due to CONVERGED_RTOL iterations 17
            Linear BackwardEuler-Equation_mg_coarse_ solve converged due to CONVERGED_RTOL iterations 16
            Linear BackwardEuler-Equation_mg_coarse_ solve converged due to CONVERGED_RTOL iterations 17
            Linear BackwardEuler-Equation_mg_coarse_ solve converged due to CONVERGED_RTOL iterations 16
            Linear BackwardEuler-Equation_mg_coarse_ solve converged due to CONVERGED_RTOL iterations 17
            Linear BackwardEuler-Equation_mg_coarse_ solve converged due to CONVERGED_RTOL iterations 17
            Linear BackwardEuler-Equation_mg_coarse_ solve converged due to CONVERGED_RTOL iterations 16
    Linear BackwardEuler-Equation_ solve converged due to CONVERGED_RTOL iterations 18
            Linear BackwardEuler-Equation_mg_coarse_ solve converged due to CONVERGED_RTOL iterations 16
            Linear BackwardEuler-Equation_mg_coarse_ solve converged due to CONVERGED_RTOL iterations 17
            Linear BackwardEuler-Equation_mg_coarse_ solve converged due to CONVERGED_RTOL iterations 17
            Linear BackwardEuler-Equation_mg_coarse_ solve converged due to CONVERGED_RTOL iterations 17
            Linear BackwardEuler-Equation_mg_coarse_ solve converged due to CONVERGED_RTOL iterations 17
            Linear BackwardEuler-Equation_mg_coarse_ solve converged due to CONVERGED_RTOL iterations 17
            Linear BackwardEuler-Equation_mg_coarse_ solve converged due to CONVERGED_RTOL iterations 17
            Linear BackwardEuler-Equation_mg_coarse_ solve converged due to CONVERGED_RTOL iterations 16
            Linear BackwardEuler-Equation_mg_coarse_ solve converged due to CONVERGED_RTOL iterations 17
            Linear BackwardEuler-Equation_mg_coarse_ solve converged due to CONVERGED_RTOL iterations 16
            Linear BackwardEuler-Equation_mg_coarse_ solve converged due to CONVERGED_RTOL iterations 17
            Linear BackwardEuler-Equation_mg_coarse_ solve converged due to CONVERGED_RTOL iterations 16
            Linear BackwardEuler-Equation_mg_coarse_ solve converged due to CONVERGED_RTOL iterations 16
            Linear BackwardEuler-Equation_mg_coarse_ solve converged due to CONVERGED_RTOL iterations 17
            Linear BackwardEuler-Equation_mg_coarse_ solve converged due to CONVERGED_RTOL iterations 16
            Linear BackwardEuler-Equation_mg_coarse_ solve converged due to CONVERGED_RTOL iterations 17
            Linear BackwardEuler-Equation_mg_coarse_ solve converged due to CONVERGED_RTOL iterations 17
            Linear BackwardEuler-Equation_mg_coarse_ solve converged due to CONVERGED_RTOL iterations 16
    Linear BackwardEuler-Equation_ solve converged due to CONVERGED_RTOL iterations 18
            Linear BackwardEuler-Equation_mg_coarse_ solve converged due to CONVERGED_RTOL iterations 16
            Linear BackwardEuler-Equation_mg_coarse_ solve converged due to CONVERGED_RTOL iterations 16
            Linear BackwardEuler-Equation_mg_coarse_ solve converged due to CONVERGED_RTOL iterations 17
            Linear BackwardEuler-Equation_mg_coarse_ solve converged due to CONVERGED_RTOL iterations 17
            Linear BackwardEuler-Equation_mg_coarse_ solve converged due to CONVERGED_RTOL iterations 16
            Linear BackwardEuler-Equation_mg_coarse_ solve converged due to CONVERGED_RTOL iterations 16
            Linear BackwardEuler-Equation_mg_coarse_ solve converged due to CONVERGED_RTOL iterations 16
            Linear BackwardEuler-Equation_mg_coarse_ solve converged due to CONVERGED_RTOL iterations 16
            Linear BackwardEuler-Equation_mg_coarse_ solve converged due to CONVERGED_RTOL iterations 16
            Linear BackwardEuler-Equation_mg_coarse_ solve converged due to CONVERGED_RTOL iterations 16
            Linear BackwardEuler-Equation_mg_coarse_ solve converged due to CONVERGED_RTOL iterations 16
            Linear BackwardEuler-Equation_mg_coarse_ solve converged due to CONVERGED_RTOL iterations 16
            Linear BackwardEuler-Equation_mg_coarse_ solve converged due to CONVERGED_RTOL iterations 16
            Linear BackwardEuler-Equation_mg_coarse_ solve converged due to CONVERGED_RTOL iterations 16
            Linear BackwardEuler-Equation_mg_coarse_ solve converged due to CONVERGED_RTOL iterations 16
            Linear BackwardEuler-Equation_mg_coarse_ solve converged due to CONVERGED_RTOL iterations 16
            Linear BackwardEuler-Equation_mg_coarse_ solve converged due to CONVERGED_RTOL iterations 16
            Linear BackwardEuler-Equation_mg_coarse_ solve converged due to CONVERGED_RTOL iterations 17
            Linear BackwardEuler-Equation_mg_coarse_ solve converged due to CONVERGED_RTOL iterations 16
            Linear BackwardEuler-Equation_mg_coarse_ solve converged due to CONVERGED_RTOL iterations 16
    Linear BackwardEuler-Equation_ solve converged due to CONVERGED_RTOL iterations 20
  Nonlinear BackwardEuler-Equation_ solve converged due to CONVERGED_FNORM_ABS iterations 3
t = 4200.00 s | step 14/30 | wall 23.04 s | NL 3 | L 56
            Linear BackwardEuler-Equation_mg_coarse_ solve converged due to CONVERGED_RTOL iterations 16
            Linear BackwardEuler-Equation_mg_coarse_ solve converged due to CONVERGED_RTOL iterations 17
            Linear BackwardEuler-Equation_mg_coarse_ solve converged due to CONVERGED_RTOL iterations 17
            Linear BackwardEuler-Equation_mg_coarse_ solve converged due to CONVERGED_RTOL iterations 17
            Linear BackwardEuler-Equation_mg_coarse_ solve converged due to CONVERGED_RTOL iterations 17
            Linear BackwardEuler-Equation_mg_coarse_ solve converged due to CONVERGED_RTOL iterations 17
            Linear BackwardEuler-Equation_mg_coarse_ solve converged due to CONVERGED_RTOL iterations 17
            Linear BackwardEuler-Equation_mg_coarse_ solve converged due to CONVERGED_RTOL iterations 16
            Linear BackwardEuler-Equation_mg_coarse_ solve converged due to CONVERGED_RTOL iterations 17
            Linear BackwardEuler-Equation_mg_coarse_ solve converged due to CONVERGED_RTOL iterations 17
            Linear BackwardEuler-Equation_mg_coarse_ solve converged due to CONVERGED_RTOL iterations 17
            Linear BackwardEuler-Equation_mg_coarse_ solve converged due to CONVERGED_RTOL iterations 17
            Linear BackwardEuler-Equation_mg_coarse_ solve converged due to CONVERGED_RTOL iterations 16
            Linear BackwardEuler-Equation_mg_coarse_ solve converged due to CONVERGED_RTOL iterations 17
            Linear BackwardEuler-Equation_mg_coarse_ solve converged due to CONVERGED_RTOL iterations 16
            Linear BackwardEuler-Equation_mg_coarse_ solve converged due to CONVERGED_RTOL iterations 17
            Linear BackwardEuler-Equation_mg_coarse_ solve converged due to CONVERGED_RTOL iterations 17
            Linear BackwardEuler-Equation_mg_coarse_ solve converged due to CONVERGED_RTOL iterations 16
    Linear BackwardEuler-Equation_ solve converged due to CONVERGED_RTOL iterations 18
            Linear BackwardEuler-Equation_mg_coarse_ solve converged due to CONVERGED_RTOL iterations 16
            Linear BackwardEuler-Equation_mg_coarse_ solve converged due to CONVERGED_RTOL iterations 17
            Linear BackwardEuler-Equation_mg_coarse_ solve converged due to CONVERGED_RTOL iterations 17
            Linear BackwardEuler-Equation_mg_coarse_ solve converged due to CONVERGED_RTOL iterations 17
            Linear BackwardEuler-Equation_mg_coarse_ solve converged due to CONVERGED_RTOL iterations 17
            Linear BackwardEuler-Equation_mg_coarse_ solve converged due to CONVERGED_RTOL iterations 17
            Linear BackwardEuler-Equation_mg_coarse_ solve converged due to CONVERGED_RTOL iterations 17
            Linear BackwardEuler-Equation_mg_coarse_ solve converged due to CONVERGED_RTOL iterations 16
            Linear BackwardEuler-Equation_mg_coarse_ solve converged due to CONVERGED_RTOL iterations 17
            Linear BackwardEuler-Equation_mg_coarse_ solve converged due to CONVERGED_RTOL iterations 16
            Linear BackwardEuler-Equation_mg_coarse_ solve converged due to CONVERGED_RTOL iterations 17
            Linear BackwardEuler-Equation_mg_coarse_ solve converged due to CONVERGED_RTOL iterations 16
            Linear BackwardEuler-Equation_mg_coarse_ solve converged due to CONVERGED_RTOL iterations 16
            Linear BackwardEuler-Equation_mg_coarse_ solve converged due to CONVERGED_RTOL iterations 17
            Linear BackwardEuler-Equation_mg_coarse_ solve converged due to CONVERGED_RTOL iterations 16
            Linear BackwardEuler-Equation_mg_coarse_ solve converged due to CONVERGED_RTOL iterations 17
            Linear BackwardEuler-Equation_mg_coarse_ solve converged due to CONVERGED_RTOL iterations 17
            Linear BackwardEuler-Equation_mg_coarse_ solve converged due to CONVERGED_RTOL iterations 16
    Linear BackwardEuler-Equation_ solve converged due to CONVERGED_RTOL iterations 18
            Linear BackwardEuler-Equation_mg_coarse_ solve converged due to CONVERGED_RTOL iterations 16
            Linear BackwardEuler-Equation_mg_coarse_ solve converged due to CONVERGED_RTOL iterations 16
            Linear BackwardEuler-Equation_mg_coarse_ solve converged due to CONVERGED_RTOL iterations 16
            Linear BackwardEuler-Equation_mg_coarse_ solve converged due to CONVERGED_RTOL iterations 17
            Linear BackwardEuler-Equation_mg_coarse_ solve converged due to CONVERGED_RTOL iterations 16
            Linear BackwardEuler-Equation_mg_coarse_ solve converged due to CONVERGED_RTOL iterations 16
            Linear BackwardEuler-Equation_mg_coarse_ solve converged due to CONVERGED_RTOL iterations 16
            Linear BackwardEuler-Equation_mg_coarse_ solve converged due to CONVERGED_RTOL iterations 16
            Linear BackwardEuler-Equation_mg_coarse_ solve converged due to CONVERGED_RTOL iterations 16
            Linear BackwardEuler-Equation_mg_coarse_ solve converged due to CONVERGED_RTOL iterations 16
            Linear BackwardEuler-Equation_mg_coarse_ solve converged due to CONVERGED_RTOL iterations 16
            Linear BackwardEuler-Equation_mg_coarse_ solve converged due to CONVERGED_RTOL iterations 16
            Linear BackwardEuler-Equation_mg_coarse_ solve converged due to CONVERGED_RTOL iterations 16
            Linear BackwardEuler-Equation_mg_coarse_ solve converged due to CONVERGED_RTOL iterations 16
            Linear BackwardEuler-Equation_mg_coarse_ solve converged due to CONVERGED_RTOL iterations 16
            Linear BackwardEuler-Equation_mg_coarse_ solve converged due to CONVERGED_RTOL iterations 16
            Linear BackwardEuler-Equation_mg_coarse_ solve converged due to CONVERGED_RTOL iterations 16
            Linear BackwardEuler-Equation_mg_coarse_ solve converged due to CONVERGED_RTOL iterations 17
            Linear BackwardEuler-Equation_mg_coarse_ solve converged due to CONVERGED_RTOL iterations 16
            Linear BackwardEuler-Equation_mg_coarse_ solve converged due to CONVERGED_RTOL iterations 16
    Linear BackwardEuler-Equation_ solve converged due to CONVERGED_RTOL iterations 20
  Nonlinear BackwardEuler-Equation_ solve converged due to CONVERGED_FNORM_ABS iterations 3
t = 4500.00 s | step 15/30 | wall 23.02 s | NL 3 | L 56
            Linear BackwardEuler-Equation_mg_coarse_ solve converged due to CONVERGED_RTOL iterations 16
            Linear BackwardEuler-Equation_mg_coarse_ solve converged due to CONVERGED_RTOL iterations 17
            Linear BackwardEuler-Equation_mg_coarse_ solve converged due to CONVERGED_RTOL iterations 17
            Linear BackwardEuler-Equation_mg_coarse_ solve converged due to CONVERGED_RTOL iterations 17
            Linear BackwardEuler-Equation_mg_coarse_ solve converged due to CONVERGED_RTOL iterations 17
            Linear BackwardEuler-Equation_mg_coarse_ solve converged due to CONVERGED_RTOL iterations 17
            Linear BackwardEuler-Equation_mg_coarse_ solve converged due to CONVERGED_RTOL iterations 17
            Linear BackwardEuler-Equation_mg_coarse_ solve converged due to CONVERGED_RTOL iterations 16
            Linear BackwardEuler-Equation_mg_coarse_ solve converged due to CONVERGED_RTOL iterations 17
            Linear BackwardEuler-Equation_mg_coarse_ solve converged due to CONVERGED_RTOL iterations 17
            Linear BackwardEuler-Equation_mg_coarse_ solve converged due to CONVERGED_RTOL iterations 17
            Linear BackwardEuler-Equation_mg_coarse_ solve converged due to CONVERGED_RTOL iterations 17
            Linear BackwardEuler-Equation_mg_coarse_ solve converged due to CONVERGED_RTOL iterations 16
            Linear BackwardEuler-Equation_mg_coarse_ solve converged due to CONVERGED_RTOL iterations 17
            Linear BackwardEuler-Equation_mg_coarse_ solve converged due to CONVERGED_RTOL iterations 16
            Linear BackwardEuler-Equation_mg_coarse_ solve converged due to CONVERGED_RTOL iterations 17
            Linear BackwardEuler-Equation_mg_coarse_ solve converged due to CONVERGED_RTOL iterations 17
            Linear BackwardEuler-Equation_mg_coarse_ solve converged due to CONVERGED_RTOL iterations 16
    Linear BackwardEuler-Equation_ solve converged due to CONVERGED_RTOL iterations 18
            Linear BackwardEuler-Equation_mg_coarse_ solve converged due to CONVERGED_RTOL iterations 16
            Linear BackwardEuler-Equation_mg_coarse_ solve converged due to CONVERGED_RTOL iterations 17
            Linear BackwardEuler-Equation_mg_coarse_ solve converged due to CONVERGED_RTOL iterations 17
            Linear BackwardEuler-Equation_mg_coarse_ solve converged due to CONVERGED_RTOL iterations 17
            Linear BackwardEuler-Equation_mg_coarse_ solve converged due to CONVERGED_RTOL iterations 17
            Linear BackwardEuler-Equation_mg_coarse_ solve converged due to CONVERGED_RTOL iterations 17
            Linear BackwardEuler-Equation_mg_coarse_ solve converged due to CONVERGED_RTOL iterations 17
            Linear BackwardEuler-Equation_mg_coarse_ solve converged due to CONVERGED_RTOL iterations 16
            Linear BackwardEuler-Equation_mg_coarse_ solve converged due to CONVERGED_RTOL iterations 17
            Linear BackwardEuler-Equation_mg_coarse_ solve converged due to CONVERGED_RTOL iterations 16
            Linear BackwardEuler-Equation_mg_coarse_ solve converged due to CONVERGED_RTOL iterations 17
            Linear BackwardEuler-Equation_mg_coarse_ solve converged due to CONVERGED_RTOL iterations 16
            Linear BackwardEuler-Equation_mg_coarse_ solve converged due to CONVERGED_RTOL iterations 16
            Linear BackwardEuler-Equation_mg_coarse_ solve converged due to CONVERGED_RTOL iterations 17
            Linear BackwardEuler-Equation_mg_coarse_ solve converged due to CONVERGED_RTOL iterations 16
            Linear BackwardEuler-Equation_mg_coarse_ solve converged due to CONVERGED_RTOL iterations 17
            Linear BackwardEuler-Equation_mg_coarse_ solve converged due to CONVERGED_RTOL iterations 17
            Linear BackwardEuler-Equation_mg_coarse_ solve converged due to CONVERGED_RTOL iterations 16
    Linear BackwardEuler-Equation_ solve converged due to CONVERGED_RTOL iterations 18
            Linear BackwardEuler-Equation_mg_coarse_ solve converged due to CONVERGED_RTOL iterations 16
            Linear BackwardEuler-Equation_mg_coarse_ solve converged due to CONVERGED_RTOL iterations 16
            Linear BackwardEuler-Equation_mg_coarse_ solve converged due to CONVERGED_RTOL iterations 16
            Linear BackwardEuler-Equation_mg_coarse_ solve converged due to CONVERGED_RTOL iterations 17
            Linear BackwardEuler-Equation_mg_coarse_ solve converged due to CONVERGED_RTOL iterations 16
            Linear BackwardEuler-Equation_mg_coarse_ solve converged due to CONVERGED_RTOL iterations 16
            Linear BackwardEuler-Equation_mg_coarse_ solve converged due to CONVERGED_RTOL iterations 16
            Linear BackwardEuler-Equation_mg_coarse_ solve converged due to CONVERGED_RTOL iterations 16
            Linear BackwardEuler-Equation_mg_coarse_ solve converged due to CONVERGED_RTOL iterations 16
            Linear BackwardEuler-Equation_mg_coarse_ solve converged due to CONVERGED_RTOL iterations 16
            Linear BackwardEuler-Equation_mg_coarse_ solve converged due to CONVERGED_RTOL iterations 16
            Linear BackwardEuler-Equation_mg_coarse_ solve converged due to CONVERGED_RTOL iterations 16
            Linear BackwardEuler-Equation_mg_coarse_ solve converged due to CONVERGED_RTOL iterations 16
            Linear BackwardEuler-Equation_mg_coarse_ solve converged due to CONVERGED_RTOL iterations 16
            Linear BackwardEuler-Equation_mg_coarse_ solve converged due to CONVERGED_RTOL iterations 16
            Linear BackwardEuler-Equation_mg_coarse_ solve converged due to CONVERGED_RTOL iterations 16
            Linear BackwardEuler-Equation_mg_coarse_ solve converged due to CONVERGED_RTOL iterations 16
            Linear BackwardEuler-Equation_mg_coarse_ solve converged due to CONVERGED_RTOL iterations 17
            Linear BackwardEuler-Equation_mg_coarse_ solve converged due to CONVERGED_RTOL iterations 16
            Linear BackwardEuler-Equation_mg_coarse_ solve converged due to CONVERGED_RTOL iterations 16
    Linear BackwardEuler-Equation_ solve converged due to CONVERGED_RTOL iterations 20
  Nonlinear BackwardEuler-Equation_ solve converged due to CONVERGED_FNORM_ABS iterations 3
t = 4800.00 s | step 16/30 | wall 23.02 s | NL 3 | L 56
            Linear BackwardEuler-Equation_mg_coarse_ solve converged due to CONVERGED_RTOL iterations 16
            Linear BackwardEuler-Equation_mg_coarse_ solve converged due to CONVERGED_RTOL iterations 18
            Linear BackwardEuler-Equation_mg_coarse_ solve converged due to CONVERGED_RTOL iterations 17
            Linear BackwardEuler-Equation_mg_coarse_ solve converged due to CONVERGED_RTOL iterations 17
            Linear BackwardEuler-Equation_mg_coarse_ solve converged due to CONVERGED_RTOL iterations 17
            Linear BackwardEuler-Equation_mg_coarse_ solve converged due to CONVERGED_RTOL iterations 17
            Linear BackwardEuler-Equation_mg_coarse_ solve converged due to CONVERGED_RTOL iterations 17
            Linear BackwardEuler-Equation_mg_coarse_ solve converged due to CONVERGED_RTOL iterations 16
            Linear BackwardEuler-Equation_mg_coarse_ solve converged due to CONVERGED_RTOL iterations 17
            Linear BackwardEuler-Equation_mg_coarse_ solve converged due to CONVERGED_RTOL iterations 17
            Linear BackwardEuler-Equation_mg_coarse_ solve converged due to CONVERGED_RTOL iterations 17
            Linear BackwardEuler-Equation_mg_coarse_ solve converged due to CONVERGED_RTOL iterations 17
            Linear BackwardEuler-Equation_mg_coarse_ solve converged due to CONVERGED_RTOL iterations 16
            Linear BackwardEuler-Equation_mg_coarse_ solve converged due to CONVERGED_RTOL iterations 17
            Linear BackwardEuler-Equation_mg_coarse_ solve converged due to CONVERGED_RTOL iterations 17
            Linear BackwardEuler-Equation_mg_coarse_ solve converged due to CONVERGED_RTOL iterations 17
            Linear BackwardEuler-Equation_mg_coarse_ solve converged due to CONVERGED_RTOL iterations 17
            Linear BackwardEuler-Equation_mg_coarse_ solve converged due to CONVERGED_RTOL iterations 16
    Linear BackwardEuler-Equation_ solve converged due to CONVERGED_RTOL iterations 18
            Linear BackwardEuler-Equation_mg_coarse_ solve converged due to CONVERGED_RTOL iterations 16
            Linear BackwardEuler-Equation_mg_coarse_ solve converged due to CONVERGED_RTOL iterations 17
            Linear BackwardEuler-Equation_mg_coarse_ solve converged due to CONVERGED_RTOL iterations 17
            Linear BackwardEuler-Equation_mg_coarse_ solve converged due to CONVERGED_RTOL iterations 17
            Linear BackwardEuler-Equation_mg_coarse_ solve converged due to CONVERGED_RTOL iterations 17
            Linear BackwardEuler-Equation_mg_coarse_ solve converged due to CONVERGED_RTOL iterations 17
            Linear BackwardEuler-Equation_mg_coarse_ solve converged due to CONVERGED_RTOL iterations 17
            Linear BackwardEuler-Equation_mg_coarse_ solve converged due to CONVERGED_RTOL iterations 16
            Linear BackwardEuler-Equation_mg_coarse_ solve converged due to CONVERGED_RTOL iterations 17
            Linear BackwardEuler-Equation_mg_coarse_ solve converged due to CONVERGED_RTOL iterations 16
            Linear BackwardEuler-Equation_mg_coarse_ solve converged due to CONVERGED_RTOL iterations 17
            Linear BackwardEuler-Equation_mg_coarse_ solve converged due to CONVERGED_RTOL iterations 16
            Linear BackwardEuler-Equation_mg_coarse_ solve converged due to CONVERGED_RTOL iterations 16
            Linear BackwardEuler-Equation_mg_coarse_ solve converged due to CONVERGED_RTOL iterations 17
            Linear BackwardEuler-Equation_mg_coarse_ solve converged due to CONVERGED_RTOL iterations 16
            Linear BackwardEuler-Equation_mg_coarse_ solve converged due to CONVERGED_RTOL iterations 17
            Linear BackwardEuler-Equation_mg_coarse_ solve converged due to CONVERGED_RTOL iterations 17
            Linear BackwardEuler-Equation_mg_coarse_ solve converged due to CONVERGED_RTOL iterations 16
    Linear BackwardEuler-Equation_ solve converged due to CONVERGED_RTOL iterations 18
            Linear BackwardEuler-Equation_mg_coarse_ solve converged due to CONVERGED_RTOL iterations 16
            Linear BackwardEuler-Equation_mg_coarse_ solve converged due to CONVERGED_RTOL iterations 16
            Linear BackwardEuler-Equation_mg_coarse_ solve converged due to CONVERGED_RTOL iterations 16
            Linear BackwardEuler-Equation_mg_coarse_ solve converged due to CONVERGED_RTOL iterations 17
            Linear BackwardEuler-Equation_mg_coarse_ solve converged due to CONVERGED_RTOL iterations 16
            Linear BackwardEuler-Equation_mg_coarse_ solve converged due to CONVERGED_RTOL iterations 16
            Linear BackwardEuler-Equation_mg_coarse_ solve converged due to CONVERGED_RTOL iterations 16
            Linear BackwardEuler-Equation_mg_coarse_ solve converged due to CONVERGED_RTOL iterations 16
            Linear BackwardEuler-Equation_mg_coarse_ solve converged due to CONVERGED_RTOL iterations 16
            Linear BackwardEuler-Equation_mg_coarse_ solve converged due to CONVERGED_RTOL iterations 16
            Linear BackwardEuler-Equation_mg_coarse_ solve converged due to CONVERGED_RTOL iterations 16
            Linear BackwardEuler-Equation_mg_coarse_ solve converged due to CONVERGED_RTOL iterations 16
            Linear BackwardEuler-Equation_mg_coarse_ solve converged due to CONVERGED_RTOL iterations 16
            Linear BackwardEuler-Equation_mg_coarse_ solve converged due to CONVERGED_RTOL iterations 16
            Linear BackwardEuler-Equation_mg_coarse_ solve converged due to CONVERGED_RTOL iterations 16
            Linear BackwardEuler-Equation_mg_coarse_ solve converged due to CONVERGED_RTOL iterations 16
            Linear BackwardEuler-Equation_mg_coarse_ solve converged due to CONVERGED_RTOL iterations 16
            Linear BackwardEuler-Equation_mg_coarse_ solve converged due to CONVERGED_RTOL iterations 17
            Linear BackwardEuler-Equation_mg_coarse_ solve converged due to CONVERGED_RTOL iterations 16
            Linear BackwardEuler-Equation_mg_coarse_ solve converged due to CONVERGED_RTOL iterations 16
    Linear BackwardEuler-Equation_ solve converged due to CONVERGED_RTOL iterations 20
  Nonlinear BackwardEuler-Equation_ solve converged due to CONVERGED_FNORM_ABS iterations 3
t = 5100.00 s | step 17/30 | wall 23.04 s | NL 3 | L 56
            Linear BackwardEuler-Equation_mg_coarse_ solve converged due to CONVERGED_RTOL iterations 16
            Linear BackwardEuler-Equation_mg_coarse_ solve converged due to CONVERGED_RTOL iterations 18
            Linear BackwardEuler-Equation_mg_coarse_ solve converged due to CONVERGED_RTOL iterations 17
            Linear BackwardEuler-Equation_mg_coarse_ solve converged due to CONVERGED_RTOL iterations 17
            Linear BackwardEuler-Equation_mg_coarse_ solve converged due to CONVERGED_RTOL iterations 17
            Linear BackwardEuler-Equation_mg_coarse_ solve converged due to CONVERGED_RTOL iterations 17
            Linear BackwardEuler-Equation_mg_coarse_ solve converged due to CONVERGED_RTOL iterations 17
            Linear BackwardEuler-Equation_mg_coarse_ solve converged due to CONVERGED_RTOL iterations 16
            Linear BackwardEuler-Equation_mg_coarse_ solve converged due to CONVERGED_RTOL iterations 17
            Linear BackwardEuler-Equation_mg_coarse_ solve converged due to CONVERGED_RTOL iterations 17
            Linear BackwardEuler-Equation_mg_coarse_ solve converged due to CONVERGED_RTOL iterations 17
            Linear BackwardEuler-Equation_mg_coarse_ solve converged due to CONVERGED_RTOL iterations 17
            Linear BackwardEuler-Equation_mg_coarse_ solve converged due to CONVERGED_RTOL iterations 16
            Linear BackwardEuler-Equation_mg_coarse_ solve converged due to CONVERGED_RTOL iterations 17
            Linear BackwardEuler-Equation_mg_coarse_ solve converged due to CONVERGED_RTOL iterations 17
            Linear BackwardEuler-Equation_mg_coarse_ solve converged due to CONVERGED_RTOL iterations 17
            Linear BackwardEuler-Equation_mg_coarse_ solve converged due to CONVERGED_RTOL iterations 17
            Linear BackwardEuler-Equation_mg_coarse_ solve converged due to CONVERGED_RTOL iterations 16
    Linear BackwardEuler-Equation_ solve converged due to CONVERGED_RTOL iterations 18
            Linear BackwardEuler-Equation_mg_coarse_ solve converged due to CONVERGED_RTOL iterations 16
            Linear BackwardEuler-Equation_mg_coarse_ solve converged due to CONVERGED_RTOL iterations 17
            Linear BackwardEuler-Equation_mg_coarse_ solve converged due to CONVERGED_RTOL iterations 17
            Linear BackwardEuler-Equation_mg_coarse_ solve converged due to CONVERGED_RTOL iterations 17
            Linear BackwardEuler-Equation_mg_coarse_ solve converged due to CONVERGED_RTOL iterations 17
            Linear BackwardEuler-Equation_mg_coarse_ solve converged due to CONVERGED_RTOL iterations 17
            Linear BackwardEuler-Equation_mg_coarse_ solve converged due to CONVERGED_RTOL iterations 17
            Linear BackwardEuler-Equation_mg_coarse_ solve converged due to CONVERGED_RTOL iterations 16
            Linear BackwardEuler-Equation_mg_coarse_ solve converged due to CONVERGED_RTOL iterations 17
            Linear BackwardEuler-Equation_mg_coarse_ solve converged due to CONVERGED_RTOL iterations 16
            Linear BackwardEuler-Equation_mg_coarse_ solve converged due to CONVERGED_RTOL iterations 17
            Linear BackwardEuler-Equation_mg_coarse_ solve converged due to CONVERGED_RTOL iterations 17
            Linear BackwardEuler-Equation_mg_coarse_ solve converged due to CONVERGED_RTOL iterations 16
            Linear BackwardEuler-Equation_mg_coarse_ solve converged due to CONVERGED_RTOL iterations 17
            Linear BackwardEuler-Equation_mg_coarse_ solve converged due to CONVERGED_RTOL iterations 16
            Linear BackwardEuler-Equation_mg_coarse_ solve converged due to CONVERGED_RTOL iterations 17
            Linear BackwardEuler-Equation_mg_coarse_ solve converged due to CONVERGED_RTOL iterations 17
            Linear BackwardEuler-Equation_mg_coarse_ solve converged due to CONVERGED_RTOL iterations 16
    Linear BackwardEuler-Equation_ solve converged due to CONVERGED_RTOL iterations 18
            Linear BackwardEuler-Equation_mg_coarse_ solve converged due to CONVERGED_RTOL iterations 16
            Linear BackwardEuler-Equation_mg_coarse_ solve converged due to CONVERGED_RTOL iterations 16
            Linear BackwardEuler-Equation_mg_coarse_ solve converged due to CONVERGED_RTOL iterations 16
            Linear BackwardEuler-Equation_mg_coarse_ solve converged due to CONVERGED_RTOL iterations 17
            Linear BackwardEuler-Equation_mg_coarse_ solve converged due to CONVERGED_RTOL iterations 16
            Linear BackwardEuler-Equation_mg_coarse_ solve converged due to CONVERGED_RTOL iterations 16
            Linear BackwardEuler-Equation_mg_coarse_ solve converged due to CONVERGED_RTOL iterations 16
            Linear BackwardEuler-Equation_mg_coarse_ solve converged due to CONVERGED_RTOL iterations 16
            Linear BackwardEuler-Equation_mg_coarse_ solve converged due to CONVERGED_RTOL iterations 16
            Linear BackwardEuler-Equation_mg_coarse_ solve converged due to CONVERGED_RTOL iterations 16
            Linear BackwardEuler-Equation_mg_coarse_ solve converged due to CONVERGED_RTOL iterations 16
            Linear BackwardEuler-Equation_mg_coarse_ solve converged due to CONVERGED_RTOL iterations 16
            Linear BackwardEuler-Equation_mg_coarse_ solve converged due to CONVERGED_RTOL iterations 16
            Linear BackwardEuler-Equation_mg_coarse_ solve converged due to CONVERGED_RTOL iterations 16
            Linear BackwardEuler-Equation_mg_coarse_ solve converged due to CONVERGED_RTOL iterations 16
            Linear BackwardEuler-Equation_mg_coarse_ solve converged due to CONVERGED_RTOL iterations 16
            Linear BackwardEuler-Equation_mg_coarse_ solve converged due to CONVERGED_RTOL iterations 16
            Linear BackwardEuler-Equation_mg_coarse_ solve converged due to CONVERGED_RTOL iterations 17
            Linear BackwardEuler-Equation_mg_coarse_ solve converged due to CONVERGED_RTOL iterations 16
            Linear BackwardEuler-Equation_mg_coarse_ solve converged due to CONVERGED_RTOL iterations 16
    Linear BackwardEuler-Equation_ solve converged due to CONVERGED_RTOL iterations 20
  Nonlinear BackwardEuler-Equation_ solve converged due to CONVERGED_FNORM_ABS iterations 3
t = 5400.00 s | step 18/30 | wall 23.04 s | NL 3 | L 56
            Linear BackwardEuler-Equation_mg_coarse_ solve converged due to CONVERGED_RTOL iterations 16
            Linear BackwardEuler-Equation_mg_coarse_ solve converged due to CONVERGED_RTOL iterations 18
            Linear BackwardEuler-Equation_mg_coarse_ solve converged due to CONVERGED_RTOL iterations 17
            Linear BackwardEuler-Equation_mg_coarse_ solve converged due to CONVERGED_RTOL iterations 17
            Linear BackwardEuler-Equation_mg_coarse_ solve converged due to CONVERGED_RTOL iterations 17
            Linear BackwardEuler-Equation_mg_coarse_ solve converged due to CONVERGED_RTOL iterations 17
            Linear BackwardEuler-Equation_mg_coarse_ solve converged due to CONVERGED_RTOL iterations 17
            Linear BackwardEuler-Equation_mg_coarse_ solve converged due to CONVERGED_RTOL iterations 16
            Linear BackwardEuler-Equation_mg_coarse_ solve converged due to CONVERGED_RTOL iterations 17
            Linear BackwardEuler-Equation_mg_coarse_ solve converged due to CONVERGED_RTOL iterations 17
            Linear BackwardEuler-Equation_mg_coarse_ solve converged due to CONVERGED_RTOL iterations 17
            Linear BackwardEuler-Equation_mg_coarse_ solve converged due to CONVERGED_RTOL iterations 17
            Linear BackwardEuler-Equation_mg_coarse_ solve converged due to CONVERGED_RTOL iterations 16
            Linear BackwardEuler-Equation_mg_coarse_ solve converged due to CONVERGED_RTOL iterations 17
            Linear BackwardEuler-Equation_mg_coarse_ solve converged due to CONVERGED_RTOL iterations 17
            Linear BackwardEuler-Equation_mg_coarse_ solve converged due to CONVERGED_RTOL iterations 17
            Linear BackwardEuler-Equation_mg_coarse_ solve converged due to CONVERGED_RTOL iterations 17
            Linear BackwardEuler-Equation_mg_coarse_ solve converged due to CONVERGED_RTOL iterations 16
    Linear BackwardEuler-Equation_ solve converged due to CONVERGED_RTOL iterations 18
            Linear BackwardEuler-Equation_mg_coarse_ solve converged due to CONVERGED_RTOL iterations 16
            Linear BackwardEuler-Equation_mg_coarse_ solve converged due to CONVERGED_RTOL iterations 17
            Linear BackwardEuler-Equation_mg_coarse_ solve converged due to CONVERGED_RTOL iterations 17
            Linear BackwardEuler-Equation_mg_coarse_ solve converged due to CONVERGED_RTOL iterations 17
            Linear BackwardEuler-Equation_mg_coarse_ solve converged due to CONVERGED_RTOL iterations 17
            Linear BackwardEuler-Equation_mg_coarse_ solve converged due to CONVERGED_RTOL iterations 16
            Linear BackwardEuler-Equation_mg_coarse_ solve converged due to CONVERGED_RTOL iterations 17
            Linear BackwardEuler-Equation_mg_coarse_ solve converged due to CONVERGED_RTOL iterations 16
            Linear BackwardEuler-Equation_mg_coarse_ solve converged due to CONVERGED_RTOL iterations 17
            Linear BackwardEuler-Equation_mg_coarse_ solve converged due to CONVERGED_RTOL iterations 16
            Linear BackwardEuler-Equation_mg_coarse_ solve converged due to CONVERGED_RTOL iterations 17
            Linear BackwardEuler-Equation_mg_coarse_ solve converged due to CONVERGED_RTOL iterations 17
            Linear BackwardEuler-Equation_mg_coarse_ solve converged due to CONVERGED_RTOL iterations 16
            Linear BackwardEuler-Equation_mg_coarse_ solve converged due to CONVERGED_RTOL iterations 17
            Linear BackwardEuler-Equation_mg_coarse_ solve converged due to CONVERGED_RTOL iterations 16
            Linear BackwardEuler-Equation_mg_coarse_ solve converged due to CONVERGED_RTOL iterations 17
            Linear BackwardEuler-Equation_mg_coarse_ solve converged due to CONVERGED_RTOL iterations 17
            Linear BackwardEuler-Equation_mg_coarse_ solve converged due to CONVERGED_RTOL iterations 16
    Linear BackwardEuler-Equation_ solve converged due to CONVERGED_RTOL iterations 18
            Linear BackwardEuler-Equation_mg_coarse_ solve converged due to CONVERGED_RTOL iterations 16
            Linear BackwardEuler-Equation_mg_coarse_ solve converged due to CONVERGED_RTOL iterations 16
            Linear BackwardEuler-Equation_mg_coarse_ solve converged due to CONVERGED_RTOL iterations 16
            Linear BackwardEuler-Equation_mg_coarse_ solve converged due to CONVERGED_RTOL iterations 17
            Linear BackwardEuler-Equation_mg_coarse_ solve converged due to CONVERGED_RTOL iterations 16
            Linear BackwardEuler-Equation_mg_coarse_ solve converged due to CONVERGED_RTOL iterations 17
            Linear BackwardEuler-Equation_mg_coarse_ solve converged due to CONVERGED_RTOL iterations 16
            Linear BackwardEuler-Equation_mg_coarse_ solve converged due to CONVERGED_RTOL iterations 16
            Linear BackwardEuler-Equation_mg_coarse_ solve converged due to CONVERGED_RTOL iterations 16
            Linear BackwardEuler-Equation_mg_coarse_ solve converged due to CONVERGED_RTOL iterations 16
            Linear BackwardEuler-Equation_mg_coarse_ solve converged due to CONVERGED_RTOL iterations 16
            Linear BackwardEuler-Equation_mg_coarse_ solve converged due to CONVERGED_RTOL iterations 16
            Linear BackwardEuler-Equation_mg_coarse_ solve converged due to CONVERGED_RTOL iterations 16
            Linear BackwardEuler-Equation_mg_coarse_ solve converged due to CONVERGED_RTOL iterations 16
            Linear BackwardEuler-Equation_mg_coarse_ solve converged due to CONVERGED_RTOL iterations 16
            Linear BackwardEuler-Equation_mg_coarse_ solve converged due to CONVERGED_RTOL iterations 16
            Linear BackwardEuler-Equation_mg_coarse_ solve converged due to CONVERGED_RTOL iterations 16
            Linear BackwardEuler-Equation_mg_coarse_ solve converged due to CONVERGED_RTOL iterations 17
            Linear BackwardEuler-Equation_mg_coarse_ solve converged due to CONVERGED_RTOL iterations 17
            Linear BackwardEuler-Equation_mg_coarse_ solve converged due to CONVERGED_RTOL iterations 17
    Linear BackwardEuler-Equation_ solve converged due to CONVERGED_RTOL iterations 20
  Nonlinear BackwardEuler-Equation_ solve converged due to CONVERGED_FNORM_ABS iterations 3
t = 5700.00 s | step 19/30 | wall 23.04 s | NL 3 | L 56
            Linear BackwardEuler-Equation_mg_coarse_ solve converged due to CONVERGED_RTOL iterations 16
            Linear BackwardEuler-Equation_mg_coarse_ solve converged due to CONVERGED_RTOL iterations 18
            Linear BackwardEuler-Equation_mg_coarse_ solve converged due to CONVERGED_RTOL iterations 18
            Linear BackwardEuler-Equation_mg_coarse_ solve converged due to CONVERGED_RTOL iterations 17
            Linear BackwardEuler-Equation_mg_coarse_ solve converged due to CONVERGED_RTOL iterations 17
            Linear BackwardEuler-Equation_mg_coarse_ solve converged due to CONVERGED_RTOL iterations 17
            Linear BackwardEuler-Equation_mg_coarse_ solve converged due to CONVERGED_RTOL iterations 17
            Linear BackwardEuler-Equation_mg_coarse_ solve converged due to CONVERGED_RTOL iterations 17
            Linear BackwardEuler-Equation_mg_coarse_ solve converged due to CONVERGED_RTOL iterations 17
            Linear BackwardEuler-Equation_mg_coarse_ solve converged due to CONVERGED_RTOL iterations 17
            Linear BackwardEuler-Equation_mg_coarse_ solve converged due to CONVERGED_RTOL iterations 17
            Linear BackwardEuler-Equation_mg_coarse_ solve converged due to CONVERGED_RTOL iterations 17
            Linear BackwardEuler-Equation_mg_coarse_ solve converged due to CONVERGED_RTOL iterations 16
            Linear BackwardEuler-Equation_mg_coarse_ solve converged due to CONVERGED_RTOL iterations 17
            Linear BackwardEuler-Equation_mg_coarse_ solve converged due to CONVERGED_RTOL iterations 17
            Linear BackwardEuler-Equation_mg_coarse_ solve converged due to CONVERGED_RTOL iterations 17
            Linear BackwardEuler-Equation_mg_coarse_ solve converged due to CONVERGED_RTOL iterations 17
            Linear BackwardEuler-Equation_mg_coarse_ solve converged due to CONVERGED_RTOL iterations 17
    Linear BackwardEuler-Equation_ solve converged due to CONVERGED_RTOL iterations 18
            Linear BackwardEuler-Equation_mg_coarse_ solve converged due to CONVERGED_RTOL iterations 16
            Linear BackwardEuler-Equation_mg_coarse_ solve converged due to CONVERGED_RTOL iterations 17
            Linear BackwardEuler-Equation_mg_coarse_ solve converged due to CONVERGED_RTOL iterations 17
            Linear BackwardEuler-Equation_mg_coarse_ solve converged due to CONVERGED_RTOL iterations 17
            Linear BackwardEuler-Equation_mg_coarse_ solve converged due to CONVERGED_RTOL iterations 17
            Linear BackwardEuler-Equation_mg_coarse_ solve converged due to CONVERGED_RTOL iterations 16
            Linear BackwardEuler-Equation_mg_coarse_ solve converged due to CONVERGED_RTOL iterations 17
            Linear BackwardEuler-Equation_mg_coarse_ solve converged due to CONVERGED_RTOL iterations 16
            Linear BackwardEuler-Equation_mg_coarse_ solve converged due to CONVERGED_RTOL iterations 17
            Linear BackwardEuler-Equation_mg_coarse_ solve converged due to CONVERGED_RTOL iterations 16
            Linear BackwardEuler-Equation_mg_coarse_ solve converged due to CONVERGED_RTOL iterations 17
            Linear BackwardEuler-Equation_mg_coarse_ solve converged due to CONVERGED_RTOL iterations 17
            Linear BackwardEuler-Equation_mg_coarse_ solve converged due to CONVERGED_RTOL iterations 16
            Linear BackwardEuler-Equation_mg_coarse_ solve converged due to CONVERGED_RTOL iterations 17
            Linear BackwardEuler-Equation_mg_coarse_ solve converged due to CONVERGED_RTOL iterations 16
            Linear BackwardEuler-Equation_mg_coarse_ solve converged due to CONVERGED_RTOL iterations 17
            Linear BackwardEuler-Equation_mg_coarse_ solve converged due to CONVERGED_RTOL iterations 17
            Linear BackwardEuler-Equation_mg_coarse_ solve converged due to CONVERGED_RTOL iterations 17
    Linear BackwardEuler-Equation_ solve converged due to CONVERGED_RTOL iterations 18
            Linear BackwardEuler-Equation_mg_coarse_ solve converged due to CONVERGED_RTOL iterations 16
            Linear BackwardEuler-Equation_mg_coarse_ solve converged due to CONVERGED_RTOL iterations 16
            Linear BackwardEuler-Equation_mg_coarse_ solve converged due to CONVERGED_RTOL iterations 16
            Linear BackwardEuler-Equation_mg_coarse_ solve converged due to CONVERGED_RTOL iterations 17
            Linear BackwardEuler-Equation_mg_coarse_ solve converged due to CONVERGED_RTOL iterations 16
            Linear BackwardEuler-Equation_mg_coarse_ solve converged due to CONVERGED_RTOL iterations 17
            Linear BackwardEuler-Equation_mg_coarse_ solve converged due to CONVERGED_RTOL iterations 16
            Linear BackwardEuler-Equation_mg_coarse_ solve converged due to CONVERGED_RTOL iterations 16
            Linear BackwardEuler-Equation_mg_coarse_ solve converged due to CONVERGED_RTOL iterations 16
            Linear BackwardEuler-Equation_mg_coarse_ solve converged due to CONVERGED_RTOL iterations 16
            Linear BackwardEuler-Equation_mg_coarse_ solve converged due to CONVERGED_RTOL iterations 17
            Linear BackwardEuler-Equation_mg_coarse_ solve converged due to CONVERGED_RTOL iterations 16
            Linear BackwardEuler-Equation_mg_coarse_ solve converged due to CONVERGED_RTOL iterations 16
            Linear BackwardEuler-Equation_mg_coarse_ solve converged due to CONVERGED_RTOL iterations 16
            Linear BackwardEuler-Equation_mg_coarse_ solve converged due to CONVERGED_RTOL iterations 16
            Linear BackwardEuler-Equation_mg_coarse_ solve converged due to CONVERGED_RTOL iterations 16
            Linear BackwardEuler-Equation_mg_coarse_ solve converged due to CONVERGED_RTOL iterations 16
            Linear BackwardEuler-Equation_mg_coarse_ solve converged due to CONVERGED_RTOL iterations 17
            Linear BackwardEuler-Equation_mg_coarse_ solve converged due to CONVERGED_RTOL iterations 17
            Linear BackwardEuler-Equation_mg_coarse_ solve converged due to CONVERGED_RTOL iterations 17
    Linear BackwardEuler-Equation_ solve converged due to CONVERGED_RTOL iterations 20
  Nonlinear BackwardEuler-Equation_ solve converged due to CONVERGED_FNORM_ABS iterations 3
t = 6000.00 s | step 20/30 | wall 23.05 s | NL 3 | L 56
            Linear BackwardEuler-Equation_mg_coarse_ solve converged due to CONVERGED_RTOL iterations 16
            Linear BackwardEuler-Equation_mg_coarse_ solve converged due to CONVERGED_RTOL iterations 18
            Linear BackwardEuler-Equation_mg_coarse_ solve converged due to CONVERGED_RTOL iterations 18
            Linear BackwardEuler-Equation_mg_coarse_ solve converged due to CONVERGED_RTOL iterations 17
            Linear BackwardEuler-Equation_mg_coarse_ solve converged due to CONVERGED_RTOL iterations 17
            Linear BackwardEuler-Equation_mg_coarse_ solve converged due to CONVERGED_RTOL iterations 17
            Linear BackwardEuler-Equation_mg_coarse_ solve converged due to CONVERGED_RTOL iterations 17
            Linear BackwardEuler-Equation_mg_coarse_ solve converged due to CONVERGED_RTOL iterations 17
            Linear BackwardEuler-Equation_mg_coarse_ solve converged due to CONVERGED_RTOL iterations 17
            Linear BackwardEuler-Equation_mg_coarse_ solve converged due to CONVERGED_RTOL iterations 17
            Linear BackwardEuler-Equation_mg_coarse_ solve converged due to CONVERGED_RTOL iterations 17
            Linear BackwardEuler-Equation_mg_coarse_ solve converged due to CONVERGED_RTOL iterations 17
            Linear BackwardEuler-Equation_mg_coarse_ solve converged due to CONVERGED_RTOL iterations 16
            Linear BackwardEuler-Equation_mg_coarse_ solve converged due to CONVERGED_RTOL iterations 17
            Linear BackwardEuler-Equation_mg_coarse_ solve converged due to CONVERGED_RTOL iterations 17
            Linear BackwardEuler-Equation_mg_coarse_ solve converged due to CONVERGED_RTOL iterations 17
            Linear BackwardEuler-Equation_mg_coarse_ solve converged due to CONVERGED_RTOL iterations 17
            Linear BackwardEuler-Equation_mg_coarse_ solve converged due to CONVERGED_RTOL iterations 17
    Linear BackwardEuler-Equation_ solve converged due to CONVERGED_RTOL iterations 18
            Linear BackwardEuler-Equation_mg_coarse_ solve converged due to CONVERGED_RTOL iterations 16
            Linear BackwardEuler-Equation_mg_coarse_ solve converged due to CONVERGED_RTOL iterations 17
            Linear BackwardEuler-Equation_mg_coarse_ solve converged due to CONVERGED_RTOL iterations 17
            Linear BackwardEuler-Equation_mg_coarse_ solve converged due to CONVERGED_RTOL iterations 17
            Linear BackwardEuler-Equation_mg_coarse_ solve converged due to CONVERGED_RTOL iterations 17
            Linear BackwardEuler-Equation_mg_coarse_ solve converged due to CONVERGED_RTOL iterations 16
            Linear BackwardEuler-Equation_mg_coarse_ solve converged due to CONVERGED_RTOL iterations 17
            Linear BackwardEuler-Equation_mg_coarse_ solve converged due to CONVERGED_RTOL iterations 16
            Linear BackwardEuler-Equation_mg_coarse_ solve converged due to CONVERGED_RTOL iterations 17
            Linear BackwardEuler-Equation_mg_coarse_ solve converged due to CONVERGED_RTOL iterations 16
            Linear BackwardEuler-Equation_mg_coarse_ solve converged due to CONVERGED_RTOL iterations 17
            Linear BackwardEuler-Equation_mg_coarse_ solve converged due to CONVERGED_RTOL iterations 17
            Linear BackwardEuler-Equation_mg_coarse_ solve converged due to CONVERGED_RTOL iterations 16
            Linear BackwardEuler-Equation_mg_coarse_ solve converged due to CONVERGED_RTOL iterations 17
            Linear BackwardEuler-Equation_mg_coarse_ solve converged due to CONVERGED_RTOL iterations 16
            Linear BackwardEuler-Equation_mg_coarse_ solve converged due to CONVERGED_RTOL iterations 17
            Linear BackwardEuler-Equation_mg_coarse_ solve converged due to CONVERGED_RTOL iterations 17
            Linear BackwardEuler-Equation_mg_coarse_ solve converged due to CONVERGED_RTOL iterations 17
    Linear BackwardEuler-Equation_ solve converged due to CONVERGED_RTOL iterations 18
            Linear BackwardEuler-Equation_mg_coarse_ solve converged due to CONVERGED_RTOL iterations 16
            Linear BackwardEuler-Equation_mg_coarse_ solve converged due to CONVERGED_RTOL iterations 16
            Linear BackwardEuler-Equation_mg_coarse_ solve converged due to CONVERGED_RTOL iterations 16
            Linear BackwardEuler-Equation_mg_coarse_ solve converged due to CONVERGED_RTOL iterations 17
            Linear BackwardEuler-Equation_mg_coarse_ solve converged due to CONVERGED_RTOL iterations 16
            Linear BackwardEuler-Equation_mg_coarse_ solve converged due to CONVERGED_RTOL iterations 17
            Linear BackwardEuler-Equation_mg_coarse_ solve converged due to CONVERGED_RTOL iterations 16
            Linear BackwardEuler-Equation_mg_coarse_ solve converged due to CONVERGED_RTOL iterations 16
            Linear BackwardEuler-Equation_mg_coarse_ solve converged due to CONVERGED_RTOL iterations 16
            Linear BackwardEuler-Equation_mg_coarse_ solve converged due to CONVERGED_RTOL iterations 16
            Linear BackwardEuler-Equation_mg_coarse_ solve converged due to CONVERGED_RTOL iterations 17
            Linear BackwardEuler-Equation_mg_coarse_ solve converged due to CONVERGED_RTOL iterations 16
            Linear BackwardEuler-Equation_mg_coarse_ solve converged due to CONVERGED_RTOL iterations 16
            Linear BackwardEuler-Equation_mg_coarse_ solve converged due to CONVERGED_RTOL iterations 16
            Linear BackwardEuler-Equation_mg_coarse_ solve converged due to CONVERGED_RTOL iterations 16
            Linear BackwardEuler-Equation_mg_coarse_ solve converged due to CONVERGED_RTOL iterations 16
            Linear BackwardEuler-Equation_mg_coarse_ solve converged due to CONVERGED_RTOL iterations 16
            Linear BackwardEuler-Equation_mg_coarse_ solve converged due to CONVERGED_RTOL iterations 17
            Linear BackwardEuler-Equation_mg_coarse_ solve converged due to CONVERGED_RTOL iterations 17
            Linear BackwardEuler-Equation_mg_coarse_ solve converged due to CONVERGED_RTOL iterations 17
    Linear BackwardEuler-Equation_ solve converged due to CONVERGED_RTOL iterations 20
  Nonlinear BackwardEuler-Equation_ solve converged due to CONVERGED_FNORM_ABS iterations 3
t = 6300.00 s | step 21/30 | wall 23.05 s | NL 3 | L 56
            Linear BackwardEuler-Equation_mg_coarse_ solve converged due to CONVERGED_RTOL iterations 16
            Linear BackwardEuler-Equation_mg_coarse_ solve converged due to CONVERGED_RTOL iterations 18
            Linear BackwardEuler-Equation_mg_coarse_ solve converged due to CONVERGED_RTOL iterations 18
            Linear BackwardEuler-Equation_mg_coarse_ solve converged due to CONVERGED_RTOL iterations 17
            Linear BackwardEuler-Equation_mg_coarse_ solve converged due to CONVERGED_RTOL iterations 17
            Linear BackwardEuler-Equation_mg_coarse_ solve converged due to CONVERGED_RTOL iterations 17
            Linear BackwardEuler-Equation_mg_coarse_ solve converged due to CONVERGED_RTOL iterations 18
            Linear BackwardEuler-Equation_mg_coarse_ solve converged due to CONVERGED_RTOL iterations 17
            Linear BackwardEuler-Equation_mg_coarse_ solve converged due to CONVERGED_RTOL iterations 17
            Linear BackwardEuler-Equation_mg_coarse_ solve converged due to CONVERGED_RTOL iterations 17
            Linear BackwardEuler-Equation_mg_coarse_ solve converged due to CONVERGED_RTOL iterations 17
            Linear BackwardEuler-Equation_mg_coarse_ solve converged due to CONVERGED_RTOL iterations 17
            Linear BackwardEuler-Equation_mg_coarse_ solve converged due to CONVERGED_RTOL iterations 17
            Linear BackwardEuler-Equation_mg_coarse_ solve converged due to CONVERGED_RTOL iterations 17
            Linear BackwardEuler-Equation_mg_coarse_ solve converged due to CONVERGED_RTOL iterations 17
            Linear BackwardEuler-Equation_mg_coarse_ solve converged due to CONVERGED_RTOL iterations 17
            Linear BackwardEuler-Equation_mg_coarse_ solve converged due to CONVERGED_RTOL iterations 17
            Linear BackwardEuler-Equation_mg_coarse_ solve converged due to CONVERGED_RTOL iterations 17
    Linear BackwardEuler-Equation_ solve converged due to CONVERGED_RTOL iterations 18
            Linear BackwardEuler-Equation_mg_coarse_ solve converged due to CONVERGED_RTOL iterations 16
            Linear BackwardEuler-Equation_mg_coarse_ solve converged due to CONVERGED_RTOL iterations 17
            Linear BackwardEuler-Equation_mg_coarse_ solve converged due to CONVERGED_RTOL iterations 17
            Linear BackwardEuler-Equation_mg_coarse_ solve converged due to CONVERGED_RTOL iterations 17
            Linear BackwardEuler-Equation_mg_coarse_ solve converged due to CONVERGED_RTOL iterations 17
            Linear BackwardEuler-Equation_mg_coarse_ solve converged due to CONVERGED_RTOL iterations 16
            Linear BackwardEuler-Equation_mg_coarse_ solve converged due to CONVERGED_RTOL iterations 17
            Linear BackwardEuler-Equation_mg_coarse_ solve converged due to CONVERGED_RTOL iterations 16
            Linear BackwardEuler-Equation_mg_coarse_ solve converged due to CONVERGED_RTOL iterations 17
            Linear BackwardEuler-Equation_mg_coarse_ solve converged due to CONVERGED_RTOL iterations 16
            Linear BackwardEuler-Equation_mg_coarse_ solve converged due to CONVERGED_RTOL iterations 17
            Linear BackwardEuler-Equation_mg_coarse_ solve converged due to CONVERGED_RTOL iterations 17
            Linear BackwardEuler-Equation_mg_coarse_ solve converged due to CONVERGED_RTOL iterations 17
            Linear BackwardEuler-Equation_mg_coarse_ solve converged due to CONVERGED_RTOL iterations 17
            Linear BackwardEuler-Equation_mg_coarse_ solve converged due to CONVERGED_RTOL iterations 16
            Linear BackwardEuler-Equation_mg_coarse_ solve converged due to CONVERGED_RTOL iterations 17
            Linear BackwardEuler-Equation_mg_coarse_ solve converged due to CONVERGED_RTOL iterations 17
            Linear BackwardEuler-Equation_mg_coarse_ solve converged due to CONVERGED_RTOL iterations 17
    Linear BackwardEuler-Equation_ solve converged due to CONVERGED_RTOL iterations 18
            Linear BackwardEuler-Equation_mg_coarse_ solve converged due to CONVERGED_RTOL iterations 16
            Linear BackwardEuler-Equation_mg_coarse_ solve converged due to CONVERGED_RTOL iterations 16
            Linear BackwardEuler-Equation_mg_coarse_ solve converged due to CONVERGED_RTOL iterations 16
            Linear BackwardEuler-Equation_mg_coarse_ solve converged due to CONVERGED_RTOL iterations 17
            Linear BackwardEuler-Equation_mg_coarse_ solve converged due to CONVERGED_RTOL iterations 17
            Linear BackwardEuler-Equation_mg_coarse_ solve converged due to CONVERGED_RTOL iterations 17
            Linear BackwardEuler-Equation_mg_coarse_ solve converged due to CONVERGED_RTOL iterations 16
            Linear BackwardEuler-Equation_mg_coarse_ solve converged due to CONVERGED_RTOL iterations 16
            Linear BackwardEuler-Equation_mg_coarse_ solve converged due to CONVERGED_RTOL iterations 16
            Linear BackwardEuler-Equation_mg_coarse_ solve converged due to CONVERGED_RTOL iterations 16
            Linear BackwardEuler-Equation_mg_coarse_ solve converged due to CONVERGED_RTOL iterations 17
            Linear BackwardEuler-Equation_mg_coarse_ solve converged due to CONVERGED_RTOL iterations 16
            Linear BackwardEuler-Equation_mg_coarse_ solve converged due to CONVERGED_RTOL iterations 16
            Linear BackwardEuler-Equation_mg_coarse_ solve converged due to CONVERGED_RTOL iterations 16
            Linear BackwardEuler-Equation_mg_coarse_ solve converged due to CONVERGED_RTOL iterations 16
            Linear BackwardEuler-Equation_mg_coarse_ solve converged due to CONVERGED_RTOL iterations 16
            Linear BackwardEuler-Equation_mg_coarse_ solve converged due to CONVERGED_RTOL iterations 16
            Linear BackwardEuler-Equation_mg_coarse_ solve converged due to CONVERGED_RTOL iterations 17
            Linear BackwardEuler-Equation_mg_coarse_ solve converged due to CONVERGED_RTOL iterations 17
            Linear BackwardEuler-Equation_mg_coarse_ solve converged due to CONVERGED_RTOL iterations 16
    Linear BackwardEuler-Equation_ solve converged due to CONVERGED_RTOL iterations 20
  Nonlinear BackwardEuler-Equation_ solve converged due to CONVERGED_FNORM_ABS iterations 3
t = 6600.00 s | step 22/30 | wall 23.03 s | NL 3 | L 56
            Linear BackwardEuler-Equation_mg_coarse_ solve converged due to CONVERGED_RTOL iterations 16
            Linear BackwardEuler-Equation_mg_coarse_ solve converged due to CONVERGED_RTOL iterations 18
            Linear BackwardEuler-Equation_mg_coarse_ solve converged due to CONVERGED_RTOL iterations 18
            Linear BackwardEuler-Equation_mg_coarse_ solve converged due to CONVERGED_RTOL iterations 17
            Linear BackwardEuler-Equation_mg_coarse_ solve converged due to CONVERGED_RTOL iterations 17
            Linear BackwardEuler-Equation_mg_coarse_ solve converged due to CONVERGED_RTOL iterations 17
            Linear BackwardEuler-Equation_mg_coarse_ solve converged due to CONVERGED_RTOL iterations 18
            Linear BackwardEuler-Equation_mg_coarse_ solve converged due to CONVERGED_RTOL iterations 17
            Linear BackwardEuler-Equation_mg_coarse_ solve converged due to CONVERGED_RTOL iterations 17
            Linear BackwardEuler-Equation_mg_coarse_ solve converged due to CONVERGED_RTOL iterations 17
            Linear BackwardEuler-Equation_mg_coarse_ solve converged due to CONVERGED_RTOL iterations 17
            Linear BackwardEuler-Equation_mg_coarse_ solve converged due to CONVERGED_RTOL iterations 17
            Linear BackwardEuler-Equation_mg_coarse_ solve converged due to CONVERGED_RTOL iterations 17
            Linear BackwardEuler-Equation_mg_coarse_ solve converged due to CONVERGED_RTOL iterations 17
            Linear BackwardEuler-Equation_mg_coarse_ solve converged due to CONVERGED_RTOL iterations 17
            Linear BackwardEuler-Equation_mg_coarse_ solve converged due to CONVERGED_RTOL iterations 17
            Linear BackwardEuler-Equation_mg_coarse_ solve converged due to CONVERGED_RTOL iterations 17
            Linear BackwardEuler-Equation_mg_coarse_ solve converged due to CONVERGED_RTOL iterations 17
    Linear BackwardEuler-Equation_ solve converged due to CONVERGED_RTOL iterations 18
            Linear BackwardEuler-Equation_mg_coarse_ solve converged due to CONVERGED_RTOL iterations 16
            Linear BackwardEuler-Equation_mg_coarse_ solve converged due to CONVERGED_RTOL iterations 17
            Linear BackwardEuler-Equation_mg_coarse_ solve converged due to CONVERGED_RTOL iterations 17
            Linear BackwardEuler-Equation_mg_coarse_ solve converged due to CONVERGED_RTOL iterations 17
            Linear BackwardEuler-Equation_mg_coarse_ solve converged due to CONVERGED_RTOL iterations 17
            Linear BackwardEuler-Equation_mg_coarse_ solve converged due to CONVERGED_RTOL iterations 16
            Linear BackwardEuler-Equation_mg_coarse_ solve converged due to CONVERGED_RTOL iterations 17
            Linear BackwardEuler-Equation_mg_coarse_ solve converged due to CONVERGED_RTOL iterations 16
            Linear BackwardEuler-Equation_mg_coarse_ solve converged due to CONVERGED_RTOL iterations 17
            Linear BackwardEuler-Equation_mg_coarse_ solve converged due to CONVERGED_RTOL iterations 16
            Linear BackwardEuler-Equation_mg_coarse_ solve converged due to CONVERGED_RTOL iterations 17
            Linear BackwardEuler-Equation_mg_coarse_ solve converged due to CONVERGED_RTOL iterations 16
            Linear BackwardEuler-Equation_mg_coarse_ solve converged due to CONVERGED_RTOL iterations 17
            Linear BackwardEuler-Equation_mg_coarse_ solve converged due to CONVERGED_RTOL iterations 17
            Linear BackwardEuler-Equation_mg_coarse_ solve converged due to CONVERGED_RTOL iterations 16
            Linear BackwardEuler-Equation_mg_coarse_ solve converged due to CONVERGED_RTOL iterations 17
            Linear BackwardEuler-Equation_mg_coarse_ solve converged due to CONVERGED_RTOL iterations 17
            Linear BackwardEuler-Equation_mg_coarse_ solve converged due to CONVERGED_RTOL iterations 17
    Linear BackwardEuler-Equation_ solve converged due to CONVERGED_RTOL iterations 18
            Linear BackwardEuler-Equation_mg_coarse_ solve converged due to CONVERGED_RTOL iterations 16
            Linear BackwardEuler-Equation_mg_coarse_ solve converged due to CONVERGED_RTOL iterations 16
            Linear BackwardEuler-Equation_mg_coarse_ solve converged due to CONVERGED_RTOL iterations 16
            Linear BackwardEuler-Equation_mg_coarse_ solve converged due to CONVERGED_RTOL iterations 17
            Linear BackwardEuler-Equation_mg_coarse_ solve converged due to CONVERGED_RTOL iterations 17
            Linear BackwardEuler-Equation_mg_coarse_ solve converged due to CONVERGED_RTOL iterations 17
            Linear BackwardEuler-Equation_mg_coarse_ solve converged due to CONVERGED_RTOL iterations 16
            Linear BackwardEuler-Equation_mg_coarse_ solve converged due to CONVERGED_RTOL iterations 16
            Linear BackwardEuler-Equation_mg_coarse_ solve converged due to CONVERGED_RTOL iterations 16
            Linear BackwardEuler-Equation_mg_coarse_ solve converged due to CONVERGED_RTOL iterations 16
            Linear BackwardEuler-Equation_mg_coarse_ solve converged due to CONVERGED_RTOL iterations 17
            Linear BackwardEuler-Equation_mg_coarse_ solve converged due to CONVERGED_RTOL iterations 16
            Linear BackwardEuler-Equation_mg_coarse_ solve converged due to CONVERGED_RTOL iterations 16
            Linear BackwardEuler-Equation_mg_coarse_ solve converged due to CONVERGED_RTOL iterations 16
            Linear BackwardEuler-Equation_mg_coarse_ solve converged due to CONVERGED_RTOL iterations 16
            Linear BackwardEuler-Equation_mg_coarse_ solve converged due to CONVERGED_RTOL iterations 16
            Linear BackwardEuler-Equation_mg_coarse_ solve converged due to CONVERGED_RTOL iterations 16
            Linear BackwardEuler-Equation_mg_coarse_ solve converged due to CONVERGED_RTOL iterations 17
            Linear BackwardEuler-Equation_mg_coarse_ solve converged due to CONVERGED_RTOL iterations 17
            Linear BackwardEuler-Equation_mg_coarse_ solve converged due to CONVERGED_RTOL iterations 16
    Linear BackwardEuler-Equation_ solve converged due to CONVERGED_RTOL iterations 20
  Nonlinear BackwardEuler-Equation_ solve converged due to CONVERGED_FNORM_ABS iterations 3
t = 6900.00 s | step 23/30 | wall 23.04 s | NL 3 | L 56
            Linear BackwardEuler-Equation_mg_coarse_ solve converged due to CONVERGED_RTOL iterations 17
            Linear BackwardEuler-Equation_mg_coarse_ solve converged due to CONVERGED_RTOL iterations 18
            Linear BackwardEuler-Equation_mg_coarse_ solve converged due to CONVERGED_RTOL iterations 18
            Linear BackwardEuler-Equation_mg_coarse_ solve converged due to CONVERGED_RTOL iterations 17
            Linear BackwardEuler-Equation_mg_coarse_ solve converged due to CONVERGED_RTOL iterations 17
            Linear BackwardEuler-Equation_mg_coarse_ solve converged due to CONVERGED_RTOL iterations 17
            Linear BackwardEuler-Equation_mg_coarse_ solve converged due to CONVERGED_RTOL iterations 18
            Linear BackwardEuler-Equation_mg_coarse_ solve converged due to CONVERGED_RTOL iterations 17
            Linear BackwardEuler-Equation_mg_coarse_ solve converged due to CONVERGED_RTOL iterations 17
            Linear BackwardEuler-Equation_mg_coarse_ solve converged due to CONVERGED_RTOL iterations 17
            Linear BackwardEuler-Equation_mg_coarse_ solve converged due to CONVERGED_RTOL iterations 17
            Linear BackwardEuler-Equation_mg_coarse_ solve converged due to CONVERGED_RTOL iterations 17
            Linear BackwardEuler-Equation_mg_coarse_ solve converged due to CONVERGED_RTOL iterations 17
            Linear BackwardEuler-Equation_mg_coarse_ solve converged due to CONVERGED_RTOL iterations 17
            Linear BackwardEuler-Equation_mg_coarse_ solve converged due to CONVERGED_RTOL iterations 17
            Linear BackwardEuler-Equation_mg_coarse_ solve converged due to CONVERGED_RTOL iterations 17
            Linear BackwardEuler-Equation_mg_coarse_ solve converged due to CONVERGED_RTOL iterations 17
            Linear BackwardEuler-Equation_mg_coarse_ solve converged due to CONVERGED_RTOL iterations 17
    Linear BackwardEuler-Equation_ solve converged due to CONVERGED_RTOL iterations 18
            Linear BackwardEuler-Equation_mg_coarse_ solve converged due to CONVERGED_RTOL iterations 16
            Linear BackwardEuler-Equation_mg_coarse_ solve converged due to CONVERGED_RTOL iterations 17
            Linear BackwardEuler-Equation_mg_coarse_ solve converged due to CONVERGED_RTOL iterations 17
            Linear BackwardEuler-Equation_mg_coarse_ solve converged due to CONVERGED_RTOL iterations 17
            Linear BackwardEuler-Equation_mg_coarse_ solve converged due to CONVERGED_RTOL iterations 17
            Linear BackwardEuler-Equation_mg_coarse_ solve converged due to CONVERGED_RTOL iterations 16
            Linear BackwardEuler-Equation_mg_coarse_ solve converged due to CONVERGED_RTOL iterations 17
            Linear BackwardEuler-Equation_mg_coarse_ solve converged due to CONVERGED_RTOL iterations 16
            Linear BackwardEuler-Equation_mg_coarse_ solve converged due to CONVERGED_RTOL iterations 17
            Linear BackwardEuler-Equation_mg_coarse_ solve converged due to CONVERGED_RTOL iterations 16
            Linear BackwardEuler-Equation_mg_coarse_ solve converged due to CONVERGED_RTOL iterations 17
            Linear BackwardEuler-Equation_mg_coarse_ solve converged due to CONVERGED_RTOL iterations 16
            Linear BackwardEuler-Equation_mg_coarse_ solve converged due to CONVERGED_RTOL iterations 17
            Linear BackwardEuler-Equation_mg_coarse_ solve converged due to CONVERGED_RTOL iterations 17
            Linear BackwardEuler-Equation_mg_coarse_ solve converged due to CONVERGED_RTOL iterations 16
            Linear BackwardEuler-Equation_mg_coarse_ solve converged due to CONVERGED_RTOL iterations 17
            Linear BackwardEuler-Equation_mg_coarse_ solve converged due to CONVERGED_RTOL iterations 17
            Linear BackwardEuler-Equation_mg_coarse_ solve converged due to CONVERGED_RTOL iterations 17
    Linear BackwardEuler-Equation_ solve converged due to CONVERGED_RTOL iterations 18
            Linear BackwardEuler-Equation_mg_coarse_ solve converged due to CONVERGED_RTOL iterations 16
            Linear BackwardEuler-Equation_mg_coarse_ solve converged due to CONVERGED_RTOL iterations 16
            Linear BackwardEuler-Equation_mg_coarse_ solve converged due to CONVERGED_RTOL iterations 16
            Linear BackwardEuler-Equation_mg_coarse_ solve converged due to CONVERGED_RTOL iterations 17
            Linear BackwardEuler-Equation_mg_coarse_ solve converged due to CONVERGED_RTOL iterations 17
            Linear BackwardEuler-Equation_mg_coarse_ solve converged due to CONVERGED_RTOL iterations 17
            Linear BackwardEuler-Equation_mg_coarse_ solve converged due to CONVERGED_RTOL iterations 16
            Linear BackwardEuler-Equation_mg_coarse_ solve converged due to CONVERGED_RTOL iterations 16
            Linear BackwardEuler-Equation_mg_coarse_ solve converged due to CONVERGED_RTOL iterations 16
            Linear BackwardEuler-Equation_mg_coarse_ solve converged due to CONVERGED_RTOL iterations 16
            Linear BackwardEuler-Equation_mg_coarse_ solve converged due to CONVERGED_RTOL iterations 16
            Linear BackwardEuler-Equation_mg_coarse_ solve converged due to CONVERGED_RTOL iterations 16
            Linear BackwardEuler-Equation_mg_coarse_ solve converged due to CONVERGED_RTOL iterations 16
            Linear BackwardEuler-Equation_mg_coarse_ solve converged due to CONVERGED_RTOL iterations 16
            Linear BackwardEuler-Equation_mg_coarse_ solve converged due to CONVERGED_RTOL iterations 16
            Linear BackwardEuler-Equation_mg_coarse_ solve converged due to CONVERGED_RTOL iterations 16
            Linear BackwardEuler-Equation_mg_coarse_ solve converged due to CONVERGED_RTOL iterations 16
            Linear BackwardEuler-Equation_mg_coarse_ solve converged due to CONVERGED_RTOL iterations 17
            Linear BackwardEuler-Equation_mg_coarse_ solve converged due to CONVERGED_RTOL iterations 17
            Linear BackwardEuler-Equation_mg_coarse_ solve converged due to CONVERGED_RTOL iterations 17
    Linear BackwardEuler-Equation_ solve converged due to CONVERGED_RTOL iterations 20
  Nonlinear BackwardEuler-Equation_ solve converged due to CONVERGED_FNORM_ABS iterations 3
t = 7200.00 s | step 24/30 | wall 23.17 s | NL 3 | L 56
            Linear BackwardEuler-Equation_mg_coarse_ solve converged due to CONVERGED_RTOL iterations 17
            Linear BackwardEuler-Equation_mg_coarse_ solve converged due to CONVERGED_RTOL iterations 18
            Linear BackwardEuler-Equation_mg_coarse_ solve converged due to CONVERGED_RTOL iterations 18
            Linear BackwardEuler-Equation_mg_coarse_ solve converged due to CONVERGED_RTOL iterations 17
            Linear BackwardEuler-Equation_mg_coarse_ solve converged due to CONVERGED_RTOL iterations 17
            Linear BackwardEuler-Equation_mg_coarse_ solve converged due to CONVERGED_RTOL iterations 17
            Linear BackwardEuler-Equation_mg_coarse_ solve converged due to CONVERGED_RTOL iterations 18
            Linear BackwardEuler-Equation_mg_coarse_ solve converged due to CONVERGED_RTOL iterations 17
            Linear BackwardEuler-Equation_mg_coarse_ solve converged due to CONVERGED_RTOL iterations 17
            Linear BackwardEuler-Equation_mg_coarse_ solve converged due to CONVERGED_RTOL iterations 17
            Linear BackwardEuler-Equation_mg_coarse_ solve converged due to CONVERGED_RTOL iterations 17
            Linear BackwardEuler-Equation_mg_coarse_ solve converged due to CONVERGED_RTOL iterations 18
            Linear BackwardEuler-Equation_mg_coarse_ solve converged due to CONVERGED_RTOL iterations 17
            Linear BackwardEuler-Equation_mg_coarse_ solve converged due to CONVERGED_RTOL iterations 17
            Linear BackwardEuler-Equation_mg_coarse_ solve converged due to CONVERGED_RTOL iterations 17
            Linear BackwardEuler-Equation_mg_coarse_ solve converged due to CONVERGED_RTOL iterations 17
            Linear BackwardEuler-Equation_mg_coarse_ solve converged due to CONVERGED_RTOL iterations 17
            Linear BackwardEuler-Equation_mg_coarse_ solve converged due to CONVERGED_RTOL iterations 17
    Linear BackwardEuler-Equation_ solve converged due to CONVERGED_RTOL iterations 18
            Linear BackwardEuler-Equation_mg_coarse_ solve converged due to CONVERGED_RTOL iterations 16
            Linear BackwardEuler-Equation_mg_coarse_ solve converged due to CONVERGED_RTOL iterations 17
            Linear BackwardEuler-Equation_mg_coarse_ solve converged due to CONVERGED_RTOL iterations 17
            Linear BackwardEuler-Equation_mg_coarse_ solve converged due to CONVERGED_RTOL iterations 17
            Linear BackwardEuler-Equation_mg_coarse_ solve converged due to CONVERGED_RTOL iterations 17
            Linear BackwardEuler-Equation_mg_coarse_ solve converged due to CONVERGED_RTOL iterations 16
            Linear BackwardEuler-Equation_mg_coarse_ solve converged due to CONVERGED_RTOL iterations 17
            Linear BackwardEuler-Equation_mg_coarse_ solve converged due to CONVERGED_RTOL iterations 16
            Linear BackwardEuler-Equation_mg_coarse_ solve converged due to CONVERGED_RTOL iterations 17
            Linear BackwardEuler-Equation_mg_coarse_ solve converged due to CONVERGED_RTOL iterations 16
            Linear BackwardEuler-Equation_mg_coarse_ solve converged due to CONVERGED_RTOL iterations 16
            Linear BackwardEuler-Equation_mg_coarse_ solve converged due to CONVERGED_RTOL iterations 16
            Linear BackwardEuler-Equation_mg_coarse_ solve converged due to CONVERGED_RTOL iterations 17
            Linear BackwardEuler-Equation_mg_coarse_ solve converged due to CONVERGED_RTOL iterations 17
            Linear BackwardEuler-Equation_mg_coarse_ solve converged due to CONVERGED_RTOL iterations 16
            Linear BackwardEuler-Equation_mg_coarse_ solve converged due to CONVERGED_RTOL iterations 17
            Linear BackwardEuler-Equation_mg_coarse_ solve converged due to CONVERGED_RTOL iterations 17
            Linear BackwardEuler-Equation_mg_coarse_ solve converged due to CONVERGED_RTOL iterations 17
    Linear BackwardEuler-Equation_ solve converged due to CONVERGED_RTOL iterations 18
            Linear BackwardEuler-Equation_mg_coarse_ solve converged due to CONVERGED_RTOL iterations 16
            Linear BackwardEuler-Equation_mg_coarse_ solve converged due to CONVERGED_RTOL iterations 16
            Linear BackwardEuler-Equation_mg_coarse_ solve converged due to CONVERGED_RTOL iterations 16
            Linear BackwardEuler-Equation_mg_coarse_ solve converged due to CONVERGED_RTOL iterations 17
            Linear BackwardEuler-Equation_mg_coarse_ solve converged due to CONVERGED_RTOL iterations 16
            Linear BackwardEuler-Equation_mg_coarse_ solve converged due to CONVERGED_RTOL iterations 17
            Linear BackwardEuler-Equation_mg_coarse_ solve converged due to CONVERGED_RTOL iterations 16
            Linear BackwardEuler-Equation_mg_coarse_ solve converged due to CONVERGED_RTOL iterations 17
            Linear BackwardEuler-Equation_mg_coarse_ solve converged due to CONVERGED_RTOL iterations 16
            Linear BackwardEuler-Equation_mg_coarse_ solve converged due to CONVERGED_RTOL iterations 16
            Linear BackwardEuler-Equation_mg_coarse_ solve converged due to CONVERGED_RTOL iterations 16
            Linear BackwardEuler-Equation_mg_coarse_ solve converged due to CONVERGED_RTOL iterations 16
            Linear BackwardEuler-Equation_mg_coarse_ solve converged due to CONVERGED_RTOL iterations 16
            Linear BackwardEuler-Equation_mg_coarse_ solve converged due to CONVERGED_RTOL iterations 16
            Linear BackwardEuler-Equation_mg_coarse_ solve converged due to CONVERGED_RTOL iterations 16
            Linear BackwardEuler-Equation_mg_coarse_ solve converged due to CONVERGED_RTOL iterations 16
            Linear BackwardEuler-Equation_mg_coarse_ solve converged due to CONVERGED_RTOL iterations 16
            Linear BackwardEuler-Equation_mg_coarse_ solve converged due to CONVERGED_RTOL iterations 17
            Linear BackwardEuler-Equation_mg_coarse_ solve converged due to CONVERGED_RTOL iterations 17
            Linear BackwardEuler-Equation_mg_coarse_ solve converged due to CONVERGED_RTOL iterations 17
    Linear BackwardEuler-Equation_ solve converged due to CONVERGED_RTOL iterations 20
  Nonlinear BackwardEuler-Equation_ solve converged due to CONVERGED_FNORM_ABS iterations 3
t = 7500.00 s | step 25/30 | wall 23.04 s | NL 3 | L 56
            Linear BackwardEuler-Equation_mg_coarse_ solve converged due to CONVERGED_RTOL iterations 17
            Linear BackwardEuler-Equation_mg_coarse_ solve converged due to CONVERGED_RTOL iterations 18
            Linear BackwardEuler-Equation_mg_coarse_ solve converged due to CONVERGED_RTOL iterations 18
            Linear BackwardEuler-Equation_mg_coarse_ solve converged due to CONVERGED_RTOL iterations 17
            Linear BackwardEuler-Equation_mg_coarse_ solve converged due to CONVERGED_RTOL iterations 18
            Linear BackwardEuler-Equation_mg_coarse_ solve converged due to CONVERGED_RTOL iterations 17
            Linear BackwardEuler-Equation_mg_coarse_ solve converged due to CONVERGED_RTOL iterations 18
            Linear BackwardEuler-Equation_mg_coarse_ solve converged due to CONVERGED_RTOL iterations 17
            Linear BackwardEuler-Equation_mg_coarse_ solve converged due to CONVERGED_RTOL iterations 17
            Linear BackwardEuler-Equation_mg_coarse_ solve converged due to CONVERGED_RTOL iterations 17
            Linear BackwardEuler-Equation_mg_coarse_ solve converged due to CONVERGED_RTOL iterations 17
            Linear BackwardEuler-Equation_mg_coarse_ solve converged due to CONVERGED_RTOL iterations 18
            Linear BackwardEuler-Equation_mg_coarse_ solve converged due to CONVERGED_RTOL iterations 17
            Linear BackwardEuler-Equation_mg_coarse_ solve converged due to CONVERGED_RTOL iterations 17
            Linear BackwardEuler-Equation_mg_coarse_ solve converged due to CONVERGED_RTOL iterations 17
            Linear BackwardEuler-Equation_mg_coarse_ solve converged due to CONVERGED_RTOL iterations 17
            Linear BackwardEuler-Equation_mg_coarse_ solve converged due to CONVERGED_RTOL iterations 17
            Linear BackwardEuler-Equation_mg_coarse_ solve converged due to CONVERGED_RTOL iterations 17
    Linear BackwardEuler-Equation_ solve converged due to CONVERGED_RTOL iterations 18
            Linear BackwardEuler-Equation_mg_coarse_ solve converged due to CONVERGED_RTOL iterations 16
            Linear BackwardEuler-Equation_mg_coarse_ solve converged due to CONVERGED_RTOL iterations 17
            Linear BackwardEuler-Equation_mg_coarse_ solve converged due to CONVERGED_RTOL iterations 17
            Linear BackwardEuler-Equation_mg_coarse_ solve converged due to CONVERGED_RTOL iterations 17
            Linear BackwardEuler-Equation_mg_coarse_ solve converged due to CONVERGED_RTOL iterations 17
            Linear BackwardEuler-Equation_mg_coarse_ solve converged due to CONVERGED_RTOL iterations 17
            Linear BackwardEuler-Equation_mg_coarse_ solve converged due to CONVERGED_RTOL iterations 17
            Linear BackwardEuler-Equation_mg_coarse_ solve converged due to CONVERGED_RTOL iterations 16
            Linear BackwardEuler-Equation_mg_coarse_ solve converged due to CONVERGED_RTOL iterations 17
            Linear BackwardEuler-Equation_mg_coarse_ solve converged due to CONVERGED_RTOL iterations 16
            Linear BackwardEuler-Equation_mg_coarse_ solve converged due to CONVERGED_RTOL iterations 16
            Linear BackwardEuler-Equation_mg_coarse_ solve converged due to CONVERGED_RTOL iterations 16
            Linear BackwardEuler-Equation_mg_coarse_ solve converged due to CONVERGED_RTOL iterations 17
            Linear BackwardEuler-Equation_mg_coarse_ solve converged due to CONVERGED_RTOL iterations 17
            Linear BackwardEuler-Equation_mg_coarse_ solve converged due to CONVERGED_RTOL iterations 17
            Linear BackwardEuler-Equation_mg_coarse_ solve converged due to CONVERGED_RTOL iterations 17
            Linear BackwardEuler-Equation_mg_coarse_ solve converged due to CONVERGED_RTOL iterations 17
            Linear BackwardEuler-Equation_mg_coarse_ solve converged due to CONVERGED_RTOL iterations 17
    Linear BackwardEuler-Equation_ solve converged due to CONVERGED_RTOL iterations 18
            Linear BackwardEuler-Equation_mg_coarse_ solve converged due to CONVERGED_RTOL iterations 16
            Linear BackwardEuler-Equation_mg_coarse_ solve converged due to CONVERGED_RTOL iterations 16
            Linear BackwardEuler-Equation_mg_coarse_ solve converged due to CONVERGED_RTOL iterations 16
            Linear BackwardEuler-Equation_mg_coarse_ solve converged due to CONVERGED_RTOL iterations 17
            Linear BackwardEuler-Equation_mg_coarse_ solve converged due to CONVERGED_RTOL iterations 16
            Linear BackwardEuler-Equation_mg_coarse_ solve converged due to CONVERGED_RTOL iterations 17
            Linear BackwardEuler-Equation_mg_coarse_ solve converged due to CONVERGED_RTOL iterations 16
            Linear BackwardEuler-Equation_mg_coarse_ solve converged due to CONVERGED_RTOL iterations 17
            Linear BackwardEuler-Equation_mg_coarse_ solve converged due to CONVERGED_RTOL iterations 16
            Linear BackwardEuler-Equation_mg_coarse_ solve converged due to CONVERGED_RTOL iterations 16
            Linear BackwardEuler-Equation_mg_coarse_ solve converged due to CONVERGED_RTOL iterations 16
            Linear BackwardEuler-Equation_mg_coarse_ solve converged due to CONVERGED_RTOL iterations 16
            Linear BackwardEuler-Equation_mg_coarse_ solve converged due to CONVERGED_RTOL iterations 16
            Linear BackwardEuler-Equation_mg_coarse_ solve converged due to CONVERGED_RTOL iterations 16
            Linear BackwardEuler-Equation_mg_coarse_ solve converged due to CONVERGED_RTOL iterations 16
            Linear BackwardEuler-Equation_mg_coarse_ solve converged due to CONVERGED_RTOL iterations 16
            Linear BackwardEuler-Equation_mg_coarse_ solve converged due to CONVERGED_RTOL iterations 16
            Linear BackwardEuler-Equation_mg_coarse_ solve converged due to CONVERGED_RTOL iterations 17
            Linear BackwardEuler-Equation_mg_coarse_ solve converged due to CONVERGED_RTOL iterations 17
            Linear BackwardEuler-Equation_mg_coarse_ solve converged due to CONVERGED_RTOL iterations 17
            Linear BackwardEuler-Equation_mg_coarse_ solve converged due to CONVERGED_RTOL iterations 17
    Linear BackwardEuler-Equation_ solve converged due to CONVERGED_RTOL iterations 21
  Nonlinear BackwardEuler-Equation_ solve converged due to CONVERGED_FNORM_ABS iterations 3
t = 7800.00 s | step 26/30 | wall 23.31 s | NL 3 | L 57
            Linear BackwardEuler-Equation_mg_coarse_ solve converged due to CONVERGED_RTOL iterations 17
            Linear BackwardEuler-Equation_mg_coarse_ solve converged due to CONVERGED_RTOL iterations 18
            Linear BackwardEuler-Equation_mg_coarse_ solve converged due to CONVERGED_RTOL iterations 18
            Linear BackwardEuler-Equation_mg_coarse_ solve converged due to CONVERGED_RTOL iterations 17
            Linear BackwardEuler-Equation_mg_coarse_ solve converged due to CONVERGED_RTOL iterations 18
            Linear BackwardEuler-Equation_mg_coarse_ solve converged due to CONVERGED_RTOL iterations 17
            Linear BackwardEuler-Equation_mg_coarse_ solve converged due to CONVERGED_RTOL iterations 18
            Linear BackwardEuler-Equation_mg_coarse_ solve converged due to CONVERGED_RTOL iterations 17
            Linear BackwardEuler-Equation_mg_coarse_ solve converged due to CONVERGED_RTOL iterations 17
            Linear BackwardEuler-Equation_mg_coarse_ solve converged due to CONVERGED_RTOL iterations 17
            Linear BackwardEuler-Equation_mg_coarse_ solve converged due to CONVERGED_RTOL iterations 17
            Linear BackwardEuler-Equation_mg_coarse_ solve converged due to CONVERGED_RTOL iterations 18
            Linear BackwardEuler-Equation_mg_coarse_ solve converged due to CONVERGED_RTOL iterations 17
            Linear BackwardEuler-Equation_mg_coarse_ solve converged due to CONVERGED_RTOL iterations 17
            Linear BackwardEuler-Equation_mg_coarse_ solve converged due to CONVERGED_RTOL iterations 17
            Linear BackwardEuler-Equation_mg_coarse_ solve converged due to CONVERGED_RTOL iterations 17
            Linear BackwardEuler-Equation_mg_coarse_ solve converged due to CONVERGED_RTOL iterations 17
            Linear BackwardEuler-Equation_mg_coarse_ solve converged due to CONVERGED_RTOL iterations 17
    Linear BackwardEuler-Equation_ solve converged due to CONVERGED_RTOL iterations 18
            Linear BackwardEuler-Equation_mg_coarse_ solve converged due to CONVERGED_RTOL iterations 16
            Linear BackwardEuler-Equation_mg_coarse_ solve converged due to CONVERGED_RTOL iterations 17
            Linear BackwardEuler-Equation_mg_coarse_ solve converged due to CONVERGED_RTOL iterations 17
            Linear BackwardEuler-Equation_mg_coarse_ solve converged due to CONVERGED_RTOL iterations 17
            Linear BackwardEuler-Equation_mg_coarse_ solve converged due to CONVERGED_RTOL iterations 17
            Linear BackwardEuler-Equation_mg_coarse_ solve converged due to CONVERGED_RTOL iterations 17
            Linear BackwardEuler-Equation_mg_coarse_ solve converged due to CONVERGED_RTOL iterations 17
            Linear BackwardEuler-Equation_mg_coarse_ solve converged due to CONVERGED_RTOL iterations 16
            Linear BackwardEuler-Equation_mg_coarse_ solve converged due to CONVERGED_RTOL iterations 17
            Linear BackwardEuler-Equation_mg_coarse_ solve converged due to CONVERGED_RTOL iterations 16
            Linear BackwardEuler-Equation_mg_coarse_ solve converged due to CONVERGED_RTOL iterations 16
            Linear BackwardEuler-Equation_mg_coarse_ solve converged due to CONVERGED_RTOL iterations 16
            Linear BackwardEuler-Equation_mg_coarse_ solve converged due to CONVERGED_RTOL iterations 17
            Linear BackwardEuler-Equation_mg_coarse_ solve converged due to CONVERGED_RTOL iterations 17
            Linear BackwardEuler-Equation_mg_coarse_ solve converged due to CONVERGED_RTOL iterations 17
            Linear BackwardEuler-Equation_mg_coarse_ solve converged due to CONVERGED_RTOL iterations 17
            Linear BackwardEuler-Equation_mg_coarse_ solve converged due to CONVERGED_RTOL iterations 17
            Linear BackwardEuler-Equation_mg_coarse_ solve converged due to CONVERGED_RTOL iterations 17
    Linear BackwardEuler-Equation_ solve converged due to CONVERGED_RTOL iterations 18
            Linear BackwardEuler-Equation_mg_coarse_ solve converged due to CONVERGED_RTOL iterations 16
            Linear BackwardEuler-Equation_mg_coarse_ solve converged due to CONVERGED_RTOL iterations 16
            Linear BackwardEuler-Equation_mg_coarse_ solve converged due to CONVERGED_RTOL iterations 16
            Linear BackwardEuler-Equation_mg_coarse_ solve converged due to CONVERGED_RTOL iterations 17
            Linear BackwardEuler-Equation_mg_coarse_ solve converged due to CONVERGED_RTOL iterations 16
            Linear BackwardEuler-Equation_mg_coarse_ solve converged due to CONVERGED_RTOL iterations 17
            Linear BackwardEuler-Equation_mg_coarse_ solve converged due to CONVERGED_RTOL iterations 16
            Linear BackwardEuler-Equation_mg_coarse_ solve converged due to CONVERGED_RTOL iterations 17
            Linear BackwardEuler-Equation_mg_coarse_ solve converged due to CONVERGED_RTOL iterations 16
            Linear BackwardEuler-Equation_mg_coarse_ solve converged due to CONVERGED_RTOL iterations 16
            Linear BackwardEuler-Equation_mg_coarse_ solve converged due to CONVERGED_RTOL iterations 16
            Linear BackwardEuler-Equation_mg_coarse_ solve converged due to CONVERGED_RTOL iterations 16
            Linear BackwardEuler-Equation_mg_coarse_ solve converged due to CONVERGED_RTOL iterations 16
            Linear BackwardEuler-Equation_mg_coarse_ solve converged due to CONVERGED_RTOL iterations 16
            Linear BackwardEuler-Equation_mg_coarse_ solve converged due to CONVERGED_RTOL iterations 16
            Linear BackwardEuler-Equation_mg_coarse_ solve converged due to CONVERGED_RTOL iterations 16
            Linear BackwardEuler-Equation_mg_coarse_ solve converged due to CONVERGED_RTOL iterations 16
            Linear BackwardEuler-Equation_mg_coarse_ solve converged due to CONVERGED_RTOL iterations 17
            Linear BackwardEuler-Equation_mg_coarse_ solve converged due to CONVERGED_RTOL iterations 17
            Linear BackwardEuler-Equation_mg_coarse_ solve converged due to CONVERGED_RTOL iterations 17
            Linear BackwardEuler-Equation_mg_coarse_ solve converged due to CONVERGED_RTOL iterations 17
    Linear BackwardEuler-Equation_ solve converged due to CONVERGED_RTOL iterations 21
  Nonlinear BackwardEuler-Equation_ solve converged due to CONVERGED_FNORM_ABS iterations 3
t = 8100.00 s | step 27/30 | wall 23.30 s | NL 3 | L 57
            Linear BackwardEuler-Equation_mg_coarse_ solve converged due to CONVERGED_RTOL iterations 17
            Linear BackwardEuler-Equation_mg_coarse_ solve converged due to CONVERGED_RTOL iterations 18
            Linear BackwardEuler-Equation_mg_coarse_ solve converged due to CONVERGED_RTOL iterations 18
            Linear BackwardEuler-Equation_mg_coarse_ solve converged due to CONVERGED_RTOL iterations 17
            Linear BackwardEuler-Equation_mg_coarse_ solve converged due to CONVERGED_RTOL iterations 18
            Linear BackwardEuler-Equation_mg_coarse_ solve converged due to CONVERGED_RTOL iterations 17
            Linear BackwardEuler-Equation_mg_coarse_ solve converged due to CONVERGED_RTOL iterations 18
            Linear BackwardEuler-Equation_mg_coarse_ solve converged due to CONVERGED_RTOL iterations 17
            Linear BackwardEuler-Equation_mg_coarse_ solve converged due to CONVERGED_RTOL iterations 17
            Linear BackwardEuler-Equation_mg_coarse_ solve converged due to CONVERGED_RTOL iterations 17
            Linear BackwardEuler-Equation_mg_coarse_ solve converged due to CONVERGED_RTOL iterations 17
            Linear BackwardEuler-Equation_mg_coarse_ solve converged due to CONVERGED_RTOL iterations 18
            Linear BackwardEuler-Equation_mg_coarse_ solve converged due to CONVERGED_RTOL iterations 17
            Linear BackwardEuler-Equation_mg_coarse_ solve converged due to CONVERGED_RTOL iterations 17
            Linear BackwardEuler-Equation_mg_coarse_ solve converged due to CONVERGED_RTOL iterations 17
            Linear BackwardEuler-Equation_mg_coarse_ solve converged due to CONVERGED_RTOL iterations 17
            Linear BackwardEuler-Equation_mg_coarse_ solve converged due to CONVERGED_RTOL iterations 18
            Linear BackwardEuler-Equation_mg_coarse_ solve converged due to CONVERGED_RTOL iterations 17
    Linear BackwardEuler-Equation_ solve converged due to CONVERGED_RTOL iterations 18
            Linear BackwardEuler-Equation_mg_coarse_ solve converged due to CONVERGED_RTOL iterations 16
            Linear BackwardEuler-Equation_mg_coarse_ solve converged due to CONVERGED_RTOL iterations 18
            Linear BackwardEuler-Equation_mg_coarse_ solve converged due to CONVERGED_RTOL iterations 17
            Linear BackwardEuler-Equation_mg_coarse_ solve converged due to CONVERGED_RTOL iterations 17
            Linear BackwardEuler-Equation_mg_coarse_ solve converged due to CONVERGED_RTOL iterations 17
            Linear BackwardEuler-Equation_mg_coarse_ solve converged due to CONVERGED_RTOL iterations 17
            Linear BackwardEuler-Equation_mg_coarse_ solve converged due to CONVERGED_RTOL iterations 17
            Linear BackwardEuler-Equation_mg_coarse_ solve converged due to CONVERGED_RTOL iterations 16
            Linear BackwardEuler-Equation_mg_coarse_ solve converged due to CONVERGED_RTOL iterations 17
            Linear BackwardEuler-Equation_mg_coarse_ solve converged due to CONVERGED_RTOL iterations 16
            Linear BackwardEuler-Equation_mg_coarse_ solve converged due to CONVERGED_RTOL iterations 16
            Linear BackwardEuler-Equation_mg_coarse_ solve converged due to CONVERGED_RTOL iterations 16
            Linear BackwardEuler-Equation_mg_coarse_ solve converged due to CONVERGED_RTOL iterations 17
            Linear BackwardEuler-Equation_mg_coarse_ solve converged due to CONVERGED_RTOL iterations 17
            Linear BackwardEuler-Equation_mg_coarse_ solve converged due to CONVERGED_RTOL iterations 17
            Linear BackwardEuler-Equation_mg_coarse_ solve converged due to CONVERGED_RTOL iterations 17
            Linear BackwardEuler-Equation_mg_coarse_ solve converged due to CONVERGED_RTOL iterations 17
            Linear BackwardEuler-Equation_mg_coarse_ solve converged due to CONVERGED_RTOL iterations 17
    Linear BackwardEuler-Equation_ solve converged due to CONVERGED_RTOL iterations 18
            Linear BackwardEuler-Equation_mg_coarse_ solve converged due to CONVERGED_RTOL iterations 16
            Linear BackwardEuler-Equation_mg_coarse_ solve converged due to CONVERGED_RTOL iterations 16
            Linear BackwardEuler-Equation_mg_coarse_ solve converged due to CONVERGED_RTOL iterations 16
            Linear BackwardEuler-Equation_mg_coarse_ solve converged due to CONVERGED_RTOL iterations 17
            Linear BackwardEuler-Equation_mg_coarse_ solve converged due to CONVERGED_RTOL iterations 16
            Linear BackwardEuler-Equation_mg_coarse_ solve converged due to CONVERGED_RTOL iterations 17
            Linear BackwardEuler-Equation_mg_coarse_ solve converged due to CONVERGED_RTOL iterations 16
            Linear BackwardEuler-Equation_mg_coarse_ solve converged due to CONVERGED_RTOL iterations 17
            Linear BackwardEuler-Equation_mg_coarse_ solve converged due to CONVERGED_RTOL iterations 16
            Linear BackwardEuler-Equation_mg_coarse_ solve converged due to CONVERGED_RTOL iterations 16
            Linear BackwardEuler-Equation_mg_coarse_ solve converged due to CONVERGED_RTOL iterations 16
            Linear BackwardEuler-Equation_mg_coarse_ solve converged due to CONVERGED_RTOL iterations 16
            Linear BackwardEuler-Equation_mg_coarse_ solve converged due to CONVERGED_RTOL iterations 16
            Linear BackwardEuler-Equation_mg_coarse_ solve converged due to CONVERGED_RTOL iterations 16
            Linear BackwardEuler-Equation_mg_coarse_ solve converged due to CONVERGED_RTOL iterations 16
            Linear BackwardEuler-Equation_mg_coarse_ solve converged due to CONVERGED_RTOL iterations 16
            Linear BackwardEuler-Equation_mg_coarse_ solve converged due to CONVERGED_RTOL iterations 16
            Linear BackwardEuler-Equation_mg_coarse_ solve converged due to CONVERGED_RTOL iterations 17
            Linear BackwardEuler-Equation_mg_coarse_ solve converged due to CONVERGED_RTOL iterations 17
            Linear BackwardEuler-Equation_mg_coarse_ solve converged due to CONVERGED_RTOL iterations 17
            Linear BackwardEuler-Equation_mg_coarse_ solve converged due to CONVERGED_RTOL iterations 17
    Linear BackwardEuler-Equation_ solve converged due to CONVERGED_RTOL iterations 21
  Nonlinear BackwardEuler-Equation_ solve converged due to CONVERGED_FNORM_ABS iterations 3
t = 8400.00 s | step 28/30 | wall 23.31 s | NL 3 | L 57
            Linear BackwardEuler-Equation_mg_coarse_ solve converged due to CONVERGED_RTOL iterations 17
            Linear BackwardEuler-Equation_mg_coarse_ solve converged due to CONVERGED_RTOL iterations 18
            Linear BackwardEuler-Equation_mg_coarse_ solve converged due to CONVERGED_RTOL iterations 18
            Linear BackwardEuler-Equation_mg_coarse_ solve converged due to CONVERGED_RTOL iterations 17
            Linear BackwardEuler-Equation_mg_coarse_ solve converged due to CONVERGED_RTOL iterations 18
            Linear BackwardEuler-Equation_mg_coarse_ solve converged due to CONVERGED_RTOL iterations 17
            Linear BackwardEuler-Equation_mg_coarse_ solve converged due to CONVERGED_RTOL iterations 18
            Linear BackwardEuler-Equation_mg_coarse_ solve converged due to CONVERGED_RTOL iterations 17
            Linear BackwardEuler-Equation_mg_coarse_ solve converged due to CONVERGED_RTOL iterations 18
            Linear BackwardEuler-Equation_mg_coarse_ solve converged due to CONVERGED_RTOL iterations 17
            Linear BackwardEuler-Equation_mg_coarse_ solve converged due to CONVERGED_RTOL iterations 17
            Linear BackwardEuler-Equation_mg_coarse_ solve converged due to CONVERGED_RTOL iterations 18
            Linear BackwardEuler-Equation_mg_coarse_ solve converged due to CONVERGED_RTOL iterations 17
            Linear BackwardEuler-Equation_mg_coarse_ solve converged due to CONVERGED_RTOL iterations 17
            Linear BackwardEuler-Equation_mg_coarse_ solve converged due to CONVERGED_RTOL iterations 17
            Linear BackwardEuler-Equation_mg_coarse_ solve converged due to CONVERGED_RTOL iterations 17
            Linear BackwardEuler-Equation_mg_coarse_ solve converged due to CONVERGED_RTOL iterations 18
            Linear BackwardEuler-Equation_mg_coarse_ solve converged due to CONVERGED_RTOL iterations 17
    Linear BackwardEuler-Equation_ solve converged due to CONVERGED_RTOL iterations 18
            Linear BackwardEuler-Equation_mg_coarse_ solve converged due to CONVERGED_RTOL iterations 16
            Linear BackwardEuler-Equation_mg_coarse_ solve converged due to CONVERGED_RTOL iterations 18
            Linear BackwardEuler-Equation_mg_coarse_ solve converged due to CONVERGED_RTOL iterations 17
            Linear BackwardEuler-Equation_mg_coarse_ solve converged due to CONVERGED_RTOL iterations 17
            Linear BackwardEuler-Equation_mg_coarse_ solve converged due to CONVERGED_RTOL iterations 17
            Linear BackwardEuler-Equation_mg_coarse_ solve converged due to CONVERGED_RTOL iterations 17
            Linear BackwardEuler-Equation_mg_coarse_ solve converged due to CONVERGED_RTOL iterations 17
            Linear BackwardEuler-Equation_mg_coarse_ solve converged due to CONVERGED_RTOL iterations 16
            Linear BackwardEuler-Equation_mg_coarse_ solve converged due to CONVERGED_RTOL iterations 17
            Linear BackwardEuler-Equation_mg_coarse_ solve converged due to CONVERGED_RTOL iterations 16
            Linear BackwardEuler-Equation_mg_coarse_ solve converged due to CONVERGED_RTOL iterations 16
            Linear BackwardEuler-Equation_mg_coarse_ solve converged due to CONVERGED_RTOL iterations 16
            Linear BackwardEuler-Equation_mg_coarse_ solve converged due to CONVERGED_RTOL iterations 17
            Linear BackwardEuler-Equation_mg_coarse_ solve converged due to CONVERGED_RTOL iterations 17
            Linear BackwardEuler-Equation_mg_coarse_ solve converged due to CONVERGED_RTOL iterations 17
            Linear BackwardEuler-Equation_mg_coarse_ solve converged due to CONVERGED_RTOL iterations 17
            Linear BackwardEuler-Equation_mg_coarse_ solve converged due to CONVERGED_RTOL iterations 17
            Linear BackwardEuler-Equation_mg_coarse_ solve converged due to CONVERGED_RTOL iterations 17
    Linear BackwardEuler-Equation_ solve converged due to CONVERGED_RTOL iterations 18
            Linear BackwardEuler-Equation_mg_coarse_ solve converged due to CONVERGED_RTOL iterations 16
            Linear BackwardEuler-Equation_mg_coarse_ solve converged due to CONVERGED_RTOL iterations 16
            Linear BackwardEuler-Equation_mg_coarse_ solve converged due to CONVERGED_RTOL iterations 16
            Linear BackwardEuler-Equation_mg_coarse_ solve converged due to CONVERGED_RTOL iterations 17
            Linear BackwardEuler-Equation_mg_coarse_ solve converged due to CONVERGED_RTOL iterations 16
            Linear BackwardEuler-Equation_mg_coarse_ solve converged due to CONVERGED_RTOL iterations 17
            Linear BackwardEuler-Equation_mg_coarse_ solve converged due to CONVERGED_RTOL iterations 16
            Linear BackwardEuler-Equation_mg_coarse_ solve converged due to CONVERGED_RTOL iterations 16
            Linear BackwardEuler-Equation_mg_coarse_ solve converged due to CONVERGED_RTOL iterations 16
            Linear BackwardEuler-Equation_mg_coarse_ solve converged due to CONVERGED_RTOL iterations 16
            Linear BackwardEuler-Equation_mg_coarse_ solve converged due to CONVERGED_RTOL iterations 16
            Linear BackwardEuler-Equation_mg_coarse_ solve converged due to CONVERGED_RTOL iterations 16
            Linear BackwardEuler-Equation_mg_coarse_ solve converged due to CONVERGED_RTOL iterations 16
            Linear BackwardEuler-Equation_mg_coarse_ solve converged due to CONVERGED_RTOL iterations 16
            Linear BackwardEuler-Equation_mg_coarse_ solve converged due to CONVERGED_RTOL iterations 16
            Linear BackwardEuler-Equation_mg_coarse_ solve converged due to CONVERGED_RTOL iterations 16
            Linear BackwardEuler-Equation_mg_coarse_ solve converged due to CONVERGED_RTOL iterations 16
            Linear BackwardEuler-Equation_mg_coarse_ solve converged due to CONVERGED_RTOL iterations 17
            Linear BackwardEuler-Equation_mg_coarse_ solve converged due to CONVERGED_RTOL iterations 17
            Linear BackwardEuler-Equation_mg_coarse_ solve converged due to CONVERGED_RTOL iterations 17
            Linear BackwardEuler-Equation_mg_coarse_ solve converged due to CONVERGED_RTOL iterations 17
    Linear BackwardEuler-Equation_ solve converged due to CONVERGED_RTOL iterations 21
  Nonlinear BackwardEuler-Equation_ solve converged due to CONVERGED_FNORM_ABS iterations 3
t = 8700.00 s | step 29/30 | wall 23.29 s | NL 3 | L 57
            Linear BackwardEuler-Equation_mg_coarse_ solve converged due to CONVERGED_RTOL iterations 17
            Linear BackwardEuler-Equation_mg_coarse_ solve converged due to CONVERGED_RTOL iterations 18
            Linear BackwardEuler-Equation_mg_coarse_ solve converged due to CONVERGED_RTOL iterations 18
            Linear BackwardEuler-Equation_mg_coarse_ solve converged due to CONVERGED_RTOL iterations 17
            Linear BackwardEuler-Equation_mg_coarse_ solve converged due to CONVERGED_RTOL iterations 18
            Linear BackwardEuler-Equation_mg_coarse_ solve converged due to CONVERGED_RTOL iterations 17
            Linear BackwardEuler-Equation_mg_coarse_ solve converged due to CONVERGED_RTOL iterations 18
            Linear BackwardEuler-Equation_mg_coarse_ solve converged due to CONVERGED_RTOL iterations 17
            Linear BackwardEuler-Equation_mg_coarse_ solve converged due to CONVERGED_RTOL iterations 18
            Linear BackwardEuler-Equation_mg_coarse_ solve converged due to CONVERGED_RTOL iterations 17
            Linear BackwardEuler-Equation_mg_coarse_ solve converged due to CONVERGED_RTOL iterations 17
            Linear BackwardEuler-Equation_mg_coarse_ solve converged due to CONVERGED_RTOL iterations 18
            Linear BackwardEuler-Equation_mg_coarse_ solve converged due to CONVERGED_RTOL iterations 17
            Linear BackwardEuler-Equation_mg_coarse_ solve converged due to CONVERGED_RTOL iterations 17
            Linear BackwardEuler-Equation_mg_coarse_ solve converged due to CONVERGED_RTOL iterations 17
            Linear BackwardEuler-Equation_mg_coarse_ solve converged due to CONVERGED_RTOL iterations 17
            Linear BackwardEuler-Equation_mg_coarse_ solve converged due to CONVERGED_RTOL iterations 18
            Linear BackwardEuler-Equation_mg_coarse_ solve converged due to CONVERGED_RTOL iterations 17
    Linear BackwardEuler-Equation_ solve converged due to CONVERGED_RTOL iterations 18
            Linear BackwardEuler-Equation_mg_coarse_ solve converged due to CONVERGED_RTOL iterations 16
            Linear BackwardEuler-Equation_mg_coarse_ solve converged due to CONVERGED_RTOL iterations 18
            Linear BackwardEuler-Equation_mg_coarse_ solve converged due to CONVERGED_RTOL iterations 17
            Linear BackwardEuler-Equation_mg_coarse_ solve converged due to CONVERGED_RTOL iterations 17
            Linear BackwardEuler-Equation_mg_coarse_ solve converged due to CONVERGED_RTOL iterations 17
            Linear BackwardEuler-Equation_mg_coarse_ solve converged due to CONVERGED_RTOL iterations 17
            Linear BackwardEuler-Equation_mg_coarse_ solve converged due to CONVERGED_RTOL iterations 17
            Linear BackwardEuler-Equation_mg_coarse_ solve converged due to CONVERGED_RTOL iterations 16
            Linear BackwardEuler-Equation_mg_coarse_ solve converged due to CONVERGED_RTOL iterations 17
            Linear BackwardEuler-Equation_mg_coarse_ solve converged due to CONVERGED_RTOL iterations 16
            Linear BackwardEuler-Equation_mg_coarse_ solve converged due to CONVERGED_RTOL iterations 16
            Linear BackwardEuler-Equation_mg_coarse_ solve converged due to CONVERGED_RTOL iterations 16
            Linear BackwardEuler-Equation_mg_coarse_ solve converged due to CONVERGED_RTOL iterations 17
            Linear BackwardEuler-Equation_mg_coarse_ solve converged due to CONVERGED_RTOL iterations 17
            Linear BackwardEuler-Equation_mg_coarse_ solve converged due to CONVERGED_RTOL iterations 17
            Linear BackwardEuler-Equation_mg_coarse_ solve converged due to CONVERGED_RTOL iterations 17
            Linear BackwardEuler-Equation_mg_coarse_ solve converged due to CONVERGED_RTOL iterations 17
            Linear BackwardEuler-Equation_mg_coarse_ solve converged due to CONVERGED_RTOL iterations 17
    Linear BackwardEuler-Equation_ solve converged due to CONVERGED_RTOL iterations 18
            Linear BackwardEuler-Equation_mg_coarse_ solve converged due to CONVERGED_RTOL iterations 16
            Linear BackwardEuler-Equation_mg_coarse_ solve converged due to CONVERGED_RTOL iterations 16
            Linear BackwardEuler-Equation_mg_coarse_ solve converged due to CONVERGED_RTOL iterations 16
            Linear BackwardEuler-Equation_mg_coarse_ solve converged due to CONVERGED_RTOL iterations 17
            Linear BackwardEuler-Equation_mg_coarse_ solve converged due to CONVERGED_RTOL iterations 16
            Linear BackwardEuler-Equation_mg_coarse_ solve converged due to CONVERGED_RTOL iterations 17
            Linear BackwardEuler-Equation_mg_coarse_ solve converged due to CONVERGED_RTOL iterations 16
            Linear BackwardEuler-Equation_mg_coarse_ solve converged due to CONVERGED_RTOL iterations 16
            Linear BackwardEuler-Equation_mg_coarse_ solve converged due to CONVERGED_RTOL iterations 16
            Linear BackwardEuler-Equation_mg_coarse_ solve converged due to CONVERGED_RTOL iterations 16
            Linear BackwardEuler-Equation_mg_coarse_ solve converged due to CONVERGED_RTOL iterations 16
            Linear BackwardEuler-Equation_mg_coarse_ solve converged due to CONVERGED_RTOL iterations 16
            Linear BackwardEuler-Equation_mg_coarse_ solve converged due to CONVERGED_RTOL iterations 16
            Linear BackwardEuler-Equation_mg_coarse_ solve converged due to CONVERGED_RTOL iterations 16
            Linear BackwardEuler-Equation_mg_coarse_ solve converged due to CONVERGED_RTOL iterations 16
            Linear BackwardEuler-Equation_mg_coarse_ solve converged due to CONVERGED_RTOL iterations 16
            Linear BackwardEuler-Equation_mg_coarse_ solve converged due to CONVERGED_RTOL iterations 16
            Linear BackwardEuler-Equation_mg_coarse_ solve converged due to CONVERGED_RTOL iterations 17
            Linear BackwardEuler-Equation_mg_coarse_ solve converged due to CONVERGED_RTOL iterations 17
            Linear BackwardEuler-Equation_mg_coarse_ solve converged due to CONVERGED_RTOL iterations 17
            Linear BackwardEuler-Equation_mg_coarse_ solve converged due to CONVERGED_RTOL iterations 17
    Linear BackwardEuler-Equation_ solve converged due to CONVERGED_RTOL iterations 21
  Nonlinear BackwardEuler-Equation_ solve converged due to CONVERGED_FNORM_ABS iterations 3
t = 9000.00 s | step 30/30 | wall 23.29 s | NL 3 | L 57
Done | total NL 91 | total L 1696 | mean wall/step 26.00 s | peak RSS 1390 MB
=== Job completed: Fri Aug 21 23:25:38 AEST 2026 ===

======================================================================================
                  Resource Usage on 2026-08-21 23:25:48:
   Job Id:             176973768.gadi-pbs
   Project:            xd2
   Exit Status:        0
   Service Units:      47.26
   NCPUs Requested:    104                 CPU Time Used: 23:11:52        
   Memory Requested:   500.0GB               Memory Used: 95.62GB         
   Walltime Requested: 03:00:00            Walltime Used: 00:13:38        
   JobFS Requested:    400.0GB                JobFS Used: 88.89MB         
======================================================================================
