=== Job info ===
Case: cockett
Solver: vlumping_hmg
Scale: smoke
Nodes: 1
CPUs: 104
Date: Fri Apr 17 12:50:49 AEST 2026
================
Number of degrees of freedom: 2555904
Mesh: 64x64x78, DQ1
Time stepper: BackwardEuler, dt = 300.0 s, steps = 10
Solver: vlumping_hmg
Solver parameters: {'ksp_type': 'fgmres', 'ksp_rtol': 0.0001, 'ksp_max_it': 200, 'ksp_gmres_restart': 30, 'pc_type': 'python', 'pc_python_type': 'solvers.vlumping_hmg.VerticallyLumpedHMGPC', 'lumped_mg_levels_ksp_type': 'chebyshev', 'lumped_mg_levels_ksp_max_it': 1, 'lumped_mg_levels_ksp_convergence_test': 'skip', 'lumped_mg_levels_pc_type': 'python', 'lumped_mg_levels_pc_python_type': 'firedrake.ASMLinesmoothPC', 'lumped_mg_levels_pc_linesmooth_codims': '0', 'lumped_mg_levels_pc_linesmooth_sub_sub_pc_type': 'lu', 'lumped_mg_coarse_pc_type': 'mg', 'lumped_mg_coarse_mg_levels_ksp_type': 'chebyshev', 'lumped_mg_coarse_mg_levels_ksp_max_it': 2, 'lumped_mg_coarse_mg_levels_pc_type': 'bjacobi', 'lumped_mg_coarse_mg_levels_sub_pc_type': 'ilu', 'lumped_mg_coarse_mg_coarse_pc_type': 'lu', 'lumped_mg_coarse_mg_coarse_pc_factor_mat_solver_type': 'mumps', 'snes_type': 'newtonls', 'snes_linesearch_type': 'bt', 'snes_rtol': 1e-08, 'snes_atol': 1e-08, 'snes_max_it': 50}
  0 SNES Function norm 1.084233126410e-05
          Linear BackwardEuler-Equation_lumped_mg_coarse_ solve converged due to CONVERGED_ITS iterations 1
          Linear BackwardEuler-Equation_lumped_mg_coarse_ solve converged due to CONVERGED_ITS iterations 1
          Linear BackwardEuler-Equation_lumped_mg_coarse_ solve converged due to CONVERGED_ITS iterations 1
          Linear BackwardEuler-Equation_lumped_mg_coarse_ solve converged due to CONVERGED_ITS iterations 1
          Linear BackwardEuler-Equation_lumped_mg_coarse_ solve converged due to CONVERGED_ITS iterations 1
          Linear BackwardEuler-Equation_lumped_mg_coarse_ solve converged due to CONVERGED_ITS iterations 1
          Linear BackwardEuler-Equation_lumped_mg_coarse_ solve converged due to CONVERGED_ITS iterations 1
          Linear BackwardEuler-Equation_lumped_mg_coarse_ solve converged due to CONVERGED_ITS iterations 1
          Linear BackwardEuler-Equation_lumped_mg_coarse_ solve converged due to CONVERGED_ITS iterations 1
          Linear BackwardEuler-Equation_lumped_mg_coarse_ solve converged due to CONVERGED_ITS iterations 1
          Linear BackwardEuler-Equation_lumped_mg_coarse_ solve converged due to CONVERGED_ITS iterations 1
          Linear BackwardEuler-Equation_lumped_mg_coarse_ solve converged due to CONVERGED_ITS iterations 1
          Linear BackwardEuler-Equation_lumped_mg_coarse_ solve converged due to CONVERGED_ITS iterations 1
          Linear BackwardEuler-Equation_lumped_mg_coarse_ solve converged due to CONVERGED_ITS iterations 1
          Linear BackwardEuler-Equation_lumped_mg_coarse_ solve converged due to CONVERGED_ITS iterations 1
          Linear BackwardEuler-Equation_lumped_mg_coarse_ solve converged due to CONVERGED_ITS iterations 1
          Linear BackwardEuler-Equation_lumped_mg_coarse_ solve converged due to CONVERGED_ITS iterations 1
          Linear BackwardEuler-Equation_lumped_mg_coarse_ solve converged due to CONVERGED_ITS iterations 1
          Linear BackwardEuler-Equation_lumped_mg_coarse_ solve converged due to CONVERGED_ITS iterations 1
    Linear BackwardEuler-Equation_ solve converged due to CONVERGED_RTOL iterations 19
Mat Object: (BackwardEuler-Equation_) 104 MPI processes
  type: mpiaij
  rows=2555904, cols=2555904
  total: nonzeros=141328384, allocated nonzeros=141328384
  total number of mallocs used during MatSetValues calls=0
    has attached near null space
    using I-node (on process 0) routines: found 5616 nodes, limit used is 5
  1 SNES Function norm 6.918812894712e-07
          Linear BackwardEuler-Equation_lumped_mg_coarse_ solve converged due to CONVERGED_ITS iterations 1
          Linear BackwardEuler-Equation_lumped_mg_coarse_ solve converged due to CONVERGED_ITS iterations 1
          Linear BackwardEuler-Equation_lumped_mg_coarse_ solve converged due to CONVERGED_ITS iterations 1
          Linear BackwardEuler-Equation_lumped_mg_coarse_ solve converged due to CONVERGED_ITS iterations 1
          Linear BackwardEuler-Equation_lumped_mg_coarse_ solve converged due to CONVERGED_ITS iterations 1
          Linear BackwardEuler-Equation_lumped_mg_coarse_ solve converged due to CONVERGED_ITS iterations 1
          Linear BackwardEuler-Equation_lumped_mg_coarse_ solve converged due to CONVERGED_ITS iterations 1
          Linear BackwardEuler-Equation_lumped_mg_coarse_ solve converged due to CONVERGED_ITS iterations 1
          Linear BackwardEuler-Equation_lumped_mg_coarse_ solve converged due to CONVERGED_ITS iterations 1
          Linear BackwardEuler-Equation_lumped_mg_coarse_ solve converged due to CONVERGED_ITS iterations 1
          Linear BackwardEuler-Equation_lumped_mg_coarse_ solve converged due to CONVERGED_ITS iterations 1
          Linear BackwardEuler-Equation_lumped_mg_coarse_ solve converged due to CONVERGED_ITS iterations 1
          Linear BackwardEuler-Equation_lumped_mg_coarse_ solve converged due to CONVERGED_ITS iterations 1
          Linear BackwardEuler-Equation_lumped_mg_coarse_ solve converged due to CONVERGED_ITS iterations 1
          Linear BackwardEuler-Equation_lumped_mg_coarse_ solve converged due to CONVERGED_ITS iterations 1
          Linear BackwardEuler-Equation_lumped_mg_coarse_ solve converged due to CONVERGED_ITS iterations 1
          Linear BackwardEuler-Equation_lumped_mg_coarse_ solve converged due to CONVERGED_ITS iterations 1
          Linear BackwardEuler-Equation_lumped_mg_coarse_ solve converged due to CONVERGED_ITS iterations 1
          Linear BackwardEuler-Equation_lumped_mg_coarse_ solve converged due to CONVERGED_ITS iterations 1
    Linear BackwardEuler-Equation_ solve converged due to CONVERGED_RTOL iterations 19
Mat Object: (BackwardEuler-Equation_) 104 MPI processes
  type: mpiaij
  rows=2555904, cols=2555904
  total: nonzeros=141328384, allocated nonzeros=141328384
  total number of mallocs used during MatSetValues calls=0
    has attached near null space
    using I-node (on process 0) routines: found 5616 nodes, limit used is 5
  2 SNES Function norm 6.153492524106e-09
  Nonlinear BackwardEuler-Equation_ solve converged due to CONVERGED_FNORM_ABS iterations 2
SNES Object: (BackwardEuler-Equation_) 104 MPI processes
  type: newtonls
  maximum iterations=50, maximum function evaluations=10000
  tolerances: relative=1e-08, absolute=1e-08, solution=1e-08
  total number of linear solver iterations=38
  total number of function evaluations=3
  norm schedule ALWAYS
  SNESLineSearch Object: (BackwardEuler-Equation_) 104 MPI processes
    type: bt
      interpolation: cubic
      alpha=1.000000e-04
    maxlambda=1.000000e+00, minlambda=1.000000e-12
    tolerances: relative=1.000000e-08, absolute=1.000000e-15, lambda=1.000000e-08
    maximum iterations=40
  KSP Object: (BackwardEuler-Equation_) 104 MPI processes
    type: fgmres
      restart=30, using classical (unmodified) Gram-Schmidt orthogonalization with no iterative refinement
      happy breakdown tolerance=1e-30
    maximum iterations=200, initial guess is zero
    tolerances: relative=0.0001, absolute=1e-50, divergence=10000.
    right preconditioning
    using UNPRECONDITIONED norm type for convergence test
  PC Object: (BackwardEuler-Equation_) 104 MPI processes
    type: python
      Python: solvers.vlumping_hmg.VerticallyLumpedHMGPC
    Firedrake custom preconditioner VerticallyLumpedHMGPC
      Vertically lumped MG (HMG variant): coarse level built on the 2D base of an ExtrudedMeshHierarchy, coarse solve is geometric MG on the base hierarchy.
      PC Object: (BackwardEuler-Equation_lumped_) 104 MPI processes
        type: mg
          type is MULTIPLICATIVE, levels=2 cycles=v
            Cycles per PCApply=1
            Using Galerkin computed coarse grid matrices
        Coarse grid solver -- level 0 -------------------------------
          KSP Object: (BackwardEuler-Equation_lumped_mg_coarse_) 104 MPI processes
            type: preonly
            maximum iterations=10000, initial guess is zero
            tolerances: relative=1e-05, absolute=1e-50, divergence=10000.
            left preconditioning
            not checking for convergence
          PC Object: (BackwardEuler-Equation_lumped_mg_coarse_) 104 MPI processes
            type: mg
              type is MULTIPLICATIVE, levels=2 cycles=v
                Cycles per PCApply=1
                Using Galerkin computed coarse grid matrices
            Coarse grid solver -- level 0 -------------------------------
              KSP Object: (BackwardEuler-Equation_lumped_mg_coarse_mg_coarse_) 104 MPI processes
                type: preonly
                maximum iterations=10000, initial guess is zero
                tolerances: relative=1e-05, absolute=1e-50, divergence=10000.
                left preconditioning
                not checking for convergence
              PC Object: (BackwardEuler-Equation_lumped_mg_coarse_mg_coarse_) 104 MPI processes
                type: lu
                  out-of-place factorization
                  tolerance for zero pivot 2.22045e-14
                  matrix ordering: external
                  factor fill ratio given 0., needed 0.
                    Factored matrix:
                      Mat Object: (BackwardEuler-Equation_lumped_mg_coarse_mg_coarse_) 104 MPI processes
                        type: mumps
                        rows=4096, cols=4096
                        package used to perform factorization: mumps
                        total: nonzeros=508672, allocated nonzeros=508672
                          MUMPS run parameters:
                            Use -BackwardEuler-Equation_lumped_mg_coarse_mg_coarse_ksp_view ::ascii_info_detail to display information for all processes
                            RINFOG(1) (global estimated flops for the elimination after analysis): 4.49937e+07
                            RINFOG(2) (global estimated flops for the assembly after factorization): 449552.
                            RINFOG(3) (global estimated flops for the elimination after factorization): 4.49937e+07
                            (RINFOG(12) RINFOG(13))*2^INFOG(34) (determinant): (0.,0.)*(2^0)
                            INFOG(3) (estimated real workspace for factors on all processors after analysis): 508672
                            INFOG(4) (estimated integer workspace for factors on all processors after analysis): 32200
                            INFOG(5) (estimated maximum front size in the complete tree): 188
                            INFOG(6) (number of nodes in the complete tree): 280
                            INFOG(7) (ordering option effectively used after analysis): 2
                            INFOG(8) (structural symmetry in percent of the permuted matrix after analysis): -1
                            INFOG(9) (total real/complex workspace to store the matrix factors after factorization): 508672
                            INFOG(10) (total integer space store the matrix factors after factorization): 32200
                            INFOG(11) (order of largest frontal matrix after factorization): 188
                            INFOG(12) (number of off-diagonal pivots): 0
                            INFOG(13) (number of delayed pivots after factorization): 0
                            INFOG(14) (number of memory compress after factorization): 0
                            INFOG(15) (number of steps of iterative refinement after solution): 0
                            INFOG(16) (estimated size (in MB) of all MUMPS internal data for factorization after analysis: value on the most memory consuming processor): 134
                            INFOG(17) (estimated size of all MUMPS internal data for factorization after analysis: sum over all processors): 13936
                            INFOG(18) (size of all MUMPS internal data allocated during factorization: value on the most memory consuming processor): 134
                            INFOG(19) (size of all MUMPS internal data allocated during factorization: sum over all processors): 13936
                            INFOG(20) (estimated number of entries in the factors): 508672
                            INFOG(21) (size in MB of memory effectively used during factorization - value on the most memory consuming processor): 134
                            INFOG(22) (size in MB of memory effectively used during factorization - sum over all processors): 13936
                            INFOG(23) (after analysis: value of ICNTL(6) effectively used): 0
                            INFOG(24) (after analysis: value of ICNTL(12) effectively used): 1
                            INFOG(25) (after factorization: number of pivots modified by static pivoting): 0
                            INFOG(28) (after factorization: number of null pivots encountered): 0
                            INFOG(29) (after factorization: effective number of entries in the factors (sum over all processors)): 508672
                            INFOG(30, 31) (after solution: size in Mbytes of memory used during solution phase): 19, 1883
                            INFOG(32) (after analysis: type of analysis done): 1
                            INFOG(33) (value used for ICNTL(8)): 7
                            INFOG(34) (exponent of the determinant if determinant is requested): 0
                            INFOG(35) (after factorization: number of entries taking into account BLR factor compression - sum over all processors): 508672
                            INFOG(36) (after analysis: estimated size of all MUMPS internal data for running BLR in-core - value on the most memory consuming processor): 0
                            INFOG(37) (after analysis: estimated size of all MUMPS internal data for running BLR in-core - sum over all processors): 0
                            INFOG(38) (after analysis: estimated size of all MUMPS internal data for running BLR out-of-core - value on the most memory consuming processor): 0
                            INFOG(39) (after analysis: estimated size of all MUMPS internal data for running BLR out-of-core - sum over all processors): 0
                linear system matrix, which is also used to construct the preconditioner:
                Mat Object: 104 MPI processes
                  type: mpiaij
                  rows=4096, cols=4096
                  total: nonzeros=79872, allocated nonzeros=79872
                  total number of mallocs used during MatSetValues calls=0
                    using nonscalable MatPtAP() implementation
                    using I-node (on process 0) routines: found 9 nodes, limit used is 5
            Down solver (pre-smoother) on level 1 -------------------------------
              KSP Object: (BackwardEuler-Equation_lumped_mg_coarse_mg_levels_1_) 104 MPI processes
                type: chebyshev
                  Chebyshev polynomial of first kind
                  eigenvalue targets used: min 0.182523, max 2.00775
                  eigenvalues estimated via gmres: min 0.167917, max 1.82523
                  eigenvalues estimated using gmres with transform: [0. 0.1; 0. 1.1]
                  KSP Object: (BackwardEuler-Equation_lumped_mg_coarse_mg_levels_1_esteig_) 104 MPI processes
                    type: gmres
                      restart=30, using classical (unmodified) Gram-Schmidt orthogonalization with no iterative refinement
                      happy breakdown tolerance=1e-30
                    maximum iterations=10, initial guess is zero
                    tolerances: relative=1e-12, absolute=1e-50, divergence=10000.
                    left preconditioning
                    using PRECONDITIONED norm type for convergence test
                  estimating eigenvalues using a noisy random number generated right-hand side
                maximum iterations=2, nonzero initial guess
                tolerances: relative=1e-05, absolute=1e-50, divergence=10000.
                left preconditioning
                not checking for convergence
              PC Object: (BackwardEuler-Equation_lumped_mg_coarse_mg_levels_1_) 104 MPI processes
                type: bjacobi
                  number of blocks = 104
                  Local solver information for first block is in the following KSP and PC objects on rank 0:
                  Use -BackwardEuler-Equation_lumped_mg_coarse_mg_levels_1_ksp_view ::ascii_info_detail to display information for all blocks
                  KSP Object: (BackwardEuler-Equation_lumped_mg_coarse_mg_levels_1_sub_) 1 MPI process
                    type: preonly
                    maximum iterations=10000, initial guess is zero
                    tolerances: relative=1e-05, absolute=1e-50, divergence=10000.
                    left preconditioning
                    not checking for convergence
                  PC Object: (BackwardEuler-Equation_lumped_mg_coarse_mg_levels_1_sub_) 1 MPI process
                    type: ilu
                      out-of-place factorization
                      0 levels of fill
                      tolerance for zero pivot 2.22045e-14
                      matrix ordering: natural
                      factor fill ratio given 1., needed 1.
                        Factored matrix:
                          Mat Object: (BackwardEuler-Equation_lumped_mg_coarse_mg_levels_1_sub_) 1 MPI process
                            type: seqaij
                            rows=144, cols=144
                            package used to perform factorization: petsc
                            total: nonzeros=2496, allocated nonzeros=2496
                              using I-node routines: found 36 nodes, limit used is 5
                    linear system matrix, which is also used to construct the preconditioner:
                    Mat Object: (BackwardEuler-Equation_lumped_mg_coarse_mg_levels_1_sub_) 1 MPI process
                      type: seqaij
                      rows=144, cols=144
                      total: nonzeros=2496, allocated nonzeros=2496
                      total number of mallocs used during MatSetValues calls=0
                        using I-node routines: found 36 nodes, limit used is 5
                linear system matrix, which is also used to construct the preconditioner:
                Mat Object: 104 MPI processes
                  type: mpiaij
                  rows=16384, cols=16384
                  total: nonzeros=323584, allocated nonzeros=323584
                  total number of mallocs used during MatSetValues calls=0
                    using nonscalable MatPtAP() implementation
                    using I-node (on process 0) routines: found 36 nodes, limit used is 5
            Up solver (post-smoother) same as down solver (pre-smoother)
            linear system matrix, which is also used to construct the preconditioner:
            Mat Object: 104 MPI processes
              type: mpiaij
              rows=16384, cols=16384
              total: nonzeros=323584, allocated nonzeros=323584
              total number of mallocs used during MatSetValues calls=0
                using nonscalable MatPtAP() implementation
                using I-node (on process 0) routines: found 36 nodes, limit used is 5
        Down solver (pre-smoother) on level 1 -------------------------------
          KSP Object: (BackwardEuler-Equation_lumped_mg_levels_1_) 104 MPI processes
            type: chebyshev
              Chebyshev polynomial of first kind
              eigenvalue targets used: min 0.190334, max 2.09368
              eigenvalues estimated via gmres: min 0.096702, max 1.90334
              eigenvalues estimated using gmres with transform: [0. 0.1; 0. 1.1]
              KSP Object: (BackwardEuler-Equation_lumped_mg_levels_1_esteig_) 104 MPI processes
                type: gmres
                  restart=30, using classical (unmodified) Gram-Schmidt orthogonalization with no iterative refinement
                  happy breakdown tolerance=1e-30
                maximum iterations=10, initial guess is zero
                tolerances: relative=1e-12, absolute=1e-50, divergence=10000.
                left preconditioning
                using PRECONDITIONED norm type for convergence test
              estimating eigenvalues using a noisy random number generated right-hand side
            maximum iterations=1, nonzero initial guess
            tolerances: relative=1e-05, absolute=1e-50, divergence=10000.
            left preconditioning
            not checking for convergence
          PC Object: (BackwardEuler-Equation_lumped_mg_levels_1_) 104 MPI processes
            type: python
              Python: firedrake.ASMLinesmoothPC
            PC Object: (BackwardEuler-Equation_lumped_mg_levels_1_pc_linesmooth_sub_) 104 MPI processes
              type: asm
                total subdomain blocks = 4096, user-defined overlap
                restriction/interpolation type - BASIC
                Local solver information for first block is in the following KSP and PC objects on rank 0:
                Use -BackwardEuler-Equation_lumped_mg_levels_1_pc_linesmooth_sub_ksp_view ::ascii_info_detail to display information for all blocks
                KSP Object: (BackwardEuler-Equation_lumped_mg_levels_1_pc_linesmooth_sub_sub_) 1 MPI process
                  type: preonly
                  maximum iterations=10000, initial guess is zero
                  tolerances: relative=1e-05, absolute=1e-50, divergence=10000.
                  left preconditioning
                  not checking for convergence
                PC Object: (BackwardEuler-Equation_lumped_mg_levels_1_pc_linesmooth_sub_sub_) 1 MPI process
                  type: lu
                    out-of-place factorization
                    tolerance for zero pivot 2.22045e-14
                    matrix ordering: natural
                    factor fill ratio given 5., needed 1.
                      Factored matrix:
                        Mat Object: (BackwardEuler-Equation_lumped_mg_levels_1_pc_linesmooth_sub_sub_) 1 MPI process
                          type: seqaij
                          rows=624, cols=624
                          package used to perform factorization: petsc
                          total: nonzeros=14848, allocated nonzeros=14848
                            using I-node routines: found 156 nodes, limit used is 5
                  linear system matrix, which is also used to construct the preconditioner:
                  Mat Object: (BackwardEuler-Equation_lumped_mg_levels_1_pc_linesmooth_sub_sub_) 1 MPI process
                    type: seqaij
                    rows=624, cols=624
                    total: nonzeros=14848, allocated nonzeros=14848
                    total number of mallocs used during MatSetValues calls=0
                      using I-node routines: found 156 nodes, limit used is 5
              linear system matrix, which is also used to construct the preconditioner:
              Mat Object: (BackwardEuler-Equation_) 104 MPI processes
                type: mpiaij
                rows=2555904, cols=2555904
                total: nonzeros=141328384, allocated nonzeros=141328384
                total number of mallocs used during MatSetValues calls=0
                  has attached near null space
                  using I-node (on process 0) routines: found 5616 nodes, limit used is 5
            linear system matrix, which is also used to construct the preconditioner:
            Mat Object: (BackwardEuler-Equation_) 104 MPI processes
              type: mpiaij
              rows=2555904, cols=2555904
              total: nonzeros=141328384, allocated nonzeros=141328384
              total number of mallocs used during MatSetValues calls=0
                has attached near null space
                using I-node (on process 0) routines: found 5616 nodes, limit used is 5
        Up solver (post-smoother) same as down solver (pre-smoother)
        linear system matrix, which is also used to construct the preconditioner:
        Mat Object: (BackwardEuler-Equation_) 104 MPI processes
          type: mpiaij
          rows=2555904, cols=2555904
          total: nonzeros=141328384, allocated nonzeros=141328384
          total number of mallocs used during MatSetValues calls=0
            has attached near null space
            using I-node (on process 0) routines: found 5616 nodes, limit used is 5
      linear system matrix, which is also used to construct the preconditioner:
      Mat Object: (BackwardEuler-Equation_) 104 MPI processes
        type: mpiaij
        rows=2555904, cols=2555904
        total: nonzeros=141328384, allocated nonzeros=141328384
        total number of mallocs used during MatSetValues calls=0
          has attached near null space
          using I-node (on process 0) routines: found 5616 nodes, limit used is 5
t = 300.00 s | step 1/10 | wall 41.29 s | NL 2 | L 38
    0 SNES Function norm 5.015977267857e-06
            Linear BackwardEuler-Equation_lumped_mg_coarse_ solve converged due to CONVERGED_ITS iterations 1
            Linear BackwardEuler-Equation_lumped_mg_coarse_ solve converged due to CONVERGED_ITS iterations 1
            Linear BackwardEuler-Equation_lumped_mg_coarse_ solve converged due to CONVERGED_ITS iterations 1
            Linear BackwardEuler-Equation_lumped_mg_coarse_ solve converged due to CONVERGED_ITS iterations 1
            Linear BackwardEuler-Equation_lumped_mg_coarse_ solve converged due to CONVERGED_ITS iterations 1
            Linear BackwardEuler-Equation_lumped_mg_coarse_ solve converged due to CONVERGED_ITS iterations 1
            Linear BackwardEuler-Equation_lumped_mg_coarse_ solve converged due to CONVERGED_ITS iterations 1
            Linear BackwardEuler-Equation_lumped_mg_coarse_ solve converged due to CONVERGED_ITS iterations 1
            Linear BackwardEuler-Equation_lumped_mg_coarse_ solve converged due to CONVERGED_ITS iterations 1
            Linear BackwardEuler-Equation_lumped_mg_coarse_ solve converged due to CONVERGED_ITS iterations 1
            Linear BackwardEuler-Equation_lumped_mg_coarse_ solve converged due to CONVERGED_ITS iterations 1
            Linear BackwardEuler-Equation_lumped_mg_coarse_ solve converged due to CONVERGED_ITS iterations 1
            Linear BackwardEuler-Equation_lumped_mg_coarse_ solve converged due to CONVERGED_ITS iterations 1
            Linear BackwardEuler-Equation_lumped_mg_coarse_ solve converged due to CONVERGED_ITS iterations 1
            Linear BackwardEuler-Equation_lumped_mg_coarse_ solve converged due to CONVERGED_ITS iterations 1
            Linear BackwardEuler-Equation_lumped_mg_coarse_ solve converged due to CONVERGED_ITS iterations 1
            Linear BackwardEuler-Equation_lumped_mg_coarse_ solve converged due to CONVERGED_ITS iterations 1
            Linear BackwardEuler-Equation_lumped_mg_coarse_ solve converged due to CONVERGED_ITS iterations 1
            Linear BackwardEuler-Equation_lumped_mg_coarse_ solve converged due to CONVERGED_ITS iterations 1
            Linear BackwardEuler-Equation_lumped_mg_coarse_ solve converged due to CONVERGED_ITS iterations 1
      Linear BackwardEuler-Equation_ solve converged due to CONVERGED_RTOL iterations 20
  Mat Object: (BackwardEuler-Equation_) 104 MPI processes
    type: mpiaij
    rows=2555904, cols=2555904
    total: nonzeros=141328384, allocated nonzeros=141328384
    total number of mallocs used during MatSetValues calls=0
      has attached near null space
      using I-node (on process 0) routines: found 5616 nodes, limit used is 5
    1 SNES Function norm 1.880303483411e-07
            Linear BackwardEuler-Equation_lumped_mg_coarse_ solve converged due to CONVERGED_ITS iterations 1
            Linear BackwardEuler-Equation_lumped_mg_coarse_ solve converged due to CONVERGED_ITS iterations 1
            Linear BackwardEuler-Equation_lumped_mg_coarse_ solve converged due to CONVERGED_ITS iterations 1
            Linear BackwardEuler-Equation_lumped_mg_coarse_ solve converged due to CONVERGED_ITS iterations 1
            Linear BackwardEuler-Equation_lumped_mg_coarse_ solve converged due to CONVERGED_ITS iterations 1
            Linear BackwardEuler-Equation_lumped_mg_coarse_ solve converged due to CONVERGED_ITS iterations 1
            Linear BackwardEuler-Equation_lumped_mg_coarse_ solve converged due to CONVERGED_ITS iterations 1
            Linear BackwardEuler-Equation_lumped_mg_coarse_ solve converged due to CONVERGED_ITS iterations 1
            Linear BackwardEuler-Equation_lumped_mg_coarse_ solve converged due to CONVERGED_ITS iterations 1
            Linear BackwardEuler-Equation_lumped_mg_coarse_ solve converged due to CONVERGED_ITS iterations 1
            Linear BackwardEuler-Equation_lumped_mg_coarse_ solve converged due to CONVERGED_ITS iterations 1
            Linear BackwardEuler-Equation_lumped_mg_coarse_ solve converged due to CONVERGED_ITS iterations 1
            Linear BackwardEuler-Equation_lumped_mg_coarse_ solve converged due to CONVERGED_ITS iterations 1
            Linear BackwardEuler-Equation_lumped_mg_coarse_ solve converged due to CONVERGED_ITS iterations 1
            Linear BackwardEuler-Equation_lumped_mg_coarse_ solve converged due to CONVERGED_ITS iterations 1
            Linear BackwardEuler-Equation_lumped_mg_coarse_ solve converged due to CONVERGED_ITS iterations 1
            Linear BackwardEuler-Equation_lumped_mg_coarse_ solve converged due to CONVERGED_ITS iterations 1
            Linear BackwardEuler-Equation_lumped_mg_coarse_ solve converged due to CONVERGED_ITS iterations 1
            Linear BackwardEuler-Equation_lumped_mg_coarse_ solve converged due to CONVERGED_ITS iterations 1
            Linear BackwardEuler-Equation_lumped_mg_coarse_ solve converged due to CONVERGED_ITS iterations 1
      Linear BackwardEuler-Equation_ solve converged due to CONVERGED_RTOL iterations 20
  Mat Object: (BackwardEuler-Equation_) 104 MPI processes
    type: mpiaij
    rows=2555904, cols=2555904
    total: nonzeros=141328384, allocated nonzeros=141328384
    total number of mallocs used during MatSetValues calls=0
      has attached near null space
      using I-node (on process 0) routines: found 5616 nodes, limit used is 5
    2 SNES Function norm 5.263651026093e-10
    Nonlinear BackwardEuler-Equation_ solve converged due to CONVERGED_FNORM_ABS iterations 2
  SNES Object: (BackwardEuler-Equation_) 104 MPI processes
    type: newtonls
    maximum iterations=50, maximum function evaluations=10000
    tolerances: relative=1e-08, absolute=1e-08, solution=1e-08
    total number of linear solver iterations=40
    total number of function evaluations=3
    norm schedule ALWAYS
    SNESLineSearch Object: (BackwardEuler-Equation_) 104 MPI processes
      type: bt
        interpolation: cubic
        alpha=1.000000e-04
      maxlambda=1.000000e+00, minlambda=1.000000e-12
      tolerances: relative=1.000000e-08, absolute=1.000000e-15, lambda=1.000000e-08
      maximum iterations=40
    KSP Object: (BackwardEuler-Equation_) 104 MPI processes
      type: fgmres
        restart=30, using classical (unmodified) Gram-Schmidt orthogonalization with no iterative refinement
        happy breakdown tolerance=1e-30
      maximum iterations=200, initial guess is zero
      tolerances: relative=0.0001, absolute=1e-50, divergence=10000.
      right preconditioning
      using UNPRECONDITIONED norm type for convergence test
    PC Object: (BackwardEuler-Equation_) 104 MPI processes
      type: python
        Python: solvers.vlumping_hmg.VerticallyLumpedHMGPC
      Firedrake custom preconditioner VerticallyLumpedHMGPC
        Vertically lumped MG (HMG variant): coarse level built on the 2D base of an ExtrudedMeshHierarchy, coarse solve is geometric MG on the base hierarchy.
        PC Object: (BackwardEuler-Equation_lumped_) 104 MPI processes
          type: mg
            type is MULTIPLICATIVE, levels=2 cycles=v
              Cycles per PCApply=1
              Using Galerkin computed coarse grid matrices
          Coarse grid solver -- level 0 -------------------------------
            KSP Object: (BackwardEuler-Equation_lumped_mg_coarse_) 104 MPI processes
              type: preonly
              maximum iterations=10000, initial guess is zero
              tolerances: relative=1e-05, absolute=1e-50, divergence=10000.
              left preconditioning
              not checking for convergence
            PC Object: (BackwardEuler-Equation_lumped_mg_coarse_) 104 MPI processes
              type: mg
                type is MULTIPLICATIVE, levels=2 cycles=v
                  Cycles per PCApply=1
                  Using Galerkin computed coarse grid matrices
              Coarse grid solver -- level 0 -------------------------------
                KSP Object: (BackwardEuler-Equation_lumped_mg_coarse_mg_coarse_) 104 MPI processes
                  type: preonly
                  maximum iterations=10000, initial guess is zero
                  tolerances: relative=1e-05, absolute=1e-50, divergence=10000.
                  left preconditioning
                  not checking for convergence
                PC Object: (BackwardEuler-Equation_lumped_mg_coarse_mg_coarse_) 104 MPI processes
                  type: lu
                    out-of-place factorization
                    tolerance for zero pivot 2.22045e-14
                    matrix ordering: external
                    factor fill ratio given 0., needed 0.
                      Factored matrix:
                        Mat Object: (BackwardEuler-Equation_lumped_mg_coarse_mg_coarse_) 104 MPI processes
                          type: mumps
                          rows=4096, cols=4096
                          package used to perform factorization: mumps
                          total: nonzeros=508672, allocated nonzeros=508672
                            MUMPS run parameters:
                              Use -BackwardEuler-Equation_lumped_mg_coarse_mg_coarse_ksp_view ::ascii_info_detail to display information for all processes
                              RINFOG(1) (global estimated flops for the elimination after analysis): 4.49937e+07
                              RINFOG(2) (global estimated flops for the assembly after factorization): 449552.
                              RINFOG(3) (global estimated flops for the elimination after factorization): 4.49937e+07
                              (RINFOG(12) RINFOG(13))*2^INFOG(34) (determinant): (0.,0.)*(2^0)
                              INFOG(3) (estimated real workspace for factors on all processors after analysis): 508672
                              INFOG(4) (estimated integer workspace for factors on all processors after analysis): 32200
                              INFOG(5) (estimated maximum front size in the complete tree): 188
                              INFOG(6) (number of nodes in the complete tree): 280
                              INFOG(7) (ordering option effectively used after analysis): 2
                              INFOG(8) (structural symmetry in percent of the permuted matrix after analysis): -1
                              INFOG(9) (total real/complex workspace to store the matrix factors after factorization): 508672
                              INFOG(10) (total integer space store the matrix factors after factorization): 32200
                              INFOG(11) (order of largest frontal matrix after factorization): 188
                              INFOG(12) (number of off-diagonal pivots): 0
                              INFOG(13) (number of delayed pivots after factorization): 0
                              INFOG(14) (number of memory compress after factorization): 0
                              INFOG(15) (number of steps of iterative refinement after solution): 0
                              INFOG(16) (estimated size (in MB) of all MUMPS internal data for factorization after analysis: value on the most memory consuming processor): 134
                              INFOG(17) (estimated size of all MUMPS internal data for factorization after analysis: sum over all processors): 13936
                              INFOG(18) (size of all MUMPS internal data allocated during factorization: value on the most memory consuming processor): 134
                              INFOG(19) (size of all MUMPS internal data allocated during factorization: sum over all processors): 13936
                              INFOG(20) (estimated number of entries in the factors): 508672
                              INFOG(21) (size in MB of memory effectively used during factorization - value on the most memory consuming processor): 134
                              INFOG(22) (size in MB of memory effectively used during factorization - sum over all processors): 13936
                              INFOG(23) (after analysis: value of ICNTL(6) effectively used): 0
                              INFOG(24) (after analysis: value of ICNTL(12) effectively used): 1
                              INFOG(25) (after factorization: number of pivots modified by static pivoting): 0
                              INFOG(28) (after factorization: number of null pivots encountered): 0
                              INFOG(29) (after factorization: effective number of entries in the factors (sum over all processors)): 508672
                              INFOG(30, 31) (after solution: size in Mbytes of memory used during solution phase): 19, 1883
                              INFOG(32) (after analysis: type of analysis done): 1
                              INFOG(33) (value used for ICNTL(8)): 7
                              INFOG(34) (exponent of the determinant if determinant is requested): 0
                              INFOG(35) (after factorization: number of entries taking into account BLR factor compression - sum over all processors): 508672
                              INFOG(36) (after analysis: estimated size of all MUMPS internal data for running BLR in-core - value on the most memory consuming processor): 0
                              INFOG(37) (after analysis: estimated size of all MUMPS internal data for running BLR in-core - sum over all processors): 0
                              INFOG(38) (after analysis: estimated size of all MUMPS internal data for running BLR out-of-core - value on the most memory consuming processor): 0
                              INFOG(39) (after analysis: estimated size of all MUMPS internal data for running BLR out-of-core - sum over all processors): 0
                  linear system matrix, which is also used to construct the preconditioner:
                  Mat Object: 104 MPI processes
                    type: mpiaij
                    rows=4096, cols=4096
                    total: nonzeros=79872, allocated nonzeros=79872
                    total number of mallocs used during MatSetValues calls=0
                      using nonscalable MatPtAP() implementation
                      using I-node (on process 0) routines: found 9 nodes, limit used is 5
              Down solver (pre-smoother) on level 1 -------------------------------
                KSP Object: (BackwardEuler-Equation_lumped_mg_coarse_mg_levels_1_) 104 MPI processes
                  type: chebyshev
                    Chebyshev polynomial of first kind
                    eigenvalue targets used: min 0.182906, max 2.01197
                    eigenvalues estimated via gmres: min 0.166277, max 1.82906
                    eigenvalues estimated using gmres with transform: [0. 0.1; 0. 1.1]
                    KSP Object: (BackwardEuler-Equation_lumped_mg_coarse_mg_levels_1_esteig_) 104 MPI processes
                      type: gmres
                        restart=30, using classical (unmodified) Gram-Schmidt orthogonalization with no iterative refinement
                        happy breakdown tolerance=1e-30
                      maximum iterations=10, initial guess is zero
                      tolerances: relative=1e-12, absolute=1e-50, divergence=10000.
                      left preconditioning
                      using PRECONDITIONED norm type for convergence test
                    estimating eigenvalues using a noisy random number generated right-hand side
                  maximum iterations=2, nonzero initial guess
                  tolerances: relative=1e-05, absolute=1e-50, divergence=10000.
                  left preconditioning
                  not checking for convergence
                PC Object: (BackwardEuler-Equation_lumped_mg_coarse_mg_levels_1_) 104 MPI processes
                  type: bjacobi
                    number of blocks = 104
                    Local solver information for first block is in the following KSP and PC objects on rank 0:
                    Use -BackwardEuler-Equation_lumped_mg_coarse_mg_levels_1_ksp_view ::ascii_info_detail to display information for all blocks
                    KSP Object: (BackwardEuler-Equation_lumped_mg_coarse_mg_levels_1_sub_) 1 MPI process
                      type: preonly
                      maximum iterations=10000, initial guess is zero
                      tolerances: relative=1e-05, absolute=1e-50, divergence=10000.
                      left preconditioning
                      not checking for convergence
                    PC Object: (BackwardEuler-Equation_lumped_mg_coarse_mg_levels_1_sub_) 1 MPI process
                      type: ilu
                        out-of-place factorization
                        0 levels of fill
                        tolerance for zero pivot 2.22045e-14
                        matrix ordering: natural
                        factor fill ratio given 1., needed 1.
                          Factored matrix:
                            Mat Object: (BackwardEuler-Equation_lumped_mg_coarse_mg_levels_1_sub_) 1 MPI process
                              type: seqaij
                              rows=144, cols=144
                              package used to perform factorization: petsc
                              total: nonzeros=2496, allocated nonzeros=2496
                                using I-node routines: found 36 nodes, limit used is 5
                      linear system matrix, which is also used to construct the preconditioner:
                      Mat Object: (BackwardEuler-Equation_lumped_mg_coarse_mg_levels_1_sub_) 1 MPI process
                        type: seqaij
                        rows=144, cols=144
                        total: nonzeros=2496, allocated nonzeros=2496
                        total number of mallocs used during MatSetValues calls=0
                          using I-node routines: found 36 nodes, limit used is 5
                  linear system matrix, which is also used to construct the preconditioner:
                  Mat Object: 104 MPI processes
                    type: mpiaij
                    rows=16384, cols=16384
                    total: nonzeros=323584, allocated nonzeros=323584
                    total number of mallocs used during MatSetValues calls=0
                      using nonscalable MatPtAP() implementation
                      using I-node (on process 0) routines: found 36 nodes, limit used is 5
              Up solver (post-smoother) same as down solver (pre-smoother)
              linear system matrix, which is also used to construct the preconditioner:
              Mat Object: 104 MPI processes
                type: mpiaij
                rows=16384, cols=16384
                total: nonzeros=323584, allocated nonzeros=323584
                total number of mallocs used during MatSetValues calls=0
                  using nonscalable MatPtAP() implementation
                  using I-node (on process 0) routines: found 36 nodes, limit used is 5
          Down solver (pre-smoother) on level 1 -------------------------------
            KSP Object: (BackwardEuler-Equation_lumped_mg_levels_1_) 104 MPI processes
              type: chebyshev
                Chebyshev polynomial of first kind
                eigenvalue targets used: min 0.190332, max 2.09365
                eigenvalues estimated via gmres: min 0.0967273, max 1.90332
                eigenvalues estimated using gmres with transform: [0. 0.1; 0. 1.1]
                KSP Object: (BackwardEuler-Equation_lumped_mg_levels_1_esteig_) 104 MPI processes
                  type: gmres
                    restart=30, using classical (unmodified) Gram-Schmidt orthogonalization with no iterative refinement
                    happy breakdown tolerance=1e-30
                  maximum iterations=10, initial guess is zero
                  tolerances: relative=1e-12, absolute=1e-50, divergence=10000.
                  left preconditioning
                  using PRECONDITIONED norm type for convergence test
                estimating eigenvalues using a noisy random number generated right-hand side
              maximum iterations=1, nonzero initial guess
              tolerances: relative=1e-05, absolute=1e-50, divergence=10000.
              left preconditioning
              not checking for convergence
            PC Object: (BackwardEuler-Equation_lumped_mg_levels_1_) 104 MPI processes
              type: python
                Python: firedrake.ASMLinesmoothPC
              PC Object: (BackwardEuler-Equation_lumped_mg_levels_1_pc_linesmooth_sub_) 104 MPI processes
                type: asm
                  total subdomain blocks = 4096, user-defined overlap
                  restriction/interpolation type - BASIC
                  Local solver information for first block is in the following KSP and PC objects on rank 0:
                  Use -BackwardEuler-Equation_lumped_mg_levels_1_pc_linesmooth_sub_ksp_view ::ascii_info_detail to display information for all blocks
                  KSP Object: (BackwardEuler-Equation_lumped_mg_levels_1_pc_linesmooth_sub_sub_) 1 MPI process
                    type: preonly
                    maximum iterations=10000, initial guess is zero
                    tolerances: relative=1e-05, absolute=1e-50, divergence=10000.
                    left preconditioning
                    not checking for convergence
                  PC Object: (BackwardEuler-Equation_lumped_mg_levels_1_pc_linesmooth_sub_sub_) 1 MPI process
                    type: lu
                      out-of-place factorization
                      tolerance for zero pivot 2.22045e-14
                      matrix ordering: natural
                      factor fill ratio given 5., needed 1.
                        Factored matrix:
                          Mat Object: (BackwardEuler-Equation_lumped_mg_levels_1_pc_linesmooth_sub_sub_) 1 MPI process
                            type: seqaij
                            rows=624, cols=624
                            package used to perform factorization: petsc
                            total: nonzeros=14848, allocated nonzeros=14848
                              using I-node routines: found 156 nodes, limit used is 5
                    linear system matrix, which is also used to construct the preconditioner:
                    Mat Object: (BackwardEuler-Equation_lumped_mg_levels_1_pc_linesmooth_sub_sub_) 1 MPI process
                      type: seqaij
                      rows=624, cols=624
                      total: nonzeros=14848, allocated nonzeros=14848
                      total number of mallocs used during MatSetValues calls=0
                        using I-node routines: found 156 nodes, limit used is 5
                linear system matrix, which is also used to construct the preconditioner:
                Mat Object: (BackwardEuler-Equation_) 104 MPI processes
                  type: mpiaij
                  rows=2555904, cols=2555904
                  total: nonzeros=141328384, allocated nonzeros=141328384
                  total number of mallocs used during MatSetValues calls=0
                    has attached near null space
                    using I-node (on process 0) routines: found 5616 nodes, limit used is 5
              linear system matrix, which is also used to construct the preconditioner:
              Mat Object: (BackwardEuler-Equation_) 104 MPI processes
                type: mpiaij
                rows=2555904, cols=2555904
                total: nonzeros=141328384, allocated nonzeros=141328384
                total number of mallocs used during MatSetValues calls=0
                  has attached near null space
                  using I-node (on process 0) routines: found 5616 nodes, limit used is 5
          Up solver (post-smoother) same as down solver (pre-smoother)
          linear system matrix, which is also used to construct the preconditioner:
          Mat Object: (BackwardEuler-Equation_) 104 MPI processes
            type: mpiaij
            rows=2555904, cols=2555904
            total: nonzeros=141328384, allocated nonzeros=141328384
            total number of mallocs used during MatSetValues calls=0
              has attached near null space
              using I-node (on process 0) routines: found 5616 nodes, limit used is 5
        linear system matrix, which is also used to construct the preconditioner:
        Mat Object: (BackwardEuler-Equation_) 104 MPI processes
          type: mpiaij
          rows=2555904, cols=2555904
          total: nonzeros=141328384, allocated nonzeros=141328384
          total number of mallocs used during MatSetValues calls=0
            has attached near null space
            using I-node (on process 0) routines: found 5616 nodes, limit used is 5
t = 600.00 s | step 2/10 | wall 1.47 s | NL 2 | L 40
      0 SNES Function norm 4.359137525089e-06
              Linear BackwardEuler-Equation_lumped_mg_coarse_ solve converged due to CONVERGED_ITS iterations 1
              Linear BackwardEuler-Equation_lumped_mg_coarse_ solve converged due to CONVERGED_ITS iterations 1
              Linear BackwardEuler-Equation_lumped_mg_coarse_ solve converged due to CONVERGED_ITS iterations 1
              Linear BackwardEuler-Equation_lumped_mg_coarse_ solve converged due to CONVERGED_ITS iterations 1
              Linear BackwardEuler-Equation_lumped_mg_coarse_ solve converged due to CONVERGED_ITS iterations 1
              Linear BackwardEuler-Equation_lumped_mg_coarse_ solve converged due to CONVERGED_ITS iterations 1
              Linear BackwardEuler-Equation_lumped_mg_coarse_ solve converged due to CONVERGED_ITS iterations 1
              Linear BackwardEuler-Equation_lumped_mg_coarse_ solve converged due to CONVERGED_ITS iterations 1
              Linear BackwardEuler-Equation_lumped_mg_coarse_ solve converged due to CONVERGED_ITS iterations 1
              Linear BackwardEuler-Equation_lumped_mg_coarse_ solve converged due to CONVERGED_ITS iterations 1
              Linear BackwardEuler-Equation_lumped_mg_coarse_ solve converged due to CONVERGED_ITS iterations 1
              Linear BackwardEuler-Equation_lumped_mg_coarse_ solve converged due to CONVERGED_ITS iterations 1
              Linear BackwardEuler-Equation_lumped_mg_coarse_ solve converged due to CONVERGED_ITS iterations 1
              Linear BackwardEuler-Equation_lumped_mg_coarse_ solve converged due to CONVERGED_ITS iterations 1
              Linear BackwardEuler-Equation_lumped_mg_coarse_ solve converged due to CONVERGED_ITS iterations 1
              Linear BackwardEuler-Equation_lumped_mg_coarse_ solve converged due to CONVERGED_ITS iterations 1
              Linear BackwardEuler-Equation_lumped_mg_coarse_ solve converged due to CONVERGED_ITS iterations 1
              Linear BackwardEuler-Equation_lumped_mg_coarse_ solve converged due to CONVERGED_ITS iterations 1
              Linear BackwardEuler-Equation_lumped_mg_coarse_ solve converged due to CONVERGED_ITS iterations 1
              Linear BackwardEuler-Equation_lumped_mg_coarse_ solve converged due to CONVERGED_ITS iterations 1
        Linear BackwardEuler-Equation_ solve converged due to CONVERGED_RTOL iterations 20
    Mat Object: (BackwardEuler-Equation_) 104 MPI processes
      type: mpiaij
      rows=2555904, cols=2555904
      total: nonzeros=141328384, allocated nonzeros=141328384
      total number of mallocs used during MatSetValues calls=0
        has attached near null space
        using I-node (on process 0) routines: found 5616 nodes, limit used is 5
      1 SNES Function norm 1.161647150973e-07
              Linear BackwardEuler-Equation_lumped_mg_coarse_ solve converged due to CONVERGED_ITS iterations 1
              Linear BackwardEuler-Equation_lumped_mg_coarse_ solve converged due to CONVERGED_ITS iterations 1
              Linear BackwardEuler-Equation_lumped_mg_coarse_ solve converged due to CONVERGED_ITS iterations 1
              Linear BackwardEuler-Equation_lumped_mg_coarse_ solve converged due to CONVERGED_ITS iterations 1
              Linear BackwardEuler-Equation_lumped_mg_coarse_ solve converged due to CONVERGED_ITS iterations 1
              Linear BackwardEuler-Equation_lumped_mg_coarse_ solve converged due to CONVERGED_ITS iterations 1
              Linear BackwardEuler-Equation_lumped_mg_coarse_ solve converged due to CONVERGED_ITS iterations 1
              Linear BackwardEuler-Equation_lumped_mg_coarse_ solve converged due to CONVERGED_ITS iterations 1
              Linear BackwardEuler-Equation_lumped_mg_coarse_ solve converged due to CONVERGED_ITS iterations 1
              Linear BackwardEuler-Equation_lumped_mg_coarse_ solve converged due to CONVERGED_ITS iterations 1
              Linear BackwardEuler-Equation_lumped_mg_coarse_ solve converged due to CONVERGED_ITS iterations 1
              Linear BackwardEuler-Equation_lumped_mg_coarse_ solve converged due to CONVERGED_ITS iterations 1
              Linear BackwardEuler-Equation_lumped_mg_coarse_ solve converged due to CONVERGED_ITS iterations 1
              Linear BackwardEuler-Equation_lumped_mg_coarse_ solve converged due to CONVERGED_ITS iterations 1
              Linear BackwardEuler-Equation_lumped_mg_coarse_ solve converged due to CONVERGED_ITS iterations 1
              Linear BackwardEuler-Equation_lumped_mg_coarse_ solve converged due to CONVERGED_ITS iterations 1
              Linear BackwardEuler-Equation_lumped_mg_coarse_ solve converged due to CONVERGED_ITS iterations 1
              Linear BackwardEuler-Equation_lumped_mg_coarse_ solve converged due to CONVERGED_ITS iterations 1
              Linear BackwardEuler-Equation_lumped_mg_coarse_ solve converged due to CONVERGED_ITS iterations 1
              Linear BackwardEuler-Equation_lumped_mg_coarse_ solve converged due to CONVERGED_ITS iterations 1
        Linear BackwardEuler-Equation_ solve converged due to CONVERGED_RTOL iterations 20
    Mat Object: (BackwardEuler-Equation_) 104 MPI processes
      type: mpiaij
      rows=2555904, cols=2555904
      total: nonzeros=141328384, allocated nonzeros=141328384
      total number of mallocs used during MatSetValues calls=0
        has attached near null space
        using I-node (on process 0) routines: found 5616 nodes, limit used is 5
      2 SNES Function norm 1.620157417384e-10
      Nonlinear BackwardEuler-Equation_ solve converged due to CONVERGED_FNORM_ABS iterations 2
    SNES Object: (BackwardEuler-Equation_) 104 MPI processes
      type: newtonls
      maximum iterations=50, maximum function evaluations=10000
      tolerances: relative=1e-08, absolute=1e-08, solution=1e-08
      total number of linear solver iterations=40
      total number of function evaluations=3
      norm schedule ALWAYS
      SNESLineSearch Object: (BackwardEuler-Equation_) 104 MPI processes
        type: bt
          interpolation: cubic
          alpha=1.000000e-04
        maxlambda=1.000000e+00, minlambda=1.000000e-12
        tolerances: relative=1.000000e-08, absolute=1.000000e-15, lambda=1.000000e-08
        maximum iterations=40
      KSP Object: (BackwardEuler-Equation_) 104 MPI processes
        type: fgmres
          restart=30, using classical (unmodified) Gram-Schmidt orthogonalization with no iterative refinement
          happy breakdown tolerance=1e-30
        maximum iterations=200, initial guess is zero
        tolerances: relative=0.0001, absolute=1e-50, divergence=10000.
        right preconditioning
        using UNPRECONDITIONED norm type for convergence test
      PC Object: (BackwardEuler-Equation_) 104 MPI processes
        type: python
          Python: solvers.vlumping_hmg.VerticallyLumpedHMGPC
        Firedrake custom preconditioner VerticallyLumpedHMGPC
          Vertically lumped MG (HMG variant): coarse level built on the 2D base of an ExtrudedMeshHierarchy, coarse solve is geometric MG on the base hierarchy.
          PC Object: (BackwardEuler-Equation_lumped_) 104 MPI processes
            type: mg
              type is MULTIPLICATIVE, levels=2 cycles=v
                Cycles per PCApply=1
                Using Galerkin computed coarse grid matrices
            Coarse grid solver -- level 0 -------------------------------
              KSP Object: (BackwardEuler-Equation_lumped_mg_coarse_) 104 MPI processes
                type: preonly
                maximum iterations=10000, initial guess is zero
                tolerances: relative=1e-05, absolute=1e-50, divergence=10000.
                left preconditioning
                not checking for convergence
              PC Object: (BackwardEuler-Equation_lumped_mg_coarse_) 104 MPI processes
                type: mg
                  type is MULTIPLICATIVE, levels=2 cycles=v
                    Cycles per PCApply=1
                    Using Galerkin computed coarse grid matrices
                Coarse grid solver -- level 0 -------------------------------
                  KSP Object: (BackwardEuler-Equation_lumped_mg_coarse_mg_coarse_) 104 MPI processes
                    type: preonly
                    maximum iterations=10000, initial guess is zero
                    tolerances: relative=1e-05, absolute=1e-50, divergence=10000.
                    left preconditioning
                    not checking for convergence
                  PC Object: (BackwardEuler-Equation_lumped_mg_coarse_mg_coarse_) 104 MPI processes
                    type: lu
                      out-of-place factorization
                      tolerance for zero pivot 2.22045e-14
                      matrix ordering: external
                      factor fill ratio given 0., needed 0.
                        Factored matrix:
                          Mat Object: (BackwardEuler-Equation_lumped_mg_coarse_mg_coarse_) 104 MPI processes
                            type: mumps
                            rows=4096, cols=4096
                            package used to perform factorization: mumps
                            total: nonzeros=508672, allocated nonzeros=508672
                              MUMPS run parameters:
                                Use -BackwardEuler-Equation_lumped_mg_coarse_mg_coarse_ksp_view ::ascii_info_detail to display information for all processes
                                RINFOG(1) (global estimated flops for the elimination after analysis): 4.49937e+07
                                RINFOG(2) (global estimated flops for the assembly after factorization): 449552.
                                RINFOG(3) (global estimated flops for the elimination after factorization): 4.49937e+07
                                (RINFOG(12) RINFOG(13))*2^INFOG(34) (determinant): (0.,0.)*(2^0)
                                INFOG(3) (estimated real workspace for factors on all processors after analysis): 508672
                                INFOG(4) (estimated integer workspace for factors on all processors after analysis): 32200
                                INFOG(5) (estimated maximum front size in the complete tree): 188
                                INFOG(6) (number of nodes in the complete tree): 280
                                INFOG(7) (ordering option effectively used after analysis): 2
                                INFOG(8) (structural symmetry in percent of the permuted matrix after analysis): -1
                                INFOG(9) (total real/complex workspace to store the matrix factors after factorization): 508672
                                INFOG(10) (total integer space store the matrix factors after factorization): 32200
                                INFOG(11) (order of largest frontal matrix after factorization): 188
                                INFOG(12) (number of off-diagonal pivots): 0
                                INFOG(13) (number of delayed pivots after factorization): 0
                                INFOG(14) (number of memory compress after factorization): 0
                                INFOG(15) (number of steps of iterative refinement after solution): 0
                                INFOG(16) (estimated size (in MB) of all MUMPS internal data for factorization after analysis: value on the most memory consuming processor): 134
                                INFOG(17) (estimated size of all MUMPS internal data for factorization after analysis: sum over all processors): 13936
                                INFOG(18) (size of all MUMPS internal data allocated during factorization: value on the most memory consuming processor): 134
                                INFOG(19) (size of all MUMPS internal data allocated during factorization: sum over all processors): 13936
                                INFOG(20) (estimated number of entries in the factors): 508672
                                INFOG(21) (size in MB of memory effectively used during factorization - value on the most memory consuming processor): 134
                                INFOG(22) (size in MB of memory effectively used during factorization - sum over all processors): 13936
                                INFOG(23) (after analysis: value of ICNTL(6) effectively used): 0
                                INFOG(24) (after analysis: value of ICNTL(12) effectively used): 1
                                INFOG(25) (after factorization: number of pivots modified by static pivoting): 0
                                INFOG(28) (after factorization: number of null pivots encountered): 0
                                INFOG(29) (after factorization: effective number of entries in the factors (sum over all processors)): 508672
                                INFOG(30, 31) (after solution: size in Mbytes of memory used during solution phase): 19, 1883
                                INFOG(32) (after analysis: type of analysis done): 1
                                INFOG(33) (value used for ICNTL(8)): 7
                                INFOG(34) (exponent of the determinant if determinant is requested): 0
                                INFOG(35) (after factorization: number of entries taking into account BLR factor compression - sum over all processors): 508672
                                INFOG(36) (after analysis: estimated size of all MUMPS internal data for running BLR in-core - value on the most memory consuming processor): 0
                                INFOG(37) (after analysis: estimated size of all MUMPS internal data for running BLR in-core - sum over all processors): 0
                                INFOG(38) (after analysis: estimated size of all MUMPS internal data for running BLR out-of-core - value on the most memory consuming processor): 0
                                INFOG(39) (after analysis: estimated size of all MUMPS internal data for running BLR out-of-core - sum over all processors): 0
                    linear system matrix, which is also used to construct the preconditioner:
                    Mat Object: 104 MPI processes
                      type: mpiaij
                      rows=4096, cols=4096
                      total: nonzeros=79872, allocated nonzeros=79872
                      total number of mallocs used during MatSetValues calls=0
                        using nonscalable MatPtAP() implementation
                        using I-node (on process 0) routines: found 9 nodes, limit used is 5
                Down solver (pre-smoother) on level 1 -------------------------------
                  KSP Object: (BackwardEuler-Equation_lumped_mg_coarse_mg_levels_1_) 104 MPI processes
                    type: chebyshev
                      Chebyshev polynomial of first kind
                      eigenvalue targets used: min 0.183264, max 2.0159
                      eigenvalues estimated via gmres: min 0.164806, max 1.83264
                      eigenvalues estimated using gmres with transform: [0. 0.1; 0. 1.1]
                      KSP Object: (BackwardEuler-Equation_lumped_mg_coarse_mg_levels_1_esteig_) 104 MPI processes
                        type: gmres
                          restart=30, using classical (unmodified) Gram-Schmidt orthogonalization with no iterative refinement
                          happy breakdown tolerance=1e-30
                        maximum iterations=10, initial guess is zero
                        tolerances: relative=1e-12, absolute=1e-50, divergence=10000.
                        left preconditioning
                        using PRECONDITIONED norm type for convergence test
                      estimating eigenvalues using a noisy random number generated right-hand side
                    maximum iterations=2, nonzero initial guess
                    tolerances: relative=1e-05, absolute=1e-50, divergence=10000.
                    left preconditioning
                    not checking for convergence
                  PC Object: (BackwardEuler-Equation_lumped_mg_coarse_mg_levels_1_) 104 MPI processes
                    type: bjacobi
                      number of blocks = 104
                      Local solver information for first block is in the following KSP and PC objects on rank 0:
                      Use -BackwardEuler-Equation_lumped_mg_coarse_mg_levels_1_ksp_view ::ascii_info_detail to display information for all blocks
                      KSP Object: (BackwardEuler-Equation_lumped_mg_coarse_mg_levels_1_sub_) 1 MPI process
                        type: preonly
                        maximum iterations=10000, initial guess is zero
                        tolerances: relative=1e-05, absolute=1e-50, divergence=10000.
                        left preconditioning
                        not checking for convergence
                      PC Object: (BackwardEuler-Equation_lumped_mg_coarse_mg_levels_1_sub_) 1 MPI process
                        type: ilu
                          out-of-place factorization
                          0 levels of fill
                          tolerance for zero pivot 2.22045e-14
                          matrix ordering: natural
                          factor fill ratio given 1., needed 1.
                            Factored matrix:
                              Mat Object: (BackwardEuler-Equation_lumped_mg_coarse_mg_levels_1_sub_) 1 MPI process
                                type: seqaij
                                rows=144, cols=144
                                package used to perform factorization: petsc
                                total: nonzeros=2496, allocated nonzeros=2496
                                  using I-node routines: found 36 nodes, limit used is 5
                        linear system matrix, which is also used to construct the preconditioner:
                        Mat Object: (BackwardEuler-Equation_lumped_mg_coarse_mg_levels_1_sub_) 1 MPI process
                          type: seqaij
                          rows=144, cols=144
                          total: nonzeros=2496, allocated nonzeros=2496
                          total number of mallocs used during MatSetValues calls=0
                            using I-node routines: found 36 nodes, limit used is 5
                    linear system matrix, which is also used to construct the preconditioner:
                    Mat Object: 104 MPI processes
                      type: mpiaij
                      rows=16384, cols=16384
                      total: nonzeros=323584, allocated nonzeros=323584
                      total number of mallocs used during MatSetValues calls=0
                        using nonscalable MatPtAP() implementation
                        using I-node (on process 0) routines: found 36 nodes, limit used is 5
                Up solver (post-smoother) same as down solver (pre-smoother)
                linear system matrix, which is also used to construct the preconditioner:
                Mat Object: 104 MPI processes
                  type: mpiaij
                  rows=16384, cols=16384
                  total: nonzeros=323584, allocated nonzeros=323584
                  total number of mallocs used during MatSetValues calls=0
                    using nonscalable MatPtAP() implementation
                    using I-node (on process 0) routines: found 36 nodes, limit used is 5
            Down solver (pre-smoother) on level 1 -------------------------------
              KSP Object: (BackwardEuler-Equation_lumped_mg_levels_1_) 104 MPI processes
                type: chebyshev
                  Chebyshev polynomial of first kind
                  eigenvalue targets used: min 0.19033, max 2.09363
                  eigenvalues estimated via gmres: min 0.0967512, max 1.9033
                  eigenvalues estimated using gmres with transform: [0. 0.1; 0. 1.1]
                  KSP Object: (BackwardEuler-Equation_lumped_mg_levels_1_esteig_) 104 MPI processes
                    type: gmres
                      restart=30, using classical (unmodified) Gram-Schmidt orthogonalization with no iterative refinement
                      happy breakdown tolerance=1e-30
                    maximum iterations=10, initial guess is zero
                    tolerances: relative=1e-12, absolute=1e-50, divergence=10000.
                    left preconditioning
                    using PRECONDITIONED norm type for convergence test
                  estimating eigenvalues using a noisy random number generated right-hand side
                maximum iterations=1, nonzero initial guess
                tolerances: relative=1e-05, absolute=1e-50, divergence=10000.
                left preconditioning
                not checking for convergence
              PC Object: (BackwardEuler-Equation_lumped_mg_levels_1_) 104 MPI processes
                type: python
                  Python: firedrake.ASMLinesmoothPC
                PC Object: (BackwardEuler-Equation_lumped_mg_levels_1_pc_linesmooth_sub_) 104 MPI processes
                  type: asm
                    total subdomain blocks = 4096, user-defined overlap
                    restriction/interpolation type - BASIC
                    Local solver information for first block is in the following KSP and PC objects on rank 0:
                    Use -BackwardEuler-Equation_lumped_mg_levels_1_pc_linesmooth_sub_ksp_view ::ascii_info_detail to display information for all blocks
                    KSP Object: (BackwardEuler-Equation_lumped_mg_levels_1_pc_linesmooth_sub_sub_) 1 MPI process
                      type: preonly
                      maximum iterations=10000, initial guess is zero
                      tolerances: relative=1e-05, absolute=1e-50, divergence=10000.
                      left preconditioning
                      not checking for convergence
                    PC Object: (BackwardEuler-Equation_lumped_mg_levels_1_pc_linesmooth_sub_sub_) 1 MPI process
                      type: lu
                        out-of-place factorization
                        tolerance for zero pivot 2.22045e-14
                        matrix ordering: natural
                        factor fill ratio given 5., needed 1.
                          Factored matrix:
                            Mat Object: (BackwardEuler-Equation_lumped_mg_levels_1_pc_linesmooth_sub_sub_) 1 MPI process
                              type: seqaij
                              rows=624, cols=624
                              package used to perform factorization: petsc
                              total: nonzeros=14848, allocated nonzeros=14848
                                using I-node routines: found 156 nodes, limit used is 5
                      linear system matrix, which is also used to construct the preconditioner:
                      Mat Object: (BackwardEuler-Equation_lumped_mg_levels_1_pc_linesmooth_sub_sub_) 1 MPI process
                        type: seqaij
                        rows=624, cols=624
                        total: nonzeros=14848, allocated nonzeros=14848
                        total number of mallocs used during MatSetValues calls=0
                          using I-node routines: found 156 nodes, limit used is 5
                  linear system matrix, which is also used to construct the preconditioner:
                  Mat Object: (BackwardEuler-Equation_) 104 MPI processes
                    type: mpiaij
                    rows=2555904, cols=2555904
                    total: nonzeros=141328384, allocated nonzeros=141328384
                    total number of mallocs used during MatSetValues calls=0
                      has attached near null space
                      using I-node (on process 0) routines: found 5616 nodes, limit used is 5
                linear system matrix, which is also used to construct the preconditioner:
                Mat Object: (BackwardEuler-Equation_) 104 MPI processes
                  type: mpiaij
                  rows=2555904, cols=2555904
                  total: nonzeros=141328384, allocated nonzeros=141328384
                  total number of mallocs used during MatSetValues calls=0
                    has attached near null space
                    using I-node (on process 0) routines: found 5616 nodes, limit used is 5
            Up solver (post-smoother) same as down solver (pre-smoother)
            linear system matrix, which is also used to construct the preconditioner:
            Mat Object: (BackwardEuler-Equation_) 104 MPI processes
              type: mpiaij
              rows=2555904, cols=2555904
              total: nonzeros=141328384, allocated nonzeros=141328384
              total number of mallocs used during MatSetValues calls=0
                has attached near null space
                using I-node (on process 0) routines: found 5616 nodes, limit used is 5
          linear system matrix, which is also used to construct the preconditioner:
          Mat Object: (BackwardEuler-Equation_) 104 MPI processes
            type: mpiaij
            rows=2555904, cols=2555904
            total: nonzeros=141328384, allocated nonzeros=141328384
            total number of mallocs used during MatSetValues calls=0
              has attached near null space
              using I-node (on process 0) routines: found 5616 nodes, limit used is 5
t = 900.00 s | step 3/10 | wall 1.46 s | NL 2 | L 40
        0 SNES Function norm 3.998736250560e-06
                Linear BackwardEuler-Equation_lumped_mg_coarse_ solve converged due to CONVERGED_ITS iterations 1
                Linear BackwardEuler-Equation_lumped_mg_coarse_ solve converged due to CONVERGED_ITS iterations 1
                Linear BackwardEuler-Equation_lumped_mg_coarse_ solve converged due to CONVERGED_ITS iterations 1
                Linear BackwardEuler-Equation_lumped_mg_coarse_ solve converged due to CONVERGED_ITS iterations 1
                Linear BackwardEuler-Equation_lumped_mg_coarse_ solve converged due to CONVERGED_ITS iterations 1
                Linear BackwardEuler-Equation_lumped_mg_coarse_ solve converged due to CONVERGED_ITS iterations 1
                Linear BackwardEuler-Equation_lumped_mg_coarse_ solve converged due to CONVERGED_ITS iterations 1
                Linear BackwardEuler-Equation_lumped_mg_coarse_ solve converged due to CONVERGED_ITS iterations 1
                Linear BackwardEuler-Equation_lumped_mg_coarse_ solve converged due to CONVERGED_ITS iterations 1
                Linear BackwardEuler-Equation_lumped_mg_coarse_ solve converged due to CONVERGED_ITS iterations 1
                Linear BackwardEuler-Equation_lumped_mg_coarse_ solve converged due to CONVERGED_ITS iterations 1
                Linear BackwardEuler-Equation_lumped_mg_coarse_ solve converged due to CONVERGED_ITS iterations 1
                Linear BackwardEuler-Equation_lumped_mg_coarse_ solve converged due to CONVERGED_ITS iterations 1
                Linear BackwardEuler-Equation_lumped_mg_coarse_ solve converged due to CONVERGED_ITS iterations 1
                Linear BackwardEuler-Equation_lumped_mg_coarse_ solve converged due to CONVERGED_ITS iterations 1
                Linear BackwardEuler-Equation_lumped_mg_coarse_ solve converged due to CONVERGED_ITS iterations 1
                Linear BackwardEuler-Equation_lumped_mg_coarse_ solve converged due to CONVERGED_ITS iterations 1
                Linear BackwardEuler-Equation_lumped_mg_coarse_ solve converged due to CONVERGED_ITS iterations 1
                Linear BackwardEuler-Equation_lumped_mg_coarse_ solve converged due to CONVERGED_ITS iterations 1
                Linear BackwardEuler-Equation_lumped_mg_coarse_ solve converged due to CONVERGED_ITS iterations 1
          Linear BackwardEuler-Equation_ solve converged due to CONVERGED_RTOL iterations 20
      Mat Object: (BackwardEuler-Equation_) 104 MPI processes
        type: mpiaij
        rows=2555904, cols=2555904
        total: nonzeros=141328384, allocated nonzeros=141328384
        total number of mallocs used during MatSetValues calls=0
          has attached near null space
          using I-node (on process 0) routines: found 5616 nodes, limit used is 5
        1 SNES Function norm 9.073556249706e-08
                Linear BackwardEuler-Equation_lumped_mg_coarse_ solve converged due to CONVERGED_ITS iterations 1
                Linear BackwardEuler-Equation_lumped_mg_coarse_ solve converged due to CONVERGED_ITS iterations 1
                Linear BackwardEuler-Equation_lumped_mg_coarse_ solve converged due to CONVERGED_ITS iterations 1
                Linear BackwardEuler-Equation_lumped_mg_coarse_ solve converged due to CONVERGED_ITS iterations 1
                Linear BackwardEuler-Equation_lumped_mg_coarse_ solve converged due to CONVERGED_ITS iterations 1
                Linear BackwardEuler-Equation_lumped_mg_coarse_ solve converged due to CONVERGED_ITS iterations 1
                Linear BackwardEuler-Equation_lumped_mg_coarse_ solve converged due to CONVERGED_ITS iterations 1
                Linear BackwardEuler-Equation_lumped_mg_coarse_ solve converged due to CONVERGED_ITS iterations 1
                Linear BackwardEuler-Equation_lumped_mg_coarse_ solve converged due to CONVERGED_ITS iterations 1
                Linear BackwardEuler-Equation_lumped_mg_coarse_ solve converged due to CONVERGED_ITS iterations 1
                Linear BackwardEuler-Equation_lumped_mg_coarse_ solve converged due to CONVERGED_ITS iterations 1
                Linear BackwardEuler-Equation_lumped_mg_coarse_ solve converged due to CONVERGED_ITS iterations 1
                Linear BackwardEuler-Equation_lumped_mg_coarse_ solve converged due to CONVERGED_ITS iterations 1
                Linear BackwardEuler-Equation_lumped_mg_coarse_ solve converged due to CONVERGED_ITS iterations 1
                Linear BackwardEuler-Equation_lumped_mg_coarse_ solve converged due to CONVERGED_ITS iterations 1
                Linear BackwardEuler-Equation_lumped_mg_coarse_ solve converged due to CONVERGED_ITS iterations 1
                Linear BackwardEuler-Equation_lumped_mg_coarse_ solve converged due to CONVERGED_ITS iterations 1
                Linear BackwardEuler-Equation_lumped_mg_coarse_ solve converged due to CONVERGED_ITS iterations 1
                Linear BackwardEuler-Equation_lumped_mg_coarse_ solve converged due to CONVERGED_ITS iterations 1
                Linear BackwardEuler-Equation_lumped_mg_coarse_ solve converged due to CONVERGED_ITS iterations 1
                Linear BackwardEuler-Equation_lumped_mg_coarse_ solve converged due to CONVERGED_ITS iterations 1
          Linear BackwardEuler-Equation_ solve converged due to CONVERGED_RTOL iterations 21
      Mat Object: (BackwardEuler-Equation_) 104 MPI processes
        type: mpiaij
        rows=2555904, cols=2555904
        total: nonzeros=141328384, allocated nonzeros=141328384
        total number of mallocs used during MatSetValues calls=0
          has attached near null space
          using I-node (on process 0) routines: found 5616 nodes, limit used is 5
        2 SNES Function norm 9.437673886614e-11
        Nonlinear BackwardEuler-Equation_ solve converged due to CONVERGED_FNORM_ABS iterations 2
      SNES Object: (BackwardEuler-Equation_) 104 MPI processes
        type: newtonls
        maximum iterations=50, maximum function evaluations=10000
        tolerances: relative=1e-08, absolute=1e-08, solution=1e-08
        total number of linear solver iterations=41
        total number of function evaluations=3
        norm schedule ALWAYS
        SNESLineSearch Object: (BackwardEuler-Equation_) 104 MPI processes
          type: bt
            interpolation: cubic
            alpha=1.000000e-04
          maxlambda=1.000000e+00, minlambda=1.000000e-12
          tolerances: relative=1.000000e-08, absolute=1.000000e-15, lambda=1.000000e-08
          maximum iterations=40
        KSP Object: (BackwardEuler-Equation_) 104 MPI processes
          type: fgmres
            restart=30, using classical (unmodified) Gram-Schmidt orthogonalization with no iterative refinement
            happy breakdown tolerance=1e-30
          maximum iterations=200, initial guess is zero
          tolerances: relative=0.0001, absolute=1e-50, divergence=10000.
          right preconditioning
          using UNPRECONDITIONED norm type for convergence test
        PC Object: (BackwardEuler-Equation_) 104 MPI processes
          type: python
            Python: solvers.vlumping_hmg.VerticallyLumpedHMGPC
          Firedrake custom preconditioner VerticallyLumpedHMGPC
            Vertically lumped MG (HMG variant): coarse level built on the 2D base of an ExtrudedMeshHierarchy, coarse solve is geometric MG on the base hierarchy.
            PC Object: (BackwardEuler-Equation_lumped_) 104 MPI processes
              type: mg
                type is MULTIPLICATIVE, levels=2 cycles=v
                  Cycles per PCApply=1
                  Using Galerkin computed coarse grid matrices
              Coarse grid solver -- level 0 -------------------------------
                KSP Object: (BackwardEuler-Equation_lumped_mg_coarse_) 104 MPI processes
                  type: preonly
                  maximum iterations=10000, initial guess is zero
                  tolerances: relative=1e-05, absolute=1e-50, divergence=10000.
                  left preconditioning
                  not checking for convergence
                PC Object: (BackwardEuler-Equation_lumped_mg_coarse_) 104 MPI processes
                  type: mg
                    type is MULTIPLICATIVE, levels=2 cycles=v
                      Cycles per PCApply=1
                      Using Galerkin computed coarse grid matrices
                  Coarse grid solver -- level 0 -------------------------------
                    KSP Object: (BackwardEuler-Equation_lumped_mg_coarse_mg_coarse_) 104 MPI processes
                      type: preonly
                      maximum iterations=10000, initial guess is zero
                      tolerances: relative=1e-05, absolute=1e-50, divergence=10000.
                      left preconditioning
                      not checking for convergence
                    PC Object: (BackwardEuler-Equation_lumped_mg_coarse_mg_coarse_) 104 MPI processes
                      type: lu
                        out-of-place factorization
                        tolerance for zero pivot 2.22045e-14
                        matrix ordering: external
                        factor fill ratio given 0., needed 0.
                          Factored matrix:
                            Mat Object: (BackwardEuler-Equation_lumped_mg_coarse_mg_coarse_) 104 MPI processes
                              type: mumps
                              rows=4096, cols=4096
                              package used to perform factorization: mumps
                              total: nonzeros=508672, allocated nonzeros=508672
                                MUMPS run parameters:
                                  Use -BackwardEuler-Equation_lumped_mg_coarse_mg_coarse_ksp_view ::ascii_info_detail to display information for all processes
                                  RINFOG(1) (global estimated flops for the elimination after analysis): 4.49937e+07
                                  RINFOG(2) (global estimated flops for the assembly after factorization): 449552.
                                  RINFOG(3) (global estimated flops for the elimination after factorization): 4.49937e+07
                                  (RINFOG(12) RINFOG(13))*2^INFOG(34) (determinant): (0.,0.)*(2^0)
                                  INFOG(3) (estimated real workspace for factors on all processors after analysis): 508672
                                  INFOG(4) (estimated integer workspace for factors on all processors after analysis): 32200
                                  INFOG(5) (estimated maximum front size in the complete tree): 188
                                  INFOG(6) (number of nodes in the complete tree): 280
                                  INFOG(7) (ordering option effectively used after analysis): 2
                                  INFOG(8) (structural symmetry in percent of the permuted matrix after analysis): -1
                                  INFOG(9) (total real/complex workspace to store the matrix factors after factorization): 508672
                                  INFOG(10) (total integer space store the matrix factors after factorization): 32200
                                  INFOG(11) (order of largest frontal matrix after factorization): 188
                                  INFOG(12) (number of off-diagonal pivots): 0
                                  INFOG(13) (number of delayed pivots after factorization): 0
                                  INFOG(14) (number of memory compress after factorization): 0
                                  INFOG(15) (number of steps of iterative refinement after solution): 0
                                  INFOG(16) (estimated size (in MB) of all MUMPS internal data for factorization after analysis: value on the most memory consuming processor): 134
                                  INFOG(17) (estimated size of all MUMPS internal data for factorization after analysis: sum over all processors): 13936
                                  INFOG(18) (size of all MUMPS internal data allocated during factorization: value on the most memory consuming processor): 134
                                  INFOG(19) (size of all MUMPS internal data allocated during factorization: sum over all processors): 13936
                                  INFOG(20) (estimated number of entries in the factors): 508672
                                  INFOG(21) (size in MB of memory effectively used during factorization - value on the most memory consuming processor): 134
                                  INFOG(22) (size in MB of memory effectively used during factorization - sum over all processors): 13936
                                  INFOG(23) (after analysis: value of ICNTL(6) effectively used): 0
                                  INFOG(24) (after analysis: value of ICNTL(12) effectively used): 1
                                  INFOG(25) (after factorization: number of pivots modified by static pivoting): 0
                                  INFOG(28) (after factorization: number of null pivots encountered): 0
                                  INFOG(29) (after factorization: effective number of entries in the factors (sum over all processors)): 508672
                                  INFOG(30, 31) (after solution: size in Mbytes of memory used during solution phase): 19, 1883
                                  INFOG(32) (after analysis: type of analysis done): 1
                                  INFOG(33) (value used for ICNTL(8)): 7
                                  INFOG(34) (exponent of the determinant if determinant is requested): 0
                                  INFOG(35) (after factorization: number of entries taking into account BLR factor compression - sum over all processors): 508672
                                  INFOG(36) (after analysis: estimated size of all MUMPS internal data for running BLR in-core - value on the most memory consuming processor): 0
                                  INFOG(37) (after analysis: estimated size of all MUMPS internal data for running BLR in-core - sum over all processors): 0
                                  INFOG(38) (after analysis: estimated size of all MUMPS internal data for running BLR out-of-core - value on the most memory consuming processor): 0
                                  INFOG(39) (after analysis: estimated size of all MUMPS internal data for running BLR out-of-core - sum over all processors): 0
                      linear system matrix, which is also used to construct the preconditioner:
                      Mat Object: 104 MPI processes
                        type: mpiaij
                        rows=4096, cols=4096
                        total: nonzeros=79872, allocated nonzeros=79872
                        total number of mallocs used during MatSetValues calls=0
                          using nonscalable MatPtAP() implementation
                          using I-node (on process 0) routines: found 9 nodes, limit used is 5
                  Down solver (pre-smoother) on level 1 -------------------------------
                    KSP Object: (BackwardEuler-Equation_lumped_mg_coarse_mg_levels_1_) 104 MPI processes
                      type: chebyshev
                        Chebyshev polynomial of first kind
                        eigenvalue targets used: min 0.1836, max 2.0196
                        eigenvalues estimated via gmres: min 0.163457, max 1.836
                        eigenvalues estimated using gmres with transform: [0. 0.1; 0. 1.1]
                        KSP Object: (BackwardEuler-Equation_lumped_mg_coarse_mg_levels_1_esteig_) 104 MPI processes
                          type: gmres
                            restart=30, using classical (unmodified) Gram-Schmidt orthogonalization with no iterative refinement
                            happy breakdown tolerance=1e-30
                          maximum iterations=10, initial guess is zero
                          tolerances: relative=1e-12, absolute=1e-50, divergence=10000.
                          left preconditioning
                          using PRECONDITIONED norm type for convergence test
                        estimating eigenvalues using a noisy random number generated right-hand side
                      maximum iterations=2, nonzero initial guess
                      tolerances: relative=1e-05, absolute=1e-50, divergence=10000.
                      left preconditioning
                      not checking for convergence
                    PC Object: (BackwardEuler-Equation_lumped_mg_coarse_mg_levels_1_) 104 MPI processes
                      type: bjacobi
                        number of blocks = 104
                        Local solver information for first block is in the following KSP and PC objects on rank 0:
                        Use -BackwardEuler-Equation_lumped_mg_coarse_mg_levels_1_ksp_view ::ascii_info_detail to display information for all blocks
                        KSP Object: (BackwardEuler-Equation_lumped_mg_coarse_mg_levels_1_sub_) 1 MPI process
                          type: preonly
                          maximum iterations=10000, initial guess is zero
                          tolerances: relative=1e-05, absolute=1e-50, divergence=10000.
                          left preconditioning
                          not checking for convergence
                        PC Object: (BackwardEuler-Equation_lumped_mg_coarse_mg_levels_1_sub_) 1 MPI process
                          type: ilu
                            out-of-place factorization
                            0 levels of fill
                            tolerance for zero pivot 2.22045e-14
                            matrix ordering: natural
                            factor fill ratio given 1., needed 1.
                              Factored matrix:
                                Mat Object: (BackwardEuler-Equation_lumped_mg_coarse_mg_levels_1_sub_) 1 MPI process
                                  type: seqaij
                                  rows=144, cols=144
                                  package used to perform factorization: petsc
                                  total: nonzeros=2496, allocated nonzeros=2496
                                    using I-node routines: found 36 nodes, limit used is 5
                          linear system matrix, which is also used to construct the preconditioner:
                          Mat Object: (BackwardEuler-Equation_lumped_mg_coarse_mg_levels_1_sub_) 1 MPI process
                            type: seqaij
                            rows=144, cols=144
                            total: nonzeros=2496, allocated nonzeros=2496
                            total number of mallocs used during MatSetValues calls=0
                              using I-node routines: found 36 nodes, limit used is 5
                      linear system matrix, which is also used to construct the preconditioner:
                      Mat Object: 104 MPI processes
                        type: mpiaij
                        rows=16384, cols=16384
                        total: nonzeros=323584, allocated nonzeros=323584
                        total number of mallocs used during MatSetValues calls=0
                          using nonscalable MatPtAP() implementation
                          using I-node (on process 0) routines: found 36 nodes, limit used is 5
                  Up solver (post-smoother) same as down solver (pre-smoother)
                  linear system matrix, which is also used to construct the preconditioner:
                  Mat Object: 104 MPI processes
                    type: mpiaij
                    rows=16384, cols=16384
                    total: nonzeros=323584, allocated nonzeros=323584
                    total number of mallocs used during MatSetValues calls=0
                      using nonscalable MatPtAP() implementation
                      using I-node (on process 0) routines: found 36 nodes, limit used is 5
              Down solver (pre-smoother) on level 1 -------------------------------
                KSP Object: (BackwardEuler-Equation_lumped_mg_levels_1_) 104 MPI processes
                  type: chebyshev
                    Chebyshev polynomial of first kind
                    eigenvalue targets used: min 0.190328, max 2.0936
                    eigenvalues estimated via gmres: min 0.096774, max 1.90328
                    eigenvalues estimated using gmres with transform: [0. 0.1; 0. 1.1]
                    KSP Object: (BackwardEuler-Equation_lumped_mg_levels_1_esteig_) 104 MPI processes
                      type: gmres
                        restart=30, using classical (unmodified) Gram-Schmidt orthogonalization with no iterative refinement
                        happy breakdown tolerance=1e-30
                      maximum iterations=10, initial guess is zero
                      tolerances: relative=1e-12, absolute=1e-50, divergence=10000.
                      left preconditioning
                      using PRECONDITIONED norm type for convergence test
                    estimating eigenvalues using a noisy random number generated right-hand side
                  maximum iterations=1, nonzero initial guess
                  tolerances: relative=1e-05, absolute=1e-50, divergence=10000.
                  left preconditioning
                  not checking for convergence
                PC Object: (BackwardEuler-Equation_lumped_mg_levels_1_) 104 MPI processes
                  type: python
                    Python: firedrake.ASMLinesmoothPC
                  PC Object: (BackwardEuler-Equation_lumped_mg_levels_1_pc_linesmooth_sub_) 104 MPI processes
                    type: asm
                      total subdomain blocks = 4096, user-defined overlap
                      restriction/interpolation type - BASIC
                      Local solver information for first block is in the following KSP and PC objects on rank 0:
                      Use -BackwardEuler-Equation_lumped_mg_levels_1_pc_linesmooth_sub_ksp_view ::ascii_info_detail to display information for all blocks
                      KSP Object: (BackwardEuler-Equation_lumped_mg_levels_1_pc_linesmooth_sub_sub_) 1 MPI process
                        type: preonly
                        maximum iterations=10000, initial guess is zero
                        tolerances: relative=1e-05, absolute=1e-50, divergence=10000.
                        left preconditioning
                        not checking for convergence
                      PC Object: (BackwardEuler-Equation_lumped_mg_levels_1_pc_linesmooth_sub_sub_) 1 MPI process
                        type: lu
                          out-of-place factorization
                          tolerance for zero pivot 2.22045e-14
                          matrix ordering: natural
                          factor fill ratio given 5., needed 1.
                            Factored matrix:
                              Mat Object: (BackwardEuler-Equation_lumped_mg_levels_1_pc_linesmooth_sub_sub_) 1 MPI process
                                type: seqaij
                                rows=624, cols=624
                                package used to perform factorization: petsc
                                total: nonzeros=14848, allocated nonzeros=14848
                                  using I-node routines: found 156 nodes, limit used is 5
                        linear system matrix, which is also used to construct the preconditioner:
                        Mat Object: (BackwardEuler-Equation_lumped_mg_levels_1_pc_linesmooth_sub_sub_) 1 MPI process
                          type: seqaij
                          rows=624, cols=624
                          total: nonzeros=14848, allocated nonzeros=14848
                          total number of mallocs used during MatSetValues calls=0
                            using I-node routines: found 156 nodes, limit used is 5
                    linear system matrix, which is also used to construct the preconditioner:
                    Mat Object: (BackwardEuler-Equation_) 104 MPI processes
                      type: mpiaij
                      rows=2555904, cols=2555904
                      total: nonzeros=141328384, allocated nonzeros=141328384
                      total number of mallocs used during MatSetValues calls=0
                        has attached near null space
                        using I-node (on process 0) routines: found 5616 nodes, limit used is 5
                  linear system matrix, which is also used to construct the preconditioner:
                  Mat Object: (BackwardEuler-Equation_) 104 MPI processes
                    type: mpiaij
                    rows=2555904, cols=2555904
                    total: nonzeros=141328384, allocated nonzeros=141328384
                    total number of mallocs used during MatSetValues calls=0
                      has attached near null space
                      using I-node (on process 0) routines: found 5616 nodes, limit used is 5
              Up solver (post-smoother) same as down solver (pre-smoother)
              linear system matrix, which is also used to construct the preconditioner:
              Mat Object: (BackwardEuler-Equation_) 104 MPI processes
                type: mpiaij
                rows=2555904, cols=2555904
                total: nonzeros=141328384, allocated nonzeros=141328384
                total number of mallocs used during MatSetValues calls=0
                  has attached near null space
                  using I-node (on process 0) routines: found 5616 nodes, limit used is 5
            linear system matrix, which is also used to construct the preconditioner:
            Mat Object: (BackwardEuler-Equation_) 104 MPI processes
              type: mpiaij
              rows=2555904, cols=2555904
              total: nonzeros=141328384, allocated nonzeros=141328384
              total number of mallocs used during MatSetValues calls=0
                has attached near null space
                using I-node (on process 0) routines: found 5616 nodes, limit used is 5
t = 1200.00 s | step 4/10 | wall 1.48 s | NL 2 | L 41
          0 SNES Function norm 3.762655223225e-06
                  Linear BackwardEuler-Equation_lumped_mg_coarse_ solve converged due to CONVERGED_ITS iterations 1
                  Linear BackwardEuler-Equation_lumped_mg_coarse_ solve converged due to CONVERGED_ITS iterations 1
                  Linear BackwardEuler-Equation_lumped_mg_coarse_ solve converged due to CONVERGED_ITS iterations 1
                  Linear BackwardEuler-Equation_lumped_mg_coarse_ solve converged due to CONVERGED_ITS iterations 1
                  Linear BackwardEuler-Equation_lumped_mg_coarse_ solve converged due to CONVERGED_ITS iterations 1
                  Linear BackwardEuler-Equation_lumped_mg_coarse_ solve converged due to CONVERGED_ITS iterations 1
                  Linear BackwardEuler-Equation_lumped_mg_coarse_ solve converged due to CONVERGED_ITS iterations 1
                  Linear BackwardEuler-Equation_lumped_mg_coarse_ solve converged due to CONVERGED_ITS iterations 1
                  Linear BackwardEuler-Equation_lumped_mg_coarse_ solve converged due to CONVERGED_ITS iterations 1
                  Linear BackwardEuler-Equation_lumped_mg_coarse_ solve converged due to CONVERGED_ITS iterations 1
                  Linear BackwardEuler-Equation_lumped_mg_coarse_ solve converged due to CONVERGED_ITS iterations 1
                  Linear BackwardEuler-Equation_lumped_mg_coarse_ solve converged due to CONVERGED_ITS iterations 1
                  Linear BackwardEuler-Equation_lumped_mg_coarse_ solve converged due to CONVERGED_ITS iterations 1
                  Linear BackwardEuler-Equation_lumped_mg_coarse_ solve converged due to CONVERGED_ITS iterations 1
                  Linear BackwardEuler-Equation_lumped_mg_coarse_ solve converged due to CONVERGED_ITS iterations 1
                  Linear BackwardEuler-Equation_lumped_mg_coarse_ solve converged due to CONVERGED_ITS iterations 1
                  Linear BackwardEuler-Equation_lumped_mg_coarse_ solve converged due to CONVERGED_ITS iterations 1
                  Linear BackwardEuler-Equation_lumped_mg_coarse_ solve converged due to CONVERGED_ITS iterations 1
                  Linear BackwardEuler-Equation_lumped_mg_coarse_ solve converged due to CONVERGED_ITS iterations 1
                  Linear BackwardEuler-Equation_lumped_mg_coarse_ solve converged due to CONVERGED_ITS iterations 1
                  Linear BackwardEuler-Equation_lumped_mg_coarse_ solve converged due to CONVERGED_ITS iterations 1
            Linear BackwardEuler-Equation_ solve converged due to CONVERGED_RTOL iterations 21
        Mat Object: (BackwardEuler-Equation_) 104 MPI processes
          type: mpiaij
          rows=2555904, cols=2555904
          total: nonzeros=141328384, allocated nonzeros=141328384
          total number of mallocs used during MatSetValues calls=0
            has attached near null space
            using I-node (on process 0) routines: found 5616 nodes, limit used is 5
          1 SNES Function norm 7.584912794910e-08
                  Linear BackwardEuler-Equation_lumped_mg_coarse_ solve converged due to CONVERGED_ITS iterations 1
                  Linear BackwardEuler-Equation_lumped_mg_coarse_ solve converged due to CONVERGED_ITS iterations 1
                  Linear BackwardEuler-Equation_lumped_mg_coarse_ solve converged due to CONVERGED_ITS iterations 1
                  Linear BackwardEuler-Equation_lumped_mg_coarse_ solve converged due to CONVERGED_ITS iterations 1
                  Linear BackwardEuler-Equation_lumped_mg_coarse_ solve converged due to CONVERGED_ITS iterations 1
                  Linear BackwardEuler-Equation_lumped_mg_coarse_ solve converged due to CONVERGED_ITS iterations 1
                  Linear BackwardEuler-Equation_lumped_mg_coarse_ solve converged due to CONVERGED_ITS iterations 1
                  Linear BackwardEuler-Equation_lumped_mg_coarse_ solve converged due to CONVERGED_ITS iterations 1
                  Linear BackwardEuler-Equation_lumped_mg_coarse_ solve converged due to CONVERGED_ITS iterations 1
                  Linear BackwardEuler-Equation_lumped_mg_coarse_ solve converged due to CONVERGED_ITS iterations 1
                  Linear BackwardEuler-Equation_lumped_mg_coarse_ solve converged due to CONVERGED_ITS iterations 1
                  Linear BackwardEuler-Equation_lumped_mg_coarse_ solve converged due to CONVERGED_ITS iterations 1
                  Linear BackwardEuler-Equation_lumped_mg_coarse_ solve converged due to CONVERGED_ITS iterations 1
                  Linear BackwardEuler-Equation_lumped_mg_coarse_ solve converged due to CONVERGED_ITS iterations 1
                  Linear BackwardEuler-Equation_lumped_mg_coarse_ solve converged due to CONVERGED_ITS iterations 1
                  Linear BackwardEuler-Equation_lumped_mg_coarse_ solve converged due to CONVERGED_ITS iterations 1
                  Linear BackwardEuler-Equation_lumped_mg_coarse_ solve converged due to CONVERGED_ITS iterations 1
                  Linear BackwardEuler-Equation_lumped_mg_coarse_ solve converged due to CONVERGED_ITS iterations 1
                  Linear BackwardEuler-Equation_lumped_mg_coarse_ solve converged due to CONVERGED_ITS iterations 1
                  Linear BackwardEuler-Equation_lumped_mg_coarse_ solve converged due to CONVERGED_ITS iterations 1
                  Linear BackwardEuler-Equation_lumped_mg_coarse_ solve converged due to CONVERGED_ITS iterations 1
            Linear BackwardEuler-Equation_ solve converged due to CONVERGED_RTOL iterations 21
        Mat Object: (BackwardEuler-Equation_) 104 MPI processes
          type: mpiaij
          rows=2555904, cols=2555904
          total: nonzeros=141328384, allocated nonzeros=141328384
          total number of mallocs used during MatSetValues calls=0
            has attached near null space
            using I-node (on process 0) routines: found 5616 nodes, limit used is 5
          2 SNES Function norm 6.032393873867e-11
          Nonlinear BackwardEuler-Equation_ solve converged due to CONVERGED_FNORM_ABS iterations 2
        SNES Object: (BackwardEuler-Equation_) 104 MPI processes
          type: newtonls
          maximum iterations=50, maximum function evaluations=10000
          tolerances: relative=1e-08, absolute=1e-08, solution=1e-08
          total number of linear solver iterations=42
          total number of function evaluations=3
          norm schedule ALWAYS
          SNESLineSearch Object: (BackwardEuler-Equation_) 104 MPI processes
            type: bt
              interpolation: cubic
              alpha=1.000000e-04
            maxlambda=1.000000e+00, minlambda=1.000000e-12
            tolerances: relative=1.000000e-08, absolute=1.000000e-15, lambda=1.000000e-08
            maximum iterations=40
          KSP Object: (BackwardEuler-Equation_) 104 MPI processes
            type: fgmres
              restart=30, using classical (unmodified) Gram-Schmidt orthogonalization with no iterative refinement
              happy breakdown tolerance=1e-30
            maximum iterations=200, initial guess is zero
            tolerances: relative=0.0001, absolute=1e-50, divergence=10000.
            right preconditioning
            using UNPRECONDITIONED norm type for convergence test
          PC Object: (BackwardEuler-Equation_) 104 MPI processes
            type: python
              Python: solvers.vlumping_hmg.VerticallyLumpedHMGPC
            Firedrake custom preconditioner VerticallyLumpedHMGPC
              Vertically lumped MG (HMG variant): coarse level built on the 2D base of an ExtrudedMeshHierarchy, coarse solve is geometric MG on the base hierarchy.
              PC Object: (BackwardEuler-Equation_lumped_) 104 MPI processes
                type: mg
                  type is MULTIPLICATIVE, levels=2 cycles=v
                    Cycles per PCApply=1
                    Using Galerkin computed coarse grid matrices
                Coarse grid solver -- level 0 -------------------------------
                  KSP Object: (BackwardEuler-Equation_lumped_mg_coarse_) 104 MPI processes
                    type: preonly
                    maximum iterations=10000, initial guess is zero
                    tolerances: relative=1e-05, absolute=1e-50, divergence=10000.
                    left preconditioning
                    not checking for convergence
                  PC Object: (BackwardEuler-Equation_lumped_mg_coarse_) 104 MPI processes
                    type: mg
                      type is MULTIPLICATIVE, levels=2 cycles=v
                        Cycles per PCApply=1
                        Using Galerkin computed coarse grid matrices
                    Coarse grid solver -- level 0 -------------------------------
                      KSP Object: (BackwardEuler-Equation_lumped_mg_coarse_mg_coarse_) 104 MPI processes
                        type: preonly
                        maximum iterations=10000, initial guess is zero
                        tolerances: relative=1e-05, absolute=1e-50, divergence=10000.
                        left preconditioning
                        not checking for convergence
                      PC Object: (BackwardEuler-Equation_lumped_mg_coarse_mg_coarse_) 104 MPI processes
                        type: lu
                          out-of-place factorization
                          tolerance for zero pivot 2.22045e-14
                          matrix ordering: external
                          factor fill ratio given 0., needed 0.
                            Factored matrix:
                              Mat Object: (BackwardEuler-Equation_lumped_mg_coarse_mg_coarse_) 104 MPI processes
                                type: mumps
                                rows=4096, cols=4096
                                package used to perform factorization: mumps
                                total: nonzeros=508672, allocated nonzeros=508672
                                  MUMPS run parameters:
                                    Use -BackwardEuler-Equation_lumped_mg_coarse_mg_coarse_ksp_view ::ascii_info_detail to display information for all processes
                                    RINFOG(1) (global estimated flops for the elimination after analysis): 4.49937e+07
                                    RINFOG(2) (global estimated flops for the assembly after factorization): 449552.
                                    RINFOG(3) (global estimated flops for the elimination after factorization): 4.49937e+07
                                    (RINFOG(12) RINFOG(13))*2^INFOG(34) (determinant): (0.,0.)*(2^0)
                                    INFOG(3) (estimated real workspace for factors on all processors after analysis): 508672
                                    INFOG(4) (estimated integer workspace for factors on all processors after analysis): 32200
                                    INFOG(5) (estimated maximum front size in the complete tree): 188
                                    INFOG(6) (number of nodes in the complete tree): 280
                                    INFOG(7) (ordering option effectively used after analysis): 2
                                    INFOG(8) (structural symmetry in percent of the permuted matrix after analysis): -1
                                    INFOG(9) (total real/complex workspace to store the matrix factors after factorization): 508672
                                    INFOG(10) (total integer space store the matrix factors after factorization): 32200
                                    INFOG(11) (order of largest frontal matrix after factorization): 188
                                    INFOG(12) (number of off-diagonal pivots): 0
                                    INFOG(13) (number of delayed pivots after factorization): 0
                                    INFOG(14) (number of memory compress after factorization): 0
                                    INFOG(15) (number of steps of iterative refinement after solution): 0
                                    INFOG(16) (estimated size (in MB) of all MUMPS internal data for factorization after analysis: value on the most memory consuming processor): 134
                                    INFOG(17) (estimated size of all MUMPS internal data for factorization after analysis: sum over all processors): 13936
                                    INFOG(18) (size of all MUMPS internal data allocated during factorization: value on the most memory consuming processor): 134
                                    INFOG(19) (size of all MUMPS internal data allocated during factorization: sum over all processors): 13936
                                    INFOG(20) (estimated number of entries in the factors): 508672
                                    INFOG(21) (size in MB of memory effectively used during factorization - value on the most memory consuming processor): 134
                                    INFOG(22) (size in MB of memory effectively used during factorization - sum over all processors): 13936
                                    INFOG(23) (after analysis: value of ICNTL(6) effectively used): 0
                                    INFOG(24) (after analysis: value of ICNTL(12) effectively used): 1
                                    INFOG(25) (after factorization: number of pivots modified by static pivoting): 0
                                    INFOG(28) (after factorization: number of null pivots encountered): 0
                                    INFOG(29) (after factorization: effective number of entries in the factors (sum over all processors)): 508672
                                    INFOG(30, 31) (after solution: size in Mbytes of memory used during solution phase): 19, 1883
                                    INFOG(32) (after analysis: type of analysis done): 1
                                    INFOG(33) (value used for ICNTL(8)): 7
                                    INFOG(34) (exponent of the determinant if determinant is requested): 0
                                    INFOG(35) (after factorization: number of entries taking into account BLR factor compression - sum over all processors): 508672
                                    INFOG(36) (after analysis: estimated size of all MUMPS internal data for running BLR in-core - value on the most memory consuming processor): 0
                                    INFOG(37) (after analysis: estimated size of all MUMPS internal data for running BLR in-core - sum over all processors): 0
                                    INFOG(38) (after analysis: estimated size of all MUMPS internal data for running BLR out-of-core - value on the most memory consuming processor): 0
                                    INFOG(39) (after analysis: estimated size of all MUMPS internal data for running BLR out-of-core - sum over all processors): 0
                        linear system matrix, which is also used to construct the preconditioner:
                        Mat Object: 104 MPI processes
                          type: mpiaij
                          rows=4096, cols=4096
                          total: nonzeros=79872, allocated nonzeros=79872
                          total number of mallocs used during MatSetValues calls=0
                            using nonscalable MatPtAP() implementation
                            using I-node (on process 0) routines: found 9 nodes, limit used is 5
                    Down solver (pre-smoother) on level 1 -------------------------------
                      KSP Object: (BackwardEuler-Equation_lumped_mg_coarse_mg_levels_1_) 104 MPI processes
                        type: chebyshev
                          Chebyshev polynomial of first kind
                          eigenvalue targets used: min 0.183918, max 2.0231
                          eigenvalues estimated via gmres: min 0.162196, max 1.83918
                          eigenvalues estimated using gmres with transform: [0. 0.1; 0. 1.1]
                          KSP Object: (BackwardEuler-Equation_lumped_mg_coarse_mg_levels_1_esteig_) 104 MPI processes
                            type: gmres
                              restart=30, using classical (unmodified) Gram-Schmidt orthogonalization with no iterative refinement
                              happy breakdown tolerance=1e-30
                            maximum iterations=10, initial guess is zero
                            tolerances: relative=1e-12, absolute=1e-50, divergence=10000.
                            left preconditioning
                            using PRECONDITIONED norm type for convergence test
                          estimating eigenvalues using a noisy random number generated right-hand side
                        maximum iterations=2, nonzero initial guess
                        tolerances: relative=1e-05, absolute=1e-50, divergence=10000.
                        left preconditioning
                        not checking for convergence
                      PC Object: (BackwardEuler-Equation_lumped_mg_coarse_mg_levels_1_) 104 MPI processes
                        type: bjacobi
                          number of blocks = 104
                          Local solver information for first block is in the following KSP and PC objects on rank 0:
                          Use -BackwardEuler-Equation_lumped_mg_coarse_mg_levels_1_ksp_view ::ascii_info_detail to display information for all blocks
                          KSP Object: (BackwardEuler-Equation_lumped_mg_coarse_mg_levels_1_sub_) 1 MPI process
                            type: preonly
                            maximum iterations=10000, initial guess is zero
                            tolerances: relative=1e-05, absolute=1e-50, divergence=10000.
                            left preconditioning
                            not checking for convergence
                          PC Object: (BackwardEuler-Equation_lumped_mg_coarse_mg_levels_1_sub_) 1 MPI process
                            type: ilu
                              out-of-place factorization
                              0 levels of fill
                              tolerance for zero pivot 2.22045e-14
                              matrix ordering: natural
                              factor fill ratio given 1., needed 1.
                                Factored matrix:
                                  Mat Object: (BackwardEuler-Equation_lumped_mg_coarse_mg_levels_1_sub_) 1 MPI process
                                    type: seqaij
                                    rows=144, cols=144
                                    package used to perform factorization: petsc
                                    total: nonzeros=2496, allocated nonzeros=2496
                                      using I-node routines: found 36 nodes, limit used is 5
                            linear system matrix, which is also used to construct the preconditioner:
                            Mat Object: (BackwardEuler-Equation_lumped_mg_coarse_mg_levels_1_sub_) 1 MPI process
                              type: seqaij
                              rows=144, cols=144
                              total: nonzeros=2496, allocated nonzeros=2496
                              total number of mallocs used during MatSetValues calls=0
                                using I-node routines: found 36 nodes, limit used is 5
                        linear system matrix, which is also used to construct the preconditioner:
                        Mat Object: 104 MPI processes
                          type: mpiaij
                          rows=16384, cols=16384
                          total: nonzeros=323584, allocated nonzeros=323584
                          total number of mallocs used during MatSetValues calls=0
                            using nonscalable MatPtAP() implementation
                            using I-node (on process 0) routines: found 36 nodes, limit used is 5
                    Up solver (post-smoother) same as down solver (pre-smoother)
                    linear system matrix, which is also used to construct the preconditioner:
                    Mat Object: 104 MPI processes
                      type: mpiaij
                      rows=16384, cols=16384
                      total: nonzeros=323584, allocated nonzeros=323584
                      total number of mallocs used during MatSetValues calls=0
                        using nonscalable MatPtAP() implementation
                        using I-node (on process 0) routines: found 36 nodes, limit used is 5
                Down solver (pre-smoother) on level 1 -------------------------------
                  KSP Object: (BackwardEuler-Equation_lumped_mg_levels_1_) 104 MPI processes
                    type: chebyshev
                      Chebyshev polynomial of first kind
                      eigenvalue targets used: min 0.190326, max 2.09358
                      eigenvalues estimated via gmres: min 0.0967959, max 1.90326
                      eigenvalues estimated using gmres with transform: [0. 0.1; 0. 1.1]
                      KSP Object: (BackwardEuler-Equation_lumped_mg_levels_1_esteig_) 104 MPI processes
                        type: gmres
                          restart=30, using classical (unmodified) Gram-Schmidt orthogonalization with no iterative refinement
                          happy breakdown tolerance=1e-30
                        maximum iterations=10, initial guess is zero
                        tolerances: relative=1e-12, absolute=1e-50, divergence=10000.
                        left preconditioning
                        using PRECONDITIONED norm type for convergence test
                      estimating eigenvalues using a noisy random number generated right-hand side
                    maximum iterations=1, nonzero initial guess
                    tolerances: relative=1e-05, absolute=1e-50, divergence=10000.
                    left preconditioning
                    not checking for convergence
                  PC Object: (BackwardEuler-Equation_lumped_mg_levels_1_) 104 MPI processes
                    type: python
                      Python: firedrake.ASMLinesmoothPC
                    PC Object: (BackwardEuler-Equation_lumped_mg_levels_1_pc_linesmooth_sub_) 104 MPI processes
                      type: asm
                        total subdomain blocks = 4096, user-defined overlap
                        restriction/interpolation type - BASIC
                        Local solver information for first block is in the following KSP and PC objects on rank 0:
                        Use -BackwardEuler-Equation_lumped_mg_levels_1_pc_linesmooth_sub_ksp_view ::ascii_info_detail to display information for all blocks
                        KSP Object: (BackwardEuler-Equation_lumped_mg_levels_1_pc_linesmooth_sub_sub_) 1 MPI process
                          type: preonly
                          maximum iterations=10000, initial guess is zero
                          tolerances: relative=1e-05, absolute=1e-50, divergence=10000.
                          left preconditioning
                          not checking for convergence
                        PC Object: (BackwardEuler-Equation_lumped_mg_levels_1_pc_linesmooth_sub_sub_) 1 MPI process
                          type: lu
                            out-of-place factorization
                            tolerance for zero pivot 2.22045e-14
                            matrix ordering: natural
                            factor fill ratio given 5., needed 1.
                              Factored matrix:
                                Mat Object: (BackwardEuler-Equation_lumped_mg_levels_1_pc_linesmooth_sub_sub_) 1 MPI process
                                  type: seqaij
                                  rows=624, cols=624
                                  package used to perform factorization: petsc
                                  total: nonzeros=14848, allocated nonzeros=14848
                                    using I-node routines: found 156 nodes, limit used is 5
                          linear system matrix, which is also used to construct the preconditioner:
                          Mat Object: (BackwardEuler-Equation_lumped_mg_levels_1_pc_linesmooth_sub_sub_) 1 MPI process
                            type: seqaij
                            rows=624, cols=624
                            total: nonzeros=14848, allocated nonzeros=14848
                            total number of mallocs used during MatSetValues calls=0
                              using I-node routines: found 156 nodes, limit used is 5
                      linear system matrix, which is also used to construct the preconditioner:
                      Mat Object: (BackwardEuler-Equation_) 104 MPI processes
                        type: mpiaij
                        rows=2555904, cols=2555904
                        total: nonzeros=141328384, allocated nonzeros=141328384
                        total number of mallocs used during MatSetValues calls=0
                          has attached near null space
                          using I-node (on process 0) routines: found 5616 nodes, limit used is 5
                    linear system matrix, which is also used to construct the preconditioner:
                    Mat Object: (BackwardEuler-Equation_) 104 MPI processes
                      type: mpiaij
                      rows=2555904, cols=2555904
                      total: nonzeros=141328384, allocated nonzeros=141328384
                      total number of mallocs used during MatSetValues calls=0
                        has attached near null space
                        using I-node (on process 0) routines: found 5616 nodes, limit used is 5
                Up solver (post-smoother) same as down solver (pre-smoother)
                linear system matrix, which is also used to construct the preconditioner:
                Mat Object: (BackwardEuler-Equation_) 104 MPI processes
                  type: mpiaij
                  rows=2555904, cols=2555904
                  total: nonzeros=141328384, allocated nonzeros=141328384
                  total number of mallocs used during MatSetValues calls=0
                    has attached near null space
                    using I-node (on process 0) routines: found 5616 nodes, limit used is 5
              linear system matrix, which is also used to construct the preconditioner:
              Mat Object: (BackwardEuler-Equation_) 104 MPI processes
                type: mpiaij
                rows=2555904, cols=2555904
                total: nonzeros=141328384, allocated nonzeros=141328384
                total number of mallocs used during MatSetValues calls=0
                  has attached near null space
                  using I-node (on process 0) routines: found 5616 nodes, limit used is 5
t = 1500.00 s | step 5/10 | wall 1.51 s | NL 2 | L 42
            0 SNES Function norm 3.591448388251e-06
                    Linear BackwardEuler-Equation_lumped_mg_coarse_ solve converged due to CONVERGED_ITS iterations 1
                    Linear BackwardEuler-Equation_lumped_mg_coarse_ solve converged due to CONVERGED_ITS iterations 1
                    Linear BackwardEuler-Equation_lumped_mg_coarse_ solve converged due to CONVERGED_ITS iterations 1
                    Linear BackwardEuler-Equation_lumped_mg_coarse_ solve converged due to CONVERGED_ITS iterations 1
                    Linear BackwardEuler-Equation_lumped_mg_coarse_ solve converged due to CONVERGED_ITS iterations 1
                    Linear BackwardEuler-Equation_lumped_mg_coarse_ solve converged due to CONVERGED_ITS iterations 1
                    Linear BackwardEuler-Equation_lumped_mg_coarse_ solve converged due to CONVERGED_ITS iterations 1
                    Linear BackwardEuler-Equation_lumped_mg_coarse_ solve converged due to CONVERGED_ITS iterations 1
                    Linear BackwardEuler-Equation_lumped_mg_coarse_ solve converged due to CONVERGED_ITS iterations 1
                    Linear BackwardEuler-Equation_lumped_mg_coarse_ solve converged due to CONVERGED_ITS iterations 1
                    Linear BackwardEuler-Equation_lumped_mg_coarse_ solve converged due to CONVERGED_ITS iterations 1
                    Linear BackwardEuler-Equation_lumped_mg_coarse_ solve converged due to CONVERGED_ITS iterations 1
                    Linear BackwardEuler-Equation_lumped_mg_coarse_ solve converged due to CONVERGED_ITS iterations 1
                    Linear BackwardEuler-Equation_lumped_mg_coarse_ solve converged due to CONVERGED_ITS iterations 1
                    Linear BackwardEuler-Equation_lumped_mg_coarse_ solve converged due to CONVERGED_ITS iterations 1
                    Linear BackwardEuler-Equation_lumped_mg_coarse_ solve converged due to CONVERGED_ITS iterations 1
                    Linear BackwardEuler-Equation_lumped_mg_coarse_ solve converged due to CONVERGED_ITS iterations 1
                    Linear BackwardEuler-Equation_lumped_mg_coarse_ solve converged due to CONVERGED_ITS iterations 1
                    Linear BackwardEuler-Equation_lumped_mg_coarse_ solve converged due to CONVERGED_ITS iterations 1
                    Linear BackwardEuler-Equation_lumped_mg_coarse_ solve converged due to CONVERGED_ITS iterations 1
                    Linear BackwardEuler-Equation_lumped_mg_coarse_ solve converged due to CONVERGED_ITS iterations 1
              Linear BackwardEuler-Equation_ solve converged due to CONVERGED_RTOL iterations 21
          Mat Object: (BackwardEuler-Equation_) 104 MPI processes
            type: mpiaij
            rows=2555904, cols=2555904
            total: nonzeros=141328384, allocated nonzeros=141328384
            total number of mallocs used during MatSetValues calls=0
              has attached near null space
              using I-node (on process 0) routines: found 5616 nodes, limit used is 5
            1 SNES Function norm 6.637651900987e-08
                    Linear BackwardEuler-Equation_lumped_mg_coarse_ solve converged due to CONVERGED_ITS iterations 1
                    Linear BackwardEuler-Equation_lumped_mg_coarse_ solve converged due to CONVERGED_ITS iterations 1
                    Linear BackwardEuler-Equation_lumped_mg_coarse_ solve converged due to CONVERGED_ITS iterations 1
                    Linear BackwardEuler-Equation_lumped_mg_coarse_ solve converged due to CONVERGED_ITS iterations 1
                    Linear BackwardEuler-Equation_lumped_mg_coarse_ solve converged due to CONVERGED_ITS iterations 1
                    Linear BackwardEuler-Equation_lumped_mg_coarse_ solve converged due to CONVERGED_ITS iterations 1
                    Linear BackwardEuler-Equation_lumped_mg_coarse_ solve converged due to CONVERGED_ITS iterations 1
                    Linear BackwardEuler-Equation_lumped_mg_coarse_ solve converged due to CONVERGED_ITS iterations 1
                    Linear BackwardEuler-Equation_lumped_mg_coarse_ solve converged due to CONVERGED_ITS iterations 1
                    Linear BackwardEuler-Equation_lumped_mg_coarse_ solve converged due to CONVERGED_ITS iterations 1
                    Linear BackwardEuler-Equation_lumped_mg_coarse_ solve converged due to CONVERGED_ITS iterations 1
                    Linear BackwardEuler-Equation_lumped_mg_coarse_ solve converged due to CONVERGED_ITS iterations 1
                    Linear BackwardEuler-Equation_lumped_mg_coarse_ solve converged due to CONVERGED_ITS iterations 1
                    Linear BackwardEuler-Equation_lumped_mg_coarse_ solve converged due to CONVERGED_ITS iterations 1
                    Linear BackwardEuler-Equation_lumped_mg_coarse_ solve converged due to CONVERGED_ITS iterations 1
                    Linear BackwardEuler-Equation_lumped_mg_coarse_ solve converged due to CONVERGED_ITS iterations 1
                    Linear BackwardEuler-Equation_lumped_mg_coarse_ solve converged due to CONVERGED_ITS iterations 1
                    Linear BackwardEuler-Equation_lumped_mg_coarse_ solve converged due to CONVERGED_ITS iterations 1
                    Linear BackwardEuler-Equation_lumped_mg_coarse_ solve converged due to CONVERGED_ITS iterations 1
                    Linear BackwardEuler-Equation_lumped_mg_coarse_ solve converged due to CONVERGED_ITS iterations 1
                    Linear BackwardEuler-Equation_lumped_mg_coarse_ solve converged due to CONVERGED_ITS iterations 1
              Linear BackwardEuler-Equation_ solve converged due to CONVERGED_RTOL iterations 21
          Mat Object: (BackwardEuler-Equation_) 104 MPI processes
            type: mpiaij
            rows=2555904, cols=2555904
            total: nonzeros=141328384, allocated nonzeros=141328384
            total number of mallocs used during MatSetValues calls=0
              has attached near null space
              using I-node (on process 0) routines: found 5616 nodes, limit used is 5
            2 SNES Function norm 4.324638655136e-11
            Nonlinear BackwardEuler-Equation_ solve converged due to CONVERGED_FNORM_ABS iterations 2
          SNES Object: (BackwardEuler-Equation_) 104 MPI processes
            type: newtonls
            maximum iterations=50, maximum function evaluations=10000
            tolerances: relative=1e-08, absolute=1e-08, solution=1e-08
            total number of linear solver iterations=42
            total number of function evaluations=3
            norm schedule ALWAYS
            SNESLineSearch Object: (BackwardEuler-Equation_) 104 MPI processes
              type: bt
                interpolation: cubic
                alpha=1.000000e-04
              maxlambda=1.000000e+00, minlambda=1.000000e-12
              tolerances: relative=1.000000e-08, absolute=1.000000e-15, lambda=1.000000e-08
              maximum iterations=40
            KSP Object: (BackwardEuler-Equation_) 104 MPI processes
              type: fgmres
                restart=30, using classical (unmodified) Gram-Schmidt orthogonalization with no iterative refinement
                happy breakdown tolerance=1e-30
              maximum iterations=200, initial guess is zero
              tolerances: relative=0.0001, absolute=1e-50, divergence=10000.
              right preconditioning
              using UNPRECONDITIONED norm type for convergence test
            PC Object: (BackwardEuler-Equation_) 104 MPI processes
              type: python
                Python: solvers.vlumping_hmg.VerticallyLumpedHMGPC
              Firedrake custom preconditioner VerticallyLumpedHMGPC
                Vertically lumped MG (HMG variant): coarse level built on the 2D base of an ExtrudedMeshHierarchy, coarse solve is geometric MG on the base hierarchy.
                PC Object: (BackwardEuler-Equation_lumped_) 104 MPI processes
                  type: mg
                    type is MULTIPLICATIVE, levels=2 cycles=v
                      Cycles per PCApply=1
                      Using Galerkin computed coarse grid matrices
                  Coarse grid solver -- level 0 -------------------------------
                    KSP Object: (BackwardEuler-Equation_lumped_mg_coarse_) 104 MPI processes
                      type: preonly
                      maximum iterations=10000, initial guess is zero
                      tolerances: relative=1e-05, absolute=1e-50, divergence=10000.
                      left preconditioning
                      not checking for convergence
                    PC Object: (BackwardEuler-Equation_lumped_mg_coarse_) 104 MPI processes
                      type: mg
                        type is MULTIPLICATIVE, levels=2 cycles=v
                          Cycles per PCApply=1
                          Using Galerkin computed coarse grid matrices
                      Coarse grid solver -- level 0 -------------------------------
                        KSP Object: (BackwardEuler-Equation_lumped_mg_coarse_mg_coarse_) 104 MPI processes
                          type: preonly
                          maximum iterations=10000, initial guess is zero
                          tolerances: relative=1e-05, absolute=1e-50, divergence=10000.
                          left preconditioning
                          not checking for convergence
                        PC Object: (BackwardEuler-Equation_lumped_mg_coarse_mg_coarse_) 104 MPI processes
                          type: lu
                            out-of-place factorization
                            tolerance for zero pivot 2.22045e-14
                            matrix ordering: external
                            factor fill ratio given 0., needed 0.
                              Factored matrix:
                                Mat Object: (BackwardEuler-Equation_lumped_mg_coarse_mg_coarse_) 104 MPI processes
                                  type: mumps
                                  rows=4096, cols=4096
                                  package used to perform factorization: mumps
                                  total: nonzeros=508672, allocated nonzeros=508672
                                    MUMPS run parameters:
                                      Use -BackwardEuler-Equation_lumped_mg_coarse_mg_coarse_ksp_view ::ascii_info_detail to display information for all processes
                                      RINFOG(1) (global estimated flops for the elimination after analysis): 4.49937e+07
                                      RINFOG(2) (global estimated flops for the assembly after factorization): 449552.
                                      RINFOG(3) (global estimated flops for the elimination after factorization): 4.49937e+07
                                      (RINFOG(12) RINFOG(13))*2^INFOG(34) (determinant): (0.,0.)*(2^0)
                                      INFOG(3) (estimated real workspace for factors on all processors after analysis): 508672
                                      INFOG(4) (estimated integer workspace for factors on all processors after analysis): 32200
                                      INFOG(5) (estimated maximum front size in the complete tree): 188
                                      INFOG(6) (number of nodes in the complete tree): 280
                                      INFOG(7) (ordering option effectively used after analysis): 2
                                      INFOG(8) (structural symmetry in percent of the permuted matrix after analysis): -1
                                      INFOG(9) (total real/complex workspace to store the matrix factors after factorization): 508672
                                      INFOG(10) (total integer space store the matrix factors after factorization): 32200
                                      INFOG(11) (order of largest frontal matrix after factorization): 188
                                      INFOG(12) (number of off-diagonal pivots): 0
                                      INFOG(13) (number of delayed pivots after factorization): 0
                                      INFOG(14) (number of memory compress after factorization): 0
                                      INFOG(15) (number of steps of iterative refinement after solution): 0
                                      INFOG(16) (estimated size (in MB) of all MUMPS internal data for factorization after analysis: value on the most memory consuming processor): 134
                                      INFOG(17) (estimated size of all MUMPS internal data for factorization after analysis: sum over all processors): 13936
                                      INFOG(18) (size of all MUMPS internal data allocated during factorization: value on the most memory consuming processor): 134
                                      INFOG(19) (size of all MUMPS internal data allocated during factorization: sum over all processors): 13936
                                      INFOG(20) (estimated number of entries in the factors): 508672
                                      INFOG(21) (size in MB of memory effectively used during factorization - value on the most memory consuming processor): 134
                                      INFOG(22) (size in MB of memory effectively used during factorization - sum over all processors): 13936
                                      INFOG(23) (after analysis: value of ICNTL(6) effectively used): 0
                                      INFOG(24) (after analysis: value of ICNTL(12) effectively used): 1
                                      INFOG(25) (after factorization: number of pivots modified by static pivoting): 0
                                      INFOG(28) (after factorization: number of null pivots encountered): 0
                                      INFOG(29) (after factorization: effective number of entries in the factors (sum over all processors)): 508672
                                      INFOG(30, 31) (after solution: size in Mbytes of memory used during solution phase): 19, 1883
                                      INFOG(32) (after analysis: type of analysis done): 1
                                      INFOG(33) (value used for ICNTL(8)): 7
                                      INFOG(34) (exponent of the determinant if determinant is requested): 0
                                      INFOG(35) (after factorization: number of entries taking into account BLR factor compression - sum over all processors): 508672
                                      INFOG(36) (after analysis: estimated size of all MUMPS internal data for running BLR in-core - value on the most memory consuming processor): 0
                                      INFOG(37) (after analysis: estimated size of all MUMPS internal data for running BLR in-core - sum over all processors): 0
                                      INFOG(38) (after analysis: estimated size of all MUMPS internal data for running BLR out-of-core - value on the most memory consuming processor): 0
                                      INFOG(39) (after analysis: estimated size of all MUMPS internal data for running BLR out-of-core - sum over all processors): 0
                          linear system matrix, which is also used to construct the preconditioner:
                          Mat Object: 104 MPI processes
                            type: mpiaij
                            rows=4096, cols=4096
                            total: nonzeros=79872, allocated nonzeros=79872
                            total number of mallocs used during MatSetValues calls=0
                              using nonscalable MatPtAP() implementation
                              using I-node (on process 0) routines: found 9 nodes, limit used is 5
                      Down solver (pre-smoother) on level 1 -------------------------------
                        KSP Object: (BackwardEuler-Equation_lumped_mg_coarse_mg_levels_1_) 104 MPI processes
                          type: chebyshev
                            Chebyshev polynomial of first kind
                            eigenvalue targets used: min 0.184223, max 2.02645
                            eigenvalues estimated via gmres: min 0.160998, max 1.84223
                            eigenvalues estimated using gmres with transform: [0. 0.1; 0. 1.1]
                            KSP Object: (BackwardEuler-Equation_lumped_mg_coarse_mg_levels_1_esteig_) 104 MPI processes
                              type: gmres
                                restart=30, using classical (unmodified) Gram-Schmidt orthogonalization with no iterative refinement
                                happy breakdown tolerance=1e-30
                              maximum iterations=10, initial guess is zero
                              tolerances: relative=1e-12, absolute=1e-50, divergence=10000.
                              left preconditioning
                              using PRECONDITIONED norm type for convergence test
                            estimating eigenvalues using a noisy random number generated right-hand side
                          maximum iterations=2, nonzero initial guess
                          tolerances: relative=1e-05, absolute=1e-50, divergence=10000.
                          left preconditioning
                          not checking for convergence
                        PC Object: (BackwardEuler-Equation_lumped_mg_coarse_mg_levels_1_) 104 MPI processes
                          type: bjacobi
                            number of blocks = 104
                            Local solver information for first block is in the following KSP and PC objects on rank 0:
                            Use -BackwardEuler-Equation_lumped_mg_coarse_mg_levels_1_ksp_view ::ascii_info_detail to display information for all blocks
                            KSP Object: (BackwardEuler-Equation_lumped_mg_coarse_mg_levels_1_sub_) 1 MPI process
                              type: preonly
                              maximum iterations=10000, initial guess is zero
                              tolerances: relative=1e-05, absolute=1e-50, divergence=10000.
                              left preconditioning
                              not checking for convergence
                            PC Object: (BackwardEuler-Equation_lumped_mg_coarse_mg_levels_1_sub_) 1 MPI process
                              type: ilu
                                out-of-place factorization
                                0 levels of fill
                                tolerance for zero pivot 2.22045e-14
                                matrix ordering: natural
                                factor fill ratio given 1., needed 1.
                                  Factored matrix:
                                    Mat Object: (BackwardEuler-Equation_lumped_mg_coarse_mg_levels_1_sub_) 1 MPI process
                                      type: seqaij
                                      rows=144, cols=144
                                      package used to perform factorization: petsc
                                      total: nonzeros=2496, allocated nonzeros=2496
                                        using I-node routines: found 36 nodes, limit used is 5
                              linear system matrix, which is also used to construct the preconditioner:
                              Mat Object: (BackwardEuler-Equation_lumped_mg_coarse_mg_levels_1_sub_) 1 MPI process
                                type: seqaij
                                rows=144, cols=144
                                total: nonzeros=2496, allocated nonzeros=2496
                                total number of mallocs used during MatSetValues calls=0
                                  using I-node routines: found 36 nodes, limit used is 5
                          linear system matrix, which is also used to construct the preconditioner:
                          Mat Object: 104 MPI processes
                            type: mpiaij
                            rows=16384, cols=16384
                            total: nonzeros=323584, allocated nonzeros=323584
                            total number of mallocs used during MatSetValues calls=0
                              using nonscalable MatPtAP() implementation
                              using I-node (on process 0) routines: found 36 nodes, limit used is 5
                      Up solver (post-smoother) same as down solver (pre-smoother)
                      linear system matrix, which is also used to construct the preconditioner:
                      Mat Object: 104 MPI processes
                        type: mpiaij
                        rows=16384, cols=16384
                        total: nonzeros=323584, allocated nonzeros=323584
                        total number of mallocs used during MatSetValues calls=0
                          using nonscalable MatPtAP() implementation
                          using I-node (on process 0) routines: found 36 nodes, limit used is 5
                  Down solver (pre-smoother) on level 1 -------------------------------
                    KSP Object: (BackwardEuler-Equation_lumped_mg_levels_1_) 104 MPI processes
                      type: chebyshev
                        Chebyshev polynomial of first kind
                        eigenvalue targets used: min 0.190324, max 2.09356
                        eigenvalues estimated via gmres: min 0.0968169, max 1.90324
                        eigenvalues estimated using gmres with transform: [0. 0.1; 0. 1.1]
                        KSP Object: (BackwardEuler-Equation_lumped_mg_levels_1_esteig_) 104 MPI processes
                          type: gmres
                            restart=30, using classical (unmodified) Gram-Schmidt orthogonalization with no iterative refinement
                            happy breakdown tolerance=1e-30
                          maximum iterations=10, initial guess is zero
                          tolerances: relative=1e-12, absolute=1e-50, divergence=10000.
                          left preconditioning
                          using PRECONDITIONED norm type for convergence test
                        estimating eigenvalues using a noisy random number generated right-hand side
                      maximum iterations=1, nonzero initial guess
                      tolerances: relative=1e-05, absolute=1e-50, divergence=10000.
                      left preconditioning
                      not checking for convergence
                    PC Object: (BackwardEuler-Equation_lumped_mg_levels_1_) 104 MPI processes
                      type: python
                        Python: firedrake.ASMLinesmoothPC
                      PC Object: (BackwardEuler-Equation_lumped_mg_levels_1_pc_linesmooth_sub_) 104 MPI processes
                        type: asm
                          total subdomain blocks = 4096, user-defined overlap
                          restriction/interpolation type - BASIC
                          Local solver information for first block is in the following KSP and PC objects on rank 0:
                          Use -BackwardEuler-Equation_lumped_mg_levels_1_pc_linesmooth_sub_ksp_view ::ascii_info_detail to display information for all blocks
                          KSP Object: (BackwardEuler-Equation_lumped_mg_levels_1_pc_linesmooth_sub_sub_) 1 MPI process
                            type: preonly
                            maximum iterations=10000, initial guess is zero
                            tolerances: relative=1e-05, absolute=1e-50, divergence=10000.
                            left preconditioning
                            not checking for convergence
                          PC Object: (BackwardEuler-Equation_lumped_mg_levels_1_pc_linesmooth_sub_sub_) 1 MPI process
                            type: lu
                              out-of-place factorization
                              tolerance for zero pivot 2.22045e-14
                              matrix ordering: natural
                              factor fill ratio given 5., needed 1.
                                Factored matrix:
                                  Mat Object: (BackwardEuler-Equation_lumped_mg_levels_1_pc_linesmooth_sub_sub_) 1 MPI process
                                    type: seqaij
                                    rows=624, cols=624
                                    package used to perform factorization: petsc
                                    total: nonzeros=14848, allocated nonzeros=14848
                                      using I-node routines: found 156 nodes, limit used is 5
                            linear system matrix, which is also used to construct the preconditioner:
                            Mat Object: (BackwardEuler-Equation_lumped_mg_levels_1_pc_linesmooth_sub_sub_) 1 MPI process
                              type: seqaij
                              rows=624, cols=624
                              total: nonzeros=14848, allocated nonzeros=14848
                              total number of mallocs used during MatSetValues calls=0
                                using I-node routines: found 156 nodes, limit used is 5
                        linear system matrix, which is also used to construct the preconditioner:
                        Mat Object: (BackwardEuler-Equation_) 104 MPI processes
                          type: mpiaij
                          rows=2555904, cols=2555904
                          total: nonzeros=141328384, allocated nonzeros=141328384
                          total number of mallocs used during MatSetValues calls=0
                            has attached near null space
                            using I-node (on process 0) routines: found 5616 nodes, limit used is 5
                      linear system matrix, which is also used to construct the preconditioner:
                      Mat Object: (BackwardEuler-Equation_) 104 MPI processes
                        type: mpiaij
                        rows=2555904, cols=2555904
                        total: nonzeros=141328384, allocated nonzeros=141328384
                        total number of mallocs used during MatSetValues calls=0
                          has attached near null space
                          using I-node (on process 0) routines: found 5616 nodes, limit used is 5
                  Up solver (post-smoother) same as down solver (pre-smoother)
                  linear system matrix, which is also used to construct the preconditioner:
                  Mat Object: (BackwardEuler-Equation_) 104 MPI processes
                    type: mpiaij
                    rows=2555904, cols=2555904
                    total: nonzeros=141328384, allocated nonzeros=141328384
                    total number of mallocs used during MatSetValues calls=0
                      has attached near null space
                      using I-node (on process 0) routines: found 5616 nodes, limit used is 5
                linear system matrix, which is also used to construct the preconditioner:
                Mat Object: (BackwardEuler-Equation_) 104 MPI processes
                  type: mpiaij
                  rows=2555904, cols=2555904
                  total: nonzeros=141328384, allocated nonzeros=141328384
                  total number of mallocs used during MatSetValues calls=0
                    has attached near null space
                    using I-node (on process 0) routines: found 5616 nodes, limit used is 5
t = 1800.00 s | step 6/10 | wall 1.50 s | NL 2 | L 42
              0 SNES Function norm 3.459590537458e-06
                      Linear BackwardEuler-Equation_lumped_mg_coarse_ solve converged due to CONVERGED_ITS iterations 1
                      Linear BackwardEuler-Equation_lumped_mg_coarse_ solve converged due to CONVERGED_ITS iterations 1
                      Linear BackwardEuler-Equation_lumped_mg_coarse_ solve converged due to CONVERGED_ITS iterations 1
                      Linear BackwardEuler-Equation_lumped_mg_coarse_ solve converged due to CONVERGED_ITS iterations 1
                      Linear BackwardEuler-Equation_lumped_mg_coarse_ solve converged due to CONVERGED_ITS iterations 1
                      Linear BackwardEuler-Equation_lumped_mg_coarse_ solve converged due to CONVERGED_ITS iterations 1
                      Linear BackwardEuler-Equation_lumped_mg_coarse_ solve converged due to CONVERGED_ITS iterations 1
                      Linear BackwardEuler-Equation_lumped_mg_coarse_ solve converged due to CONVERGED_ITS iterations 1
                      Linear BackwardEuler-Equation_lumped_mg_coarse_ solve converged due to CONVERGED_ITS iterations 1
                      Linear BackwardEuler-Equation_lumped_mg_coarse_ solve converged due to CONVERGED_ITS iterations 1
                      Linear BackwardEuler-Equation_lumped_mg_coarse_ solve converged due to CONVERGED_ITS iterations 1
                      Linear BackwardEuler-Equation_lumped_mg_coarse_ solve converged due to CONVERGED_ITS iterations 1
                      Linear BackwardEuler-Equation_lumped_mg_coarse_ solve converged due to CONVERGED_ITS iterations 1
                      Linear BackwardEuler-Equation_lumped_mg_coarse_ solve converged due to CONVERGED_ITS iterations 1
                      Linear BackwardEuler-Equation_lumped_mg_coarse_ solve converged due to CONVERGED_ITS iterations 1
                      Linear BackwardEuler-Equation_lumped_mg_coarse_ solve converged due to CONVERGED_ITS iterations 1
                      Linear BackwardEuler-Equation_lumped_mg_coarse_ solve converged due to CONVERGED_ITS iterations 1
                      Linear BackwardEuler-Equation_lumped_mg_coarse_ solve converged due to CONVERGED_ITS iterations 1
                      Linear BackwardEuler-Equation_lumped_mg_coarse_ solve converged due to CONVERGED_ITS iterations 1
                      Linear BackwardEuler-Equation_lumped_mg_coarse_ solve converged due to CONVERGED_ITS iterations 1
                      Linear BackwardEuler-Equation_lumped_mg_coarse_ solve converged due to CONVERGED_ITS iterations 1
                Linear BackwardEuler-Equation_ solve converged due to CONVERGED_RTOL iterations 21
            Mat Object: (BackwardEuler-Equation_) 104 MPI processes
              type: mpiaij
              rows=2555904, cols=2555904
              total: nonzeros=141328384, allocated nonzeros=141328384
              total number of mallocs used during MatSetValues calls=0
                has attached near null space
                using I-node (on process 0) routines: found 5616 nodes, limit used is 5
              1 SNES Function norm 5.987003639320e-08
                      Linear BackwardEuler-Equation_lumped_mg_coarse_ solve converged due to CONVERGED_ITS iterations 1
                      Linear BackwardEuler-Equation_lumped_mg_coarse_ solve converged due to CONVERGED_ITS iterations 1
                      Linear BackwardEuler-Equation_lumped_mg_coarse_ solve converged due to CONVERGED_ITS iterations 1
                      Linear BackwardEuler-Equation_lumped_mg_coarse_ solve converged due to CONVERGED_ITS iterations 1
                      Linear BackwardEuler-Equation_lumped_mg_coarse_ solve converged due to CONVERGED_ITS iterations 1
                      Linear BackwardEuler-Equation_lumped_mg_coarse_ solve converged due to CONVERGED_ITS iterations 1
                      Linear BackwardEuler-Equation_lumped_mg_coarse_ solve converged due to CONVERGED_ITS iterations 1
                      Linear BackwardEuler-Equation_lumped_mg_coarse_ solve converged due to CONVERGED_ITS iterations 1
                      Linear BackwardEuler-Equation_lumped_mg_coarse_ solve converged due to CONVERGED_ITS iterations 1
                      Linear BackwardEuler-Equation_lumped_mg_coarse_ solve converged due to CONVERGED_ITS iterations 1
                      Linear BackwardEuler-Equation_lumped_mg_coarse_ solve converged due to CONVERGED_ITS iterations 1
                      Linear BackwardEuler-Equation_lumped_mg_coarse_ solve converged due to CONVERGED_ITS iterations 1
                      Linear BackwardEuler-Equation_lumped_mg_coarse_ solve converged due to CONVERGED_ITS iterations 1
                      Linear BackwardEuler-Equation_lumped_mg_coarse_ solve converged due to CONVERGED_ITS iterations 1
                      Linear BackwardEuler-Equation_lumped_mg_coarse_ solve converged due to CONVERGED_ITS iterations 1
                      Linear BackwardEuler-Equation_lumped_mg_coarse_ solve converged due to CONVERGED_ITS iterations 1
                      Linear BackwardEuler-Equation_lumped_mg_coarse_ solve converged due to CONVERGED_ITS iterations 1
                      Linear BackwardEuler-Equation_lumped_mg_coarse_ solve converged due to CONVERGED_ITS iterations 1
                      Linear BackwardEuler-Equation_lumped_mg_coarse_ solve converged due to CONVERGED_ITS iterations 1
                      Linear BackwardEuler-Equation_lumped_mg_coarse_ solve converged due to CONVERGED_ITS iterations 1
                      Linear BackwardEuler-Equation_lumped_mg_coarse_ solve converged due to CONVERGED_ITS iterations 1
                      Linear BackwardEuler-Equation_lumped_mg_coarse_ solve converged due to CONVERGED_ITS iterations 1
                Linear BackwardEuler-Equation_ solve converged due to CONVERGED_RTOL iterations 22
            Mat Object: (BackwardEuler-Equation_) 104 MPI processes
              type: mpiaij
              rows=2555904, cols=2555904
              total: nonzeros=141328384, allocated nonzeros=141328384
              total number of mallocs used during MatSetValues calls=0
                has attached near null space
                using I-node (on process 0) routines: found 5616 nodes, limit used is 5
              2 SNES Function norm 3.429550474800e-11
              Nonlinear BackwardEuler-Equation_ solve converged due to CONVERGED_FNORM_ABS iterations 2
            SNES Object: (BackwardEuler-Equation_) 104 MPI processes
              type: newtonls
              maximum iterations=50, maximum function evaluations=10000
              tolerances: relative=1e-08, absolute=1e-08, solution=1e-08
              total number of linear solver iterations=43
              total number of function evaluations=3
              norm schedule ALWAYS
              SNESLineSearch Object: (BackwardEuler-Equation_) 104 MPI processes
                type: bt
                  interpolation: cubic
                  alpha=1.000000e-04
                maxlambda=1.000000e+00, minlambda=1.000000e-12
                tolerances: relative=1.000000e-08, absolute=1.000000e-15, lambda=1.000000e-08
                maximum iterations=40
              KSP Object: (BackwardEuler-Equation_) 104 MPI processes
                type: fgmres
                  restart=30, using classical (unmodified) Gram-Schmidt orthogonalization with no iterative refinement
                  happy breakdown tolerance=1e-30
                maximum iterations=200, initial guess is zero
                tolerances: relative=0.0001, absolute=1e-50, divergence=10000.
                right preconditioning
                using UNPRECONDITIONED norm type for convergence test
              PC Object: (BackwardEuler-Equation_) 104 MPI processes
                type: python
                  Python: solvers.vlumping_hmg.VerticallyLumpedHMGPC
                Firedrake custom preconditioner VerticallyLumpedHMGPC
                  Vertically lumped MG (HMG variant): coarse level built on the 2D base of an ExtrudedMeshHierarchy, coarse solve is geometric MG on the base hierarchy.
                  PC Object: (BackwardEuler-Equation_lumped_) 104 MPI processes
                    type: mg
                      type is MULTIPLICATIVE, levels=2 cycles=v
                        Cycles per PCApply=1
                        Using Galerkin computed coarse grid matrices
                    Coarse grid solver -- level 0 -------------------------------
                      KSP Object: (BackwardEuler-Equation_lumped_mg_coarse_) 104 MPI processes
                        type: preonly
                        maximum iterations=10000, initial guess is zero
                        tolerances: relative=1e-05, absolute=1e-50, divergence=10000.
                        left preconditioning
                        not checking for convergence
                      PC Object: (BackwardEuler-Equation_lumped_mg_coarse_) 104 MPI processes
                        type: mg
                          type is MULTIPLICATIVE, levels=2 cycles=v
                            Cycles per PCApply=1
                            Using Galerkin computed coarse grid matrices
                        Coarse grid solver -- level 0 -------------------------------
                          KSP Object: (BackwardEuler-Equation_lumped_mg_coarse_mg_coarse_) 104 MPI processes
                            type: preonly
                            maximum iterations=10000, initial guess is zero
                            tolerances: relative=1e-05, absolute=1e-50, divergence=10000.
                            left preconditioning
                            not checking for convergence
                          PC Object: (BackwardEuler-Equation_lumped_mg_coarse_mg_coarse_) 104 MPI processes
                            type: lu
                              out-of-place factorization
                              tolerance for zero pivot 2.22045e-14
                              matrix ordering: external
                              factor fill ratio given 0., needed 0.
                                Factored matrix:
                                  Mat Object: (BackwardEuler-Equation_lumped_mg_coarse_mg_coarse_) 104 MPI processes
                                    type: mumps
                                    rows=4096, cols=4096
                                    package used to perform factorization: mumps
                                    total: nonzeros=508672, allocated nonzeros=508672
                                      MUMPS run parameters:
                                        Use -BackwardEuler-Equation_lumped_mg_coarse_mg_coarse_ksp_view ::ascii_info_detail to display information for all processes
                                        RINFOG(1) (global estimated flops for the elimination after analysis): 4.49937e+07
                                        RINFOG(2) (global estimated flops for the assembly after factorization): 449552.
                                        RINFOG(3) (global estimated flops for the elimination after factorization): 4.49937e+07
                                        (RINFOG(12) RINFOG(13))*2^INFOG(34) (determinant): (0.,0.)*(2^0)
                                        INFOG(3) (estimated real workspace for factors on all processors after analysis): 508672
                                        INFOG(4) (estimated integer workspace for factors on all processors after analysis): 32200
                                        INFOG(5) (estimated maximum front size in the complete tree): 188
                                        INFOG(6) (number of nodes in the complete tree): 280
                                        INFOG(7) (ordering option effectively used after analysis): 2
                                        INFOG(8) (structural symmetry in percent of the permuted matrix after analysis): -1
                                        INFOG(9) (total real/complex workspace to store the matrix factors after factorization): 508672
                                        INFOG(10) (total integer space store the matrix factors after factorization): 32200
                                        INFOG(11) (order of largest frontal matrix after factorization): 188
                                        INFOG(12) (number of off-diagonal pivots): 0
                                        INFOG(13) (number of delayed pivots after factorization): 0
                                        INFOG(14) (number of memory compress after factorization): 0
                                        INFOG(15) (number of steps of iterative refinement after solution): 0
                                        INFOG(16) (estimated size (in MB) of all MUMPS internal data for factorization after analysis: value on the most memory consuming processor): 134
                                        INFOG(17) (estimated size of all MUMPS internal data for factorization after analysis: sum over all processors): 13936
                                        INFOG(18) (size of all MUMPS internal data allocated during factorization: value on the most memory consuming processor): 134
                                        INFOG(19) (size of all MUMPS internal data allocated during factorization: sum over all processors): 13936
                                        INFOG(20) (estimated number of entries in the factors): 508672
                                        INFOG(21) (size in MB of memory effectively used during factorization - value on the most memory consuming processor): 134
                                        INFOG(22) (size in MB of memory effectively used during factorization - sum over all processors): 13936
                                        INFOG(23) (after analysis: value of ICNTL(6) effectively used): 0
                                        INFOG(24) (after analysis: value of ICNTL(12) effectively used): 1
                                        INFOG(25) (after factorization: number of pivots modified by static pivoting): 0
                                        INFOG(28) (after factorization: number of null pivots encountered): 0
                                        INFOG(29) (after factorization: effective number of entries in the factors (sum over all processors)): 508672
                                        INFOG(30, 31) (after solution: size in Mbytes of memory used during solution phase): 19, 1883
                                        INFOG(32) (after analysis: type of analysis done): 1
                                        INFOG(33) (value used for ICNTL(8)): 7
                                        INFOG(34) (exponent of the determinant if determinant is requested): 0
                                        INFOG(35) (after factorization: number of entries taking into account BLR factor compression - sum over all processors): 508672
                                        INFOG(36) (after analysis: estimated size of all MUMPS internal data for running BLR in-core - value on the most memory consuming processor): 0
                                        INFOG(37) (after analysis: estimated size of all MUMPS internal data for running BLR in-core - sum over all processors): 0
                                        INFOG(38) (after analysis: estimated size of all MUMPS internal data for running BLR out-of-core - value on the most memory consuming processor): 0
                                        INFOG(39) (after analysis: estimated size of all MUMPS internal data for running BLR out-of-core - sum over all processors): 0
                            linear system matrix, which is also used to construct the preconditioner:
                            Mat Object: 104 MPI processes
                              type: mpiaij
                              rows=4096, cols=4096
                              total: nonzeros=79872, allocated nonzeros=79872
                              total number of mallocs used during MatSetValues calls=0
                                using nonscalable MatPtAP() implementation
                                using I-node (on process 0) routines: found 9 nodes, limit used is 5
                        Down solver (pre-smoother) on level 1 -------------------------------
                          KSP Object: (BackwardEuler-Equation_lumped_mg_coarse_mg_levels_1_) 104 MPI processes
                            type: chebyshev
                              Chebyshev polynomial of first kind
                              eigenvalue targets used: min 0.184516, max 2.02967
                              eigenvalues estimated via gmres: min 0.159848, max 1.84516
                              eigenvalues estimated using gmres with transform: [0. 0.1; 0. 1.1]
                              KSP Object: (BackwardEuler-Equation_lumped_mg_coarse_mg_levels_1_esteig_) 104 MPI processes
                                type: gmres
                                  restart=30, using classical (unmodified) Gram-Schmidt orthogonalization with no iterative refinement
                                  happy breakdown tolerance=1e-30
                                maximum iterations=10, initial guess is zero
                                tolerances: relative=1e-12, absolute=1e-50, divergence=10000.
                                left preconditioning
                                using PRECONDITIONED norm type for convergence test
                              estimating eigenvalues using a noisy random number generated right-hand side
                            maximum iterations=2, nonzero initial guess
                            tolerances: relative=1e-05, absolute=1e-50, divergence=10000.
                            left preconditioning
                            not checking for convergence
                          PC Object: (BackwardEuler-Equation_lumped_mg_coarse_mg_levels_1_) 104 MPI processes
                            type: bjacobi
                              number of blocks = 104
                              Local solver information for first block is in the following KSP and PC objects on rank 0:
                              Use -BackwardEuler-Equation_lumped_mg_coarse_mg_levels_1_ksp_view ::ascii_info_detail to display information for all blocks
                              KSP Object: (BackwardEuler-Equation_lumped_mg_coarse_mg_levels_1_sub_) 1 MPI process
                                type: preonly
                                maximum iterations=10000, initial guess is zero
                                tolerances: relative=1e-05, absolute=1e-50, divergence=10000.
                                left preconditioning
                                not checking for convergence
                              PC Object: (BackwardEuler-Equation_lumped_mg_coarse_mg_levels_1_sub_) 1 MPI process
                                type: ilu
                                  out-of-place factorization
                                  0 levels of fill
                                  tolerance for zero pivot 2.22045e-14
                                  matrix ordering: natural
                                  factor fill ratio given 1., needed 1.
                                    Factored matrix:
                                      Mat Object: (BackwardEuler-Equation_lumped_mg_coarse_mg_levels_1_sub_) 1 MPI process
                                        type: seqaij
                                        rows=144, cols=144
                                        package used to perform factorization: petsc
                                        total: nonzeros=2496, allocated nonzeros=2496
                                          using I-node routines: found 36 nodes, limit used is 5
                                linear system matrix, which is also used to construct the preconditioner:
                                Mat Object: (BackwardEuler-Equation_lumped_mg_coarse_mg_levels_1_sub_) 1 MPI process
                                  type: seqaij
                                  rows=144, cols=144
                                  total: nonzeros=2496, allocated nonzeros=2496
                                  total number of mallocs used during MatSetValues calls=0
                                    using I-node routines: found 36 nodes, limit used is 5
                            linear system matrix, which is also used to construct the preconditioner:
                            Mat Object: 104 MPI processes
                              type: mpiaij
                              rows=16384, cols=16384
                              total: nonzeros=323584, allocated nonzeros=323584
                              total number of mallocs used during MatSetValues calls=0
                                using nonscalable MatPtAP() implementation
                                using I-node (on process 0) routines: found 36 nodes, limit used is 5
                        Up solver (post-smoother) same as down solver (pre-smoother)
                        linear system matrix, which is also used to construct the preconditioner:
                        Mat Object: 104 MPI processes
                          type: mpiaij
                          rows=16384, cols=16384
                          total: nonzeros=323584, allocated nonzeros=323584
                          total number of mallocs used during MatSetValues calls=0
                            using nonscalable MatPtAP() implementation
                            using I-node (on process 0) routines: found 36 nodes, limit used is 5
                    Down solver (pre-smoother) on level 1 -------------------------------
                      KSP Object: (BackwardEuler-Equation_lumped_mg_levels_1_) 104 MPI processes
                        type: chebyshev
                          Chebyshev polynomial of first kind
                          eigenvalue targets used: min 0.190322, max 2.09354
                          eigenvalues estimated via gmres: min 0.096837, max 1.90322
                          eigenvalues estimated using gmres with transform: [0. 0.1; 0. 1.1]
                          KSP Object: (BackwardEuler-Equation_lumped_mg_levels_1_esteig_) 104 MPI processes
                            type: gmres
                              restart=30, using classical (unmodified) Gram-Schmidt orthogonalization with no iterative refinement
                              happy breakdown tolerance=1e-30
                            maximum iterations=10, initial guess is zero
                            tolerances: relative=1e-12, absolute=1e-50, divergence=10000.
                            left preconditioning
                            using PRECONDITIONED norm type for convergence test
                          estimating eigenvalues using a noisy random number generated right-hand side
                        maximum iterations=1, nonzero initial guess
                        tolerances: relative=1e-05, absolute=1e-50, divergence=10000.
                        left preconditioning
                        not checking for convergence
                      PC Object: (BackwardEuler-Equation_lumped_mg_levels_1_) 104 MPI processes
                        type: python
                          Python: firedrake.ASMLinesmoothPC
                        PC Object: (BackwardEuler-Equation_lumped_mg_levels_1_pc_linesmooth_sub_) 104 MPI processes
                          type: asm
                            total subdomain blocks = 4096, user-defined overlap
                            restriction/interpolation type - BASIC
                            Local solver information for first block is in the following KSP and PC objects on rank 0:
                            Use -BackwardEuler-Equation_lumped_mg_levels_1_pc_linesmooth_sub_ksp_view ::ascii_info_detail to display information for all blocks
                            KSP Object: (BackwardEuler-Equation_lumped_mg_levels_1_pc_linesmooth_sub_sub_) 1 MPI process
                              type: preonly
                              maximum iterations=10000, initial guess is zero
                              tolerances: relative=1e-05, absolute=1e-50, divergence=10000.
                              left preconditioning
                              not checking for convergence
                            PC Object: (BackwardEuler-Equation_lumped_mg_levels_1_pc_linesmooth_sub_sub_) 1 MPI process
                              type: lu
                                out-of-place factorization
                                tolerance for zero pivot 2.22045e-14
                                matrix ordering: natural
                                factor fill ratio given 5., needed 1.
                                  Factored matrix:
                                    Mat Object: (BackwardEuler-Equation_lumped_mg_levels_1_pc_linesmooth_sub_sub_) 1 MPI process
                                      type: seqaij
                                      rows=624, cols=624
                                      package used to perform factorization: petsc
                                      total: nonzeros=14848, allocated nonzeros=14848
                                        using I-node routines: found 156 nodes, limit used is 5
                              linear system matrix, which is also used to construct the preconditioner:
                              Mat Object: (BackwardEuler-Equation_lumped_mg_levels_1_pc_linesmooth_sub_sub_) 1 MPI process
                                type: seqaij
                                rows=624, cols=624
                                total: nonzeros=14848, allocated nonzeros=14848
                                total number of mallocs used during MatSetValues calls=0
                                  using I-node routines: found 156 nodes, limit used is 5
                          linear system matrix, which is also used to construct the preconditioner:
                          Mat Object: (BackwardEuler-Equation_) 104 MPI processes
                            type: mpiaij
                            rows=2555904, cols=2555904
                            total: nonzeros=141328384, allocated nonzeros=141328384
                            total number of mallocs used during MatSetValues calls=0
                              has attached near null space
                              using I-node (on process 0) routines: found 5616 nodes, limit used is 5
                        linear system matrix, which is also used to construct the preconditioner:
                        Mat Object: (BackwardEuler-Equation_) 104 MPI processes
                          type: mpiaij
                          rows=2555904, cols=2555904
                          total: nonzeros=141328384, allocated nonzeros=141328384
                          total number of mallocs used during MatSetValues calls=0
                            has attached near null space
                            using I-node (on process 0) routines: found 5616 nodes, limit used is 5
                    Up solver (post-smoother) same as down solver (pre-smoother)
                    linear system matrix, which is also used to construct the preconditioner:
                    Mat Object: (BackwardEuler-Equation_) 104 MPI processes
                      type: mpiaij
                      rows=2555904, cols=2555904
                      total: nonzeros=141328384, allocated nonzeros=141328384
                      total number of mallocs used during MatSetValues calls=0
                        has attached near null space
                        using I-node (on process 0) routines: found 5616 nodes, limit used is 5
                  linear system matrix, which is also used to construct the preconditioner:
                  Mat Object: (BackwardEuler-Equation_) 104 MPI processes
                    type: mpiaij
                    rows=2555904, cols=2555904
                    total: nonzeros=141328384, allocated nonzeros=141328384
                    total number of mallocs used during MatSetValues calls=0
                      has attached near null space
                      using I-node (on process 0) routines: found 5616 nodes, limit used is 5
t = 2100.00 s | step 7/10 | wall 1.52 s | NL 2 | L 43
                0 SNES Function norm 3.353843569678e-06
                        Linear BackwardEuler-Equation_lumped_mg_coarse_ solve converged due to CONVERGED_ITS iterations 1
                        Linear BackwardEuler-Equation_lumped_mg_coarse_ solve converged due to CONVERGED_ITS iterations 1
                        Linear BackwardEuler-Equation_lumped_mg_coarse_ solve converged due to CONVERGED_ITS iterations 1
                        Linear BackwardEuler-Equation_lumped_mg_coarse_ solve converged due to CONVERGED_ITS iterations 1
                        Linear BackwardEuler-Equation_lumped_mg_coarse_ solve converged due to CONVERGED_ITS iterations 1
                        Linear BackwardEuler-Equation_lumped_mg_coarse_ solve converged due to CONVERGED_ITS iterations 1
                        Linear BackwardEuler-Equation_lumped_mg_coarse_ solve converged due to CONVERGED_ITS iterations 1
                        Linear BackwardEuler-Equation_lumped_mg_coarse_ solve converged due to CONVERGED_ITS iterations 1
                        Linear BackwardEuler-Equation_lumped_mg_coarse_ solve converged due to CONVERGED_ITS iterations 1
                        Linear BackwardEuler-Equation_lumped_mg_coarse_ solve converged due to CONVERGED_ITS iterations 1
                        Linear BackwardEuler-Equation_lumped_mg_coarse_ solve converged due to CONVERGED_ITS iterations 1
                        Linear BackwardEuler-Equation_lumped_mg_coarse_ solve converged due to CONVERGED_ITS iterations 1
                        Linear BackwardEuler-Equation_lumped_mg_coarse_ solve converged due to CONVERGED_ITS iterations 1
                        Linear BackwardEuler-Equation_lumped_mg_coarse_ solve converged due to CONVERGED_ITS iterations 1
                        Linear BackwardEuler-Equation_lumped_mg_coarse_ solve converged due to CONVERGED_ITS iterations 1
                        Linear BackwardEuler-Equation_lumped_mg_coarse_ solve converged due to CONVERGED_ITS iterations 1
                        Linear BackwardEuler-Equation_lumped_mg_coarse_ solve converged due to CONVERGED_ITS iterations 1
                        Linear BackwardEuler-Equation_lumped_mg_coarse_ solve converged due to CONVERGED_ITS iterations 1
                        Linear BackwardEuler-Equation_lumped_mg_coarse_ solve converged due to CONVERGED_ITS iterations 1
                        Linear BackwardEuler-Equation_lumped_mg_coarse_ solve converged due to CONVERGED_ITS iterations 1
                        Linear BackwardEuler-Equation_lumped_mg_coarse_ solve converged due to CONVERGED_ITS iterations 1
                        Linear BackwardEuler-Equation_lumped_mg_coarse_ solve converged due to CONVERGED_ITS iterations 1
                  Linear BackwardEuler-Equation_ solve converged due to CONVERGED_RTOL iterations 22
              Mat Object: (BackwardEuler-Equation_) 104 MPI processes
                type: mpiaij
                rows=2555904, cols=2555904
                total: nonzeros=141328384, allocated nonzeros=141328384
                total number of mallocs used during MatSetValues calls=0
                  has attached near null space
                  using I-node (on process 0) routines: found 5616 nodes, limit used is 5
                1 SNES Function norm 5.490979888751e-08
                        Linear BackwardEuler-Equation_lumped_mg_coarse_ solve converged due to CONVERGED_ITS iterations 1
                        Linear BackwardEuler-Equation_lumped_mg_coarse_ solve converged due to CONVERGED_ITS iterations 1
                        Linear BackwardEuler-Equation_lumped_mg_coarse_ solve converged due to CONVERGED_ITS iterations 1
                        Linear BackwardEuler-Equation_lumped_mg_coarse_ solve converged due to CONVERGED_ITS iterations 1
                        Linear BackwardEuler-Equation_lumped_mg_coarse_ solve converged due to CONVERGED_ITS iterations 1
                        Linear BackwardEuler-Equation_lumped_mg_coarse_ solve converged due to CONVERGED_ITS iterations 1
                        Linear BackwardEuler-Equation_lumped_mg_coarse_ solve converged due to CONVERGED_ITS iterations 1
                        Linear BackwardEuler-Equation_lumped_mg_coarse_ solve converged due to CONVERGED_ITS iterations 1
                        Linear BackwardEuler-Equation_lumped_mg_coarse_ solve converged due to CONVERGED_ITS iterations 1
                        Linear BackwardEuler-Equation_lumped_mg_coarse_ solve converged due to CONVERGED_ITS iterations 1
                        Linear BackwardEuler-Equation_lumped_mg_coarse_ solve converged due to CONVERGED_ITS iterations 1
                        Linear BackwardEuler-Equation_lumped_mg_coarse_ solve converged due to CONVERGED_ITS iterations 1
                        Linear BackwardEuler-Equation_lumped_mg_coarse_ solve converged due to CONVERGED_ITS iterations 1
                        Linear BackwardEuler-Equation_lumped_mg_coarse_ solve converged due to CONVERGED_ITS iterations 1
                        Linear BackwardEuler-Equation_lumped_mg_coarse_ solve converged due to CONVERGED_ITS iterations 1
                        Linear BackwardEuler-Equation_lumped_mg_coarse_ solve converged due to CONVERGED_ITS iterations 1
                        Linear BackwardEuler-Equation_lumped_mg_coarse_ solve converged due to CONVERGED_ITS iterations 1
                        Linear BackwardEuler-Equation_lumped_mg_coarse_ solve converged due to CONVERGED_ITS iterations 1
                        Linear BackwardEuler-Equation_lumped_mg_coarse_ solve converged due to CONVERGED_ITS iterations 1
                        Linear BackwardEuler-Equation_lumped_mg_coarse_ solve converged due to CONVERGED_ITS iterations 1
                        Linear BackwardEuler-Equation_lumped_mg_coarse_ solve converged due to CONVERGED_ITS iterations 1
                        Linear BackwardEuler-Equation_lumped_mg_coarse_ solve converged due to CONVERGED_ITS iterations 1
                  Linear BackwardEuler-Equation_ solve converged due to CONVERGED_RTOL iterations 22
              Mat Object: (BackwardEuler-Equation_) 104 MPI processes
                type: mpiaij
                rows=2555904, cols=2555904
                total: nonzeros=141328384, allocated nonzeros=141328384
                total number of mallocs used during MatSetValues calls=0
                  has attached near null space
                  using I-node (on process 0) routines: found 5616 nodes, limit used is 5
                2 SNES Function norm 2.806637154025e-11
                Nonlinear BackwardEuler-Equation_ solve converged due to CONVERGED_FNORM_ABS iterations 2
              SNES Object: (BackwardEuler-Equation_) 104 MPI processes
                type: newtonls
                maximum iterations=50, maximum function evaluations=10000
                tolerances: relative=1e-08, absolute=1e-08, solution=1e-08
                total number of linear solver iterations=44
                total number of function evaluations=3
                norm schedule ALWAYS
                SNESLineSearch Object: (BackwardEuler-Equation_) 104 MPI processes
                  type: bt
                    interpolation: cubic
                    alpha=1.000000e-04
                  maxlambda=1.000000e+00, minlambda=1.000000e-12
                  tolerances: relative=1.000000e-08, absolute=1.000000e-15, lambda=1.000000e-08
                  maximum iterations=40
                KSP Object: (BackwardEuler-Equation_) 104 MPI processes
                  type: fgmres
                    restart=30, using classical (unmodified) Gram-Schmidt orthogonalization with no iterative refinement
                    happy breakdown tolerance=1e-30
                  maximum iterations=200, initial guess is zero
                  tolerances: relative=0.0001, absolute=1e-50, divergence=10000.
                  right preconditioning
                  using UNPRECONDITIONED norm type for convergence test
                PC Object: (BackwardEuler-Equation_) 104 MPI processes
                  type: python
                    Python: solvers.vlumping_hmg.VerticallyLumpedHMGPC
                  Firedrake custom preconditioner VerticallyLumpedHMGPC
                    Vertically lumped MG (HMG variant): coarse level built on the 2D base of an ExtrudedMeshHierarchy, coarse solve is geometric MG on the base hierarchy.
                    PC Object: (BackwardEuler-Equation_lumped_) 104 MPI processes
                      type: mg
                        type is MULTIPLICATIVE, levels=2 cycles=v
                          Cycles per PCApply=1
                          Using Galerkin computed coarse grid matrices
                      Coarse grid solver -- level 0 -------------------------------
                        KSP Object: (BackwardEuler-Equation_lumped_mg_coarse_) 104 MPI processes
                          type: preonly
                          maximum iterations=10000, initial guess is zero
                          tolerances: relative=1e-05, absolute=1e-50, divergence=10000.
                          left preconditioning
                          not checking for convergence
                        PC Object: (BackwardEuler-Equation_lumped_mg_coarse_) 104 MPI processes
                          type: mg
                            type is MULTIPLICATIVE, levels=2 cycles=v
                              Cycles per PCApply=1
                              Using Galerkin computed coarse grid matrices
                          Coarse grid solver -- level 0 -------------------------------
                            KSP Object: (BackwardEuler-Equation_lumped_mg_coarse_mg_coarse_) 104 MPI processes
                              type: preonly
                              maximum iterations=10000, initial guess is zero
                              tolerances: relative=1e-05, absolute=1e-50, divergence=10000.
                              left preconditioning
                              not checking for convergence
                            PC Object: (BackwardEuler-Equation_lumped_mg_coarse_mg_coarse_) 104 MPI processes
                              type: lu
                                out-of-place factorization
                                tolerance for zero pivot 2.22045e-14
                                matrix ordering: external
                                factor fill ratio given 0., needed 0.
                                  Factored matrix:
                                    Mat Object: (BackwardEuler-Equation_lumped_mg_coarse_mg_coarse_) 104 MPI processes
                                      type: mumps
                                      rows=4096, cols=4096
                                      package used to perform factorization: mumps
                                      total: nonzeros=508672, allocated nonzeros=508672
                                        MUMPS run parameters:
                                          Use -BackwardEuler-Equation_lumped_mg_coarse_mg_coarse_ksp_view ::ascii_info_detail to display information for all processes
                                          RINFOG(1) (global estimated flops for the elimination after analysis): 4.49937e+07
                                          RINFOG(2) (global estimated flops for the assembly after factorization): 449552.
                                          RINFOG(3) (global estimated flops for the elimination after factorization): 4.49937e+07
                                          (RINFOG(12) RINFOG(13))*2^INFOG(34) (determinant): (0.,0.)*(2^0)
                                          INFOG(3) (estimated real workspace for factors on all processors after analysis): 508672
                                          INFOG(4) (estimated integer workspace for factors on all processors after analysis): 32200
                                          INFOG(5) (estimated maximum front size in the complete tree): 188
                                          INFOG(6) (number of nodes in the complete tree): 280
                                          INFOG(7) (ordering option effectively used after analysis): 2
                                          INFOG(8) (structural symmetry in percent of the permuted matrix after analysis): -1
                                          INFOG(9) (total real/complex workspace to store the matrix factors after factorization): 508672
                                          INFOG(10) (total integer space store the matrix factors after factorization): 32200
                                          INFOG(11) (order of largest frontal matrix after factorization): 188
                                          INFOG(12) (number of off-diagonal pivots): 0
                                          INFOG(13) (number of delayed pivots after factorization): 0
                                          INFOG(14) (number of memory compress after factorization): 0
                                          INFOG(15) (number of steps of iterative refinement after solution): 0
                                          INFOG(16) (estimated size (in MB) of all MUMPS internal data for factorization after analysis: value on the most memory consuming processor): 134
                                          INFOG(17) (estimated size of all MUMPS internal data for factorization after analysis: sum over all processors): 13936
                                          INFOG(18) (size of all MUMPS internal data allocated during factorization: value on the most memory consuming processor): 134
                                          INFOG(19) (size of all MUMPS internal data allocated during factorization: sum over all processors): 13936
                                          INFOG(20) (estimated number of entries in the factors): 508672
                                          INFOG(21) (size in MB of memory effectively used during factorization - value on the most memory consuming processor): 134
                                          INFOG(22) (size in MB of memory effectively used during factorization - sum over all processors): 13936
                                          INFOG(23) (after analysis: value of ICNTL(6) effectively used): 0
                                          INFOG(24) (after analysis: value of ICNTL(12) effectively used): 1
                                          INFOG(25) (after factorization: number of pivots modified by static pivoting): 0
                                          INFOG(28) (after factorization: number of null pivots encountered): 0
                                          INFOG(29) (after factorization: effective number of entries in the factors (sum over all processors)): 508672
                                          INFOG(30, 31) (after solution: size in Mbytes of memory used during solution phase): 19, 1883
                                          INFOG(32) (after analysis: type of analysis done): 1
                                          INFOG(33) (value used for ICNTL(8)): 7
                                          INFOG(34) (exponent of the determinant if determinant is requested): 0
                                          INFOG(35) (after factorization: number of entries taking into account BLR factor compression - sum over all processors): 508672
                                          INFOG(36) (after analysis: estimated size of all MUMPS internal data for running BLR in-core - value on the most memory consuming processor): 0
                                          INFOG(37) (after analysis: estimated size of all MUMPS internal data for running BLR in-core - sum over all processors): 0
                                          INFOG(38) (after analysis: estimated size of all MUMPS internal data for running BLR out-of-core - value on the most memory consuming processor): 0
                                          INFOG(39) (after analysis: estimated size of all MUMPS internal data for running BLR out-of-core - sum over all processors): 0
                              linear system matrix, which is also used to construct the preconditioner:
                              Mat Object: 104 MPI processes
                                type: mpiaij
                                rows=4096, cols=4096
                                total: nonzeros=79872, allocated nonzeros=79872
                                total number of mallocs used during MatSetValues calls=0
                                  using nonscalable MatPtAP() implementation
                                  using I-node (on process 0) routines: found 9 nodes, limit used is 5
                          Down solver (pre-smoother) on level 1 -------------------------------
                            KSP Object: (BackwardEuler-Equation_lumped_mg_coarse_mg_levels_1_) 104 MPI processes
                              type: chebyshev
                                Chebyshev polynomial of first kind
                                eigenvalue targets used: min 0.184798, max 2.03277
                                eigenvalues estimated via gmres: min 0.158736, max 1.84798
                                eigenvalues estimated using gmres with transform: [0. 0.1; 0. 1.1]
                                KSP Object: (BackwardEuler-Equation_lumped_mg_coarse_mg_levels_1_esteig_) 104 MPI processes
                                  type: gmres
                                    restart=30, using classical (unmodified) Gram-Schmidt orthogonalization with no iterative refinement
                                    happy breakdown tolerance=1e-30
                                  maximum iterations=10, initial guess is zero
                                  tolerances: relative=1e-12, absolute=1e-50, divergence=10000.
                                  left preconditioning
                                  using PRECONDITIONED norm type for convergence test
                                estimating eigenvalues using a noisy random number generated right-hand side
                              maximum iterations=2, nonzero initial guess
                              tolerances: relative=1e-05, absolute=1e-50, divergence=10000.
                              left preconditioning
                              not checking for convergence
                            PC Object: (BackwardEuler-Equation_lumped_mg_coarse_mg_levels_1_) 104 MPI processes
                              type: bjacobi
                                number of blocks = 104
                                Local solver information for first block is in the following KSP and PC objects on rank 0:
                                Use -BackwardEuler-Equation_lumped_mg_coarse_mg_levels_1_ksp_view ::ascii_info_detail to display information for all blocks
                                KSP Object: (BackwardEuler-Equation_lumped_mg_coarse_mg_levels_1_sub_) 1 MPI process
                                  type: preonly
                                  maximum iterations=10000, initial guess is zero
                                  tolerances: relative=1e-05, absolute=1e-50, divergence=10000.
                                  left preconditioning
                                  not checking for convergence
                                PC Object: (BackwardEuler-Equation_lumped_mg_coarse_mg_levels_1_sub_) 1 MPI process
                                  type: ilu
                                    out-of-place factorization
                                    0 levels of fill
                                    tolerance for zero pivot 2.22045e-14
                                    matrix ordering: natural
                                    factor fill ratio given 1., needed 1.
                                      Factored matrix:
                                        Mat Object: (BackwardEuler-Equation_lumped_mg_coarse_mg_levels_1_sub_) 1 MPI process
                                          type: seqaij
                                          rows=144, cols=144
                                          package used to perform factorization: petsc
                                          total: nonzeros=2496, allocated nonzeros=2496
                                            using I-node routines: found 36 nodes, limit used is 5
                                  linear system matrix, which is also used to construct the preconditioner:
                                  Mat Object: (BackwardEuler-Equation_lumped_mg_coarse_mg_levels_1_sub_) 1 MPI process
                                    type: seqaij
                                    rows=144, cols=144
                                    total: nonzeros=2496, allocated nonzeros=2496
                                    total number of mallocs used during MatSetValues calls=0
                                      using I-node routines: found 36 nodes, limit used is 5
                              linear system matrix, which is also used to construct the preconditioner:
                              Mat Object: 104 MPI processes
                                type: mpiaij
                                rows=16384, cols=16384
                                total: nonzeros=323584, allocated nonzeros=323584
                                total number of mallocs used during MatSetValues calls=0
                                  using nonscalable MatPtAP() implementation
                                  using I-node (on process 0) routines: found 36 nodes, limit used is 5
                          Up solver (post-smoother) same as down solver (pre-smoother)
                          linear system matrix, which is also used to construct the preconditioner:
                          Mat Object: 104 MPI processes
                            type: mpiaij
                            rows=16384, cols=16384
                            total: nonzeros=323584, allocated nonzeros=323584
                            total number of mallocs used during MatSetValues calls=0
                              using nonscalable MatPtAP() implementation
                              using I-node (on process 0) routines: found 36 nodes, limit used is 5
                      Down solver (pre-smoother) on level 1 -------------------------------
                        KSP Object: (BackwardEuler-Equation_lumped_mg_levels_1_) 104 MPI processes
                          type: chebyshev
                            Chebyshev polynomial of first kind
                            eigenvalue targets used: min 0.19032, max 2.09352
                            eigenvalues estimated via gmres: min 0.0968564, max 1.9032
                            eigenvalues estimated using gmres with transform: [0. 0.1; 0. 1.1]
                            KSP Object: (BackwardEuler-Equation_lumped_mg_levels_1_esteig_) 104 MPI processes
                              type: gmres
                                restart=30, using classical (unmodified) Gram-Schmidt orthogonalization with no iterative refinement
                                happy breakdown tolerance=1e-30
                              maximum iterations=10, initial guess is zero
                              tolerances: relative=1e-12, absolute=1e-50, divergence=10000.
                              left preconditioning
                              using PRECONDITIONED norm type for convergence test
                            estimating eigenvalues using a noisy random number generated right-hand side
                          maximum iterations=1, nonzero initial guess
                          tolerances: relative=1e-05, absolute=1e-50, divergence=10000.
                          left preconditioning
                          not checking for convergence
                        PC Object: (BackwardEuler-Equation_lumped_mg_levels_1_) 104 MPI processes
                          type: python
                            Python: firedrake.ASMLinesmoothPC
                          PC Object: (BackwardEuler-Equation_lumped_mg_levels_1_pc_linesmooth_sub_) 104 MPI processes
                            type: asm
                              total subdomain blocks = 4096, user-defined overlap
                              restriction/interpolation type - BASIC
                              Local solver information for first block is in the following KSP and PC objects on rank 0:
                              Use -BackwardEuler-Equation_lumped_mg_levels_1_pc_linesmooth_sub_ksp_view ::ascii_info_detail to display information for all blocks
                              KSP Object: (BackwardEuler-Equation_lumped_mg_levels_1_pc_linesmooth_sub_sub_) 1 MPI process
                                type: preonly
                                maximum iterations=10000, initial guess is zero
                                tolerances: relative=1e-05, absolute=1e-50, divergence=10000.
                                left preconditioning
                                not checking for convergence
                              PC Object: (BackwardEuler-Equation_lumped_mg_levels_1_pc_linesmooth_sub_sub_) 1 MPI process
                                type: lu
                                  out-of-place factorization
                                  tolerance for zero pivot 2.22045e-14
                                  matrix ordering: natural
                                  factor fill ratio given 5., needed 1.
                                    Factored matrix:
                                      Mat Object: (BackwardEuler-Equation_lumped_mg_levels_1_pc_linesmooth_sub_sub_) 1 MPI process
                                        type: seqaij
                                        rows=624, cols=624
                                        package used to perform factorization: petsc
                                        total: nonzeros=14848, allocated nonzeros=14848
                                          using I-node routines: found 156 nodes, limit used is 5
                                linear system matrix, which is also used to construct the preconditioner:
                                Mat Object: (BackwardEuler-Equation_lumped_mg_levels_1_pc_linesmooth_sub_sub_) 1 MPI process
                                  type: seqaij
                                  rows=624, cols=624
                                  total: nonzeros=14848, allocated nonzeros=14848
                                  total number of mallocs used during MatSetValues calls=0
                                    using I-node routines: found 156 nodes, limit used is 5
                            linear system matrix, which is also used to construct the preconditioner:
                            Mat Object: (BackwardEuler-Equation_) 104 MPI processes
                              type: mpiaij
                              rows=2555904, cols=2555904
                              total: nonzeros=141328384, allocated nonzeros=141328384
                              total number of mallocs used during MatSetValues calls=0
                                has attached near null space
                                using I-node (on process 0) routines: found 5616 nodes, limit used is 5
                          linear system matrix, which is also used to construct the preconditioner:
                          Mat Object: (BackwardEuler-Equation_) 104 MPI processes
                            type: mpiaij
                            rows=2555904, cols=2555904
                            total: nonzeros=141328384, allocated nonzeros=141328384
                            total number of mallocs used during MatSetValues calls=0
                              has attached near null space
                              using I-node (on process 0) routines: found 5616 nodes, limit used is 5
                      Up solver (post-smoother) same as down solver (pre-smoother)
                      linear system matrix, which is also used to construct the preconditioner:
                      Mat Object: (BackwardEuler-Equation_) 104 MPI processes
                        type: mpiaij
                        rows=2555904, cols=2555904
                        total: nonzeros=141328384, allocated nonzeros=141328384
                        total number of mallocs used during MatSetValues calls=0
                          has attached near null space
                          using I-node (on process 0) routines: found 5616 nodes, limit used is 5
                    linear system matrix, which is also used to construct the preconditioner:
                    Mat Object: (BackwardEuler-Equation_) 104 MPI processes
                      type: mpiaij
                      rows=2555904, cols=2555904
                      total: nonzeros=141328384, allocated nonzeros=141328384
                      total number of mallocs used during MatSetValues calls=0
                        has attached near null space
                        using I-node (on process 0) routines: found 5616 nodes, limit used is 5
t = 2400.00 s | step 8/10 | wall 1.55 s | NL 2 | L 44
                  0 SNES Function norm 3.266619892890e-06
                          Linear BackwardEuler-Equation_lumped_mg_coarse_ solve converged due to CONVERGED_ITS iterations 1
                          Linear BackwardEuler-Equation_lumped_mg_coarse_ solve converged due to CONVERGED_ITS iterations 1
                          Linear BackwardEuler-Equation_lumped_mg_coarse_ solve converged due to CONVERGED_ITS iterations 1
                          Linear BackwardEuler-Equation_lumped_mg_coarse_ solve converged due to CONVERGED_ITS iterations 1
                          Linear BackwardEuler-Equation_lumped_mg_coarse_ solve converged due to CONVERGED_ITS iterations 1
                          Linear BackwardEuler-Equation_lumped_mg_coarse_ solve converged due to CONVERGED_ITS iterations 1
                          Linear BackwardEuler-Equation_lumped_mg_coarse_ solve converged due to CONVERGED_ITS iterations 1
                          Linear BackwardEuler-Equation_lumped_mg_coarse_ solve converged due to CONVERGED_ITS iterations 1
                          Linear BackwardEuler-Equation_lumped_mg_coarse_ solve converged due to CONVERGED_ITS iterations 1
                          Linear BackwardEuler-Equation_lumped_mg_coarse_ solve converged due to CONVERGED_ITS iterations 1
                          Linear BackwardEuler-Equation_lumped_mg_coarse_ solve converged due to CONVERGED_ITS iterations 1
                          Linear BackwardEuler-Equation_lumped_mg_coarse_ solve converged due to CONVERGED_ITS iterations 1
                          Linear BackwardEuler-Equation_lumped_mg_coarse_ solve converged due to CONVERGED_ITS iterations 1
                          Linear BackwardEuler-Equation_lumped_mg_coarse_ solve converged due to CONVERGED_ITS iterations 1
                          Linear BackwardEuler-Equation_lumped_mg_coarse_ solve converged due to CONVERGED_ITS iterations 1
                          Linear BackwardEuler-Equation_lumped_mg_coarse_ solve converged due to CONVERGED_ITS iterations 1
                          Linear BackwardEuler-Equation_lumped_mg_coarse_ solve converged due to CONVERGED_ITS iterations 1
                          Linear BackwardEuler-Equation_lumped_mg_coarse_ solve converged due to CONVERGED_ITS iterations 1
                          Linear BackwardEuler-Equation_lumped_mg_coarse_ solve converged due to CONVERGED_ITS iterations 1
                          Linear BackwardEuler-Equation_lumped_mg_coarse_ solve converged due to CONVERGED_ITS iterations 1
                          Linear BackwardEuler-Equation_lumped_mg_coarse_ solve converged due to CONVERGED_ITS iterations 1
                          Linear BackwardEuler-Equation_lumped_mg_coarse_ solve converged due to CONVERGED_ITS iterations 1
                    Linear BackwardEuler-Equation_ solve converged due to CONVERGED_RTOL iterations 22
                Mat Object: (BackwardEuler-Equation_) 104 MPI processes
                  type: mpiaij
                  rows=2555904, cols=2555904
                  total: nonzeros=141328384, allocated nonzeros=141328384
                  total number of mallocs used during MatSetValues calls=0
                    has attached near null space
                    using I-node (on process 0) routines: found 5616 nodes, limit used is 5
                  1 SNES Function norm 5.102462380566e-08
                          Linear BackwardEuler-Equation_lumped_mg_coarse_ solve converged due to CONVERGED_ITS iterations 1
                          Linear BackwardEuler-Equation_lumped_mg_coarse_ solve converged due to CONVERGED_ITS iterations 1
                          Linear BackwardEuler-Equation_lumped_mg_coarse_ solve converged due to CONVERGED_ITS iterations 1
                          Linear BackwardEuler-Equation_lumped_mg_coarse_ solve converged due to CONVERGED_ITS iterations 1
                          Linear BackwardEuler-Equation_lumped_mg_coarse_ solve converged due to CONVERGED_ITS iterations 1
                          Linear BackwardEuler-Equation_lumped_mg_coarse_ solve converged due to CONVERGED_ITS iterations 1
                          Linear BackwardEuler-Equation_lumped_mg_coarse_ solve converged due to CONVERGED_ITS iterations 1
                          Linear BackwardEuler-Equation_lumped_mg_coarse_ solve converged due to CONVERGED_ITS iterations 1
                          Linear BackwardEuler-Equation_lumped_mg_coarse_ solve converged due to CONVERGED_ITS iterations 1
                          Linear BackwardEuler-Equation_lumped_mg_coarse_ solve converged due to CONVERGED_ITS iterations 1
                          Linear BackwardEuler-Equation_lumped_mg_coarse_ solve converged due to CONVERGED_ITS iterations 1
                          Linear BackwardEuler-Equation_lumped_mg_coarse_ solve converged due to CONVERGED_ITS iterations 1
                          Linear BackwardEuler-Equation_lumped_mg_coarse_ solve converged due to CONVERGED_ITS iterations 1
                          Linear BackwardEuler-Equation_lumped_mg_coarse_ solve converged due to CONVERGED_ITS iterations 1
                          Linear BackwardEuler-Equation_lumped_mg_coarse_ solve converged due to CONVERGED_ITS iterations 1
                          Linear BackwardEuler-Equation_lumped_mg_coarse_ solve converged due to CONVERGED_ITS iterations 1
                          Linear BackwardEuler-Equation_lumped_mg_coarse_ solve converged due to CONVERGED_ITS iterations 1
                          Linear BackwardEuler-Equation_lumped_mg_coarse_ solve converged due to CONVERGED_ITS iterations 1
                          Linear BackwardEuler-Equation_lumped_mg_coarse_ solve converged due to CONVERGED_ITS iterations 1
                          Linear BackwardEuler-Equation_lumped_mg_coarse_ solve converged due to CONVERGED_ITS iterations 1
                          Linear BackwardEuler-Equation_lumped_mg_coarse_ solve converged due to CONVERGED_ITS iterations 1
                          Linear BackwardEuler-Equation_lumped_mg_coarse_ solve converged due to CONVERGED_ITS iterations 1
                    Linear BackwardEuler-Equation_ solve converged due to CONVERGED_RTOL iterations 22
                Mat Object: (BackwardEuler-Equation_) 104 MPI processes
                  type: mpiaij
                  rows=2555904, cols=2555904
                  total: nonzeros=141328384, allocated nonzeros=141328384
                  total number of mallocs used during MatSetValues calls=0
                    has attached near null space
                    using I-node (on process 0) routines: found 5616 nodes, limit used is 5
                  2 SNES Function norm 2.302929338922e-11
                  Nonlinear BackwardEuler-Equation_ solve converged due to CONVERGED_FNORM_ABS iterations 2
                SNES Object: (BackwardEuler-Equation_) 104 MPI processes
                  type: newtonls
                  maximum iterations=50, maximum function evaluations=10000
                  tolerances: relative=1e-08, absolute=1e-08, solution=1e-08
                  total number of linear solver iterations=44
                  total number of function evaluations=3
                  norm schedule ALWAYS
                  SNESLineSearch Object: (BackwardEuler-Equation_) 104 MPI processes
                    type: bt
                      interpolation: cubic
                      alpha=1.000000e-04
                    maxlambda=1.000000e+00, minlambda=1.000000e-12
                    tolerances: relative=1.000000e-08, absolute=1.000000e-15, lambda=1.000000e-08
                    maximum iterations=40
                  KSP Object: (BackwardEuler-Equation_) 104 MPI processes
                    type: fgmres
                      restart=30, using classical (unmodified) Gram-Schmidt orthogonalization with no iterative refinement
                      happy breakdown tolerance=1e-30
                    maximum iterations=200, initial guess is zero
                    tolerances: relative=0.0001, absolute=1e-50, divergence=10000.
                    right preconditioning
                    using UNPRECONDITIONED norm type for convergence test
                  PC Object: (BackwardEuler-Equation_) 104 MPI processes
                    type: python
                      Python: solvers.vlumping_hmg.VerticallyLumpedHMGPC
                    Firedrake custom preconditioner VerticallyLumpedHMGPC
                      Vertically lumped MG (HMG variant): coarse level built on the 2D base of an ExtrudedMeshHierarchy, coarse solve is geometric MG on the base hierarchy.
                      PC Object: (BackwardEuler-Equation_lumped_) 104 MPI processes
                        type: mg
                          type is MULTIPLICATIVE, levels=2 cycles=v
                            Cycles per PCApply=1
                            Using Galerkin computed coarse grid matrices
                        Coarse grid solver -- level 0 -------------------------------
                          KSP Object: (BackwardEuler-Equation_lumped_mg_coarse_) 104 MPI processes
                            type: preonly
                            maximum iterations=10000, initial guess is zero
                            tolerances: relative=1e-05, absolute=1e-50, divergence=10000.
                            left preconditioning
                            not checking for convergence
                          PC Object: (BackwardEuler-Equation_lumped_mg_coarse_) 104 MPI processes
                            type: mg
                              type is MULTIPLICATIVE, levels=2 cycles=v
                                Cycles per PCApply=1
                                Using Galerkin computed coarse grid matrices
                            Coarse grid solver -- level 0 -------------------------------
                              KSP Object: (BackwardEuler-Equation_lumped_mg_coarse_mg_coarse_) 104 MPI processes
                                type: preonly
                                maximum iterations=10000, initial guess is zero
                                tolerances: relative=1e-05, absolute=1e-50, divergence=10000.
                                left preconditioning
                                not checking for convergence
                              PC Object: (BackwardEuler-Equation_lumped_mg_coarse_mg_coarse_) 104 MPI processes
                                type: lu
                                  out-of-place factorization
                                  tolerance for zero pivot 2.22045e-14
                                  matrix ordering: external
                                  factor fill ratio given 0., needed 0.
                                    Factored matrix:
                                      Mat Object: (BackwardEuler-Equation_lumped_mg_coarse_mg_coarse_) 104 MPI processes
                                        type: mumps
                                        rows=4096, cols=4096
                                        package used to perform factorization: mumps
                                        total: nonzeros=508672, allocated nonzeros=508672
                                          MUMPS run parameters:
                                            Use -BackwardEuler-Equation_lumped_mg_coarse_mg_coarse_ksp_view ::ascii_info_detail to display information for all processes
                                            RINFOG(1) (global estimated flops for the elimination after analysis): 4.49937e+07
                                            RINFOG(2) (global estimated flops for the assembly after factorization): 449552.
                                            RINFOG(3) (global estimated flops for the elimination after factorization): 4.49937e+07
                                            (RINFOG(12) RINFOG(13))*2^INFOG(34) (determinant): (0.,0.)*(2^0)
                                            INFOG(3) (estimated real workspace for factors on all processors after analysis): 508672
                                            INFOG(4) (estimated integer workspace for factors on all processors after analysis): 32200
                                            INFOG(5) (estimated maximum front size in the complete tree): 188
                                            INFOG(6) (number of nodes in the complete tree): 280
                                            INFOG(7) (ordering option effectively used after analysis): 2
                                            INFOG(8) (structural symmetry in percent of the permuted matrix after analysis): -1
                                            INFOG(9) (total real/complex workspace to store the matrix factors after factorization): 508672
                                            INFOG(10) (total integer space store the matrix factors after factorization): 32200
                                            INFOG(11) (order of largest frontal matrix after factorization): 188
                                            INFOG(12) (number of off-diagonal pivots): 0
                                            INFOG(13) (number of delayed pivots after factorization): 0
                                            INFOG(14) (number of memory compress after factorization): 0
                                            INFOG(15) (number of steps of iterative refinement after solution): 0
                                            INFOG(16) (estimated size (in MB) of all MUMPS internal data for factorization after analysis: value on the most memory consuming processor): 134
                                            INFOG(17) (estimated size of all MUMPS internal data for factorization after analysis: sum over all processors): 13936
                                            INFOG(18) (size of all MUMPS internal data allocated during factorization: value on the most memory consuming processor): 134
                                            INFOG(19) (size of all MUMPS internal data allocated during factorization: sum over all processors): 13936
                                            INFOG(20) (estimated number of entries in the factors): 508672
                                            INFOG(21) (size in MB of memory effectively used during factorization - value on the most memory consuming processor): 134
                                            INFOG(22) (size in MB of memory effectively used during factorization - sum over all processors): 13936
                                            INFOG(23) (after analysis: value of ICNTL(6) effectively used): 0
                                            INFOG(24) (after analysis: value of ICNTL(12) effectively used): 1
                                            INFOG(25) (after factorization: number of pivots modified by static pivoting): 0
                                            INFOG(28) (after factorization: number of null pivots encountered): 0
                                            INFOG(29) (after factorization: effective number of entries in the factors (sum over all processors)): 508672
                                            INFOG(30, 31) (after solution: size in Mbytes of memory used during solution phase): 19, 1883
                                            INFOG(32) (after analysis: type of analysis done): 1
                                            INFOG(33) (value used for ICNTL(8)): 7
                                            INFOG(34) (exponent of the determinant if determinant is requested): 0
                                            INFOG(35) (after factorization: number of entries taking into account BLR factor compression - sum over all processors): 508672
                                            INFOG(36) (after analysis: estimated size of all MUMPS internal data for running BLR in-core - value on the most memory consuming processor): 0
                                            INFOG(37) (after analysis: estimated size of all MUMPS internal data for running BLR in-core - sum over all processors): 0
                                            INFOG(38) (after analysis: estimated size of all MUMPS internal data for running BLR out-of-core - value on the most memory consuming processor): 0
                                            INFOG(39) (after analysis: estimated size of all MUMPS internal data for running BLR out-of-core - sum over all processors): 0
                                linear system matrix, which is also used to construct the preconditioner:
                                Mat Object: 104 MPI processes
                                  type: mpiaij
                                  rows=4096, cols=4096
                                  total: nonzeros=79872, allocated nonzeros=79872
                                  total number of mallocs used during MatSetValues calls=0
                                    using nonscalable MatPtAP() implementation
                                    using I-node (on process 0) routines: found 9 nodes, limit used is 5
                            Down solver (pre-smoother) on level 1 -------------------------------
                              KSP Object: (BackwardEuler-Equation_lumped_mg_coarse_mg_levels_1_) 104 MPI processes
                                type: chebyshev
                                  Chebyshev polynomial of first kind
                                  eigenvalue targets used: min 0.18507, max 2.03577
                                  eigenvalues estimated via gmres: min 0.157654, max 1.8507
                                  eigenvalues estimated using gmres with transform: [0. 0.1; 0. 1.1]
                                  KSP Object: (BackwardEuler-Equation_lumped_mg_coarse_mg_levels_1_esteig_) 104 MPI processes
                                    type: gmres
                                      restart=30, using classical (unmodified) Gram-Schmidt orthogonalization with no iterative refinement
                                      happy breakdown tolerance=1e-30
                                    maximum iterations=10, initial guess is zero
                                    tolerances: relative=1e-12, absolute=1e-50, divergence=10000.
                                    left preconditioning
                                    using PRECONDITIONED norm type for convergence test
                                  estimating eigenvalues using a noisy random number generated right-hand side
                                maximum iterations=2, nonzero initial guess
                                tolerances: relative=1e-05, absolute=1e-50, divergence=10000.
                                left preconditioning
                                not checking for convergence
                              PC Object: (BackwardEuler-Equation_lumped_mg_coarse_mg_levels_1_) 104 MPI processes
                                type: bjacobi
                                  number of blocks = 104
                                  Local solver information for first block is in the following KSP and PC objects on rank 0:
                                  Use -BackwardEuler-Equation_lumped_mg_coarse_mg_levels_1_ksp_view ::ascii_info_detail to display information for all blocks
                                  KSP Object: (BackwardEuler-Equation_lumped_mg_coarse_mg_levels_1_sub_) 1 MPI process
                                    type: preonly
                                    maximum iterations=10000, initial guess is zero
                                    tolerances: relative=1e-05, absolute=1e-50, divergence=10000.
                                    left preconditioning
                                    not checking for convergence
                                  PC Object: (BackwardEuler-Equation_lumped_mg_coarse_mg_levels_1_sub_) 1 MPI process
                                    type: ilu
                                      out-of-place factorization
                                      0 levels of fill
                                      tolerance for zero pivot 2.22045e-14
                                      matrix ordering: natural
                                      factor fill ratio given 1., needed 1.
                                        Factored matrix:
                                          Mat Object: (BackwardEuler-Equation_lumped_mg_coarse_mg_levels_1_sub_) 1 MPI process
                                            type: seqaij
                                            rows=144, cols=144
                                            package used to perform factorization: petsc
                                            total: nonzeros=2496, allocated nonzeros=2496
                                              using I-node routines: found 36 nodes, limit used is 5
                                    linear system matrix, which is also used to construct the preconditioner:
                                    Mat Object: (BackwardEuler-Equation_lumped_mg_coarse_mg_levels_1_sub_) 1 MPI process
                                      type: seqaij
                                      rows=144, cols=144
                                      total: nonzeros=2496, allocated nonzeros=2496
                                      total number of mallocs used during MatSetValues calls=0
                                        using I-node routines: found 36 nodes, limit used is 5
                                linear system matrix, which is also used to construct the preconditioner:
                                Mat Object: 104 MPI processes
                                  type: mpiaij
                                  rows=16384, cols=16384
                                  total: nonzeros=323584, allocated nonzeros=323584
                                  total number of mallocs used during MatSetValues calls=0
                                    using nonscalable MatPtAP() implementation
                                    using I-node (on process 0) routines: found 36 nodes, limit used is 5
                            Up solver (post-smoother) same as down solver (pre-smoother)
                            linear system matrix, which is also used to construct the preconditioner:
                            Mat Object: 104 MPI processes
                              type: mpiaij
                              rows=16384, cols=16384
                              total: nonzeros=323584, allocated nonzeros=323584
                              total number of mallocs used during MatSetValues calls=0
                                using nonscalable MatPtAP() implementation
                                using I-node (on process 0) routines: found 36 nodes, limit used is 5
                        Down solver (pre-smoother) on level 1 -------------------------------
                          KSP Object: (BackwardEuler-Equation_lumped_mg_levels_1_) 104 MPI processes
                            type: chebyshev
                              Chebyshev polynomial of first kind
                              eigenvalue targets used: min 0.190318, max 2.0935
                              eigenvalues estimated via gmres: min 0.096875, max 1.90318
                              eigenvalues estimated using gmres with transform: [0. 0.1; 0. 1.1]
                              KSP Object: (BackwardEuler-Equation_lumped_mg_levels_1_esteig_) 104 MPI processes
                                type: gmres
                                  restart=30, using classical (unmodified) Gram-Schmidt orthogonalization with no iterative refinement
                                  happy breakdown tolerance=1e-30
                                maximum iterations=10, initial guess is zero
                                tolerances: relative=1e-12, absolute=1e-50, divergence=10000.
                                left preconditioning
                                using PRECONDITIONED norm type for convergence test
                              estimating eigenvalues using a noisy random number generated right-hand side
                            maximum iterations=1, nonzero initial guess
                            tolerances: relative=1e-05, absolute=1e-50, divergence=10000.
                            left preconditioning
                            not checking for convergence
                          PC Object: (BackwardEuler-Equation_lumped_mg_levels_1_) 104 MPI processes
                            type: python
                              Python: firedrake.ASMLinesmoothPC
                            PC Object: (BackwardEuler-Equation_lumped_mg_levels_1_pc_linesmooth_sub_) 104 MPI processes
                              type: asm
                                total subdomain blocks = 4096, user-defined overlap
                                restriction/interpolation type - BASIC
                                Local solver information for first block is in the following KSP and PC objects on rank 0:
                                Use -BackwardEuler-Equation_lumped_mg_levels_1_pc_linesmooth_sub_ksp_view ::ascii_info_detail to display information for all blocks
                                KSP Object: (BackwardEuler-Equation_lumped_mg_levels_1_pc_linesmooth_sub_sub_) 1 MPI process
                                  type: preonly
                                  maximum iterations=10000, initial guess is zero
                                  tolerances: relative=1e-05, absolute=1e-50, divergence=10000.
                                  left preconditioning
                                  not checking for convergence
                                PC Object: (BackwardEuler-Equation_lumped_mg_levels_1_pc_linesmooth_sub_sub_) 1 MPI process
                                  type: lu
                                    out-of-place factorization
                                    tolerance for zero pivot 2.22045e-14
                                    matrix ordering: natural
                                    factor fill ratio given 5., needed 1.
                                      Factored matrix:
                                        Mat Object: (BackwardEuler-Equation_lumped_mg_levels_1_pc_linesmooth_sub_sub_) 1 MPI process
                                          type: seqaij
                                          rows=624, cols=624
                                          package used to perform factorization: petsc
                                          total: nonzeros=14848, allocated nonzeros=14848
                                            using I-node routines: found 156 nodes, limit used is 5
                                  linear system matrix, which is also used to construct the preconditioner:
                                  Mat Object: (BackwardEuler-Equation_lumped_mg_levels_1_pc_linesmooth_sub_sub_) 1 MPI process
                                    type: seqaij
                                    rows=624, cols=624
                                    total: nonzeros=14848, allocated nonzeros=14848
                                    total number of mallocs used during MatSetValues calls=0
                                      using I-node routines: found 156 nodes, limit used is 5
                              linear system matrix, which is also used to construct the preconditioner:
                              Mat Object: (BackwardEuler-Equation_) 104 MPI processes
                                type: mpiaij
                                rows=2555904, cols=2555904
                                total: nonzeros=141328384, allocated nonzeros=141328384
                                total number of mallocs used during MatSetValues calls=0
                                  has attached near null space
                                  using I-node (on process 0) routines: found 5616 nodes, limit used is 5
                            linear system matrix, which is also used to construct the preconditioner:
                            Mat Object: (BackwardEuler-Equation_) 104 MPI processes
                              type: mpiaij
                              rows=2555904, cols=2555904
                              total: nonzeros=141328384, allocated nonzeros=141328384
                              total number of mallocs used during MatSetValues calls=0
                                has attached near null space
                                using I-node (on process 0) routines: found 5616 nodes, limit used is 5
                        Up solver (post-smoother) same as down solver (pre-smoother)
                        linear system matrix, which is also used to construct the preconditioner:
                        Mat Object: (BackwardEuler-Equation_) 104 MPI processes
                          type: mpiaij
                          rows=2555904, cols=2555904
                          total: nonzeros=141328384, allocated nonzeros=141328384
                          total number of mallocs used during MatSetValues calls=0
                            has attached near null space
                            using I-node (on process 0) routines: found 5616 nodes, limit used is 5
                      linear system matrix, which is also used to construct the preconditioner:
                      Mat Object: (BackwardEuler-Equation_) 104 MPI processes
                        type: mpiaij
                        rows=2555904, cols=2555904
                        total: nonzeros=141328384, allocated nonzeros=141328384
                        total number of mallocs used during MatSetValues calls=0
                          has attached near null space
                          using I-node (on process 0) routines: found 5616 nodes, limit used is 5
t = 2700.00 s | step 9/10 | wall 1.55 s | NL 2 | L 44
                    0 SNES Function norm 3.193182831209e-06
                            Linear BackwardEuler-Equation_lumped_mg_coarse_ solve converged due to CONVERGED_ITS iterations 1
                            Linear BackwardEuler-Equation_lumped_mg_coarse_ solve converged due to CONVERGED_ITS iterations 1
                            Linear BackwardEuler-Equation_lumped_mg_coarse_ solve converged due to CONVERGED_ITS iterations 1
                            Linear BackwardEuler-Equation_lumped_mg_coarse_ solve converged due to CONVERGED_ITS iterations 1
                            Linear BackwardEuler-Equation_lumped_mg_coarse_ solve converged due to CONVERGED_ITS iterations 1
                            Linear BackwardEuler-Equation_lumped_mg_coarse_ solve converged due to CONVERGED_ITS iterations 1
                            Linear BackwardEuler-Equation_lumped_mg_coarse_ solve converged due to CONVERGED_ITS iterations 1
                            Linear BackwardEuler-Equation_lumped_mg_coarse_ solve converged due to CONVERGED_ITS iterations 1
                            Linear BackwardEuler-Equation_lumped_mg_coarse_ solve converged due to CONVERGED_ITS iterations 1
                            Linear BackwardEuler-Equation_lumped_mg_coarse_ solve converged due to CONVERGED_ITS iterations 1
                            Linear BackwardEuler-Equation_lumped_mg_coarse_ solve converged due to CONVERGED_ITS iterations 1
                            Linear BackwardEuler-Equation_lumped_mg_coarse_ solve converged due to CONVERGED_ITS iterations 1
                            Linear BackwardEuler-Equation_lumped_mg_coarse_ solve converged due to CONVERGED_ITS iterations 1
                            Linear BackwardEuler-Equation_lumped_mg_coarse_ solve converged due to CONVERGED_ITS iterations 1
                            Linear BackwardEuler-Equation_lumped_mg_coarse_ solve converged due to CONVERGED_ITS iterations 1
                            Linear BackwardEuler-Equation_lumped_mg_coarse_ solve converged due to CONVERGED_ITS iterations 1
                            Linear BackwardEuler-Equation_lumped_mg_coarse_ solve converged due to CONVERGED_ITS iterations 1
                            Linear BackwardEuler-Equation_lumped_mg_coarse_ solve converged due to CONVERGED_ITS iterations 1
                            Linear BackwardEuler-Equation_lumped_mg_coarse_ solve converged due to CONVERGED_ITS iterations 1
                            Linear BackwardEuler-Equation_lumped_mg_coarse_ solve converged due to CONVERGED_ITS iterations 1
                            Linear BackwardEuler-Equation_lumped_mg_coarse_ solve converged due to CONVERGED_ITS iterations 1
                            Linear BackwardEuler-Equation_lumped_mg_coarse_ solve converged due to CONVERGED_ITS iterations 1
                      Linear BackwardEuler-Equation_ solve converged due to CONVERGED_RTOL iterations 22
                  Mat Object: (BackwardEuler-Equation_) 104 MPI processes
                    type: mpiaij
                    rows=2555904, cols=2555904
                    total: nonzeros=141328384, allocated nonzeros=141328384
                    total number of mallocs used during MatSetValues calls=0
                      has attached near null space
                      using I-node (on process 0) routines: found 5616 nodes, limit used is 5
                    1 SNES Function norm 4.796048520494e-08
                            Linear BackwardEuler-Equation_lumped_mg_coarse_ solve converged due to CONVERGED_ITS iterations 1
                            Linear BackwardEuler-Equation_lumped_mg_coarse_ solve converged due to CONVERGED_ITS iterations 1
                            Linear BackwardEuler-Equation_lumped_mg_coarse_ solve converged due to CONVERGED_ITS iterations 1
                            Linear BackwardEuler-Equation_lumped_mg_coarse_ solve converged due to CONVERGED_ITS iterations 1
                            Linear BackwardEuler-Equation_lumped_mg_coarse_ solve converged due to CONVERGED_ITS iterations 1
                            Linear BackwardEuler-Equation_lumped_mg_coarse_ solve converged due to CONVERGED_ITS iterations 1
                            Linear BackwardEuler-Equation_lumped_mg_coarse_ solve converged due to CONVERGED_ITS iterations 1
                            Linear BackwardEuler-Equation_lumped_mg_coarse_ solve converged due to CONVERGED_ITS iterations 1
                            Linear BackwardEuler-Equation_lumped_mg_coarse_ solve converged due to CONVERGED_ITS iterations 1
                            Linear BackwardEuler-Equation_lumped_mg_coarse_ solve converged due to CONVERGED_ITS iterations 1
                            Linear BackwardEuler-Equation_lumped_mg_coarse_ solve converged due to CONVERGED_ITS iterations 1
                            Linear BackwardEuler-Equation_lumped_mg_coarse_ solve converged due to CONVERGED_ITS iterations 1
                            Linear BackwardEuler-Equation_lumped_mg_coarse_ solve converged due to CONVERGED_ITS iterations 1
                            Linear BackwardEuler-Equation_lumped_mg_coarse_ solve converged due to CONVERGED_ITS iterations 1
                            Linear BackwardEuler-Equation_lumped_mg_coarse_ solve converged due to CONVERGED_ITS iterations 1
                            Linear BackwardEuler-Equation_lumped_mg_coarse_ solve converged due to CONVERGED_ITS iterations 1
                            Linear BackwardEuler-Equation_lumped_mg_coarse_ solve converged due to CONVERGED_ITS iterations 1
                            Linear BackwardEuler-Equation_lumped_mg_coarse_ solve converged due to CONVERGED_ITS iterations 1
                            Linear BackwardEuler-Equation_lumped_mg_coarse_ solve converged due to CONVERGED_ITS iterations 1
                            Linear BackwardEuler-Equation_lumped_mg_coarse_ solve converged due to CONVERGED_ITS iterations 1
                            Linear BackwardEuler-Equation_lumped_mg_coarse_ solve converged due to CONVERGED_ITS iterations 1
                            Linear BackwardEuler-Equation_lumped_mg_coarse_ solve converged due to CONVERGED_ITS iterations 1
                            Linear BackwardEuler-Equation_lumped_mg_coarse_ solve converged due to CONVERGED_ITS iterations 1
                      Linear BackwardEuler-Equation_ solve converged due to CONVERGED_RTOL iterations 23
                  Mat Object: (BackwardEuler-Equation_) 104 MPI processes
                    type: mpiaij
                    rows=2555904, cols=2555904
                    total: nonzeros=141328384, allocated nonzeros=141328384
                    total number of mallocs used during MatSetValues calls=0
                      has attached near null space
                      using I-node (on process 0) routines: found 5616 nodes, limit used is 5
                    2 SNES Function norm 1.920614990222e-11
                    Nonlinear BackwardEuler-Equation_ solve converged due to CONVERGED_FNORM_ABS iterations 2
                  SNES Object: (BackwardEuler-Equation_) 104 MPI processes
                    type: newtonls
                    maximum iterations=50, maximum function evaluations=10000
                    tolerances: relative=1e-08, absolute=1e-08, solution=1e-08
                    total number of linear solver iterations=45
                    total number of function evaluations=3
                    norm schedule ALWAYS
                    SNESLineSearch Object: (BackwardEuler-Equation_) 104 MPI processes
                      type: bt
                        interpolation: cubic
                        alpha=1.000000e-04
                      maxlambda=1.000000e+00, minlambda=1.000000e-12
                      tolerances: relative=1.000000e-08, absolute=1.000000e-15, lambda=1.000000e-08
                      maximum iterations=40
                    KSP Object: (BackwardEuler-Equation_) 104 MPI processes
                      type: fgmres
                        restart=30, using classical (unmodified) Gram-Schmidt orthogonalization with no iterative refinement
                        happy breakdown tolerance=1e-30
                      maximum iterations=200, initial guess is zero
                      tolerances: relative=0.0001, absolute=1e-50, divergence=10000.
                      right preconditioning
                      using UNPRECONDITIONED norm type for convergence test
                    PC Object: (BackwardEuler-Equation_) 104 MPI processes
                      type: python
                        Python: solvers.vlumping_hmg.VerticallyLumpedHMGPC
                      Firedrake custom preconditioner VerticallyLumpedHMGPC
                        Vertically lumped MG (HMG variant): coarse level built on the 2D base of an ExtrudedMeshHierarchy, coarse solve is geometric MG on the base hierarchy.
                        PC Object: (BackwardEuler-Equation_lumped_) 104 MPI processes
                          type: mg
                            type is MULTIPLICATIVE, levels=2 cycles=v
                              Cycles per PCApply=1
                              Using Galerkin computed coarse grid matrices
                          Coarse grid solver -- level 0 -------------------------------
                            KSP Object: (BackwardEuler-Equation_lumped_mg_coarse_) 104 MPI processes
                              type: preonly
                              maximum iterations=10000, initial guess is zero
                              tolerances: relative=1e-05, absolute=1e-50, divergence=10000.
                              left preconditioning
                              not checking for convergence
                            PC Object: (BackwardEuler-Equation_lumped_mg_coarse_) 104 MPI processes
                              type: mg
                                type is MULTIPLICATIVE, levels=2 cycles=v
                                  Cycles per PCApply=1
                                  Using Galerkin computed coarse grid matrices
                              Coarse grid solver -- level 0 -------------------------------
                                KSP Object: (BackwardEuler-Equation_lumped_mg_coarse_mg_coarse_) 104 MPI processes
                                  type: preonly
                                  maximum iterations=10000, initial guess is zero
                                  tolerances: relative=1e-05, absolute=1e-50, divergence=10000.
                                  left preconditioning
                                  not checking for convergence
                                PC Object: (BackwardEuler-Equation_lumped_mg_coarse_mg_coarse_) 104 MPI processes
                                  type: lu
                                    out-of-place factorization
                                    tolerance for zero pivot 2.22045e-14
                                    matrix ordering: external
                                    factor fill ratio given 0., needed 0.
                                      Factored matrix:
                                        Mat Object: (BackwardEuler-Equation_lumped_mg_coarse_mg_coarse_) 104 MPI processes
                                          type: mumps
                                          rows=4096, cols=4096
                                          package used to perform factorization: mumps
                                          total: nonzeros=508672, allocated nonzeros=508672
                                            MUMPS run parameters:
                                              Use -BackwardEuler-Equation_lumped_mg_coarse_mg_coarse_ksp_view ::ascii_info_detail to display information for all processes
                                              RINFOG(1) (global estimated flops for the elimination after analysis): 4.49937e+07
                                              RINFOG(2) (global estimated flops for the assembly after factorization): 449552.
                                              RINFOG(3) (global estimated flops for the elimination after factorization): 4.49937e+07
                                              (RINFOG(12) RINFOG(13))*2^INFOG(34) (determinant): (0.,0.)*(2^0)
                                              INFOG(3) (estimated real workspace for factors on all processors after analysis): 508672
                                              INFOG(4) (estimated integer workspace for factors on all processors after analysis): 32200
                                              INFOG(5) (estimated maximum front size in the complete tree): 188
                                              INFOG(6) (number of nodes in the complete tree): 280
                                              INFOG(7) (ordering option effectively used after analysis): 2
                                              INFOG(8) (structural symmetry in percent of the permuted matrix after analysis): -1
                                              INFOG(9) (total real/complex workspace to store the matrix factors after factorization): 508672
                                              INFOG(10) (total integer space store the matrix factors after factorization): 32200
                                              INFOG(11) (order of largest frontal matrix after factorization): 188
                                              INFOG(12) (number of off-diagonal pivots): 0
                                              INFOG(13) (number of delayed pivots after factorization): 0
                                              INFOG(14) (number of memory compress after factorization): 0
                                              INFOG(15) (number of steps of iterative refinement after solution): 0
                                              INFOG(16) (estimated size (in MB) of all MUMPS internal data for factorization after analysis: value on the most memory consuming processor): 134
                                              INFOG(17) (estimated size of all MUMPS internal data for factorization after analysis: sum over all processors): 13936
                                              INFOG(18) (size of all MUMPS internal data allocated during factorization: value on the most memory consuming processor): 134
                                              INFOG(19) (size of all MUMPS internal data allocated during factorization: sum over all processors): 13936
                                              INFOG(20) (estimated number of entries in the factors): 508672
                                              INFOG(21) (size in MB of memory effectively used during factorization - value on the most memory consuming processor): 134
                                              INFOG(22) (size in MB of memory effectively used during factorization - sum over all processors): 13936
                                              INFOG(23) (after analysis: value of ICNTL(6) effectively used): 0
                                              INFOG(24) (after analysis: value of ICNTL(12) effectively used): 1
                                              INFOG(25) (after factorization: number of pivots modified by static pivoting): 0
                                              INFOG(28) (after factorization: number of null pivots encountered): 0
                                              INFOG(29) (after factorization: effective number of entries in the factors (sum over all processors)): 508672
                                              INFOG(30, 31) (after solution: size in Mbytes of memory used during solution phase): 19, 1883
                                              INFOG(32) (after analysis: type of analysis done): 1
                                              INFOG(33) (value used for ICNTL(8)): 7
                                              INFOG(34) (exponent of the determinant if determinant is requested): 0
                                              INFOG(35) (after factorization: number of entries taking into account BLR factor compression - sum over all processors): 508672
                                              INFOG(36) (after analysis: estimated size of all MUMPS internal data for running BLR in-core - value on the most memory consuming processor): 0
                                              INFOG(37) (after analysis: estimated size of all MUMPS internal data for running BLR in-core - sum over all processors): 0
                                              INFOG(38) (after analysis: estimated size of all MUMPS internal data for running BLR out-of-core - value on the most memory consuming processor): 0
                                              INFOG(39) (after analysis: estimated size of all MUMPS internal data for running BLR out-of-core - sum over all processors): 0
                                  linear system matrix, which is also used to construct the preconditioner:
                                  Mat Object: 104 MPI processes
                                    type: mpiaij
                                    rows=4096, cols=4096
                                    total: nonzeros=79872, allocated nonzeros=79872
                                    total number of mallocs used during MatSetValues calls=0
                                      using nonscalable MatPtAP() implementation
                                      using I-node (on process 0) routines: found 9 nodes, limit used is 5
                              Down solver (pre-smoother) on level 1 -------------------------------
                                KSP Object: (BackwardEuler-Equation_lumped_mg_coarse_mg_levels_1_) 104 MPI processes
                                  type: chebyshev
                                    Chebyshev polynomial of first kind
                                    eigenvalue targets used: min 0.185335, max 2.03868
                                    eigenvalues estimated via gmres: min 0.156597, max 1.85335
                                    eigenvalues estimated using gmres with transform: [0. 0.1; 0. 1.1]
                                    KSP Object: (BackwardEuler-Equation_lumped_mg_coarse_mg_levels_1_esteig_) 104 MPI processes
                                      type: gmres
                                        restart=30, using classical (unmodified) Gram-Schmidt orthogonalization with no iterative refinement
                                        happy breakdown tolerance=1e-30
                                      maximum iterations=10, initial guess is zero
                                      tolerances: relative=1e-12, absolute=1e-50, divergence=10000.
                                      left preconditioning
                                      using PRECONDITIONED norm type for convergence test
                                    estimating eigenvalues using a noisy random number generated right-hand side
                                  maximum iterations=2, nonzero initial guess
                                  tolerances: relative=1e-05, absolute=1e-50, divergence=10000.
                                  left preconditioning
                                  not checking for convergence
                                PC Object: (BackwardEuler-Equation_lumped_mg_coarse_mg_levels_1_) 104 MPI processes
                                  type: bjacobi
                                    number of blocks = 104
                                    Local solver information for first block is in the following KSP and PC objects on rank 0:
                                    Use -BackwardEuler-Equation_lumped_mg_coarse_mg_levels_1_ksp_view ::ascii_info_detail to display information for all blocks
                                    KSP Object: (BackwardEuler-Equation_lumped_mg_coarse_mg_levels_1_sub_) 1 MPI process
                                      type: preonly
                                      maximum iterations=10000, initial guess is zero
                                      tolerances: relative=1e-05, absolute=1e-50, divergence=10000.
                                      left preconditioning
                                      not checking for convergence
                                    PC Object: (BackwardEuler-Equation_lumped_mg_coarse_mg_levels_1_sub_) 1 MPI process
                                      type: ilu
                                        out-of-place factorization
                                        0 levels of fill
                                        tolerance for zero pivot 2.22045e-14
                                        matrix ordering: natural
                                        factor fill ratio given 1., needed 1.
                                          Factored matrix:
                                            Mat Object: (BackwardEuler-Equation_lumped_mg_coarse_mg_levels_1_sub_) 1 MPI process
                                              type: seqaij
                                              rows=144, cols=144
                                              package used to perform factorization: petsc
                                              total: nonzeros=2496, allocated nonzeros=2496
                                                using I-node routines: found 36 nodes, limit used is 5
                                      linear system matrix, which is also used to construct the preconditioner:
                                      Mat Object: (BackwardEuler-Equation_lumped_mg_coarse_mg_levels_1_sub_) 1 MPI process
                                        type: seqaij
                                        rows=144, cols=144
                                        total: nonzeros=2496, allocated nonzeros=2496
                                        total number of mallocs used during MatSetValues calls=0
                                          using I-node routines: found 36 nodes, limit used is 5
                                  linear system matrix, which is also used to construct the preconditioner:
                                  Mat Object: 104 MPI processes
                                    type: mpiaij
                                    rows=16384, cols=16384
                                    total: nonzeros=323584, allocated nonzeros=323584
                                    total number of mallocs used during MatSetValues calls=0
                                      using nonscalable MatPtAP() implementation
                                      using I-node (on process 0) routines: found 36 nodes, limit used is 5
                              Up solver (post-smoother) same as down solver (pre-smoother)
                              linear system matrix, which is also used to construct the preconditioner:
                              Mat Object: 104 MPI processes
                                type: mpiaij
                                rows=16384, cols=16384
                                total: nonzeros=323584, allocated nonzeros=323584
                                total number of mallocs used during MatSetValues calls=0
                                  using nonscalable MatPtAP() implementation
                                  using I-node (on process 0) routines: found 36 nodes, limit used is 5
                          Down solver (pre-smoother) on level 1 -------------------------------
                            KSP Object: (BackwardEuler-Equation_lumped_mg_levels_1_) 104 MPI processes
                              type: chebyshev
                                Chebyshev polynomial of first kind
                                eigenvalue targets used: min 0.190316, max 2.09348
                                eigenvalues estimated via gmres: min 0.0968931, max 1.90316
                                eigenvalues estimated using gmres with transform: [0. 0.1; 0. 1.1]
                                KSP Object: (BackwardEuler-Equation_lumped_mg_levels_1_esteig_) 104 MPI processes
                                  type: gmres
                                    restart=30, using classical (unmodified) Gram-Schmidt orthogonalization with no iterative refinement
                                    happy breakdown tolerance=1e-30
                                  maximum iterations=10, initial guess is zero
                                  tolerances: relative=1e-12, absolute=1e-50, divergence=10000.
                                  left preconditioning
                                  using PRECONDITIONED norm type for convergence test
                                estimating eigenvalues using a noisy random number generated right-hand side
                              maximum iterations=1, nonzero initial guess
                              tolerances: relative=1e-05, absolute=1e-50, divergence=10000.
                              left preconditioning
                              not checking for convergence
                            PC Object: (BackwardEuler-Equation_lumped_mg_levels_1_) 104 MPI processes
                              type: python
                                Python: firedrake.ASMLinesmoothPC
                              PC Object: (BackwardEuler-Equation_lumped_mg_levels_1_pc_linesmooth_sub_) 104 MPI processes
                                type: asm
                                  total subdomain blocks = 4096, user-defined overlap
                                  restriction/interpolation type - BASIC
                                  Local solver information for first block is in the following KSP and PC objects on rank 0:
                                  Use -BackwardEuler-Equation_lumped_mg_levels_1_pc_linesmooth_sub_ksp_view ::ascii_info_detail to display information for all blocks
                                  KSP Object: (BackwardEuler-Equation_lumped_mg_levels_1_pc_linesmooth_sub_sub_) 1 MPI process
                                    type: preonly
                                    maximum iterations=10000, initial guess is zero
                                    tolerances: relative=1e-05, absolute=1e-50, divergence=10000.
                                    left preconditioning
                                    not checking for convergence
                                  PC Object: (BackwardEuler-Equation_lumped_mg_levels_1_pc_linesmooth_sub_sub_) 1 MPI process
                                    type: lu
                                      out-of-place factorization
                                      tolerance for zero pivot 2.22045e-14
                                      matrix ordering: natural
                                      factor fill ratio given 5., needed 1.
                                        Factored matrix:
                                          Mat Object: (BackwardEuler-Equation_lumped_mg_levels_1_pc_linesmooth_sub_sub_) 1 MPI process
                                            type: seqaij
                                            rows=624, cols=624
                                            package used to perform factorization: petsc
                                            total: nonzeros=14848, allocated nonzeros=14848
                                              using I-node routines: found 156 nodes, limit used is 5
                                    linear system matrix, which is also used to construct the preconditioner:
                                    Mat Object: (BackwardEuler-Equation_lumped_mg_levels_1_pc_linesmooth_sub_sub_) 1 MPI process
                                      type: seqaij
                                      rows=624, cols=624
                                      total: nonzeros=14848, allocated nonzeros=14848
                                      total number of mallocs used during MatSetValues calls=0
                                        using I-node routines: found 156 nodes, limit used is 5
                                linear system matrix, which is also used to construct the preconditioner:
                                Mat Object: (BackwardEuler-Equation_) 104 MPI processes
                                  type: mpiaij
                                  rows=2555904, cols=2555904
                                  total: nonzeros=141328384, allocated nonzeros=141328384
                                  total number of mallocs used during MatSetValues calls=0
                                    has attached near null space
                                    using I-node (on process 0) routines: found 5616 nodes, limit used is 5
                              linear system matrix, which is also used to construct the preconditioner:
                              Mat Object: (BackwardEuler-Equation_) 104 MPI processes
                                type: mpiaij
                                rows=2555904, cols=2555904
                                total: nonzeros=141328384, allocated nonzeros=141328384
                                total number of mallocs used during MatSetValues calls=0
                                  has attached near null space
                                  using I-node (on process 0) routines: found 5616 nodes, limit used is 5
                          Up solver (post-smoother) same as down solver (pre-smoother)
                          linear system matrix, which is also used to construct the preconditioner:
                          Mat Object: (BackwardEuler-Equation_) 104 MPI processes
                            type: mpiaij
                            rows=2555904, cols=2555904
                            total: nonzeros=141328384, allocated nonzeros=141328384
                            total number of mallocs used during MatSetValues calls=0
                              has attached near null space
                              using I-node (on process 0) routines: found 5616 nodes, limit used is 5
                        linear system matrix, which is also used to construct the preconditioner:
                        Mat Object: (BackwardEuler-Equation_) 104 MPI processes
                          type: mpiaij
                          rows=2555904, cols=2555904
                          total: nonzeros=141328384, allocated nonzeros=141328384
                          total number of mallocs used during MatSetValues calls=0
                            has attached near null space
                            using I-node (on process 0) routines: found 5616 nodes, limit used is 5
t = 3000.00 s | step 10/10 | wall 1.55 s | NL 2 | L 45
Done | total NL 20 | total L 419 | mean wall/step 5.49 s | peak RSS 691 MB
=== Job completed: Fri Apr 17 12:52:23 AEST 2026 ===

======================================================================================
                  Resource Usage on 2026-04-17 12:52:26:
   Job Id:             166293942.gadi-pbs
   Project:            xd2
   Exit Status:        0
   Service Units:      5.60
   NCPUs Requested:    104                 CPU Time Used: 02:20:53        
   Memory Requested:   500.0GB               Memory Used: 48.28GB         
   Walltime Requested: 03:00:00            Walltime Used: 00:01:37        
   JobFS Requested:    400.0GB                JobFS Used: 55.89MB         
======================================================================================
