=== Job info ===
Case: cockett
Solver: vlumping_sor
Scale: large
Nodes: 8
CPUs: 832
Date: Wed Apr 15 16:05:56 AEST 2026
================
Could not save font_manager cache Lock error: Matplotlib failed to acquire the following lock file:
    /jobfs/165722966.gadi-pbs/matplotlib/fontlist-v390.json.matplotlib-lock
This maybe due to another process holding this lock file.  If you are sure no
other Matplotlib process is running, remove this file and try again.
Could not save font_manager cache Lock error: Matplotlib failed to acquire the following lock file:
    /jobfs/165722966.gadi-pbs/matplotlib/fontlist-v390.json.matplotlib-lock
This maybe due to another process holding this lock file.  If you are sure no
other Matplotlib process is running, remove this file and try again.
Could not save font_manager cache Lock error: Matplotlib failed to acquire the following lock file:
    /jobfs/165722966.gadi-pbs/matplotlib/fontlist-v390.json.matplotlib-lock
This maybe due to another process holding this lock file.  If you are sure no
other Matplotlib process is running, remove this file and try again.
Could not save font_manager cache Lock error: Matplotlib failed to acquire the following lock file:
    /jobfs/165722966.gadi-pbs/matplotlib/fontlist-v390.json.matplotlib-lock
This maybe due to another process holding this lock file.  If you are sure no
other Matplotlib process is running, remove this file and try again.
Could not save font_manager cache Lock error: Matplotlib failed to acquire the following lock file:
    /jobfs/165722966.gadi-pbs/matplotlib/fontlist-v390.json.matplotlib-lock
This maybe due to another process holding this lock file.  If you are sure no
other Matplotlib process is running, remove this file and try again.
Could not save font_manager cache Lock error: Matplotlib failed to acquire the following lock file:
    /jobfs/165722966.gadi-pbs/matplotlib/fontlist-v390.json.matplotlib-lock
This maybe due to another process holding this lock file.  If you are sure no
other Matplotlib process is running, remove this file and try again.
Could not save font_manager cache Lock error: Matplotlib failed to acquire the following lock file:
    /jobfs/165722966.gadi-pbs/matplotlib/fontlist-v390.json.matplotlib-lock
This maybe due to another process holding this lock file.  If you are sure no
other Matplotlib process is running, remove this file and try again.
Could not save font_manager cache Lock error: Matplotlib failed to acquire the following lock file:
    /jobfs/165722966.gadi-pbs/matplotlib/fontlist-v390.json.matplotlib-lock
This maybe due to another process holding this lock file.  If you are sure no
other Matplotlib process is running, remove this file and try again.
Could not save font_manager cache Lock error: Matplotlib failed to acquire the following lock file:
    /jobfs/165722966.gadi-pbs/matplotlib/fontlist-v390.json.matplotlib-lock
This maybe due to another process holding this lock file.  If you are sure no
other Matplotlib process is running, remove this file and try again.
Could not save font_manager cache Lock error: Matplotlib failed to acquire the following lock file:
    /jobfs/165722966.gadi-pbs/matplotlib/fontlist-v390.json.matplotlib-lock
This maybe due to another process holding this lock file.  If you are sure no
other Matplotlib process is running, remove this file and try again.
Could not save font_manager cache Lock error: Matplotlib failed to acquire the following lock file:
    /jobfs/165722966.gadi-pbs/matplotlib/fontlist-v390.json.matplotlib-lock
This maybe due to another process holding this lock file.  If you are sure no
other Matplotlib process is running, remove this file and try again.
Could not save font_manager cache Lock error: Matplotlib failed to acquire the following lock file:
    /jobfs/165722966.gadi-pbs/matplotlib/fontlist-v390.json.matplotlib-lock
This maybe due to another process holding this lock file.  If you are sure no
other Matplotlib process is running, remove this file and try again.
Could not save font_manager cache Lock error: Matplotlib failed to acquire the following lock file:
    /jobfs/165722966.gadi-pbs/matplotlib/fontlist-v390.json.matplotlib-lock
This maybe due to another process holding this lock file.  If you are sure no
other Matplotlib process is running, remove this file and try again.
Could not save font_manager cache Lock error: Matplotlib failed to acquire the following lock file:
    /jobfs/165722966.gadi-pbs/matplotlib/fontlist-v390.json.matplotlib-lock
This maybe due to another process holding this lock file.  If you are sure no
other Matplotlib process is running, remove this file and try again.
Could not save font_manager cache Lock error: Matplotlib failed to acquire the following lock file:
    /jobfs/165722966.gadi-pbs/matplotlib/fontlist-v390.json.matplotlib-lock
This maybe due to another process holding this lock file.  If you are sure no
other Matplotlib process is running, remove this file and try again.
Could not save font_manager cache Lock error: Matplotlib failed to acquire the following lock file:
    /jobfs/165722966.gadi-pbs/matplotlib/fontlist-v390.json.matplotlib-lock
This maybe due to another process holding this lock file.  If you are sure no
other Matplotlib process is running, remove this file and try again.
Could not save font_manager cache Lock error: Matplotlib failed to acquire the following lock file:
    /jobfs/165722966.gadi-pbs/matplotlib/fontlist-v390.json.matplotlib-lock
This maybe due to another process holding this lock file.  If you are sure no
other Matplotlib process is running, remove this file and try again.
Could not save font_manager cache Lock error: Matplotlib failed to acquire the following lock file:
    /jobfs/165722966.gadi-pbs/matplotlib/fontlist-v390.json.matplotlib-lock
This maybe due to another process holding this lock file.  If you are sure no
other Matplotlib process is running, remove this file and try again.
Could not save font_manager cache Lock error: Matplotlib failed to acquire the following lock file:
    /jobfs/165722966.gadi-pbs/matplotlib/fontlist-v390.json.matplotlib-lock
This maybe due to another process holding this lock file.  If you are sure no
other Matplotlib process is running, remove this file and try again.
Could not save font_manager cache Lock error: Matplotlib failed to acquire the following lock file:
    /jobfs/165722966.gadi-pbs/matplotlib/fontlist-v390.json.matplotlib-lock
This maybe due to another process holding this lock file.  If you are sure no
other Matplotlib process is running, remove this file and try again.
Could not save font_manager cache Lock error: Matplotlib failed to acquire the following lock file:
    /jobfs/165722966.gadi-pbs/matplotlib/fontlist-v390.json.matplotlib-lock
This maybe due to another process holding this lock file.  If you are sure no
other Matplotlib process is running, remove this file and try again.
Could not save font_manager cache Lock error: Matplotlib failed to acquire the following lock file:
    /jobfs/165722966.gadi-pbs/matplotlib/fontlist-v390.json.matplotlib-lock
This maybe due to another process holding this lock file.  If you are sure no
other Matplotlib process is running, remove this file and try again.
Could not save font_manager cache Lock error: Matplotlib failed to acquire the following lock file:
    /jobfs/165722966.gadi-pbs/matplotlib/fontlist-v390.json.matplotlib-lock
This maybe due to another process holding this lock file.  If you are sure no
other Matplotlib process is running, remove this file and try again.
Could not save font_manager cache Lock error: Matplotlib failed to acquire the following lock file:
    /jobfs/165722966.gadi-pbs/matplotlib/fontlist-v390.json.matplotlib-lock
This maybe due to another process holding this lock file.  If you are sure no
other Matplotlib process is running, remove this file and try again.
Could not save font_manager cache Lock error: Matplotlib failed to acquire the following lock file:
    /jobfs/165722966.gadi-pbs/matplotlib/fontlist-v390.json.matplotlib-lock
This maybe due to another process holding this lock file.  If you are sure no
other Matplotlib process is running, remove this file and try again.
Could not save font_manager cache Lock error: Matplotlib failed to acquire the following lock file:
    /jobfs/165722966.gadi-pbs/matplotlib/fontlist-v390.json.matplotlib-lock
This maybe due to another process holding this lock file.  If you are sure no
other Matplotlib process is running, remove this file and try again.
Could not save font_manager cache Lock error: Matplotlib failed to acquire the following lock file:
    /jobfs/165722966.gadi-pbs/matplotlib/fontlist-v390.json.matplotlib-lock
This maybe due to another process holding this lock file.  If you are sure no
other Matplotlib process is running, remove this file and try again.
Could not save font_manager cache Lock error: Matplotlib failed to acquire the following lock file:
    /jobfs/165722966.gadi-pbs/matplotlib/fontlist-v390.json.matplotlib-lock
This maybe due to another process holding this lock file.  If you are sure no
other Matplotlib process is running, remove this file and try again.
Could not save font_manager cache Lock error: Matplotlib failed to acquire the following lock file:
    /jobfs/165722966.gadi-pbs/matplotlib/fontlist-v390.json.matplotlib-lock
This maybe due to another process holding this lock file.  If you are sure no
other Matplotlib process is running, remove this file and try again.
Could not save font_manager cache Lock error: Matplotlib failed to acquire the following lock file:
    /jobfs/165722966.gadi-pbs/matplotlib/fontlist-v390.json.matplotlib-lock
This maybe due to another process holding this lock file.  If you are sure no
other Matplotlib process is running, remove this file and try again.
Could not save font_manager cache Lock error: Matplotlib failed to acquire the following lock file:
    /jobfs/165722966.gadi-pbs/matplotlib/fontlist-v390.json.matplotlib-lock
This maybe due to another process holding this lock file.  If you are sure no
other Matplotlib process is running, remove this file and try again.
Could not save font_manager cache Lock error: Matplotlib failed to acquire the following lock file:
    /jobfs/165722966.gadi-pbs/matplotlib/fontlist-v390.json.matplotlib-lock
This maybe due to another process holding this lock file.  If you are sure no
other Matplotlib process is running, remove this file and try again.
Could not save font_manager cache Lock error: Matplotlib failed to acquire the following lock file:
    /jobfs/165722966.gadi-pbs/matplotlib/fontlist-v390.json.matplotlib-lock
This maybe due to another process holding this lock file.  If you are sure no
other Matplotlib process is running, remove this file and try again.
Could not save font_manager cache Lock error: Matplotlib failed to acquire the following lock file:
    /jobfs/165722966.gadi-pbs/matplotlib/fontlist-v390.json.matplotlib-lock
This maybe due to another process holding this lock file.  If you are sure no
other Matplotlib process is running, remove this file and try again.
Could not save font_manager cache Lock error: Matplotlib failed to acquire the following lock file:
    /jobfs/165722966.gadi-pbs/matplotlib/fontlist-v390.json.matplotlib-lock
This maybe due to another process holding this lock file.  If you are sure no
other Matplotlib process is running, remove this file and try again.
Could not save font_manager cache Lock error: Matplotlib failed to acquire the following lock file:
    /jobfs/165722966.gadi-pbs/matplotlib/fontlist-v390.json.matplotlib-lock
This maybe due to another process holding this lock file.  If you are sure no
other Matplotlib process is running, remove this file and try again.
Could not save font_manager cache Lock error: Matplotlib failed to acquire the following lock file:
    /jobfs/165722966.gadi-pbs/matplotlib/fontlist-v390.json.matplotlib-lock
This maybe due to another process holding this lock file.  If you are sure no
other Matplotlib process is running, remove this file and try again.
Could not save font_manager cache Lock error: Matplotlib failed to acquire the following lock file:
    /jobfs/165722966.gadi-pbs/matplotlib/fontlist-v390.json.matplotlib-lock
This maybe due to another process holding this lock file.  If you are sure no
other Matplotlib process is running, remove this file and try again.
Could not save font_manager cache Lock error: Matplotlib failed to acquire the following lock file:
    /jobfs/165722966.gadi-pbs/matplotlib/fontlist-v390.json.matplotlib-lock
This maybe due to another process holding this lock file.  If you are sure no
other Matplotlib process is running, remove this file and try again.
Could not save font_manager cache Lock error: Matplotlib failed to acquire the following lock file:
    /jobfs/165722966.gadi-pbs/matplotlib/fontlist-v390.json.matplotlib-lock
This maybe due to another process holding this lock file.  If you are sure no
other Matplotlib process is running, remove this file and try again.
Could not save font_manager cache Lock error: Matplotlib failed to acquire the following lock file:
    /jobfs/165722966.gadi-pbs/matplotlib/fontlist-v390.json.matplotlib-lock
This maybe due to another process holding this lock file.  If you are sure no
other Matplotlib process is running, remove this file and try again.
Could not save font_manager cache Lock error: Matplotlib failed to acquire the following lock file:
    /jobfs/165722966.gadi-pbs/matplotlib/fontlist-v390.json.matplotlib-lock
This maybe due to another process holding this lock file.  If you are sure no
other Matplotlib process is running, remove this file and try again.
Could not save font_manager cache Lock error: Matplotlib failed to acquire the following lock file:
    /jobfs/165722966.gadi-pbs/matplotlib/fontlist-v390.json.matplotlib-lock
This maybe due to another process holding this lock file.  If you are sure no
other Matplotlib process is running, remove this file and try again.
Could not save font_manager cache Lock error: Matplotlib failed to acquire the following lock file:
    /jobfs/165722966.gadi-pbs/matplotlib/fontlist-v390.json.matplotlib-lock
This maybe due to another process holding this lock file.  If you are sure no
other Matplotlib process is running, remove this file and try again.
Could not save font_manager cache Lock error: Matplotlib failed to acquire the following lock file:
    /jobfs/165722966.gadi-pbs/matplotlib/fontlist-v390.json.matplotlib-lock
This maybe due to another process holding this lock file.  If you are sure no
other Matplotlib process is running, remove this file and try again.
Could not save font_manager cache Lock error: Matplotlib failed to acquire the following lock file:
    /jobfs/165722966.gadi-pbs/matplotlib/fontlist-v390.json.matplotlib-lock
This maybe due to another process holding this lock file.  If you are sure no
other Matplotlib process is running, remove this file and try again.
Could not save font_manager cache Lock error: Matplotlib failed to acquire the following lock file:
    /jobfs/165722966.gadi-pbs/matplotlib/fontlist-v390.json.matplotlib-lock
This maybe due to another process holding this lock file.  If you are sure no
other Matplotlib process is running, remove this file and try again.
Could not save font_manager cache Lock error: Matplotlib failed to acquire the following lock file:
    /jobfs/165722966.gadi-pbs/matplotlib/fontlist-v390.json.matplotlib-lock
This maybe due to another process holding this lock file.  If you are sure no
other Matplotlib process is running, remove this file and try again.
Could not save font_manager cache Lock error: Matplotlib failed to acquire the following lock file:
    /jobfs/165722966.gadi-pbs/matplotlib/fontlist-v390.json.matplotlib-lock
This maybe due to another process holding this lock file.  If you are sure no
other Matplotlib process is running, remove this file and try again.
Could not save font_manager cache Lock error: Matplotlib failed to acquire the following lock file:
    /jobfs/165722966.gadi-pbs/matplotlib/fontlist-v390.json.matplotlib-lock
This maybe due to another process holding this lock file.  If you are sure no
other Matplotlib process is running, remove this file and try again.
Could not save font_manager cache Lock error: Matplotlib failed to acquire the following lock file:
    /jobfs/165722966.gadi-pbs/matplotlib/fontlist-v390.json.matplotlib-lock
This maybe due to another process holding this lock file.  If you are sure no
other Matplotlib process is running, remove this file and try again.
Could not save font_manager cache Lock error: Matplotlib failed to acquire the following lock file:
    /jobfs/165722966.gadi-pbs/matplotlib/fontlist-v390.json.matplotlib-lock
This maybe due to another process holding this lock file.  If you are sure no
other Matplotlib process is running, remove this file and try again.
Could not save font_manager cache Lock error: Matplotlib failed to acquire the following lock file:
    /jobfs/165722966.gadi-pbs/matplotlib/fontlist-v390.json.matplotlib-lock
This maybe due to another process holding this lock file.  If you are sure no
other Matplotlib process is running, remove this file and try again.
Could not save font_manager cache Lock error: Matplotlib failed to acquire the following lock file:
    /jobfs/165722966.gadi-pbs/matplotlib/fontlist-v390.json.matplotlib-lock
This maybe due to another process holding this lock file.  If you are sure no
other Matplotlib process is running, remove this file and try again.
Could not save font_manager cache Lock error: Matplotlib failed to acquire the following lock file:
    /jobfs/165722966.gadi-pbs/matplotlib/fontlist-v390.json.matplotlib-lock
This maybe due to another process holding this lock file.  If you are sure no
other Matplotlib process is running, remove this file and try again.
Could not save font_manager cache Lock error: Matplotlib failed to acquire the following lock file:
    /jobfs/165722966.gadi-pbs/matplotlib/fontlist-v390.json.matplotlib-lock
This maybe due to another process holding this lock file.  If you are sure no
other Matplotlib process is running, remove this file and try again.
Could not save font_manager cache Lock error: Matplotlib failed to acquire the following lock file:
    /jobfs/165722966.gadi-pbs/matplotlib/fontlist-v390.json.matplotlib-lock
This maybe due to another process holding this lock file.  If you are sure no
other Matplotlib process is running, remove this file and try again.
Could not save font_manager cache Lock error: Matplotlib failed to acquire the following lock file:
    /jobfs/165722966.gadi-pbs/matplotlib/fontlist-v390.json.matplotlib-lock
This maybe due to another process holding this lock file.  If you are sure no
other Matplotlib process is running, remove this file and try again.
Could not save font_manager cache Lock error: Matplotlib failed to acquire the following lock file:
    /jobfs/165722966.gadi-pbs/matplotlib/fontlist-v390.json.matplotlib-lock
This maybe due to another process holding this lock file.  If you are sure no
other Matplotlib process is running, remove this file and try again.
Could not save font_manager cache Lock error: Matplotlib failed to acquire the following lock file:
    /jobfs/165722966.gadi-pbs/matplotlib/fontlist-v390.json.matplotlib-lock
This maybe due to another process holding this lock file.  If you are sure no
other Matplotlib process is running, remove this file and try again.
Could not save font_manager cache Lock error: Matplotlib failed to acquire the following lock file:
    /jobfs/165722966.gadi-pbs/matplotlib/fontlist-v390.json.matplotlib-lock
This maybe due to another process holding this lock file.  If you are sure no
other Matplotlib process is running, remove this file and try again.
Could not save font_manager cache Lock error: Matplotlib failed to acquire the following lock file:
    /jobfs/165722966.gadi-pbs/matplotlib/fontlist-v390.json.matplotlib-lock
This maybe due to another process holding this lock file.  If you are sure no
other Matplotlib process is running, remove this file and try again.
Could not save font_manager cache Lock error: Matplotlib failed to acquire the following lock file:
    /jobfs/165722966.gadi-pbs/matplotlib/fontlist-v390.json.matplotlib-lock
This maybe due to another process holding this lock file.  If you are sure no
other Matplotlib process is running, remove this file and try again.
Could not save font_manager cache Lock error: Matplotlib failed to acquire the following lock file:
    /jobfs/165722966.gadi-pbs/matplotlib/fontlist-v390.json.matplotlib-lock
This maybe due to another process holding this lock file.  If you are sure no
other Matplotlib process is running, remove this file and try again.
Could not save font_manager cache Lock error: Matplotlib failed to acquire the following lock file:
    /jobfs/165722966.gadi-pbs/matplotlib/fontlist-v390.json.matplotlib-lock
This maybe due to another process holding this lock file.  If you are sure no
other Matplotlib process is running, remove this file and try again.
Could not save font_manager cache Lock error: Matplotlib failed to acquire the following lock file:
    /jobfs/165722966.gadi-pbs/matplotlib/fontlist-v390.json.matplotlib-lock
This maybe due to another process holding this lock file.  If you are sure no
other Matplotlib process is running, remove this file and try again.
Could not save font_manager cache Lock error: Matplotlib failed to acquire the following lock file:
    /jobfs/165722966.gadi-pbs/matplotlib/fontlist-v390.json.matplotlib-lock
This maybe due to another process holding this lock file.  If you are sure no
other Matplotlib process is running, remove this file and try again.
Could not save font_manager cache Lock error: Matplotlib failed to acquire the following lock file:
    /jobfs/165722966.gadi-pbs/matplotlib/fontlist-v390.json.matplotlib-lock
This maybe due to another process holding this lock file.  If you are sure no
other Matplotlib process is running, remove this file and try again.
Could not save font_manager cache Lock error: Matplotlib failed to acquire the following lock file:
    /jobfs/165722966.gadi-pbs/matplotlib/fontlist-v390.json.matplotlib-lock
This maybe due to another process holding this lock file.  If you are sure no
other Matplotlib process is running, remove this file and try again.
Could not save font_manager cache Lock error: Matplotlib failed to acquire the following lock file:
    /jobfs/165722966.gadi-pbs/matplotlib/fontlist-v390.json.matplotlib-lock
This maybe due to another process holding this lock file.  If you are sure no
other Matplotlib process is running, remove this file and try again.
Could not save font_manager cache Lock error: Matplotlib failed to acquire the following lock file:
    /jobfs/165722966.gadi-pbs/matplotlib/fontlist-v390.json.matplotlib-lock
This maybe due to another process holding this lock file.  If you are sure no
other Matplotlib process is running, remove this file and try again.
Could not save font_manager cache Lock error: Matplotlib failed to acquire the following lock file:
    /jobfs/165722966.gadi-pbs/matplotlib/fontlist-v390.json.matplotlib-lock
This maybe due to another process holding this lock file.  If you are sure no
other Matplotlib process is running, remove this file and try again.
Could not save font_manager cache Lock error: Matplotlib failed to acquire the following lock file:
    /jobfs/165722966.gadi-pbs/matplotlib/fontlist-v390.json.matplotlib-lock
This maybe due to another process holding this lock file.  If you are sure no
other Matplotlib process is running, remove this file and try again.
Number of degrees of freedom: 143769600
Mesh: 240x240x312, DQ1
Time stepper: BackwardEuler, dt = 300.0 s, steps = 30
Solver: vlumping_sor
Solver parameters: {'ksp_type': 'fgmres', 'ksp_rtol': 1e-06, 'ksp_max_it': 200, 'ksp_gmres_restart': 30, 'pc_type': 'python', 'pc_python_type': 'solvers.vlumping.VerticallyLumpedPC', 'lumped_mg_levels_ksp_type': 'chebyshev', 'lumped_mg_levels_ksp_max_it': 2, 'lumped_mg_levels_ksp_convergence_test': 'skip', 'lumped_mg_levels_pc_type': 'sor', 'lumped_mg_coarse_ksp_type': 'preonly', 'lumped_mg_coarse_pc_type': 'lu', 'lumped_mg_coarse_pc_factor_mat_solver_type': 'mumps', 'snes_type': 'newtonls', 'snes_linesearch_type': 'bt', 'snes_rtol': 1e-08, 'snes_atol': 1e-08, 'snes_max_it': 50}
  0 SNES Function norm 2.571091429520e-06
          Linear BackwardEuler-Equation_lumped_mg_coarse_ solve converged due to CONVERGED_ITS iterations 1
          Linear BackwardEuler-Equation_lumped_mg_coarse_ solve converged due to CONVERGED_ITS iterations 1
          Linear BackwardEuler-Equation_lumped_mg_coarse_ solve converged due to CONVERGED_ITS iterations 1
          Linear BackwardEuler-Equation_lumped_mg_coarse_ solve converged due to CONVERGED_ITS iterations 1
          Linear BackwardEuler-Equation_lumped_mg_coarse_ solve converged due to CONVERGED_ITS iterations 1
          Linear BackwardEuler-Equation_lumped_mg_coarse_ solve converged due to CONVERGED_ITS iterations 1
          Linear BackwardEuler-Equation_lumped_mg_coarse_ solve converged due to CONVERGED_ITS iterations 1
          Linear BackwardEuler-Equation_lumped_mg_coarse_ solve converged due to CONVERGED_ITS iterations 1
          Linear BackwardEuler-Equation_lumped_mg_coarse_ solve converged due to CONVERGED_ITS iterations 1
          Linear BackwardEuler-Equation_lumped_mg_coarse_ solve converged due to CONVERGED_ITS iterations 1
          Linear BackwardEuler-Equation_lumped_mg_coarse_ solve converged due to CONVERGED_ITS iterations 1
          Linear BackwardEuler-Equation_lumped_mg_coarse_ solve converged due to CONVERGED_ITS iterations 1
          Linear BackwardEuler-Equation_lumped_mg_coarse_ solve converged due to CONVERGED_ITS iterations 1
          Linear BackwardEuler-Equation_lumped_mg_coarse_ solve converged due to CONVERGED_ITS iterations 1
          Linear BackwardEuler-Equation_lumped_mg_coarse_ solve converged due to CONVERGED_ITS iterations 1
          Linear BackwardEuler-Equation_lumped_mg_coarse_ solve converged due to CONVERGED_ITS iterations 1
          Linear BackwardEuler-Equation_lumped_mg_coarse_ solve converged due to CONVERGED_ITS iterations 1
          Linear BackwardEuler-Equation_lumped_mg_coarse_ solve converged due to CONVERGED_ITS iterations 1
          Linear BackwardEuler-Equation_lumped_mg_coarse_ solve converged due to CONVERGED_ITS iterations 1
          Linear BackwardEuler-Equation_lumped_mg_coarse_ solve converged due to CONVERGED_ITS iterations 1
          Linear BackwardEuler-Equation_lumped_mg_coarse_ solve converged due to CONVERGED_ITS iterations 1
          Linear BackwardEuler-Equation_lumped_mg_coarse_ solve converged due to CONVERGED_ITS iterations 1
          Linear BackwardEuler-Equation_lumped_mg_coarse_ solve converged due to CONVERGED_ITS iterations 1
          Linear BackwardEuler-Equation_lumped_mg_coarse_ solve converged due to CONVERGED_ITS iterations 1
          Linear BackwardEuler-Equation_lumped_mg_coarse_ solve converged due to CONVERGED_ITS iterations 1
          Linear BackwardEuler-Equation_lumped_mg_coarse_ solve converged due to CONVERGED_ITS iterations 1
          Linear BackwardEuler-Equation_lumped_mg_coarse_ solve converged due to CONVERGED_ITS iterations 1
          Linear BackwardEuler-Equation_lumped_mg_coarse_ solve converged due to CONVERGED_ITS iterations 1
          Linear BackwardEuler-Equation_lumped_mg_coarse_ solve converged due to CONVERGED_ITS iterations 1
          Linear BackwardEuler-Equation_lumped_mg_coarse_ solve converged due to CONVERGED_ITS iterations 1
          Linear BackwardEuler-Equation_lumped_mg_coarse_ solve converged due to CONVERGED_ITS iterations 1
          Linear BackwardEuler-Equation_lumped_mg_coarse_ solve converged due to CONVERGED_ITS iterations 1
          Linear BackwardEuler-Equation_lumped_mg_coarse_ solve converged due to CONVERGED_ITS iterations 1
          Linear BackwardEuler-Equation_lumped_mg_coarse_ solve converged due to CONVERGED_ITS iterations 1
          Linear BackwardEuler-Equation_lumped_mg_coarse_ solve converged due to CONVERGED_ITS iterations 1
          Linear BackwardEuler-Equation_lumped_mg_coarse_ solve converged due to CONVERGED_ITS iterations 1
          Linear BackwardEuler-Equation_lumped_mg_coarse_ solve converged due to CONVERGED_ITS iterations 1
          Linear BackwardEuler-Equation_lumped_mg_coarse_ solve converged due to CONVERGED_ITS iterations 1
          Linear BackwardEuler-Equation_lumped_mg_coarse_ solve converged due to CONVERGED_ITS iterations 1
          Linear BackwardEuler-Equation_lumped_mg_coarse_ solve converged due to CONVERGED_ITS iterations 1
          Linear BackwardEuler-Equation_lumped_mg_coarse_ solve converged due to CONVERGED_ITS iterations 1
          Linear BackwardEuler-Equation_lumped_mg_coarse_ solve converged due to CONVERGED_ITS iterations 1
          Linear BackwardEuler-Equation_lumped_mg_coarse_ solve converged due to CONVERGED_ITS iterations 1
          Linear BackwardEuler-Equation_lumped_mg_coarse_ solve converged due to CONVERGED_ITS iterations 1
          Linear BackwardEuler-Equation_lumped_mg_coarse_ solve converged due to CONVERGED_ITS iterations 1
          Linear BackwardEuler-Equation_lumped_mg_coarse_ solve converged due to CONVERGED_ITS iterations 1
          Linear BackwardEuler-Equation_lumped_mg_coarse_ solve converged due to CONVERGED_ITS iterations 1
          Linear BackwardEuler-Equation_lumped_mg_coarse_ solve converged due to CONVERGED_ITS iterations 1
          Linear BackwardEuler-Equation_lumped_mg_coarse_ solve converged due to CONVERGED_ITS iterations 1
          Linear BackwardEuler-Equation_lumped_mg_coarse_ solve converged due to CONVERGED_ITS iterations 1
          Linear BackwardEuler-Equation_lumped_mg_coarse_ solve converged due to CONVERGED_ITS iterations 1
          Linear BackwardEuler-Equation_lumped_mg_coarse_ solve converged due to CONVERGED_ITS iterations 1
          Linear BackwardEuler-Equation_lumped_mg_coarse_ solve converged due to CONVERGED_ITS iterations 1
          Linear BackwardEuler-Equation_lumped_mg_coarse_ solve converged due to CONVERGED_ITS iterations 1
          Linear BackwardEuler-Equation_lumped_mg_coarse_ solve converged due to CONVERGED_ITS iterations 1
          Linear BackwardEuler-Equation_lumped_mg_coarse_ solve converged due to CONVERGED_ITS iterations 1
          Linear BackwardEuler-Equation_lumped_mg_coarse_ solve converged due to CONVERGED_ITS iterations 1
          Linear BackwardEuler-Equation_lumped_mg_coarse_ solve converged due to CONVERGED_ITS iterations 1
    Linear BackwardEuler-Equation_ solve converged due to CONVERGED_RTOL iterations 58
Mat Object: (BackwardEuler-Equation_) 832 MPI processes
  type: mpiaij
  rows=143769600, cols=143769600
  total: nonzeros=8024555520, allocated nonzeros=8024555520
  total number of mallocs used during MatSetValues calls=0
    has attached near null space
    using I-node (on process 0) routines: found 43680 nodes, limit used is 5
  1 SNES Function norm 1.460604031444e-07
          Linear BackwardEuler-Equation_lumped_mg_coarse_ solve converged due to CONVERGED_ITS iterations 1
          Linear BackwardEuler-Equation_lumped_mg_coarse_ solve converged due to CONVERGED_ITS iterations 1
          Linear BackwardEuler-Equation_lumped_mg_coarse_ solve converged due to CONVERGED_ITS iterations 1
          Linear BackwardEuler-Equation_lumped_mg_coarse_ solve converged due to CONVERGED_ITS iterations 1
          Linear BackwardEuler-Equation_lumped_mg_coarse_ solve converged due to CONVERGED_ITS iterations 1
          Linear BackwardEuler-Equation_lumped_mg_coarse_ solve converged due to CONVERGED_ITS iterations 1
          Linear BackwardEuler-Equation_lumped_mg_coarse_ solve converged due to CONVERGED_ITS iterations 1
          Linear BackwardEuler-Equation_lumped_mg_coarse_ solve converged due to CONVERGED_ITS iterations 1
          Linear BackwardEuler-Equation_lumped_mg_coarse_ solve converged due to CONVERGED_ITS iterations 1
          Linear BackwardEuler-Equation_lumped_mg_coarse_ solve converged due to CONVERGED_ITS iterations 1
          Linear BackwardEuler-Equation_lumped_mg_coarse_ solve converged due to CONVERGED_ITS iterations 1
          Linear BackwardEuler-Equation_lumped_mg_coarse_ solve converged due to CONVERGED_ITS iterations 1
          Linear BackwardEuler-Equation_lumped_mg_coarse_ solve converged due to CONVERGED_ITS iterations 1
          Linear BackwardEuler-Equation_lumped_mg_coarse_ solve converged due to CONVERGED_ITS iterations 1
          Linear BackwardEuler-Equation_lumped_mg_coarse_ solve converged due to CONVERGED_ITS iterations 1
          Linear BackwardEuler-Equation_lumped_mg_coarse_ solve converged due to CONVERGED_ITS iterations 1
          Linear BackwardEuler-Equation_lumped_mg_coarse_ solve converged due to CONVERGED_ITS iterations 1
          Linear BackwardEuler-Equation_lumped_mg_coarse_ solve converged due to CONVERGED_ITS iterations 1
          Linear BackwardEuler-Equation_lumped_mg_coarse_ solve converged due to CONVERGED_ITS iterations 1
          Linear BackwardEuler-Equation_lumped_mg_coarse_ solve converged due to CONVERGED_ITS iterations 1
          Linear BackwardEuler-Equation_lumped_mg_coarse_ solve converged due to CONVERGED_ITS iterations 1
          Linear BackwardEuler-Equation_lumped_mg_coarse_ solve converged due to CONVERGED_ITS iterations 1
          Linear BackwardEuler-Equation_lumped_mg_coarse_ solve converged due to CONVERGED_ITS iterations 1
          Linear BackwardEuler-Equation_lumped_mg_coarse_ solve converged due to CONVERGED_ITS iterations 1
          Linear BackwardEuler-Equation_lumped_mg_coarse_ solve converged due to CONVERGED_ITS iterations 1
          Linear BackwardEuler-Equation_lumped_mg_coarse_ solve converged due to CONVERGED_ITS iterations 1
          Linear BackwardEuler-Equation_lumped_mg_coarse_ solve converged due to CONVERGED_ITS iterations 1
          Linear BackwardEuler-Equation_lumped_mg_coarse_ solve converged due to CONVERGED_ITS iterations 1
          Linear BackwardEuler-Equation_lumped_mg_coarse_ solve converged due to CONVERGED_ITS iterations 1
          Linear BackwardEuler-Equation_lumped_mg_coarse_ solve converged due to CONVERGED_ITS iterations 1
          Linear BackwardEuler-Equation_lumped_mg_coarse_ solve converged due to CONVERGED_ITS iterations 1
          Linear BackwardEuler-Equation_lumped_mg_coarse_ solve converged due to CONVERGED_ITS iterations 1
          Linear BackwardEuler-Equation_lumped_mg_coarse_ solve converged due to CONVERGED_ITS iterations 1
          Linear BackwardEuler-Equation_lumped_mg_coarse_ solve converged due to CONVERGED_ITS iterations 1
          Linear BackwardEuler-Equation_lumped_mg_coarse_ solve converged due to CONVERGED_ITS iterations 1
          Linear BackwardEuler-Equation_lumped_mg_coarse_ solve converged due to CONVERGED_ITS iterations 1
          Linear BackwardEuler-Equation_lumped_mg_coarse_ solve converged due to CONVERGED_ITS iterations 1
          Linear BackwardEuler-Equation_lumped_mg_coarse_ solve converged due to CONVERGED_ITS iterations 1
          Linear BackwardEuler-Equation_lumped_mg_coarse_ solve converged due to CONVERGED_ITS iterations 1
          Linear BackwardEuler-Equation_lumped_mg_coarse_ solve converged due to CONVERGED_ITS iterations 1
          Linear BackwardEuler-Equation_lumped_mg_coarse_ solve converged due to CONVERGED_ITS iterations 1
          Linear BackwardEuler-Equation_lumped_mg_coarse_ solve converged due to CONVERGED_ITS iterations 1
          Linear BackwardEuler-Equation_lumped_mg_coarse_ solve converged due to CONVERGED_ITS iterations 1
          Linear BackwardEuler-Equation_lumped_mg_coarse_ solve converged due to CONVERGED_ITS iterations 1
          Linear BackwardEuler-Equation_lumped_mg_coarse_ solve converged due to CONVERGED_ITS iterations 1
          Linear BackwardEuler-Equation_lumped_mg_coarse_ solve converged due to CONVERGED_ITS iterations 1
          Linear BackwardEuler-Equation_lumped_mg_coarse_ solve converged due to CONVERGED_ITS iterations 1
          Linear BackwardEuler-Equation_lumped_mg_coarse_ solve converged due to CONVERGED_ITS iterations 1
          Linear BackwardEuler-Equation_lumped_mg_coarse_ solve converged due to CONVERGED_ITS iterations 1
          Linear BackwardEuler-Equation_lumped_mg_coarse_ solve converged due to CONVERGED_ITS iterations 1
          Linear BackwardEuler-Equation_lumped_mg_coarse_ solve converged due to CONVERGED_ITS iterations 1
          Linear BackwardEuler-Equation_lumped_mg_coarse_ solve converged due to CONVERGED_ITS iterations 1
          Linear BackwardEuler-Equation_lumped_mg_coarse_ solve converged due to CONVERGED_ITS iterations 1
          Linear BackwardEuler-Equation_lumped_mg_coarse_ solve converged due to CONVERGED_ITS iterations 1
          Linear BackwardEuler-Equation_lumped_mg_coarse_ solve converged due to CONVERGED_ITS iterations 1
          Linear BackwardEuler-Equation_lumped_mg_coarse_ solve converged due to CONVERGED_ITS iterations 1
          Linear BackwardEuler-Equation_lumped_mg_coarse_ solve converged due to CONVERGED_ITS iterations 1
          Linear BackwardEuler-Equation_lumped_mg_coarse_ solve converged due to CONVERGED_ITS iterations 1
          Linear BackwardEuler-Equation_lumped_mg_coarse_ solve converged due to CONVERGED_ITS iterations 1
          Linear BackwardEuler-Equation_lumped_mg_coarse_ solve converged due to CONVERGED_ITS iterations 1
    Linear BackwardEuler-Equation_ solve converged due to CONVERGED_RTOL iterations 60
Mat Object: (BackwardEuler-Equation_) 832 MPI processes
  type: mpiaij
  rows=143769600, cols=143769600
  total: nonzeros=8024555520, allocated nonzeros=8024555520
  total number of mallocs used during MatSetValues calls=0
    has attached near null space
    using I-node (on process 0) routines: found 43680 nodes, limit used is 5
  2 SNES Function norm 2.781951760633e-09
  Nonlinear BackwardEuler-Equation_ solve converged due to CONVERGED_FNORM_ABS iterations 2
SNES Object: (BackwardEuler-Equation_) 832 MPI processes
  type: newtonls
  maximum iterations=50, maximum function evaluations=10000
  tolerances: relative=1e-08, absolute=1e-08, solution=1e-08
  total number of linear solver iterations=118
  total number of function evaluations=3
  norm schedule ALWAYS
  SNESLineSearch Object: (BackwardEuler-Equation_) 832 MPI processes
    type: bt
      interpolation: cubic
      alpha=1.000000e-04
    maxlambda=1.000000e+00, minlambda=1.000000e-12
    tolerances: relative=1.000000e-08, absolute=1.000000e-15, lambda=1.000000e-08
    maximum iterations=40
  KSP Object: (BackwardEuler-Equation_) 832 MPI processes
    type: fgmres
      restart=30, using classical (unmodified) Gram-Schmidt orthogonalization with no iterative refinement
      happy breakdown tolerance=1e-30
    maximum iterations=200, initial guess is zero
    tolerances: relative=1e-06, absolute=1e-50, divergence=10000.
    right preconditioning
    using UNPRECONDITIONED norm type for convergence test
  PC Object: (BackwardEuler-Equation_) 832 MPI processes
    type: python
      Python: solvers.vlumping.VerticallyLumpedPC
    Firedrake custom preconditioner VerticallyLumpedPC
      Vertically lumped MG: collapses vertical dimension on coarse level (cf. Kramer et al. 2010)
      PC Object: (BackwardEuler-Equation_lumped_) 832 MPI processes
        type: mg
          type is MULTIPLICATIVE, levels=2 cycles=v
            Cycles per PCApply=1
            Using Galerkin computed coarse grid matrices
        Coarse grid solver -- level 0 -------------------------------
          KSP Object: (BackwardEuler-Equation_lumped_mg_coarse_) 832 MPI processes
            type: preonly
            maximum iterations=10000, initial guess is zero
            tolerances: relative=1e-05, absolute=1e-50, divergence=10000.
            left preconditioning
            not checking for convergence
          PC Object: (BackwardEuler-Equation_lumped_mg_coarse_) 832 MPI processes
            type: lu
              out-of-place factorization
              tolerance for zero pivot 2.22045e-14
              matrix ordering: external
              factor fill ratio given 0., needed 0.
                Factored matrix:
                  Mat Object: (BackwardEuler-Equation_lumped_mg_coarse_) 832 MPI processes
                    type: mumps
                    rows=230400, cols=230400
                    package used to perform factorization: mumps
                    total: nonzeros=53788864, allocated nonzeros=53788864
                      MUMPS run parameters:
                        Use -BackwardEuler-Equation_lumped_mg_coarse_ksp_view ::ascii_info_detail to display information for all processes
                        RINFOG(1) (global estimated flops for the elimination after analysis): 2.26775e+10
                        RINFOG(2) (global estimated flops for the assembly after factorization): 8.43506e+07
                        RINFOG(3) (global estimated flops for the elimination after factorization): 2.26775e+10
                        (RINFOG(12) RINFOG(13))*2^INFOG(34) (determinant): (0.,0.)*(2^0)
                        INFOG(3) (estimated real workspace for factors on all processors after analysis): 156221480
                        INFOG(4) (estimated integer workspace for factors on all processors after analysis): 3409438
                        INFOG(5) (estimated maximum front size in the complete tree): 1668
                        INFOG(6) (number of nodes in the complete tree): 12616
                        INFOG(7) (ordering option effectively used after analysis): 5
                        INFOG(8) (structural symmetry in percent of the permuted matrix after analysis): -1
                        INFOG(9) (total real/complex workspace to store the matrix factors after factorization): 53788864
                        INFOG(10) (total integer space store the matrix factors after factorization): 2983281
                        INFOG(11) (order of largest frontal matrix after factorization): 1668
                        INFOG(12) (number of off-diagonal pivots): 0
                        INFOG(13) (number of delayed pivots after factorization): 0
                        INFOG(14) (number of memory compress after factorization): 0
                        INFOG(15) (number of steps of iterative refinement after solution): 0
                        INFOG(16) (estimated size (in MB) of all MUMPS internal data for factorization after analysis: value on the most memory consuming processor): 296
                        INFOG(17) (estimated size of all MUMPS internal data for factorization after analysis: sum over all processors): 231120
                        INFOG(18) (size of all MUMPS internal data allocated during factorization: value on the most memory consuming processor): 296
                        INFOG(19) (size of all MUMPS internal data allocated during factorization: sum over all processors): 231068
                        INFOG(20) (estimated number of entries in the factors): 53788864
                        INFOG(21) (size in MB of memory effectively used during factorization - value on the most memory consuming processor): 286
                        INFOG(22) (size in MB of memory effectively used during factorization - sum over all processors): 225273
                        INFOG(23) (after analysis: value of ICNTL(6) effectively used): 0
                        INFOG(24) (after analysis: value of ICNTL(12) effectively used): 1
                        INFOG(25) (after factorization: number of pivots modified by static pivoting): 0
                        INFOG(28) (after factorization: number of null pivots encountered): 0
                        INFOG(29) (after factorization: effective number of entries in the factors (sum over all processors)): 53788864
                        INFOG(30, 31) (after solution: size in Mbytes of memory used during solution phase): 55, 29409
                        INFOG(32) (after analysis: type of analysis done): 1
                        INFOG(33) (value used for ICNTL(8)): 7
                        INFOG(34) (exponent of the determinant if determinant is requested): 0
                        INFOG(35) (after factorization: number of entries taking into account BLR factor compression - sum over all processors): 53788864
                        INFOG(36) (after analysis: estimated size of all MUMPS internal data for running BLR in-core - value on the most memory consuming processor): 0
                        INFOG(37) (after analysis: estimated size of all MUMPS internal data for running BLR in-core - sum over all processors): 0
                        INFOG(38) (after analysis: estimated size of all MUMPS internal data for running BLR out-of-core - value on the most memory consuming processor): 0
                        INFOG(39) (after analysis: estimated size of all MUMPS internal data for running BLR out-of-core - sum over all processors): 0
            linear system matrix, which is also used to construct the preconditioner:
            Mat Object: 832 MPI processes
              type: mpiaij
              rows=230400, cols=230400
              total: nonzeros=4592640, allocated nonzeros=4592640
              total number of mallocs used during MatSetValues calls=0
                using nonscalable MatPtAP() implementation
                using I-node (on process 0) routines: found 70 nodes, limit used is 5
        Down solver (pre-smoother) on level 1 -------------------------------
          KSP Object: (BackwardEuler-Equation_lumped_mg_levels_1_) 832 MPI processes
            type: chebyshev
              Chebyshev polynomial of first kind
              eigenvalue targets used: min 0.178811, max 1.96693
              eigenvalues estimated via gmres: min 0.0298657, max 1.78811
              eigenvalues estimated using gmres with transform: [0. 0.1; 0. 1.1]
              KSP Object: (BackwardEuler-Equation_lumped_mg_levels_1_esteig_) 832 MPI processes
                type: gmres
                  restart=30, using classical (unmodified) Gram-Schmidt orthogonalization with no iterative refinement
                  happy breakdown tolerance=1e-30
                maximum iterations=10, initial guess is zero
                tolerances: relative=1e-12, absolute=1e-50, divergence=10000.
                left preconditioning
                using PRECONDITIONED norm type for convergence test
              estimating eigenvalues using a noisy random number generated right-hand side
            maximum iterations=2, nonzero initial guess
            tolerances: relative=1e-05, absolute=1e-50, divergence=10000.
            left preconditioning
            not checking for convergence
          PC Object: (BackwardEuler-Equation_lumped_mg_levels_1_) 832 MPI processes
            type: sor
              type = local_symmetric, iterations = 1, local iterations = 1, omega = 1.
            linear system matrix, which is also used to construct the preconditioner:
            Mat Object: (BackwardEuler-Equation_) 832 MPI processes
              type: mpiaij
              rows=143769600, cols=143769600
              total: nonzeros=8024555520, allocated nonzeros=8024555520
              total number of mallocs used during MatSetValues calls=0
                has attached near null space
                using I-node (on process 0) routines: found 43680 nodes, limit used is 5
        Up solver (post-smoother) same as down solver (pre-smoother)
        linear system matrix, which is also used to construct the preconditioner:
        Mat Object: (BackwardEuler-Equation_) 832 MPI processes
          type: mpiaij
          rows=143769600, cols=143769600
          total: nonzeros=8024555520, allocated nonzeros=8024555520
          total number of mallocs used during MatSetValues calls=0
            has attached near null space
            using I-node (on process 0) routines: found 43680 nodes, limit used is 5
      linear system matrix, which is also used to construct the preconditioner:
      Mat Object: (BackwardEuler-Equation_) 832 MPI processes
        type: mpiaij
        rows=143769600, cols=143769600
        total: nonzeros=8024555520, allocated nonzeros=8024555520
        total number of mallocs used during MatSetValues calls=0
          has attached near null space
          using I-node (on process 0) routines: found 43680 nodes, limit used is 5
t = 300.00 s | step 1/30 | wall 95.75 s | NL 2 | L 118
    0 SNES Function norm 7.014768282715e-07
            Linear BackwardEuler-Equation_lumped_mg_coarse_ solve converged due to CONVERGED_ITS iterations 1
            Linear BackwardEuler-Equation_lumped_mg_coarse_ solve converged due to CONVERGED_ITS iterations 1
            Linear BackwardEuler-Equation_lumped_mg_coarse_ solve converged due to CONVERGED_ITS iterations 1
            Linear BackwardEuler-Equation_lumped_mg_coarse_ solve converged due to CONVERGED_ITS iterations 1
            Linear BackwardEuler-Equation_lumped_mg_coarse_ solve converged due to CONVERGED_ITS iterations 1
            Linear BackwardEuler-Equation_lumped_mg_coarse_ solve converged due to CONVERGED_ITS iterations 1
            Linear BackwardEuler-Equation_lumped_mg_coarse_ solve converged due to CONVERGED_ITS iterations 1
            Linear BackwardEuler-Equation_lumped_mg_coarse_ solve converged due to CONVERGED_ITS iterations 1
            Linear BackwardEuler-Equation_lumped_mg_coarse_ solve converged due to CONVERGED_ITS iterations 1
            Linear BackwardEuler-Equation_lumped_mg_coarse_ solve converged due to CONVERGED_ITS iterations 1
            Linear BackwardEuler-Equation_lumped_mg_coarse_ solve converged due to CONVERGED_ITS iterations 1
            Linear BackwardEuler-Equation_lumped_mg_coarse_ solve converged due to CONVERGED_ITS iterations 1
            Linear BackwardEuler-Equation_lumped_mg_coarse_ solve converged due to CONVERGED_ITS iterations 1
            Linear BackwardEuler-Equation_lumped_mg_coarse_ solve converged due to CONVERGED_ITS iterations 1
            Linear BackwardEuler-Equation_lumped_mg_coarse_ solve converged due to CONVERGED_ITS iterations 1
            Linear BackwardEuler-Equation_lumped_mg_coarse_ solve converged due to CONVERGED_ITS iterations 1
            Linear BackwardEuler-Equation_lumped_mg_coarse_ solve converged due to CONVERGED_ITS iterations 1
            Linear BackwardEuler-Equation_lumped_mg_coarse_ solve converged due to CONVERGED_ITS iterations 1
            Linear BackwardEuler-Equation_lumped_mg_coarse_ solve converged due to CONVERGED_ITS iterations 1
            Linear BackwardEuler-Equation_lumped_mg_coarse_ solve converged due to CONVERGED_ITS iterations 1
            Linear BackwardEuler-Equation_lumped_mg_coarse_ solve converged due to CONVERGED_ITS iterations 1
            Linear BackwardEuler-Equation_lumped_mg_coarse_ solve converged due to CONVERGED_ITS iterations 1
            Linear BackwardEuler-Equation_lumped_mg_coarse_ solve converged due to CONVERGED_ITS iterations 1
            Linear BackwardEuler-Equation_lumped_mg_coarse_ solve converged due to CONVERGED_ITS iterations 1
            Linear BackwardEuler-Equation_lumped_mg_coarse_ solve converged due to CONVERGED_ITS iterations 1
            Linear BackwardEuler-Equation_lumped_mg_coarse_ solve converged due to CONVERGED_ITS iterations 1
            Linear BackwardEuler-Equation_lumped_mg_coarse_ solve converged due to CONVERGED_ITS iterations 1
            Linear BackwardEuler-Equation_lumped_mg_coarse_ solve converged due to CONVERGED_ITS iterations 1
            Linear BackwardEuler-Equation_lumped_mg_coarse_ solve converged due to CONVERGED_ITS iterations 1
            Linear BackwardEuler-Equation_lumped_mg_coarse_ solve converged due to CONVERGED_ITS iterations 1
            Linear BackwardEuler-Equation_lumped_mg_coarse_ solve converged due to CONVERGED_ITS iterations 1
            Linear BackwardEuler-Equation_lumped_mg_coarse_ solve converged due to CONVERGED_ITS iterations 1
            Linear BackwardEuler-Equation_lumped_mg_coarse_ solve converged due to CONVERGED_ITS iterations 1
            Linear BackwardEuler-Equation_lumped_mg_coarse_ solve converged due to CONVERGED_ITS iterations 1
            Linear BackwardEuler-Equation_lumped_mg_coarse_ solve converged due to CONVERGED_ITS iterations 1
            Linear BackwardEuler-Equation_lumped_mg_coarse_ solve converged due to CONVERGED_ITS iterations 1
            Linear BackwardEuler-Equation_lumped_mg_coarse_ solve converged due to CONVERGED_ITS iterations 1
            Linear BackwardEuler-Equation_lumped_mg_coarse_ solve converged due to CONVERGED_ITS iterations 1
            Linear BackwardEuler-Equation_lumped_mg_coarse_ solve converged due to CONVERGED_ITS iterations 1
            Linear BackwardEuler-Equation_lumped_mg_coarse_ solve converged due to CONVERGED_ITS iterations 1
            Linear BackwardEuler-Equation_lumped_mg_coarse_ solve converged due to CONVERGED_ITS iterations 1
            Linear BackwardEuler-Equation_lumped_mg_coarse_ solve converged due to CONVERGED_ITS iterations 1
            Linear BackwardEuler-Equation_lumped_mg_coarse_ solve converged due to CONVERGED_ITS iterations 1
            Linear BackwardEuler-Equation_lumped_mg_coarse_ solve converged due to CONVERGED_ITS iterations 1
            Linear BackwardEuler-Equation_lumped_mg_coarse_ solve converged due to CONVERGED_ITS iterations 1
            Linear BackwardEuler-Equation_lumped_mg_coarse_ solve converged due to CONVERGED_ITS iterations 1
            Linear BackwardEuler-Equation_lumped_mg_coarse_ solve converged due to CONVERGED_ITS iterations 1
            Linear BackwardEuler-Equation_lumped_mg_coarse_ solve converged due to CONVERGED_ITS iterations 1
            Linear BackwardEuler-Equation_lumped_mg_coarse_ solve converged due to CONVERGED_ITS iterations 1
            Linear BackwardEuler-Equation_lumped_mg_coarse_ solve converged due to CONVERGED_ITS iterations 1
            Linear BackwardEuler-Equation_lumped_mg_coarse_ solve converged due to CONVERGED_ITS iterations 1
            Linear BackwardEuler-Equation_lumped_mg_coarse_ solve converged due to CONVERGED_ITS iterations 1
            Linear BackwardEuler-Equation_lumped_mg_coarse_ solve converged due to CONVERGED_ITS iterations 1
            Linear BackwardEuler-Equation_lumped_mg_coarse_ solve converged due to CONVERGED_ITS iterations 1
            Linear BackwardEuler-Equation_lumped_mg_coarse_ solve converged due to CONVERGED_ITS iterations 1
            Linear BackwardEuler-Equation_lumped_mg_coarse_ solve converged due to CONVERGED_ITS iterations 1
            Linear BackwardEuler-Equation_lumped_mg_coarse_ solve converged due to CONVERGED_ITS iterations 1
            Linear BackwardEuler-Equation_lumped_mg_coarse_ solve converged due to CONVERGED_ITS iterations 1
            Linear BackwardEuler-Equation_lumped_mg_coarse_ solve converged due to CONVERGED_ITS iterations 1
            Linear BackwardEuler-Equation_lumped_mg_coarse_ solve converged due to CONVERGED_ITS iterations 1
            Linear BackwardEuler-Equation_lumped_mg_coarse_ solve converged due to CONVERGED_ITS iterations 1
            Linear BackwardEuler-Equation_lumped_mg_coarse_ solve converged due to CONVERGED_ITS iterations 1
      Linear BackwardEuler-Equation_ solve converged due to CONVERGED_RTOL iterations 62
  Mat Object: (BackwardEuler-Equation_) 832 MPI processes
    type: mpiaij
    rows=143769600, cols=143769600
    total: nonzeros=8024555520, allocated nonzeros=8024555520
    total number of mallocs used during MatSetValues calls=0
      has attached near null space
      using I-node (on process 0) routines: found 43680 nodes, limit used is 5
    1 SNES Function norm 2.670860013933e-08
            Linear BackwardEuler-Equation_lumped_mg_coarse_ solve converged due to CONVERGED_ITS iterations 1
            Linear BackwardEuler-Equation_lumped_mg_coarse_ solve converged due to CONVERGED_ITS iterations 1
            Linear BackwardEuler-Equation_lumped_mg_coarse_ solve converged due to CONVERGED_ITS iterations 1
            Linear BackwardEuler-Equation_lumped_mg_coarse_ solve converged due to CONVERGED_ITS iterations 1
            Linear BackwardEuler-Equation_lumped_mg_coarse_ solve converged due to CONVERGED_ITS iterations 1
            Linear BackwardEuler-Equation_lumped_mg_coarse_ solve converged due to CONVERGED_ITS iterations 1
            Linear BackwardEuler-Equation_lumped_mg_coarse_ solve converged due to CONVERGED_ITS iterations 1
            Linear BackwardEuler-Equation_lumped_mg_coarse_ solve converged due to CONVERGED_ITS iterations 1
            Linear BackwardEuler-Equation_lumped_mg_coarse_ solve converged due to CONVERGED_ITS iterations 1
            Linear BackwardEuler-Equation_lumped_mg_coarse_ solve converged due to CONVERGED_ITS iterations 1
            Linear BackwardEuler-Equation_lumped_mg_coarse_ solve converged due to CONVERGED_ITS iterations 1
            Linear BackwardEuler-Equation_lumped_mg_coarse_ solve converged due to CONVERGED_ITS iterations 1
            Linear BackwardEuler-Equation_lumped_mg_coarse_ solve converged due to CONVERGED_ITS iterations 1
            Linear BackwardEuler-Equation_lumped_mg_coarse_ solve converged due to CONVERGED_ITS iterations 1
            Linear BackwardEuler-Equation_lumped_mg_coarse_ solve converged due to CONVERGED_ITS iterations 1
            Linear BackwardEuler-Equation_lumped_mg_coarse_ solve converged due to CONVERGED_ITS iterations 1
            Linear BackwardEuler-Equation_lumped_mg_coarse_ solve converged due to CONVERGED_ITS iterations 1
            Linear BackwardEuler-Equation_lumped_mg_coarse_ solve converged due to CONVERGED_ITS iterations 1
            Linear BackwardEuler-Equation_lumped_mg_coarse_ solve converged due to CONVERGED_ITS iterations 1
            Linear BackwardEuler-Equation_lumped_mg_coarse_ solve converged due to CONVERGED_ITS iterations 1
            Linear BackwardEuler-Equation_lumped_mg_coarse_ solve converged due to CONVERGED_ITS iterations 1
            Linear BackwardEuler-Equation_lumped_mg_coarse_ solve converged due to CONVERGED_ITS iterations 1
            Linear BackwardEuler-Equation_lumped_mg_coarse_ solve converged due to CONVERGED_ITS iterations 1
            Linear BackwardEuler-Equation_lumped_mg_coarse_ solve converged due to CONVERGED_ITS iterations 1
            Linear BackwardEuler-Equation_lumped_mg_coarse_ solve converged due to CONVERGED_ITS iterations 1
            Linear BackwardEuler-Equation_lumped_mg_coarse_ solve converged due to CONVERGED_ITS iterations 1
            Linear BackwardEuler-Equation_lumped_mg_coarse_ solve converged due to CONVERGED_ITS iterations 1
            Linear BackwardEuler-Equation_lumped_mg_coarse_ solve converged due to CONVERGED_ITS iterations 1
            Linear BackwardEuler-Equation_lumped_mg_coarse_ solve converged due to CONVERGED_ITS iterations 1
            Linear BackwardEuler-Equation_lumped_mg_coarse_ solve converged due to CONVERGED_ITS iterations 1
            Linear BackwardEuler-Equation_lumped_mg_coarse_ solve converged due to CONVERGED_ITS iterations 1
            Linear BackwardEuler-Equation_lumped_mg_coarse_ solve converged due to CONVERGED_ITS iterations 1
            Linear BackwardEuler-Equation_lumped_mg_coarse_ solve converged due to CONVERGED_ITS iterations 1
            Linear BackwardEuler-Equation_lumped_mg_coarse_ solve converged due to CONVERGED_ITS iterations 1
            Linear BackwardEuler-Equation_lumped_mg_coarse_ solve converged due to CONVERGED_ITS iterations 1
            Linear BackwardEuler-Equation_lumped_mg_coarse_ solve converged due to CONVERGED_ITS iterations 1
            Linear BackwardEuler-Equation_lumped_mg_coarse_ solve converged due to CONVERGED_ITS iterations 1
            Linear BackwardEuler-Equation_lumped_mg_coarse_ solve converged due to CONVERGED_ITS iterations 1
            Linear BackwardEuler-Equation_lumped_mg_coarse_ solve converged due to CONVERGED_ITS iterations 1
            Linear BackwardEuler-Equation_lumped_mg_coarse_ solve converged due to CONVERGED_ITS iterations 1
            Linear BackwardEuler-Equation_lumped_mg_coarse_ solve converged due to CONVERGED_ITS iterations 1
            Linear BackwardEuler-Equation_lumped_mg_coarse_ solve converged due to CONVERGED_ITS iterations 1
            Linear BackwardEuler-Equation_lumped_mg_coarse_ solve converged due to CONVERGED_ITS iterations 1
            Linear BackwardEuler-Equation_lumped_mg_coarse_ solve converged due to CONVERGED_ITS iterations 1
            Linear BackwardEuler-Equation_lumped_mg_coarse_ solve converged due to CONVERGED_ITS iterations 1
            Linear BackwardEuler-Equation_lumped_mg_coarse_ solve converged due to CONVERGED_ITS iterations 1
            Linear BackwardEuler-Equation_lumped_mg_coarse_ solve converged due to CONVERGED_ITS iterations 1
            Linear BackwardEuler-Equation_lumped_mg_coarse_ solve converged due to CONVERGED_ITS iterations 1
            Linear BackwardEuler-Equation_lumped_mg_coarse_ solve converged due to CONVERGED_ITS iterations 1
            Linear BackwardEuler-Equation_lumped_mg_coarse_ solve converged due to CONVERGED_ITS iterations 1
            Linear BackwardEuler-Equation_lumped_mg_coarse_ solve converged due to CONVERGED_ITS iterations 1
            Linear BackwardEuler-Equation_lumped_mg_coarse_ solve converged due to CONVERGED_ITS iterations 1
            Linear BackwardEuler-Equation_lumped_mg_coarse_ solve converged due to CONVERGED_ITS iterations 1
            Linear BackwardEuler-Equation_lumped_mg_coarse_ solve converged due to CONVERGED_ITS iterations 1
            Linear BackwardEuler-Equation_lumped_mg_coarse_ solve converged due to CONVERGED_ITS iterations 1
            Linear BackwardEuler-Equation_lumped_mg_coarse_ solve converged due to CONVERGED_ITS iterations 1
            Linear BackwardEuler-Equation_lumped_mg_coarse_ solve converged due to CONVERGED_ITS iterations 1
            Linear BackwardEuler-Equation_lumped_mg_coarse_ solve converged due to CONVERGED_ITS iterations 1
            Linear BackwardEuler-Equation_lumped_mg_coarse_ solve converged due to CONVERGED_ITS iterations 1
            Linear BackwardEuler-Equation_lumped_mg_coarse_ solve converged due to CONVERGED_ITS iterations 1
            Linear BackwardEuler-Equation_lumped_mg_coarse_ solve converged due to CONVERGED_ITS iterations 1
            Linear BackwardEuler-Equation_lumped_mg_coarse_ solve converged due to CONVERGED_ITS iterations 1
            Linear BackwardEuler-Equation_lumped_mg_coarse_ solve converged due to CONVERGED_ITS iterations 1
            Linear BackwardEuler-Equation_lumped_mg_coarse_ solve converged due to CONVERGED_ITS iterations 1
      Linear BackwardEuler-Equation_ solve converged due to CONVERGED_RTOL iterations 64
  Mat Object: (BackwardEuler-Equation_) 832 MPI processes
    type: mpiaij
    rows=143769600, cols=143769600
    total: nonzeros=8024555520, allocated nonzeros=8024555520
    total number of mallocs used during MatSetValues calls=0
      has attached near null space
      using I-node (on process 0) routines: found 43680 nodes, limit used is 5
    2 SNES Function norm 7.143161461974e-11
    Nonlinear BackwardEuler-Equation_ solve converged due to CONVERGED_FNORM_ABS iterations 2
  SNES Object: (BackwardEuler-Equation_) 832 MPI processes
    type: newtonls
    maximum iterations=50, maximum function evaluations=10000
    tolerances: relative=1e-08, absolute=1e-08, solution=1e-08
    total number of linear solver iterations=126
    total number of function evaluations=3
    norm schedule ALWAYS
    SNESLineSearch Object: (BackwardEuler-Equation_) 832 MPI processes
      type: bt
        interpolation: cubic
        alpha=1.000000e-04
      maxlambda=1.000000e+00, minlambda=1.000000e-12
      tolerances: relative=1.000000e-08, absolute=1.000000e-15, lambda=1.000000e-08
      maximum iterations=40
    KSP Object: (BackwardEuler-Equation_) 832 MPI processes
      type: fgmres
        restart=30, using classical (unmodified) Gram-Schmidt orthogonalization with no iterative refinement
        happy breakdown tolerance=1e-30
      maximum iterations=200, initial guess is zero
      tolerances: relative=1e-06, absolute=1e-50, divergence=10000.
      right preconditioning
      using UNPRECONDITIONED norm type for convergence test
    PC Object: (BackwardEuler-Equation_) 832 MPI processes
      type: python
        Python: solvers.vlumping.VerticallyLumpedPC
      Firedrake custom preconditioner VerticallyLumpedPC
        Vertically lumped MG: collapses vertical dimension on coarse level (cf. Kramer et al. 2010)
        PC Object: (BackwardEuler-Equation_lumped_) 832 MPI processes
          type: mg
            type is MULTIPLICATIVE, levels=2 cycles=v
              Cycles per PCApply=1
              Using Galerkin computed coarse grid matrices
          Coarse grid solver -- level 0 -------------------------------
            KSP Object: (BackwardEuler-Equation_lumped_mg_coarse_) 832 MPI processes
              type: preonly
              maximum iterations=10000, initial guess is zero
              tolerances: relative=1e-05, absolute=1e-50, divergence=10000.
              left preconditioning
              not checking for convergence
            PC Object: (BackwardEuler-Equation_lumped_mg_coarse_) 832 MPI processes
              type: lu
                out-of-place factorization
                tolerance for zero pivot 2.22045e-14
                matrix ordering: external
                factor fill ratio given 0., needed 0.
                  Factored matrix:
                    Mat Object: (BackwardEuler-Equation_lumped_mg_coarse_) 832 MPI processes
                      type: mumps
                      rows=230400, cols=230400
                      package used to perform factorization: mumps
                      total: nonzeros=53788864, allocated nonzeros=53788864
                        MUMPS run parameters:
                          Use -BackwardEuler-Equation_lumped_mg_coarse_ksp_view ::ascii_info_detail to display information for all processes
                          RINFOG(1) (global estimated flops for the elimination after analysis): 2.26775e+10
                          RINFOG(2) (global estimated flops for the assembly after factorization): 8.43506e+07
                          RINFOG(3) (global estimated flops for the elimination after factorization): 2.26775e+10
                          (RINFOG(12) RINFOG(13))*2^INFOG(34) (determinant): (0.,0.)*(2^0)
                          INFOG(3) (estimated real workspace for factors on all processors after analysis): 156221480
                          INFOG(4) (estimated integer workspace for factors on all processors after analysis): 3409438
                          INFOG(5) (estimated maximum front size in the complete tree): 1668
                          INFOG(6) (number of nodes in the complete tree): 12616
                          INFOG(7) (ordering option effectively used after analysis): 5
                          INFOG(8) (structural symmetry in percent of the permuted matrix after analysis): -1
                          INFOG(9) (total real/complex workspace to store the matrix factors after factorization): 53788864
                          INFOG(10) (total integer space store the matrix factors after factorization): 2983281
                          INFOG(11) (order of largest frontal matrix after factorization): 1668
                          INFOG(12) (number of off-diagonal pivots): 0
                          INFOG(13) (number of delayed pivots after factorization): 0
                          INFOG(14) (number of memory compress after factorization): 0
                          INFOG(15) (number of steps of iterative refinement after solution): 0
                          INFOG(16) (estimated size (in MB) of all MUMPS internal data for factorization after analysis: value on the most memory consuming processor): 296
                          INFOG(17) (estimated size of all MUMPS internal data for factorization after analysis: sum over all processors): 231120
                          INFOG(18) (size of all MUMPS internal data allocated during factorization: value on the most memory consuming processor): 296
                          INFOG(19) (size of all MUMPS internal data allocated during factorization: sum over all processors): 231068
                          INFOG(20) (estimated number of entries in the factors): 53788864
                          INFOG(21) (size in MB of memory effectively used during factorization - value on the most memory consuming processor): 286
                          INFOG(22) (size in MB of memory effectively used during factorization - sum over all processors): 225282
                          INFOG(23) (after analysis: value of ICNTL(6) effectively used): 0
                          INFOG(24) (after analysis: value of ICNTL(12) effectively used): 1
                          INFOG(25) (after factorization: number of pivots modified by static pivoting): 0
                          INFOG(28) (after factorization: number of null pivots encountered): 0
                          INFOG(29) (after factorization: effective number of entries in the factors (sum over all processors)): 53788864
                          INFOG(30, 31) (after solution: size in Mbytes of memory used during solution phase): 55, 29409
                          INFOG(32) (after analysis: type of analysis done): 1
                          INFOG(33) (value used for ICNTL(8)): 7
                          INFOG(34) (exponent of the determinant if determinant is requested): 0
                          INFOG(35) (after factorization: number of entries taking into account BLR factor compression - sum over all processors): 53788864
                          INFOG(36) (after analysis: estimated size of all MUMPS internal data for running BLR in-core - value on the most memory consuming processor): 0
                          INFOG(37) (after analysis: estimated size of all MUMPS internal data for running BLR in-core - sum over all processors): 0
                          INFOG(38) (after analysis: estimated size of all MUMPS internal data for running BLR out-of-core - value on the most memory consuming processor): 0
                          INFOG(39) (after analysis: estimated size of all MUMPS internal data for running BLR out-of-core - sum over all processors): 0
              linear system matrix, which is also used to construct the preconditioner:
              Mat Object: 832 MPI processes
                type: mpiaij
                rows=230400, cols=230400
                total: nonzeros=4592640, allocated nonzeros=4592640
                total number of mallocs used during MatSetValues calls=0
                  using nonscalable MatPtAP() implementation
                  using I-node (on process 0) routines: found 70 nodes, limit used is 5
          Down solver (pre-smoother) on level 1 -------------------------------
            KSP Object: (BackwardEuler-Equation_lumped_mg_levels_1_) 832 MPI processes
              type: chebyshev
                Chebyshev polynomial of first kind
                eigenvalue targets used: min 0.178811, max 1.96693
                eigenvalues estimated via gmres: min 0.0298667, max 1.78811
                eigenvalues estimated using gmres with transform: [0. 0.1; 0. 1.1]
                KSP Object: (BackwardEuler-Equation_lumped_mg_levels_1_esteig_) 832 MPI processes
                  type: gmres
                    restart=30, using classical (unmodified) Gram-Schmidt orthogonalization with no iterative refinement
                    happy breakdown tolerance=1e-30
                  maximum iterations=10, initial guess is zero
                  tolerances: relative=1e-12, absolute=1e-50, divergence=10000.
                  left preconditioning
                  using PRECONDITIONED norm type for convergence test
                estimating eigenvalues using a noisy random number generated right-hand side
              maximum iterations=2, nonzero initial guess
              tolerances: relative=1e-05, absolute=1e-50, divergence=10000.
              left preconditioning
              not checking for convergence
            PC Object: (BackwardEuler-Equation_lumped_mg_levels_1_) 832 MPI processes
              type: sor
                type = local_symmetric, iterations = 1, local iterations = 1, omega = 1.
              linear system matrix, which is also used to construct the preconditioner:
              Mat Object: (BackwardEuler-Equation_) 832 MPI processes
                type: mpiaij
                rows=143769600, cols=143769600
                total: nonzeros=8024555520, allocated nonzeros=8024555520
                total number of mallocs used during MatSetValues calls=0
                  has attached near null space
                  using I-node (on process 0) routines: found 43680 nodes, limit used is 5
          Up solver (post-smoother) same as down solver (pre-smoother)
          linear system matrix, which is also used to construct the preconditioner:
          Mat Object: (BackwardEuler-Equation_) 832 MPI processes
            type: mpiaij
            rows=143769600, cols=143769600
            total: nonzeros=8024555520, allocated nonzeros=8024555520
            total number of mallocs used during MatSetValues calls=0
              has attached near null space
              using I-node (on process 0) routines: found 43680 nodes, limit used is 5
        linear system matrix, which is also used to construct the preconditioner:
        Mat Object: (BackwardEuler-Equation_) 832 MPI processes
          type: mpiaij
          rows=143769600, cols=143769600
          total: nonzeros=8024555520, allocated nonzeros=8024555520
          total number of mallocs used during MatSetValues calls=0
            has attached near null space
            using I-node (on process 0) routines: found 43680 nodes, limit used is 5
t = 600.00 s | step 2/30 | wall 61.46 s | NL 2 | L 126
      0 SNES Function norm 5.996464271582e-07
              Linear BackwardEuler-Equation_lumped_mg_coarse_ solve converged due to CONVERGED_ITS iterations 1
              Linear BackwardEuler-Equation_lumped_mg_coarse_ solve converged due to CONVERGED_ITS iterations 1
              Linear BackwardEuler-Equation_lumped_mg_coarse_ solve converged due to CONVERGED_ITS iterations 1
              Linear BackwardEuler-Equation_lumped_mg_coarse_ solve converged due to CONVERGED_ITS iterations 1
              Linear BackwardEuler-Equation_lumped_mg_coarse_ solve converged due to CONVERGED_ITS iterations 1
              Linear BackwardEuler-Equation_lumped_mg_coarse_ solve converged due to CONVERGED_ITS iterations 1
              Linear BackwardEuler-Equation_lumped_mg_coarse_ solve converged due to CONVERGED_ITS iterations 1
              Linear BackwardEuler-Equation_lumped_mg_coarse_ solve converged due to CONVERGED_ITS iterations 1
              Linear BackwardEuler-Equation_lumped_mg_coarse_ solve converged due to CONVERGED_ITS iterations 1
              Linear BackwardEuler-Equation_lumped_mg_coarse_ solve converged due to CONVERGED_ITS iterations 1
              Linear BackwardEuler-Equation_lumped_mg_coarse_ solve converged due to CONVERGED_ITS iterations 1
              Linear BackwardEuler-Equation_lumped_mg_coarse_ solve converged due to CONVERGED_ITS iterations 1
              Linear BackwardEuler-Equation_lumped_mg_coarse_ solve converged due to CONVERGED_ITS iterations 1
              Linear BackwardEuler-Equation_lumped_mg_coarse_ solve converged due to CONVERGED_ITS iterations 1
              Linear BackwardEuler-Equation_lumped_mg_coarse_ solve converged due to CONVERGED_ITS iterations 1
              Linear BackwardEuler-Equation_lumped_mg_coarse_ solve converged due to CONVERGED_ITS iterations 1
              Linear BackwardEuler-Equation_lumped_mg_coarse_ solve converged due to CONVERGED_ITS iterations 1
              Linear BackwardEuler-Equation_lumped_mg_coarse_ solve converged due to CONVERGED_ITS iterations 1
              Linear BackwardEuler-Equation_lumped_mg_coarse_ solve converged due to CONVERGED_ITS iterations 1
              Linear BackwardEuler-Equation_lumped_mg_coarse_ solve converged due to CONVERGED_ITS iterations 1
              Linear BackwardEuler-Equation_lumped_mg_coarse_ solve converged due to CONVERGED_ITS iterations 1
              Linear BackwardEuler-Equation_lumped_mg_coarse_ solve converged due to CONVERGED_ITS iterations 1
              Linear BackwardEuler-Equation_lumped_mg_coarse_ solve converged due to CONVERGED_ITS iterations 1
              Linear BackwardEuler-Equation_lumped_mg_coarse_ solve converged due to CONVERGED_ITS iterations 1
              Linear BackwardEuler-Equation_lumped_mg_coarse_ solve converged due to CONVERGED_ITS iterations 1
              Linear BackwardEuler-Equation_lumped_mg_coarse_ solve converged due to CONVERGED_ITS iterations 1
              Linear BackwardEuler-Equation_lumped_mg_coarse_ solve converged due to CONVERGED_ITS iterations 1
              Linear BackwardEuler-Equation_lumped_mg_coarse_ solve converged due to CONVERGED_ITS iterations 1
              Linear BackwardEuler-Equation_lumped_mg_coarse_ solve converged due to CONVERGED_ITS iterations 1
              Linear BackwardEuler-Equation_lumped_mg_coarse_ solve converged due to CONVERGED_ITS iterations 1
              Linear BackwardEuler-Equation_lumped_mg_coarse_ solve converged due to CONVERGED_ITS iterations 1
              Linear BackwardEuler-Equation_lumped_mg_coarse_ solve converged due to CONVERGED_ITS iterations 1
              Linear BackwardEuler-Equation_lumped_mg_coarse_ solve converged due to CONVERGED_ITS iterations 1
              Linear BackwardEuler-Equation_lumped_mg_coarse_ solve converged due to CONVERGED_ITS iterations 1
              Linear BackwardEuler-Equation_lumped_mg_coarse_ solve converged due to CONVERGED_ITS iterations 1
              Linear BackwardEuler-Equation_lumped_mg_coarse_ solve converged due to CONVERGED_ITS iterations 1
              Linear BackwardEuler-Equation_lumped_mg_coarse_ solve converged due to CONVERGED_ITS iterations 1
              Linear BackwardEuler-Equation_lumped_mg_coarse_ solve converged due to CONVERGED_ITS iterations 1
              Linear BackwardEuler-Equation_lumped_mg_coarse_ solve converged due to CONVERGED_ITS iterations 1
              Linear BackwardEuler-Equation_lumped_mg_coarse_ solve converged due to CONVERGED_ITS iterations 1
              Linear BackwardEuler-Equation_lumped_mg_coarse_ solve converged due to CONVERGED_ITS iterations 1
              Linear BackwardEuler-Equation_lumped_mg_coarse_ solve converged due to CONVERGED_ITS iterations 1
              Linear BackwardEuler-Equation_lumped_mg_coarse_ solve converged due to CONVERGED_ITS iterations 1
              Linear BackwardEuler-Equation_lumped_mg_coarse_ solve converged due to CONVERGED_ITS iterations 1
              Linear BackwardEuler-Equation_lumped_mg_coarse_ solve converged due to CONVERGED_ITS iterations 1
              Linear BackwardEuler-Equation_lumped_mg_coarse_ solve converged due to CONVERGED_ITS iterations 1
              Linear BackwardEuler-Equation_lumped_mg_coarse_ solve converged due to CONVERGED_ITS iterations 1
              Linear BackwardEuler-Equation_lumped_mg_coarse_ solve converged due to CONVERGED_ITS iterations 1
              Linear BackwardEuler-Equation_lumped_mg_coarse_ solve converged due to CONVERGED_ITS iterations 1
              Linear BackwardEuler-Equation_lumped_mg_coarse_ solve converged due to CONVERGED_ITS iterations 1
              Linear BackwardEuler-Equation_lumped_mg_coarse_ solve converged due to CONVERGED_ITS iterations 1
              Linear BackwardEuler-Equation_lumped_mg_coarse_ solve converged due to CONVERGED_ITS iterations 1
              Linear BackwardEuler-Equation_lumped_mg_coarse_ solve converged due to CONVERGED_ITS iterations 1
              Linear BackwardEuler-Equation_lumped_mg_coarse_ solve converged due to CONVERGED_ITS iterations 1
              Linear BackwardEuler-Equation_lumped_mg_coarse_ solve converged due to CONVERGED_ITS iterations 1
              Linear BackwardEuler-Equation_lumped_mg_coarse_ solve converged due to CONVERGED_ITS iterations 1
              Linear BackwardEuler-Equation_lumped_mg_coarse_ solve converged due to CONVERGED_ITS iterations 1
              Linear BackwardEuler-Equation_lumped_mg_coarse_ solve converged due to CONVERGED_ITS iterations 1
              Linear BackwardEuler-Equation_lumped_mg_coarse_ solve converged due to CONVERGED_ITS iterations 1
              Linear BackwardEuler-Equation_lumped_mg_coarse_ solve converged due to CONVERGED_ITS iterations 1
              Linear BackwardEuler-Equation_lumped_mg_coarse_ solve converged due to CONVERGED_ITS iterations 1
              Linear BackwardEuler-Equation_lumped_mg_coarse_ solve converged due to CONVERGED_ITS iterations 1
              Linear BackwardEuler-Equation_lumped_mg_coarse_ solve converged due to CONVERGED_ITS iterations 1
        Linear BackwardEuler-Equation_ solve converged due to CONVERGED_RTOL iterations 63
    Mat Object: (BackwardEuler-Equation_) 832 MPI processes
      type: mpiaij
      rows=143769600, cols=143769600
      total: nonzeros=8024555520, allocated nonzeros=8024555520
      total number of mallocs used during MatSetValues calls=0
        has attached near null space
        using I-node (on process 0) routines: found 43680 nodes, limit used is 5
      1 SNES Function norm 1.691516602404e-08
              Linear BackwardEuler-Equation_lumped_mg_coarse_ solve converged due to CONVERGED_ITS iterations 1
              Linear BackwardEuler-Equation_lumped_mg_coarse_ solve converged due to CONVERGED_ITS iterations 1
              Linear BackwardEuler-Equation_lumped_mg_coarse_ solve converged due to CONVERGED_ITS iterations 1
              Linear BackwardEuler-Equation_lumped_mg_coarse_ solve converged due to CONVERGED_ITS iterations 1
              Linear BackwardEuler-Equation_lumped_mg_coarse_ solve converged due to CONVERGED_ITS iterations 1
              Linear BackwardEuler-Equation_lumped_mg_coarse_ solve converged due to CONVERGED_ITS iterations 1
              Linear BackwardEuler-Equation_lumped_mg_coarse_ solve converged due to CONVERGED_ITS iterations 1
              Linear BackwardEuler-Equation_lumped_mg_coarse_ solve converged due to CONVERGED_ITS iterations 1
              Linear BackwardEuler-Equation_lumped_mg_coarse_ solve converged due to CONVERGED_ITS iterations 1
              Linear BackwardEuler-Equation_lumped_mg_coarse_ solve converged due to CONVERGED_ITS iterations 1
              Linear BackwardEuler-Equation_lumped_mg_coarse_ solve converged due to CONVERGED_ITS iterations 1
              Linear BackwardEuler-Equation_lumped_mg_coarse_ solve converged due to CONVERGED_ITS iterations 1
              Linear BackwardEuler-Equation_lumped_mg_coarse_ solve converged due to CONVERGED_ITS iterations 1
              Linear BackwardEuler-Equation_lumped_mg_coarse_ solve converged due to CONVERGED_ITS iterations 1
              Linear BackwardEuler-Equation_lumped_mg_coarse_ solve converged due to CONVERGED_ITS iterations 1
              Linear BackwardEuler-Equation_lumped_mg_coarse_ solve converged due to CONVERGED_ITS iterations 1
              Linear BackwardEuler-Equation_lumped_mg_coarse_ solve converged due to CONVERGED_ITS iterations 1
              Linear BackwardEuler-Equation_lumped_mg_coarse_ solve converged due to CONVERGED_ITS iterations 1
              Linear BackwardEuler-Equation_lumped_mg_coarse_ solve converged due to CONVERGED_ITS iterations 1
              Linear BackwardEuler-Equation_lumped_mg_coarse_ solve converged due to CONVERGED_ITS iterations 1
              Linear BackwardEuler-Equation_lumped_mg_coarse_ solve converged due to CONVERGED_ITS iterations 1
              Linear BackwardEuler-Equation_lumped_mg_coarse_ solve converged due to CONVERGED_ITS iterations 1
              Linear BackwardEuler-Equation_lumped_mg_coarse_ solve converged due to CONVERGED_ITS iterations 1
              Linear BackwardEuler-Equation_lumped_mg_coarse_ solve converged due to CONVERGED_ITS iterations 1
              Linear BackwardEuler-Equation_lumped_mg_coarse_ solve converged due to CONVERGED_ITS iterations 1
              Linear BackwardEuler-Equation_lumped_mg_coarse_ solve converged due to CONVERGED_ITS iterations 1
              Linear BackwardEuler-Equation_lumped_mg_coarse_ solve converged due to CONVERGED_ITS iterations 1
              Linear BackwardEuler-Equation_lumped_mg_coarse_ solve converged due to CONVERGED_ITS iterations 1
              Linear BackwardEuler-Equation_lumped_mg_coarse_ solve converged due to CONVERGED_ITS iterations 1
              Linear BackwardEuler-Equation_lumped_mg_coarse_ solve converged due to CONVERGED_ITS iterations 1
              Linear BackwardEuler-Equation_lumped_mg_coarse_ solve converged due to CONVERGED_ITS iterations 1
              Linear BackwardEuler-Equation_lumped_mg_coarse_ solve converged due to CONVERGED_ITS iterations 1
              Linear BackwardEuler-Equation_lumped_mg_coarse_ solve converged due to CONVERGED_ITS iterations 1
              Linear BackwardEuler-Equation_lumped_mg_coarse_ solve converged due to CONVERGED_ITS iterations 1
              Linear BackwardEuler-Equation_lumped_mg_coarse_ solve converged due to CONVERGED_ITS iterations 1
              Linear BackwardEuler-Equation_lumped_mg_coarse_ solve converged due to CONVERGED_ITS iterations 1
              Linear BackwardEuler-Equation_lumped_mg_coarse_ solve converged due to CONVERGED_ITS iterations 1
              Linear BackwardEuler-Equation_lumped_mg_coarse_ solve converged due to CONVERGED_ITS iterations 1
              Linear BackwardEuler-Equation_lumped_mg_coarse_ solve converged due to CONVERGED_ITS iterations 1
              Linear BackwardEuler-Equation_lumped_mg_coarse_ solve converged due to CONVERGED_ITS iterations 1
              Linear BackwardEuler-Equation_lumped_mg_coarse_ solve converged due to CONVERGED_ITS iterations 1
              Linear BackwardEuler-Equation_lumped_mg_coarse_ solve converged due to CONVERGED_ITS iterations 1
              Linear BackwardEuler-Equation_lumped_mg_coarse_ solve converged due to CONVERGED_ITS iterations 1
              Linear BackwardEuler-Equation_lumped_mg_coarse_ solve converged due to CONVERGED_ITS iterations 1
              Linear BackwardEuler-Equation_lumped_mg_coarse_ solve converged due to CONVERGED_ITS iterations 1
              Linear BackwardEuler-Equation_lumped_mg_coarse_ solve converged due to CONVERGED_ITS iterations 1
              Linear BackwardEuler-Equation_lumped_mg_coarse_ solve converged due to CONVERGED_ITS iterations 1
              Linear BackwardEuler-Equation_lumped_mg_coarse_ solve converged due to CONVERGED_ITS iterations 1
              Linear BackwardEuler-Equation_lumped_mg_coarse_ solve converged due to CONVERGED_ITS iterations 1
              Linear BackwardEuler-Equation_lumped_mg_coarse_ solve converged due to CONVERGED_ITS iterations 1
              Linear BackwardEuler-Equation_lumped_mg_coarse_ solve converged due to CONVERGED_ITS iterations 1
              Linear BackwardEuler-Equation_lumped_mg_coarse_ solve converged due to CONVERGED_ITS iterations 1
              Linear BackwardEuler-Equation_lumped_mg_coarse_ solve converged due to CONVERGED_ITS iterations 1
              Linear BackwardEuler-Equation_lumped_mg_coarse_ solve converged due to CONVERGED_ITS iterations 1
              Linear BackwardEuler-Equation_lumped_mg_coarse_ solve converged due to CONVERGED_ITS iterations 1
              Linear BackwardEuler-Equation_lumped_mg_coarse_ solve converged due to CONVERGED_ITS iterations 1
              Linear BackwardEuler-Equation_lumped_mg_coarse_ solve converged due to CONVERGED_ITS iterations 1
              Linear BackwardEuler-Equation_lumped_mg_coarse_ solve converged due to CONVERGED_ITS iterations 1
              Linear BackwardEuler-Equation_lumped_mg_coarse_ solve converged due to CONVERGED_ITS iterations 1
              Linear BackwardEuler-Equation_lumped_mg_coarse_ solve converged due to CONVERGED_ITS iterations 1
              Linear BackwardEuler-Equation_lumped_mg_coarse_ solve converged due to CONVERGED_ITS iterations 1
              Linear BackwardEuler-Equation_lumped_mg_coarse_ solve converged due to CONVERGED_ITS iterations 1
              Linear BackwardEuler-Equation_lumped_mg_coarse_ solve converged due to CONVERGED_ITS iterations 1
              Linear BackwardEuler-Equation_lumped_mg_coarse_ solve converged due to CONVERGED_ITS iterations 1
              Linear BackwardEuler-Equation_lumped_mg_coarse_ solve converged due to CONVERGED_ITS iterations 1
        Linear BackwardEuler-Equation_ solve converged due to CONVERGED_RTOL iterations 65
    Mat Object: (BackwardEuler-Equation_) 832 MPI processes
      type: mpiaij
      rows=143769600, cols=143769600
      total: nonzeros=8024555520, allocated nonzeros=8024555520
      total number of mallocs used during MatSetValues calls=0
        has attached near null space
        using I-node (on process 0) routines: found 43680 nodes, limit used is 5
      2 SNES Function norm 2.560496750302e-11
      Nonlinear BackwardEuler-Equation_ solve converged due to CONVERGED_FNORM_ABS iterations 2
    SNES Object: (BackwardEuler-Equation_) 832 MPI processes
      type: newtonls
      maximum iterations=50, maximum function evaluations=10000
      tolerances: relative=1e-08, absolute=1e-08, solution=1e-08
      total number of linear solver iterations=128
      total number of function evaluations=3
      norm schedule ALWAYS
      SNESLineSearch Object: (BackwardEuler-Equation_) 832 MPI processes
        type: bt
          interpolation: cubic
          alpha=1.000000e-04
        maxlambda=1.000000e+00, minlambda=1.000000e-12
        tolerances: relative=1.000000e-08, absolute=1.000000e-15, lambda=1.000000e-08
        maximum iterations=40
      KSP Object: (BackwardEuler-Equation_) 832 MPI processes
        type: fgmres
          restart=30, using classical (unmodified) Gram-Schmidt orthogonalization with no iterative refinement
          happy breakdown tolerance=1e-30
        maximum iterations=200, initial guess is zero
        tolerances: relative=1e-06, absolute=1e-50, divergence=10000.
        right preconditioning
        using UNPRECONDITIONED norm type for convergence test
      PC Object: (BackwardEuler-Equation_) 832 MPI processes
        type: python
          Python: solvers.vlumping.VerticallyLumpedPC
        Firedrake custom preconditioner VerticallyLumpedPC
          Vertically lumped MG: collapses vertical dimension on coarse level (cf. Kramer et al. 2010)
          PC Object: (BackwardEuler-Equation_lumped_) 832 MPI processes
            type: mg
              type is MULTIPLICATIVE, levels=2 cycles=v
                Cycles per PCApply=1
                Using Galerkin computed coarse grid matrices
            Coarse grid solver -- level 0 -------------------------------
              KSP Object: (BackwardEuler-Equation_lumped_mg_coarse_) 832 MPI processes
                type: preonly
                maximum iterations=10000, initial guess is zero
                tolerances: relative=1e-05, absolute=1e-50, divergence=10000.
                left preconditioning
                not checking for convergence
              PC Object: (BackwardEuler-Equation_lumped_mg_coarse_) 832 MPI processes
                type: lu
                  out-of-place factorization
                  tolerance for zero pivot 2.22045e-14
                  matrix ordering: external
                  factor fill ratio given 0., needed 0.
                    Factored matrix:
                      Mat Object: (BackwardEuler-Equation_lumped_mg_coarse_) 832 MPI processes
                        type: mumps
                        rows=230400, cols=230400
                        package used to perform factorization: mumps
                        total: nonzeros=53788864, allocated nonzeros=53788864
                          MUMPS run parameters:
                            Use -BackwardEuler-Equation_lumped_mg_coarse_ksp_view ::ascii_info_detail to display information for all processes
                            RINFOG(1) (global estimated flops for the elimination after analysis): 2.26775e+10
                            RINFOG(2) (global estimated flops for the assembly after factorization): 8.43506e+07
                            RINFOG(3) (global estimated flops for the elimination after factorization): 2.26775e+10
                            (RINFOG(12) RINFOG(13))*2^INFOG(34) (determinant): (0.,0.)*(2^0)
                            INFOG(3) (estimated real workspace for factors on all processors after analysis): 156221480
                            INFOG(4) (estimated integer workspace for factors on all processors after analysis): 3409438
                            INFOG(5) (estimated maximum front size in the complete tree): 1668
                            INFOG(6) (number of nodes in the complete tree): 12616
                            INFOG(7) (ordering option effectively used after analysis): 5
                            INFOG(8) (structural symmetry in percent of the permuted matrix after analysis): -1
                            INFOG(9) (total real/complex workspace to store the matrix factors after factorization): 53788864
                            INFOG(10) (total integer space store the matrix factors after factorization): 2983281
                            INFOG(11) (order of largest frontal matrix after factorization): 1668
                            INFOG(12) (number of off-diagonal pivots): 0
                            INFOG(13) (number of delayed pivots after factorization): 0
                            INFOG(14) (number of memory compress after factorization): 0
                            INFOG(15) (number of steps of iterative refinement after solution): 0
                            INFOG(16) (estimated size (in MB) of all MUMPS internal data for factorization after analysis: value on the most memory consuming processor): 296
                            INFOG(17) (estimated size of all MUMPS internal data for factorization after analysis: sum over all processors): 231120
                            INFOG(18) (size of all MUMPS internal data allocated during factorization: value on the most memory consuming processor): 296
                            INFOG(19) (size of all MUMPS internal data allocated during factorization: sum over all processors): 231068
                            INFOG(20) (estimated number of entries in the factors): 53788864
                            INFOG(21) (size in MB of memory effectively used during factorization - value on the most memory consuming processor): 286
                            INFOG(22) (size in MB of memory effectively used during factorization - sum over all processors): 225277
                            INFOG(23) (after analysis: value of ICNTL(6) effectively used): 0
                            INFOG(24) (after analysis: value of ICNTL(12) effectively used): 1
                            INFOG(25) (after factorization: number of pivots modified by static pivoting): 0
                            INFOG(28) (after factorization: number of null pivots encountered): 0
                            INFOG(29) (after factorization: effective number of entries in the factors (sum over all processors)): 53788864
                            INFOG(30, 31) (after solution: size in Mbytes of memory used during solution phase): 55, 29409
                            INFOG(32) (after analysis: type of analysis done): 1
                            INFOG(33) (value used for ICNTL(8)): 7
                            INFOG(34) (exponent of the determinant if determinant is requested): 0
                            INFOG(35) (after factorization: number of entries taking into account BLR factor compression - sum over all processors): 53788864
                            INFOG(36) (after analysis: estimated size of all MUMPS internal data for running BLR in-core - value on the most memory consuming processor): 0
                            INFOG(37) (after analysis: estimated size of all MUMPS internal data for running BLR in-core - sum over all processors): 0
                            INFOG(38) (after analysis: estimated size of all MUMPS internal data for running BLR out-of-core - value on the most memory consuming processor): 0
                            INFOG(39) (after analysis: estimated size of all MUMPS internal data for running BLR out-of-core - sum over all processors): 0
                linear system matrix, which is also used to construct the preconditioner:
                Mat Object: 832 MPI processes
                  type: mpiaij
                  rows=230400, cols=230400
                  total: nonzeros=4592640, allocated nonzeros=4592640
                  total number of mallocs used during MatSetValues calls=0
                    using nonscalable MatPtAP() implementation
                    using I-node (on process 0) routines: found 70 nodes, limit used is 5
            Down solver (pre-smoother) on level 1 -------------------------------
              KSP Object: (BackwardEuler-Equation_lumped_mg_levels_1_) 832 MPI processes
                type: chebyshev
                  Chebyshev polynomial of first kind
                  eigenvalue targets used: min 0.178812, max 1.96693
                  eigenvalues estimated via gmres: min 0.0298678, max 1.78812
                  eigenvalues estimated using gmres with transform: [0. 0.1; 0. 1.1]
                  KSP Object: (BackwardEuler-Equation_lumped_mg_levels_1_esteig_) 832 MPI processes
                    type: gmres
                      restart=30, using classical (unmodified) Gram-Schmidt orthogonalization with no iterative refinement
                      happy breakdown tolerance=1e-30
                    maximum iterations=10, initial guess is zero
                    tolerances: relative=1e-12, absolute=1e-50, divergence=10000.
                    left preconditioning
                    using PRECONDITIONED norm type for convergence test
                  estimating eigenvalues using a noisy random number generated right-hand side
                maximum iterations=2, nonzero initial guess
                tolerances: relative=1e-05, absolute=1e-50, divergence=10000.
                left preconditioning
                not checking for convergence
              PC Object: (BackwardEuler-Equation_lumped_mg_levels_1_) 832 MPI processes
                type: sor
                  type = local_symmetric, iterations = 1, local iterations = 1, omega = 1.
                linear system matrix, which is also used to construct the preconditioner:
                Mat Object: (BackwardEuler-Equation_) 832 MPI processes
                  type: mpiaij
                  rows=143769600, cols=143769600
                  total: nonzeros=8024555520, allocated nonzeros=8024555520
                  total number of mallocs used during MatSetValues calls=0
                    has attached near null space
                    using I-node (on process 0) routines: found 43680 nodes, limit used is 5
            Up solver (post-smoother) same as down solver (pre-smoother)
            linear system matrix, which is also used to construct the preconditioner:
            Mat Object: (BackwardEuler-Equation_) 832 MPI processes
              type: mpiaij
              rows=143769600, cols=143769600
              total: nonzeros=8024555520, allocated nonzeros=8024555520
              total number of mallocs used during MatSetValues calls=0
                has attached near null space
                using I-node (on process 0) routines: found 43680 nodes, limit used is 5
          linear system matrix, which is also used to construct the preconditioner:
          Mat Object: (BackwardEuler-Equation_) 832 MPI processes
            type: mpiaij
            rows=143769600, cols=143769600
            total: nonzeros=8024555520, allocated nonzeros=8024555520
            total number of mallocs used during MatSetValues calls=0
              has attached near null space
              using I-node (on process 0) routines: found 43680 nodes, limit used is 5
t = 900.00 s | step 3/30 | wall 61.79 s | NL 2 | L 128
        0 SNES Function norm 5.477408302080e-07
                Linear BackwardEuler-Equation_lumped_mg_coarse_ solve converged due to CONVERGED_ITS iterations 1
                Linear BackwardEuler-Equation_lumped_mg_coarse_ solve converged due to CONVERGED_ITS iterations 1
                Linear BackwardEuler-Equation_lumped_mg_coarse_ solve converged due to CONVERGED_ITS iterations 1
                Linear BackwardEuler-Equation_lumped_mg_coarse_ solve converged due to CONVERGED_ITS iterations 1
                Linear BackwardEuler-Equation_lumped_mg_coarse_ solve converged due to CONVERGED_ITS iterations 1
                Linear BackwardEuler-Equation_lumped_mg_coarse_ solve converged due to CONVERGED_ITS iterations 1
                Linear BackwardEuler-Equation_lumped_mg_coarse_ solve converged due to CONVERGED_ITS iterations 1
                Linear BackwardEuler-Equation_lumped_mg_coarse_ solve converged due to CONVERGED_ITS iterations 1
                Linear BackwardEuler-Equation_lumped_mg_coarse_ solve converged due to CONVERGED_ITS iterations 1
                Linear BackwardEuler-Equation_lumped_mg_coarse_ solve converged due to CONVERGED_ITS iterations 1
                Linear BackwardEuler-Equation_lumped_mg_coarse_ solve converged due to CONVERGED_ITS iterations 1
                Linear BackwardEuler-Equation_lumped_mg_coarse_ solve converged due to CONVERGED_ITS iterations 1
                Linear BackwardEuler-Equation_lumped_mg_coarse_ solve converged due to CONVERGED_ITS iterations 1
                Linear BackwardEuler-Equation_lumped_mg_coarse_ solve converged due to CONVERGED_ITS iterations 1
                Linear BackwardEuler-Equation_lumped_mg_coarse_ solve converged due to CONVERGED_ITS iterations 1
                Linear BackwardEuler-Equation_lumped_mg_coarse_ solve converged due to CONVERGED_ITS iterations 1
                Linear BackwardEuler-Equation_lumped_mg_coarse_ solve converged due to CONVERGED_ITS iterations 1
                Linear BackwardEuler-Equation_lumped_mg_coarse_ solve converged due to CONVERGED_ITS iterations 1
                Linear BackwardEuler-Equation_lumped_mg_coarse_ solve converged due to CONVERGED_ITS iterations 1
                Linear BackwardEuler-Equation_lumped_mg_coarse_ solve converged due to CONVERGED_ITS iterations 1
                Linear BackwardEuler-Equation_lumped_mg_coarse_ solve converged due to CONVERGED_ITS iterations 1
                Linear BackwardEuler-Equation_lumped_mg_coarse_ solve converged due to CONVERGED_ITS iterations 1
                Linear BackwardEuler-Equation_lumped_mg_coarse_ solve converged due to CONVERGED_ITS iterations 1
                Linear BackwardEuler-Equation_lumped_mg_coarse_ solve converged due to CONVERGED_ITS iterations 1
                Linear BackwardEuler-Equation_lumped_mg_coarse_ solve converged due to CONVERGED_ITS iterations 1
                Linear BackwardEuler-Equation_lumped_mg_coarse_ solve converged due to CONVERGED_ITS iterations 1
                Linear BackwardEuler-Equation_lumped_mg_coarse_ solve converged due to CONVERGED_ITS iterations 1
                Linear BackwardEuler-Equation_lumped_mg_coarse_ solve converged due to CONVERGED_ITS iterations 1
                Linear BackwardEuler-Equation_lumped_mg_coarse_ solve converged due to CONVERGED_ITS iterations 1
                Linear BackwardEuler-Equation_lumped_mg_coarse_ solve converged due to CONVERGED_ITS iterations 1
                Linear BackwardEuler-Equation_lumped_mg_coarse_ solve converged due to CONVERGED_ITS iterations 1
                Linear BackwardEuler-Equation_lumped_mg_coarse_ solve converged due to CONVERGED_ITS iterations 1
                Linear BackwardEuler-Equation_lumped_mg_coarse_ solve converged due to CONVERGED_ITS iterations 1
                Linear BackwardEuler-Equation_lumped_mg_coarse_ solve converged due to CONVERGED_ITS iterations 1
                Linear BackwardEuler-Equation_lumped_mg_coarse_ solve converged due to CONVERGED_ITS iterations 1
                Linear BackwardEuler-Equation_lumped_mg_coarse_ solve converged due to CONVERGED_ITS iterations 1
                Linear BackwardEuler-Equation_lumped_mg_coarse_ solve converged due to CONVERGED_ITS iterations 1
                Linear BackwardEuler-Equation_lumped_mg_coarse_ solve converged due to CONVERGED_ITS iterations 1
                Linear BackwardEuler-Equation_lumped_mg_coarse_ solve converged due to CONVERGED_ITS iterations 1
                Linear BackwardEuler-Equation_lumped_mg_coarse_ solve converged due to CONVERGED_ITS iterations 1
                Linear BackwardEuler-Equation_lumped_mg_coarse_ solve converged due to CONVERGED_ITS iterations 1
                Linear BackwardEuler-Equation_lumped_mg_coarse_ solve converged due to CONVERGED_ITS iterations 1
                Linear BackwardEuler-Equation_lumped_mg_coarse_ solve converged due to CONVERGED_ITS iterations 1
                Linear BackwardEuler-Equation_lumped_mg_coarse_ solve converged due to CONVERGED_ITS iterations 1
                Linear BackwardEuler-Equation_lumped_mg_coarse_ solve converged due to CONVERGED_ITS iterations 1
                Linear BackwardEuler-Equation_lumped_mg_coarse_ solve converged due to CONVERGED_ITS iterations 1
                Linear BackwardEuler-Equation_lumped_mg_coarse_ solve converged due to CONVERGED_ITS iterations 1
                Linear BackwardEuler-Equation_lumped_mg_coarse_ solve converged due to CONVERGED_ITS iterations 1
                Linear BackwardEuler-Equation_lumped_mg_coarse_ solve converged due to CONVERGED_ITS iterations 1
                Linear BackwardEuler-Equation_lumped_mg_coarse_ solve converged due to CONVERGED_ITS iterations 1
                Linear BackwardEuler-Equation_lumped_mg_coarse_ solve converged due to CONVERGED_ITS iterations 1
                Linear BackwardEuler-Equation_lumped_mg_coarse_ solve converged due to CONVERGED_ITS iterations 1
                Linear BackwardEuler-Equation_lumped_mg_coarse_ solve converged due to CONVERGED_ITS iterations 1
                Linear BackwardEuler-Equation_lumped_mg_coarse_ solve converged due to CONVERGED_ITS iterations 1
                Linear BackwardEuler-Equation_lumped_mg_coarse_ solve converged due to CONVERGED_ITS iterations 1
                Linear BackwardEuler-Equation_lumped_mg_coarse_ solve converged due to CONVERGED_ITS iterations 1
                Linear BackwardEuler-Equation_lumped_mg_coarse_ solve converged due to CONVERGED_ITS iterations 1
                Linear BackwardEuler-Equation_lumped_mg_coarse_ solve converged due to CONVERGED_ITS iterations 1
                Linear BackwardEuler-Equation_lumped_mg_coarse_ solve converged due to CONVERGED_ITS iterations 1
                Linear BackwardEuler-Equation_lumped_mg_coarse_ solve converged due to CONVERGED_ITS iterations 1
                Linear BackwardEuler-Equation_lumped_mg_coarse_ solve converged due to CONVERGED_ITS iterations 1
                Linear BackwardEuler-Equation_lumped_mg_coarse_ solve converged due to CONVERGED_ITS iterations 1
                Linear BackwardEuler-Equation_lumped_mg_coarse_ solve converged due to CONVERGED_ITS iterations 1
                Linear BackwardEuler-Equation_lumped_mg_coarse_ solve converged due to CONVERGED_ITS iterations 1
                Linear BackwardEuler-Equation_lumped_mg_coarse_ solve converged due to CONVERGED_ITS iterations 1
          Linear BackwardEuler-Equation_ solve converged due to CONVERGED_RTOL iterations 65
      Mat Object: (BackwardEuler-Equation_) 832 MPI processes
        type: mpiaij
        rows=143769600, cols=143769600
        total: nonzeros=8024555520, allocated nonzeros=8024555520
        total number of mallocs used during MatSetValues calls=0
          has attached near null space
          using I-node (on process 0) routines: found 43680 nodes, limit used is 5
        1 SNES Function norm 1.303116742630e-08
                Linear BackwardEuler-Equation_lumped_mg_coarse_ solve converged due to CONVERGED_ITS iterations 1
                Linear BackwardEuler-Equation_lumped_mg_coarse_ solve converged due to CONVERGED_ITS iterations 1
                Linear BackwardEuler-Equation_lumped_mg_coarse_ solve converged due to CONVERGED_ITS iterations 1
                Linear BackwardEuler-Equation_lumped_mg_coarse_ solve converged due to CONVERGED_ITS iterations 1
                Linear BackwardEuler-Equation_lumped_mg_coarse_ solve converged due to CONVERGED_ITS iterations 1
                Linear BackwardEuler-Equation_lumped_mg_coarse_ solve converged due to CONVERGED_ITS iterations 1
                Linear BackwardEuler-Equation_lumped_mg_coarse_ solve converged due to CONVERGED_ITS iterations 1
                Linear BackwardEuler-Equation_lumped_mg_coarse_ solve converged due to CONVERGED_ITS iterations 1
                Linear BackwardEuler-Equation_lumped_mg_coarse_ solve converged due to CONVERGED_ITS iterations 1
                Linear BackwardEuler-Equation_lumped_mg_coarse_ solve converged due to CONVERGED_ITS iterations 1
                Linear BackwardEuler-Equation_lumped_mg_coarse_ solve converged due to CONVERGED_ITS iterations 1
                Linear BackwardEuler-Equation_lumped_mg_coarse_ solve converged due to CONVERGED_ITS iterations 1
                Linear BackwardEuler-Equation_lumped_mg_coarse_ solve converged due to CONVERGED_ITS iterations 1
                Linear BackwardEuler-Equation_lumped_mg_coarse_ solve converged due to CONVERGED_ITS iterations 1
                Linear BackwardEuler-Equation_lumped_mg_coarse_ solve converged due to CONVERGED_ITS iterations 1
                Linear BackwardEuler-Equation_lumped_mg_coarse_ solve converged due to CONVERGED_ITS iterations 1
                Linear BackwardEuler-Equation_lumped_mg_coarse_ solve converged due to CONVERGED_ITS iterations 1
                Linear BackwardEuler-Equation_lumped_mg_coarse_ solve converged due to CONVERGED_ITS iterations 1
                Linear BackwardEuler-Equation_lumped_mg_coarse_ solve converged due to CONVERGED_ITS iterations 1
                Linear BackwardEuler-Equation_lumped_mg_coarse_ solve converged due to CONVERGED_ITS iterations 1
                Linear BackwardEuler-Equation_lumped_mg_coarse_ solve converged due to CONVERGED_ITS iterations 1
                Linear BackwardEuler-Equation_lumped_mg_coarse_ solve converged due to CONVERGED_ITS iterations 1
                Linear BackwardEuler-Equation_lumped_mg_coarse_ solve converged due to CONVERGED_ITS iterations 1
                Linear BackwardEuler-Equation_lumped_mg_coarse_ solve converged due to CONVERGED_ITS iterations 1
                Linear BackwardEuler-Equation_lumped_mg_coarse_ solve converged due to CONVERGED_ITS iterations 1
                Linear BackwardEuler-Equation_lumped_mg_coarse_ solve converged due to CONVERGED_ITS iterations 1
                Linear BackwardEuler-Equation_lumped_mg_coarse_ solve converged due to CONVERGED_ITS iterations 1
                Linear BackwardEuler-Equation_lumped_mg_coarse_ solve converged due to CONVERGED_ITS iterations 1
                Linear BackwardEuler-Equation_lumped_mg_coarse_ solve converged due to CONVERGED_ITS iterations 1
                Linear BackwardEuler-Equation_lumped_mg_coarse_ solve converged due to CONVERGED_ITS iterations 1
                Linear BackwardEuler-Equation_lumped_mg_coarse_ solve converged due to CONVERGED_ITS iterations 1
                Linear BackwardEuler-Equation_lumped_mg_coarse_ solve converged due to CONVERGED_ITS iterations 1
                Linear BackwardEuler-Equation_lumped_mg_coarse_ solve converged due to CONVERGED_ITS iterations 1
                Linear BackwardEuler-Equation_lumped_mg_coarse_ solve converged due to CONVERGED_ITS iterations 1
                Linear BackwardEuler-Equation_lumped_mg_coarse_ solve converged due to CONVERGED_ITS iterations 1
                Linear BackwardEuler-Equation_lumped_mg_coarse_ solve converged due to CONVERGED_ITS iterations 1
                Linear BackwardEuler-Equation_lumped_mg_coarse_ solve converged due to CONVERGED_ITS iterations 1
                Linear BackwardEuler-Equation_lumped_mg_coarse_ solve converged due to CONVERGED_ITS iterations 1
                Linear BackwardEuler-Equation_lumped_mg_coarse_ solve converged due to CONVERGED_ITS iterations 1
                Linear BackwardEuler-Equation_lumped_mg_coarse_ solve converged due to CONVERGED_ITS iterations 1
                Linear BackwardEuler-Equation_lumped_mg_coarse_ solve converged due to CONVERGED_ITS iterations 1
                Linear BackwardEuler-Equation_lumped_mg_coarse_ solve converged due to CONVERGED_ITS iterations 1
                Linear BackwardEuler-Equation_lumped_mg_coarse_ solve converged due to CONVERGED_ITS iterations 1
                Linear BackwardEuler-Equation_lumped_mg_coarse_ solve converged due to CONVERGED_ITS iterations 1
                Linear BackwardEuler-Equation_lumped_mg_coarse_ solve converged due to CONVERGED_ITS iterations 1
                Linear BackwardEuler-Equation_lumped_mg_coarse_ solve converged due to CONVERGED_ITS iterations 1
                Linear BackwardEuler-Equation_lumped_mg_coarse_ solve converged due to CONVERGED_ITS iterations 1
                Linear BackwardEuler-Equation_lumped_mg_coarse_ solve converged due to CONVERGED_ITS iterations 1
                Linear BackwardEuler-Equation_lumped_mg_coarse_ solve converged due to CONVERGED_ITS iterations 1
                Linear BackwardEuler-Equation_lumped_mg_coarse_ solve converged due to CONVERGED_ITS iterations 1
                Linear BackwardEuler-Equation_lumped_mg_coarse_ solve converged due to CONVERGED_ITS iterations 1
                Linear BackwardEuler-Equation_lumped_mg_coarse_ solve converged due to CONVERGED_ITS iterations 1
                Linear BackwardEuler-Equation_lumped_mg_coarse_ solve converged due to CONVERGED_ITS iterations 1
                Linear BackwardEuler-Equation_lumped_mg_coarse_ solve converged due to CONVERGED_ITS iterations 1
                Linear BackwardEuler-Equation_lumped_mg_coarse_ solve converged due to CONVERGED_ITS iterations 1
                Linear BackwardEuler-Equation_lumped_mg_coarse_ solve converged due to CONVERGED_ITS iterations 1
                Linear BackwardEuler-Equation_lumped_mg_coarse_ solve converged due to CONVERGED_ITS iterations 1
                Linear BackwardEuler-Equation_lumped_mg_coarse_ solve converged due to CONVERGED_ITS iterations 1
                Linear BackwardEuler-Equation_lumped_mg_coarse_ solve converged due to CONVERGED_ITS iterations 1
                Linear BackwardEuler-Equation_lumped_mg_coarse_ solve converged due to CONVERGED_ITS iterations 1
                Linear BackwardEuler-Equation_lumped_mg_coarse_ solve converged due to CONVERGED_ITS iterations 1
                Linear BackwardEuler-Equation_lumped_mg_coarse_ solve converged due to CONVERGED_ITS iterations 1
                Linear BackwardEuler-Equation_lumped_mg_coarse_ solve converged due to CONVERGED_ITS iterations 1
                Linear BackwardEuler-Equation_lumped_mg_coarse_ solve converged due to CONVERGED_ITS iterations 1
                Linear BackwardEuler-Equation_lumped_mg_coarse_ solve converged due to CONVERGED_ITS iterations 1
                Linear BackwardEuler-Equation_lumped_mg_coarse_ solve converged due to CONVERGED_ITS iterations 1
          Linear BackwardEuler-Equation_ solve converged due to CONVERGED_RTOL iterations 66
      Mat Object: (BackwardEuler-Equation_) 832 MPI processes
        type: mpiaij
        rows=143769600, cols=143769600
        total: nonzeros=8024555520, allocated nonzeros=8024555520
        total number of mallocs used during MatSetValues calls=0
          has attached near null space
          using I-node (on process 0) routines: found 43680 nodes, limit used is 5
        2 SNES Function norm 1.411892496708e-11
        Nonlinear BackwardEuler-Equation_ solve converged due to CONVERGED_FNORM_ABS iterations 2
      SNES Object: (BackwardEuler-Equation_) 832 MPI processes
        type: newtonls
        maximum iterations=50, maximum function evaluations=10000
        tolerances: relative=1e-08, absolute=1e-08, solution=1e-08
        total number of linear solver iterations=131
        total number of function evaluations=3
        norm schedule ALWAYS
        SNESLineSearch Object: (BackwardEuler-Equation_) 832 MPI processes
          type: bt
            interpolation: cubic
            alpha=1.000000e-04
          maxlambda=1.000000e+00, minlambda=1.000000e-12
          tolerances: relative=1.000000e-08, absolute=1.000000e-15, lambda=1.000000e-08
          maximum iterations=40
        KSP Object: (BackwardEuler-Equation_) 832 MPI processes
          type: fgmres
            restart=30, using classical (unmodified) Gram-Schmidt orthogonalization with no iterative refinement
            happy breakdown tolerance=1e-30
          maximum iterations=200, initial guess is zero
          tolerances: relative=1e-06, absolute=1e-50, divergence=10000.
          right preconditioning
          using UNPRECONDITIONED norm type for convergence test
        PC Object: (BackwardEuler-Equation_) 832 MPI processes
          type: python
            Python: solvers.vlumping.VerticallyLumpedPC
          Firedrake custom preconditioner VerticallyLumpedPC
            Vertically lumped MG: collapses vertical dimension on coarse level (cf. Kramer et al. 2010)
            PC Object: (BackwardEuler-Equation_lumped_) 832 MPI processes
              type: mg
                type is MULTIPLICATIVE, levels=2 cycles=v
                  Cycles per PCApply=1
                  Using Galerkin computed coarse grid matrices
              Coarse grid solver -- level 0 -------------------------------
                KSP Object: (BackwardEuler-Equation_lumped_mg_coarse_) 832 MPI processes
                  type: preonly
                  maximum iterations=10000, initial guess is zero
                  tolerances: relative=1e-05, absolute=1e-50, divergence=10000.
                  left preconditioning
                  not checking for convergence
                PC Object: (BackwardEuler-Equation_lumped_mg_coarse_) 832 MPI processes
                  type: lu
                    out-of-place factorization
                    tolerance for zero pivot 2.22045e-14
                    matrix ordering: external
                    factor fill ratio given 0., needed 0.
                      Factored matrix:
                        Mat Object: (BackwardEuler-Equation_lumped_mg_coarse_) 832 MPI processes
                          type: mumps
                          rows=230400, cols=230400
                          package used to perform factorization: mumps
                          total: nonzeros=53788864, allocated nonzeros=53788864
                            MUMPS run parameters:
                              Use -BackwardEuler-Equation_lumped_mg_coarse_ksp_view ::ascii_info_detail to display information for all processes
                              RINFOG(1) (global estimated flops for the elimination after analysis): 2.26775e+10
                              RINFOG(2) (global estimated flops for the assembly after factorization): 8.43506e+07
                              RINFOG(3) (global estimated flops for the elimination after factorization): 2.26775e+10
                              (RINFOG(12) RINFOG(13))*2^INFOG(34) (determinant): (0.,0.)*(2^0)
                              INFOG(3) (estimated real workspace for factors on all processors after analysis): 156221480
                              INFOG(4) (estimated integer workspace for factors on all processors after analysis): 3409438
                              INFOG(5) (estimated maximum front size in the complete tree): 1668
                              INFOG(6) (number of nodes in the complete tree): 12616
                              INFOG(7) (ordering option effectively used after analysis): 5
                              INFOG(8) (structural symmetry in percent of the permuted matrix after analysis): -1
                              INFOG(9) (total real/complex workspace to store the matrix factors after factorization): 53788864
                              INFOG(10) (total integer space store the matrix factors after factorization): 2983281
                              INFOG(11) (order of largest frontal matrix after factorization): 1668
                              INFOG(12) (number of off-diagonal pivots): 0
                              INFOG(13) (number of delayed pivots after factorization): 0
                              INFOG(14) (number of memory compress after factorization): 0
                              INFOG(15) (number of steps of iterative refinement after solution): 0
                              INFOG(16) (estimated size (in MB) of all MUMPS internal data for factorization after analysis: value on the most memory consuming processor): 296
                              INFOG(17) (estimated size of all MUMPS internal data for factorization after analysis: sum over all processors): 231120
                              INFOG(18) (size of all MUMPS internal data allocated during factorization: value on the most memory consuming processor): 296
                              INFOG(19) (size of all MUMPS internal data allocated during factorization: sum over all processors): 231068
                              INFOG(20) (estimated number of entries in the factors): 53788864
                              INFOG(21) (size in MB of memory effectively used during factorization - value on the most memory consuming processor): 286
                              INFOG(22) (size in MB of memory effectively used during factorization - sum over all processors): 225275
                              INFOG(23) (after analysis: value of ICNTL(6) effectively used): 0
                              INFOG(24) (after analysis: value of ICNTL(12) effectively used): 1
                              INFOG(25) (after factorization: number of pivots modified by static pivoting): 0
                              INFOG(28) (after factorization: number of null pivots encountered): 0
                              INFOG(29) (after factorization: effective number of entries in the factors (sum over all processors)): 53788864
                              INFOG(30, 31) (after solution: size in Mbytes of memory used during solution phase): 55, 29409
                              INFOG(32) (after analysis: type of analysis done): 1
                              INFOG(33) (value used for ICNTL(8)): 7
                              INFOG(34) (exponent of the determinant if determinant is requested): 0
                              INFOG(35) (after factorization: number of entries taking into account BLR factor compression - sum over all processors): 53788864
                              INFOG(36) (after analysis: estimated size of all MUMPS internal data for running BLR in-core - value on the most memory consuming processor): 0
                              INFOG(37) (after analysis: estimated size of all MUMPS internal data for running BLR in-core - sum over all processors): 0
                              INFOG(38) (after analysis: estimated size of all MUMPS internal data for running BLR out-of-core - value on the most memory consuming processor): 0
                              INFOG(39) (after analysis: estimated size of all MUMPS internal data for running BLR out-of-core - sum over all processors): 0
                  linear system matrix, which is also used to construct the preconditioner:
                  Mat Object: 832 MPI processes
                    type: mpiaij
                    rows=230400, cols=230400
                    total: nonzeros=4592640, allocated nonzeros=4592640
                    total number of mallocs used during MatSetValues calls=0
                      using nonscalable MatPtAP() implementation
                      using I-node (on process 0) routines: found 70 nodes, limit used is 5
              Down solver (pre-smoother) on level 1 -------------------------------
                KSP Object: (BackwardEuler-Equation_lumped_mg_levels_1_) 832 MPI processes
                  type: chebyshev
                    Chebyshev polynomial of first kind
                    eigenvalue targets used: min 0.178812, max 1.96693
                    eigenvalues estimated via gmres: min 0.0298688, max 1.78812
                    eigenvalues estimated using gmres with transform: [0. 0.1; 0. 1.1]
                    KSP Object: (BackwardEuler-Equation_lumped_mg_levels_1_esteig_) 832 MPI processes
                      type: gmres
                        restart=30, using classical (unmodified) Gram-Schmidt orthogonalization with no iterative refinement
                        happy breakdown tolerance=1e-30
                      maximum iterations=10, initial guess is zero
                      tolerances: relative=1e-12, absolute=1e-50, divergence=10000.
                      left preconditioning
                      using PRECONDITIONED norm type for convergence test
                    estimating eigenvalues using a noisy random number generated right-hand side
                  maximum iterations=2, nonzero initial guess
                  tolerances: relative=1e-05, absolute=1e-50, divergence=10000.
                  left preconditioning
                  not checking for convergence
                PC Object: (BackwardEuler-Equation_lumped_mg_levels_1_) 832 MPI processes
                  type: sor
                    type = local_symmetric, iterations = 1, local iterations = 1, omega = 1.
                  linear system matrix, which is also used to construct the preconditioner:
                  Mat Object: (BackwardEuler-Equation_) 832 MPI processes
                    type: mpiaij
                    rows=143769600, cols=143769600
                    total: nonzeros=8024555520, allocated nonzeros=8024555520
                    total number of mallocs used during MatSetValues calls=0
                      has attached near null space
                      using I-node (on process 0) routines: found 43680 nodes, limit used is 5
              Up solver (post-smoother) same as down solver (pre-smoother)
              linear system matrix, which is also used to construct the preconditioner:
              Mat Object: (BackwardEuler-Equation_) 832 MPI processes
                type: mpiaij
                rows=143769600, cols=143769600
                total: nonzeros=8024555520, allocated nonzeros=8024555520
                total number of mallocs used during MatSetValues calls=0
                  has attached near null space
                  using I-node (on process 0) routines: found 43680 nodes, limit used is 5
            linear system matrix, which is also used to construct the preconditioner:
            Mat Object: (BackwardEuler-Equation_) 832 MPI processes
              type: mpiaij
              rows=143769600, cols=143769600
              total: nonzeros=8024555520, allocated nonzeros=8024555520
              total number of mallocs used during MatSetValues calls=0
                has attached near null space
                using I-node (on process 0) routines: found 43680 nodes, limit used is 5
t = 1200.00 s | step 4/30 | wall 63.37 s | NL 2 | L 131
          0 SNES Function norm 5.142372837209e-07
                  Linear BackwardEuler-Equation_lumped_mg_coarse_ solve converged due to CONVERGED_ITS iterations 1
                  Linear BackwardEuler-Equation_lumped_mg_coarse_ solve converged due to CONVERGED_ITS iterations 1
                  Linear BackwardEuler-Equation_lumped_mg_coarse_ solve converged due to CONVERGED_ITS iterations 1
                  Linear BackwardEuler-Equation_lumped_mg_coarse_ solve converged due to CONVERGED_ITS iterations 1
                  Linear BackwardEuler-Equation_lumped_mg_coarse_ solve converged due to CONVERGED_ITS iterations 1
                  Linear BackwardEuler-Equation_lumped_mg_coarse_ solve converged due to CONVERGED_ITS iterations 1
                  Linear BackwardEuler-Equation_lumped_mg_coarse_ solve converged due to CONVERGED_ITS iterations 1
                  Linear BackwardEuler-Equation_lumped_mg_coarse_ solve converged due to CONVERGED_ITS iterations 1
                  Linear BackwardEuler-Equation_lumped_mg_coarse_ solve converged due to CONVERGED_ITS iterations 1
                  Linear BackwardEuler-Equation_lumped_mg_coarse_ solve converged due to CONVERGED_ITS iterations 1
                  Linear BackwardEuler-Equation_lumped_mg_coarse_ solve converged due to CONVERGED_ITS iterations 1
                  Linear BackwardEuler-Equation_lumped_mg_coarse_ solve converged due to CONVERGED_ITS iterations 1
                  Linear BackwardEuler-Equation_lumped_mg_coarse_ solve converged due to CONVERGED_ITS iterations 1
                  Linear BackwardEuler-Equation_lumped_mg_coarse_ solve converged due to CONVERGED_ITS iterations 1
                  Linear BackwardEuler-Equation_lumped_mg_coarse_ solve converged due to CONVERGED_ITS iterations 1
                  Linear BackwardEuler-Equation_lumped_mg_coarse_ solve converged due to CONVERGED_ITS iterations 1
                  Linear BackwardEuler-Equation_lumped_mg_coarse_ solve converged due to CONVERGED_ITS iterations 1
                  Linear BackwardEuler-Equation_lumped_mg_coarse_ solve converged due to CONVERGED_ITS iterations 1
                  Linear BackwardEuler-Equation_lumped_mg_coarse_ solve converged due to CONVERGED_ITS iterations 1
                  Linear BackwardEuler-Equation_lumped_mg_coarse_ solve converged due to CONVERGED_ITS iterations 1
                  Linear BackwardEuler-Equation_lumped_mg_coarse_ solve converged due to CONVERGED_ITS iterations 1
                  Linear BackwardEuler-Equation_lumped_mg_coarse_ solve converged due to CONVERGED_ITS iterations 1
                  Linear BackwardEuler-Equation_lumped_mg_coarse_ solve converged due to CONVERGED_ITS iterations 1
                  Linear BackwardEuler-Equation_lumped_mg_coarse_ solve converged due to CONVERGED_ITS iterations 1
                  Linear BackwardEuler-Equation_lumped_mg_coarse_ solve converged due to CONVERGED_ITS iterations 1
                  Linear BackwardEuler-Equation_lumped_mg_coarse_ solve converged due to CONVERGED_ITS iterations 1
                  Linear BackwardEuler-Equation_lumped_mg_coarse_ solve converged due to CONVERGED_ITS iterations 1
                  Linear BackwardEuler-Equation_lumped_mg_coarse_ solve converged due to CONVERGED_ITS iterations 1
                  Linear BackwardEuler-Equation_lumped_mg_coarse_ solve converged due to CONVERGED_ITS iterations 1
                  Linear BackwardEuler-Equation_lumped_mg_coarse_ solve converged due to CONVERGED_ITS iterations 1
                  Linear BackwardEuler-Equation_lumped_mg_coarse_ solve converged due to CONVERGED_ITS iterations 1
                  Linear BackwardEuler-Equation_lumped_mg_coarse_ solve converged due to CONVERGED_ITS iterations 1
                  Linear BackwardEuler-Equation_lumped_mg_coarse_ solve converged due to CONVERGED_ITS iterations 1
                  Linear BackwardEuler-Equation_lumped_mg_coarse_ solve converged due to CONVERGED_ITS iterations 1
                  Linear BackwardEuler-Equation_lumped_mg_coarse_ solve converged due to CONVERGED_ITS iterations 1
                  Linear BackwardEuler-Equation_lumped_mg_coarse_ solve converged due to CONVERGED_ITS iterations 1
                  Linear BackwardEuler-Equation_lumped_mg_coarse_ solve converged due to CONVERGED_ITS iterations 1
                  Linear BackwardEuler-Equation_lumped_mg_coarse_ solve converged due to CONVERGED_ITS iterations 1
                  Linear BackwardEuler-Equation_lumped_mg_coarse_ solve converged due to CONVERGED_ITS iterations 1
                  Linear BackwardEuler-Equation_lumped_mg_coarse_ solve converged due to CONVERGED_ITS iterations 1
                  Linear BackwardEuler-Equation_lumped_mg_coarse_ solve converged due to CONVERGED_ITS iterations 1
                  Linear BackwardEuler-Equation_lumped_mg_coarse_ solve converged due to CONVERGED_ITS iterations 1
                  Linear BackwardEuler-Equation_lumped_mg_coarse_ solve converged due to CONVERGED_ITS iterations 1
                  Linear BackwardEuler-Equation_lumped_mg_coarse_ solve converged due to CONVERGED_ITS iterations 1
                  Linear BackwardEuler-Equation_lumped_mg_coarse_ solve converged due to CONVERGED_ITS iterations 1
                  Linear BackwardEuler-Equation_lumped_mg_coarse_ solve converged due to CONVERGED_ITS iterations 1
                  Linear BackwardEuler-Equation_lumped_mg_coarse_ solve converged due to CONVERGED_ITS iterations 1
                  Linear BackwardEuler-Equation_lumped_mg_coarse_ solve converged due to CONVERGED_ITS iterations 1
                  Linear BackwardEuler-Equation_lumped_mg_coarse_ solve converged due to CONVERGED_ITS iterations 1
                  Linear BackwardEuler-Equation_lumped_mg_coarse_ solve converged due to CONVERGED_ITS iterations 1
                  Linear BackwardEuler-Equation_lumped_mg_coarse_ solve converged due to CONVERGED_ITS iterations 1
                  Linear BackwardEuler-Equation_lumped_mg_coarse_ solve converged due to CONVERGED_ITS iterations 1
                  Linear BackwardEuler-Equation_lumped_mg_coarse_ solve converged due to CONVERGED_ITS iterations 1
                  Linear BackwardEuler-Equation_lumped_mg_coarse_ solve converged due to CONVERGED_ITS iterations 1
                  Linear BackwardEuler-Equation_lumped_mg_coarse_ solve converged due to CONVERGED_ITS iterations 1
                  Linear BackwardEuler-Equation_lumped_mg_coarse_ solve converged due to CONVERGED_ITS iterations 1
                  Linear BackwardEuler-Equation_lumped_mg_coarse_ solve converged due to CONVERGED_ITS iterations 1
                  Linear BackwardEuler-Equation_lumped_mg_coarse_ solve converged due to CONVERGED_ITS iterations 1
                  Linear BackwardEuler-Equation_lumped_mg_coarse_ solve converged due to CONVERGED_ITS iterations 1
                  Linear BackwardEuler-Equation_lumped_mg_coarse_ solve converged due to CONVERGED_ITS iterations 1
                  Linear BackwardEuler-Equation_lumped_mg_coarse_ solve converged due to CONVERGED_ITS iterations 1
                  Linear BackwardEuler-Equation_lumped_mg_coarse_ solve converged due to CONVERGED_ITS iterations 1
                  Linear BackwardEuler-Equation_lumped_mg_coarse_ solve converged due to CONVERGED_ITS iterations 1
                  Linear BackwardEuler-Equation_lumped_mg_coarse_ solve converged due to CONVERGED_ITS iterations 1
                  Linear BackwardEuler-Equation_lumped_mg_coarse_ solve converged due to CONVERGED_ITS iterations 1
                  Linear BackwardEuler-Equation_lumped_mg_coarse_ solve converged due to CONVERGED_ITS iterations 1
            Linear BackwardEuler-Equation_ solve converged due to CONVERGED_RTOL iterations 66
        Mat Object: (BackwardEuler-Equation_) 832 MPI processes
          type: mpiaij
          rows=143769600, cols=143769600
          total: nonzeros=8024555520, allocated nonzeros=8024555520
          total number of mallocs used during MatSetValues calls=0
            has attached near null space
            using I-node (on process 0) routines: found 43680 nodes, limit used is 5
          1 SNES Function norm 1.089908123655e-08
                  Linear BackwardEuler-Equation_lumped_mg_coarse_ solve converged due to CONVERGED_ITS iterations 1
                  Linear BackwardEuler-Equation_lumped_mg_coarse_ solve converged due to CONVERGED_ITS iterations 1
                  Linear BackwardEuler-Equation_lumped_mg_coarse_ solve converged due to CONVERGED_ITS iterations 1
                  Linear BackwardEuler-Equation_lumped_mg_coarse_ solve converged due to CONVERGED_ITS iterations 1
                  Linear BackwardEuler-Equation_lumped_mg_coarse_ solve converged due to CONVERGED_ITS iterations 1
                  Linear BackwardEuler-Equation_lumped_mg_coarse_ solve converged due to CONVERGED_ITS iterations 1
                  Linear BackwardEuler-Equation_lumped_mg_coarse_ solve converged due to CONVERGED_ITS iterations 1
                  Linear BackwardEuler-Equation_lumped_mg_coarse_ solve converged due to CONVERGED_ITS iterations 1
                  Linear BackwardEuler-Equation_lumped_mg_coarse_ solve converged due to CONVERGED_ITS iterations 1
                  Linear BackwardEuler-Equation_lumped_mg_coarse_ solve converged due to CONVERGED_ITS iterations 1
                  Linear BackwardEuler-Equation_lumped_mg_coarse_ solve converged due to CONVERGED_ITS iterations 1
                  Linear BackwardEuler-Equation_lumped_mg_coarse_ solve converged due to CONVERGED_ITS iterations 1
                  Linear BackwardEuler-Equation_lumped_mg_coarse_ solve converged due to CONVERGED_ITS iterations 1
                  Linear BackwardEuler-Equation_lumped_mg_coarse_ solve converged due to CONVERGED_ITS iterations 1
                  Linear BackwardEuler-Equation_lumped_mg_coarse_ solve converged due to CONVERGED_ITS iterations 1
                  Linear BackwardEuler-Equation_lumped_mg_coarse_ solve converged due to CONVERGED_ITS iterations 1
                  Linear BackwardEuler-Equation_lumped_mg_coarse_ solve converged due to CONVERGED_ITS iterations 1
                  Linear BackwardEuler-Equation_lumped_mg_coarse_ solve converged due to CONVERGED_ITS iterations 1
                  Linear BackwardEuler-Equation_lumped_mg_coarse_ solve converged due to CONVERGED_ITS iterations 1
                  Linear BackwardEuler-Equation_lumped_mg_coarse_ solve converged due to CONVERGED_ITS iterations 1
                  Linear BackwardEuler-Equation_lumped_mg_coarse_ solve converged due to CONVERGED_ITS iterations 1
                  Linear BackwardEuler-Equation_lumped_mg_coarse_ solve converged due to CONVERGED_ITS iterations 1
                  Linear BackwardEuler-Equation_lumped_mg_coarse_ solve converged due to CONVERGED_ITS iterations 1
                  Linear BackwardEuler-Equation_lumped_mg_coarse_ solve converged due to CONVERGED_ITS iterations 1
                  Linear BackwardEuler-Equation_lumped_mg_coarse_ solve converged due to CONVERGED_ITS iterations 1
                  Linear BackwardEuler-Equation_lumped_mg_coarse_ solve converged due to CONVERGED_ITS iterations 1
                  Linear BackwardEuler-Equation_lumped_mg_coarse_ solve converged due to CONVERGED_ITS iterations 1
                  Linear BackwardEuler-Equation_lumped_mg_coarse_ solve converged due to CONVERGED_ITS iterations 1
                  Linear BackwardEuler-Equation_lumped_mg_coarse_ solve converged due to CONVERGED_ITS iterations 1
                  Linear BackwardEuler-Equation_lumped_mg_coarse_ solve converged due to CONVERGED_ITS iterations 1
                  Linear BackwardEuler-Equation_lumped_mg_coarse_ solve converged due to CONVERGED_ITS iterations 1
                  Linear BackwardEuler-Equation_lumped_mg_coarse_ solve converged due to CONVERGED_ITS iterations 1
                  Linear BackwardEuler-Equation_lumped_mg_coarse_ solve converged due to CONVERGED_ITS iterations 1
                  Linear BackwardEuler-Equation_lumped_mg_coarse_ solve converged due to CONVERGED_ITS iterations 1
                  Linear BackwardEuler-Equation_lumped_mg_coarse_ solve converged due to CONVERGED_ITS iterations 1
                  Linear BackwardEuler-Equation_lumped_mg_coarse_ solve converged due to CONVERGED_ITS iterations 1
                  Linear BackwardEuler-Equation_lumped_mg_coarse_ solve converged due to CONVERGED_ITS iterations 1
                  Linear BackwardEuler-Equation_lumped_mg_coarse_ solve converged due to CONVERGED_ITS iterations 1
                  Linear BackwardEuler-Equation_lumped_mg_coarse_ solve converged due to CONVERGED_ITS iterations 1
                  Linear BackwardEuler-Equation_lumped_mg_coarse_ solve converged due to CONVERGED_ITS iterations 1
                  Linear BackwardEuler-Equation_lumped_mg_coarse_ solve converged due to CONVERGED_ITS iterations 1
                  Linear BackwardEuler-Equation_lumped_mg_coarse_ solve converged due to CONVERGED_ITS iterations 1
                  Linear BackwardEuler-Equation_lumped_mg_coarse_ solve converged due to CONVERGED_ITS iterations 1
                  Linear BackwardEuler-Equation_lumped_mg_coarse_ solve converged due to CONVERGED_ITS iterations 1
                  Linear BackwardEuler-Equation_lumped_mg_coarse_ solve converged due to CONVERGED_ITS iterations 1
                  Linear BackwardEuler-Equation_lumped_mg_coarse_ solve converged due to CONVERGED_ITS iterations 1
                  Linear BackwardEuler-Equation_lumped_mg_coarse_ solve converged due to CONVERGED_ITS iterations 1
                  Linear BackwardEuler-Equation_lumped_mg_coarse_ solve converged due to CONVERGED_ITS iterations 1
                  Linear BackwardEuler-Equation_lumped_mg_coarse_ solve converged due to CONVERGED_ITS iterations 1
                  Linear BackwardEuler-Equation_lumped_mg_coarse_ solve converged due to CONVERGED_ITS iterations 1
                  Linear BackwardEuler-Equation_lumped_mg_coarse_ solve converged due to CONVERGED_ITS iterations 1
                  Linear BackwardEuler-Equation_lumped_mg_coarse_ solve converged due to CONVERGED_ITS iterations 1
                  Linear BackwardEuler-Equation_lumped_mg_coarse_ solve converged due to CONVERGED_ITS iterations 1
                  Linear BackwardEuler-Equation_lumped_mg_coarse_ solve converged due to CONVERGED_ITS iterations 1
                  Linear BackwardEuler-Equation_lumped_mg_coarse_ solve converged due to CONVERGED_ITS iterations 1
                  Linear BackwardEuler-Equation_lumped_mg_coarse_ solve converged due to CONVERGED_ITS iterations 1
                  Linear BackwardEuler-Equation_lumped_mg_coarse_ solve converged due to CONVERGED_ITS iterations 1
                  Linear BackwardEuler-Equation_lumped_mg_coarse_ solve converged due to CONVERGED_ITS iterations 1
                  Linear BackwardEuler-Equation_lumped_mg_coarse_ solve converged due to CONVERGED_ITS iterations 1
                  Linear BackwardEuler-Equation_lumped_mg_coarse_ solve converged due to CONVERGED_ITS iterations 1
                  Linear BackwardEuler-Equation_lumped_mg_coarse_ solve converged due to CONVERGED_ITS iterations 1
                  Linear BackwardEuler-Equation_lumped_mg_coarse_ solve converged due to CONVERGED_ITS iterations 1
                  Linear BackwardEuler-Equation_lumped_mg_coarse_ solve converged due to CONVERGED_ITS iterations 1
                  Linear BackwardEuler-Equation_lumped_mg_coarse_ solve converged due to CONVERGED_ITS iterations 1
                  Linear BackwardEuler-Equation_lumped_mg_coarse_ solve converged due to CONVERGED_ITS iterations 1
                  Linear BackwardEuler-Equation_lumped_mg_coarse_ solve converged due to CONVERGED_ITS iterations 1
                  Linear BackwardEuler-Equation_lumped_mg_coarse_ solve converged due to CONVERGED_ITS iterations 1
            Linear BackwardEuler-Equation_ solve converged due to CONVERGED_RTOL iterations 67
        Mat Object: (BackwardEuler-Equation_) 832 MPI processes
          type: mpiaij
          rows=143769600, cols=143769600
          total: nonzeros=8024555520, allocated nonzeros=8024555520
          total number of mallocs used during MatSetValues calls=0
            has attached near null space
            using I-node (on process 0) routines: found 43680 nodes, limit used is 5
          2 SNES Function norm 9.326516815475e-12
          Nonlinear BackwardEuler-Equation_ solve converged due to CONVERGED_FNORM_ABS iterations 2
        SNES Object: (BackwardEuler-Equation_) 832 MPI processes
          type: newtonls
          maximum iterations=50, maximum function evaluations=10000
          tolerances: relative=1e-08, absolute=1e-08, solution=1e-08
          total number of linear solver iterations=133
          total number of function evaluations=3
          norm schedule ALWAYS
          SNESLineSearch Object: (BackwardEuler-Equation_) 832 MPI processes
            type: bt
              interpolation: cubic
              alpha=1.000000e-04
            maxlambda=1.000000e+00, minlambda=1.000000e-12
            tolerances: relative=1.000000e-08, absolute=1.000000e-15, lambda=1.000000e-08
            maximum iterations=40
          KSP Object: (BackwardEuler-Equation_) 832 MPI processes
            type: fgmres
              restart=30, using classical (unmodified) Gram-Schmidt orthogonalization with no iterative refinement
              happy breakdown tolerance=1e-30
            maximum iterations=200, initial guess is zero
            tolerances: relative=1e-06, absolute=1e-50, divergence=10000.
            right preconditioning
            using UNPRECONDITIONED norm type for convergence test
          PC Object: (BackwardEuler-Equation_) 832 MPI processes
            type: python
              Python: solvers.vlumping.VerticallyLumpedPC
            Firedrake custom preconditioner VerticallyLumpedPC
              Vertically lumped MG: collapses vertical dimension on coarse level (cf. Kramer et al. 2010)
              PC Object: (BackwardEuler-Equation_lumped_) 832 MPI processes
                type: mg
                  type is MULTIPLICATIVE, levels=2 cycles=v
                    Cycles per PCApply=1
                    Using Galerkin computed coarse grid matrices
                Coarse grid solver -- level 0 -------------------------------
                  KSP Object: (BackwardEuler-Equation_lumped_mg_coarse_) 832 MPI processes
                    type: preonly
                    maximum iterations=10000, initial guess is zero
                    tolerances: relative=1e-05, absolute=1e-50, divergence=10000.
                    left preconditioning
                    not checking for convergence
                  PC Object: (BackwardEuler-Equation_lumped_mg_coarse_) 832 MPI processes
                    type: lu
                      out-of-place factorization
                      tolerance for zero pivot 2.22045e-14
                      matrix ordering: external
                      factor fill ratio given 0., needed 0.
                        Factored matrix:
                          Mat Object: (BackwardEuler-Equation_lumped_mg_coarse_) 832 MPI processes
                            type: mumps
                            rows=230400, cols=230400
                            package used to perform factorization: mumps
                            total: nonzeros=53788864, allocated nonzeros=53788864
                              MUMPS run parameters:
                                Use -BackwardEuler-Equation_lumped_mg_coarse_ksp_view ::ascii_info_detail to display information for all processes
                                RINFOG(1) (global estimated flops for the elimination after analysis): 2.26775e+10
                                RINFOG(2) (global estimated flops for the assembly after factorization): 8.43506e+07
                                RINFOG(3) (global estimated flops for the elimination after factorization): 2.26775e+10
                                (RINFOG(12) RINFOG(13))*2^INFOG(34) (determinant): (0.,0.)*(2^0)
                                INFOG(3) (estimated real workspace for factors on all processors after analysis): 156221480
                                INFOG(4) (estimated integer workspace for factors on all processors after analysis): 3409438
                                INFOG(5) (estimated maximum front size in the complete tree): 1668
                                INFOG(6) (number of nodes in the complete tree): 12616
                                INFOG(7) (ordering option effectively used after analysis): 5
                                INFOG(8) (structural symmetry in percent of the permuted matrix after analysis): -1
                                INFOG(9) (total real/complex workspace to store the matrix factors after factorization): 53788864
                                INFOG(10) (total integer space store the matrix factors after factorization): 2983281
                                INFOG(11) (order of largest frontal matrix after factorization): 1668
                                INFOG(12) (number of off-diagonal pivots): 0
                                INFOG(13) (number of delayed pivots after factorization): 0
                                INFOG(14) (number of memory compress after factorization): 0
                                INFOG(15) (number of steps of iterative refinement after solution): 0
                                INFOG(16) (estimated size (in MB) of all MUMPS internal data for factorization after analysis: value on the most memory consuming processor): 296
                                INFOG(17) (estimated size of all MUMPS internal data for factorization after analysis: sum over all processors): 231120
                                INFOG(18) (size of all MUMPS internal data allocated during factorization: value on the most memory consuming processor): 296
                                INFOG(19) (size of all MUMPS internal data allocated during factorization: sum over all processors): 231068
                                INFOG(20) (estimated number of entries in the factors): 53788864
                                INFOG(21) (size in MB of memory effectively used during factorization - value on the most memory consuming processor): 286
                                INFOG(22) (size in MB of memory effectively used during factorization - sum over all processors): 225275
                                INFOG(23) (after analysis: value of ICNTL(6) effectively used): 0
                                INFOG(24) (after analysis: value of ICNTL(12) effectively used): 1
                                INFOG(25) (after factorization: number of pivots modified by static pivoting): 0
                                INFOG(28) (after factorization: number of null pivots encountered): 0
                                INFOG(29) (after factorization: effective number of entries in the factors (sum over all processors)): 53788864
                                INFOG(30, 31) (after solution: size in Mbytes of memory used during solution phase): 55, 29409
                                INFOG(32) (after analysis: type of analysis done): 1
                                INFOG(33) (value used for ICNTL(8)): 7
                                INFOG(34) (exponent of the determinant if determinant is requested): 0
                                INFOG(35) (after factorization: number of entries taking into account BLR factor compression - sum over all processors): 53788864
                                INFOG(36) (after analysis: estimated size of all MUMPS internal data for running BLR in-core - value on the most memory consuming processor): 0
                                INFOG(37) (after analysis: estimated size of all MUMPS internal data for running BLR in-core - sum over all processors): 0
                                INFOG(38) (after analysis: estimated size of all MUMPS internal data for running BLR out-of-core - value on the most memory consuming processor): 0
                                INFOG(39) (after analysis: estimated size of all MUMPS internal data for running BLR out-of-core - sum over all processors): 0
                    linear system matrix, which is also used to construct the preconditioner:
                    Mat Object: 832 MPI processes
                      type: mpiaij
                      rows=230400, cols=230400
                      total: nonzeros=4592640, allocated nonzeros=4592640
                      total number of mallocs used during MatSetValues calls=0
                        using nonscalable MatPtAP() implementation
                        using I-node (on process 0) routines: found 70 nodes, limit used is 5
                Down solver (pre-smoother) on level 1 -------------------------------
                  KSP Object: (BackwardEuler-Equation_lumped_mg_levels_1_) 832 MPI processes
                    type: chebyshev
                      Chebyshev polynomial of first kind
                      eigenvalue targets used: min 0.178812, max 1.96693
                      eigenvalues estimated via gmres: min 0.0298698, max 1.78812
                      eigenvalues estimated using gmres with transform: [0. 0.1; 0. 1.1]
                      KSP Object: (BackwardEuler-Equation_lumped_mg_levels_1_esteig_) 832 MPI processes
                        type: gmres
                          restart=30, using classical (unmodified) Gram-Schmidt orthogonalization with no iterative refinement
                          happy breakdown tolerance=1e-30
                        maximum iterations=10, initial guess is zero
                        tolerances: relative=1e-12, absolute=1e-50, divergence=10000.
                        left preconditioning
                        using PRECONDITIONED norm type for convergence test
                      estimating eigenvalues using a noisy random number generated right-hand side
                    maximum iterations=2, nonzero initial guess
                    tolerances: relative=1e-05, absolute=1e-50, divergence=10000.
                    left preconditioning
                    not checking for convergence
                  PC Object: (BackwardEuler-Equation_lumped_mg_levels_1_) 832 MPI processes
                    type: sor
                      type = local_symmetric, iterations = 1, local iterations = 1, omega = 1.
                    linear system matrix, which is also used to construct the preconditioner:
                    Mat Object: (BackwardEuler-Equation_) 832 MPI processes
                      type: mpiaij
                      rows=143769600, cols=143769600
                      total: nonzeros=8024555520, allocated nonzeros=8024555520
                      total number of mallocs used during MatSetValues calls=0
                        has attached near null space
                        using I-node (on process 0) routines: found 43680 nodes, limit used is 5
                Up solver (post-smoother) same as down solver (pre-smoother)
                linear system matrix, which is also used to construct the preconditioner:
                Mat Object: (BackwardEuler-Equation_) 832 MPI processes
                  type: mpiaij
                  rows=143769600, cols=143769600
                  total: nonzeros=8024555520, allocated nonzeros=8024555520
                  total number of mallocs used during MatSetValues calls=0
                    has attached near null space
                    using I-node (on process 0) routines: found 43680 nodes, limit used is 5
              linear system matrix, which is also used to construct the preconditioner:
              Mat Object: (BackwardEuler-Equation_) 832 MPI processes
                type: mpiaij
                rows=143769600, cols=143769600
                total: nonzeros=8024555520, allocated nonzeros=8024555520
                total number of mallocs used during MatSetValues calls=0
                  has attached near null space
                  using I-node (on process 0) routines: found 43680 nodes, limit used is 5
t = 1500.00 s | step 5/30 | wall 64.15 s | NL 2 | L 133
            0 SNES Function norm 4.900996710050e-07
                    Linear BackwardEuler-Equation_lumped_mg_coarse_ solve converged due to CONVERGED_ITS iterations 1
                    Linear BackwardEuler-Equation_lumped_mg_coarse_ solve converged due to CONVERGED_ITS iterations 1
                    Linear BackwardEuler-Equation_lumped_mg_coarse_ solve converged due to CONVERGED_ITS iterations 1
                    Linear BackwardEuler-Equation_lumped_mg_coarse_ solve converged due to CONVERGED_ITS iterations 1
                    Linear BackwardEuler-Equation_lumped_mg_coarse_ solve converged due to CONVERGED_ITS iterations 1
                    Linear BackwardEuler-Equation_lumped_mg_coarse_ solve converged due to CONVERGED_ITS iterations 1
                    Linear BackwardEuler-Equation_lumped_mg_coarse_ solve converged due to CONVERGED_ITS iterations 1
                    Linear BackwardEuler-Equation_lumped_mg_coarse_ solve converged due to CONVERGED_ITS iterations 1
                    Linear BackwardEuler-Equation_lumped_mg_coarse_ solve converged due to CONVERGED_ITS iterations 1
                    Linear BackwardEuler-Equation_lumped_mg_coarse_ solve converged due to CONVERGED_ITS iterations 1
                    Linear BackwardEuler-Equation_lumped_mg_coarse_ solve converged due to CONVERGED_ITS iterations 1
                    Linear BackwardEuler-Equation_lumped_mg_coarse_ solve converged due to CONVERGED_ITS iterations 1
                    Linear BackwardEuler-Equation_lumped_mg_coarse_ solve converged due to CONVERGED_ITS iterations 1
                    Linear BackwardEuler-Equation_lumped_mg_coarse_ solve converged due to CONVERGED_ITS iterations 1
                    Linear BackwardEuler-Equation_lumped_mg_coarse_ solve converged due to CONVERGED_ITS iterations 1
                    Linear BackwardEuler-Equation_lumped_mg_coarse_ solve converged due to CONVERGED_ITS iterations 1
                    Linear BackwardEuler-Equation_lumped_mg_coarse_ solve converged due to CONVERGED_ITS iterations 1
                    Linear BackwardEuler-Equation_lumped_mg_coarse_ solve converged due to CONVERGED_ITS iterations 1
                    Linear BackwardEuler-Equation_lumped_mg_coarse_ solve converged due to CONVERGED_ITS iterations 1
                    Linear BackwardEuler-Equation_lumped_mg_coarse_ solve converged due to CONVERGED_ITS iterations 1
                    Linear BackwardEuler-Equation_lumped_mg_coarse_ solve converged due to CONVERGED_ITS iterations 1
                    Linear BackwardEuler-Equation_lumped_mg_coarse_ solve converged due to CONVERGED_ITS iterations 1
                    Linear BackwardEuler-Equation_lumped_mg_coarse_ solve converged due to CONVERGED_ITS iterations 1
                    Linear BackwardEuler-Equation_lumped_mg_coarse_ solve converged due to CONVERGED_ITS iterations 1
                    Linear BackwardEuler-Equation_lumped_mg_coarse_ solve converged due to CONVERGED_ITS iterations 1
                    Linear BackwardEuler-Equation_lumped_mg_coarse_ solve converged due to CONVERGED_ITS iterations 1
                    Linear BackwardEuler-Equation_lumped_mg_coarse_ solve converged due to CONVERGED_ITS iterations 1
                    Linear BackwardEuler-Equation_lumped_mg_coarse_ solve converged due to CONVERGED_ITS iterations 1
                    Linear BackwardEuler-Equation_lumped_mg_coarse_ solve converged due to CONVERGED_ITS iterations 1
                    Linear BackwardEuler-Equation_lumped_mg_coarse_ solve converged due to CONVERGED_ITS iterations 1
                    Linear BackwardEuler-Equation_lumped_mg_coarse_ solve converged due to CONVERGED_ITS iterations 1
                    Linear BackwardEuler-Equation_lumped_mg_coarse_ solve converged due to CONVERGED_ITS iterations 1
                    Linear BackwardEuler-Equation_lumped_mg_coarse_ solve converged due to CONVERGED_ITS iterations 1
                    Linear BackwardEuler-Equation_lumped_mg_coarse_ solve converged due to CONVERGED_ITS iterations 1
                    Linear BackwardEuler-Equation_lumped_mg_coarse_ solve converged due to CONVERGED_ITS iterations 1
                    Linear BackwardEuler-Equation_lumped_mg_coarse_ solve converged due to CONVERGED_ITS iterations 1
                    Linear BackwardEuler-Equation_lumped_mg_coarse_ solve converged due to CONVERGED_ITS iterations 1
                    Linear BackwardEuler-Equation_lumped_mg_coarse_ solve converged due to CONVERGED_ITS iterations 1
                    Linear BackwardEuler-Equation_lumped_mg_coarse_ solve converged due to CONVERGED_ITS iterations 1
                    Linear BackwardEuler-Equation_lumped_mg_coarse_ solve converged due to CONVERGED_ITS iterations 1
                    Linear BackwardEuler-Equation_lumped_mg_coarse_ solve converged due to CONVERGED_ITS iterations 1
                    Linear BackwardEuler-Equation_lumped_mg_coarse_ solve converged due to CONVERGED_ITS iterations 1
                    Linear BackwardEuler-Equation_lumped_mg_coarse_ solve converged due to CONVERGED_ITS iterations 1
                    Linear BackwardEuler-Equation_lumped_mg_coarse_ solve converged due to CONVERGED_ITS iterations 1
                    Linear BackwardEuler-Equation_lumped_mg_coarse_ solve converged due to CONVERGED_ITS iterations 1
                    Linear BackwardEuler-Equation_lumped_mg_coarse_ solve converged due to CONVERGED_ITS iterations 1
                    Linear BackwardEuler-Equation_lumped_mg_coarse_ solve converged due to CONVERGED_ITS iterations 1
                    Linear BackwardEuler-Equation_lumped_mg_coarse_ solve converged due to CONVERGED_ITS iterations 1
                    Linear BackwardEuler-Equation_lumped_mg_coarse_ solve converged due to CONVERGED_ITS iterations 1
                    Linear BackwardEuler-Equation_lumped_mg_coarse_ solve converged due to CONVERGED_ITS iterations 1
                    Linear BackwardEuler-Equation_lumped_mg_coarse_ solve converged due to CONVERGED_ITS iterations 1
                    Linear BackwardEuler-Equation_lumped_mg_coarse_ solve converged due to CONVERGED_ITS iterations 1
                    Linear BackwardEuler-Equation_lumped_mg_coarse_ solve converged due to CONVERGED_ITS iterations 1
                    Linear BackwardEuler-Equation_lumped_mg_coarse_ solve converged due to CONVERGED_ITS iterations 1
                    Linear BackwardEuler-Equation_lumped_mg_coarse_ solve converged due to CONVERGED_ITS iterations 1
                    Linear BackwardEuler-Equation_lumped_mg_coarse_ solve converged due to CONVERGED_ITS iterations 1
                    Linear BackwardEuler-Equation_lumped_mg_coarse_ solve converged due to CONVERGED_ITS iterations 1
                    Linear BackwardEuler-Equation_lumped_mg_coarse_ solve converged due to CONVERGED_ITS iterations 1
                    Linear BackwardEuler-Equation_lumped_mg_coarse_ solve converged due to CONVERGED_ITS iterations 1
                    Linear BackwardEuler-Equation_lumped_mg_coarse_ solve converged due to CONVERGED_ITS iterations 1
                    Linear BackwardEuler-Equation_lumped_mg_coarse_ solve converged due to CONVERGED_ITS iterations 1
                    Linear BackwardEuler-Equation_lumped_mg_coarse_ solve converged due to CONVERGED_ITS iterations 1
                    Linear BackwardEuler-Equation_lumped_mg_coarse_ solve converged due to CONVERGED_ITS iterations 1
                    Linear BackwardEuler-Equation_lumped_mg_coarse_ solve converged due to CONVERGED_ITS iterations 1
                    Linear BackwardEuler-Equation_lumped_mg_coarse_ solve converged due to CONVERGED_ITS iterations 1
                    Linear BackwardEuler-Equation_lumped_mg_coarse_ solve converged due to CONVERGED_ITS iterations 1
                    Linear BackwardEuler-Equation_lumped_mg_coarse_ solve converged due to CONVERGED_ITS iterations 1
                    Linear BackwardEuler-Equation_lumped_mg_coarse_ solve converged due to CONVERGED_ITS iterations 1
              Linear BackwardEuler-Equation_ solve converged due to CONVERGED_RTOL iterations 68
          Mat Object: (BackwardEuler-Equation_) 832 MPI processes
            type: mpiaij
            rows=143769600, cols=143769600
            total: nonzeros=8024555520, allocated nonzeros=8024555520
            total number of mallocs used during MatSetValues calls=0
              has attached near null space
              using I-node (on process 0) routines: found 43680 nodes, limit used is 5
            1 SNES Function norm 9.529991201658e-09
            Nonlinear BackwardEuler-Equation_ solve converged due to CONVERGED_FNORM_ABS iterations 1
          SNES Object: (BackwardEuler-Equation_) 832 MPI processes
            type: newtonls
            maximum iterations=50, maximum function evaluations=10000
            tolerances: relative=1e-08, absolute=1e-08, solution=1e-08
            total number of linear solver iterations=68
            total number of function evaluations=2
            norm schedule ALWAYS
            SNESLineSearch Object: (BackwardEuler-Equation_) 832 MPI processes
              type: bt
                interpolation: cubic
                alpha=1.000000e-04
              maxlambda=1.000000e+00, minlambda=1.000000e-12
              tolerances: relative=1.000000e-08, absolute=1.000000e-15, lambda=1.000000e-08
              maximum iterations=40
            KSP Object: (BackwardEuler-Equation_) 832 MPI processes
              type: fgmres
                restart=30, using classical (unmodified) Gram-Schmidt orthogonalization with no iterative refinement
                happy breakdown tolerance=1e-30
              maximum iterations=200, initial guess is zero
              tolerances: relative=1e-06, absolute=1e-50, divergence=10000.
              right preconditioning
              using UNPRECONDITIONED norm type for convergence test
            PC Object: (BackwardEuler-Equation_) 832 MPI processes
              type: python
                Python: solvers.vlumping.VerticallyLumpedPC
              Firedrake custom preconditioner VerticallyLumpedPC
                Vertically lumped MG: collapses vertical dimension on coarse level (cf. Kramer et al. 2010)
                PC Object: (BackwardEuler-Equation_lumped_) 832 MPI processes
                  type: mg
                    type is MULTIPLICATIVE, levels=2 cycles=v
                      Cycles per PCApply=1
                      Using Galerkin computed coarse grid matrices
                  Coarse grid solver -- level 0 -------------------------------
                    KSP Object: (BackwardEuler-Equation_lumped_mg_coarse_) 832 MPI processes
                      type: preonly
                      maximum iterations=10000, initial guess is zero
                      tolerances: relative=1e-05, absolute=1e-50, divergence=10000.
                      left preconditioning
                      not checking for convergence
                    PC Object: (BackwardEuler-Equation_lumped_mg_coarse_) 832 MPI processes
                      type: lu
                        out-of-place factorization
                        tolerance for zero pivot 2.22045e-14
                        matrix ordering: external
                        factor fill ratio given 0., needed 0.
                          Factored matrix:
                            Mat Object: (BackwardEuler-Equation_lumped_mg_coarse_) 832 MPI processes
                              type: mumps
                              rows=230400, cols=230400
                              package used to perform factorization: mumps
                              total: nonzeros=53788864, allocated nonzeros=53788864
                                MUMPS run parameters:
                                  Use -BackwardEuler-Equation_lumped_mg_coarse_ksp_view ::ascii_info_detail to display information for all processes
                                  RINFOG(1) (global estimated flops for the elimination after analysis): 2.26775e+10
                                  RINFOG(2) (global estimated flops for the assembly after factorization): 8.43506e+07
                                  RINFOG(3) (global estimated flops for the elimination after factorization): 2.26775e+10
                                  (RINFOG(12) RINFOG(13))*2^INFOG(34) (determinant): (0.,0.)*(2^0)
                                  INFOG(3) (estimated real workspace for factors on all processors after analysis): 156221480
                                  INFOG(4) (estimated integer workspace for factors on all processors after analysis): 3409438
                                  INFOG(5) (estimated maximum front size in the complete tree): 1668
                                  INFOG(6) (number of nodes in the complete tree): 12616
                                  INFOG(7) (ordering option effectively used after analysis): 5
                                  INFOG(8) (structural symmetry in percent of the permuted matrix after analysis): -1
                                  INFOG(9) (total real/complex workspace to store the matrix factors after factorization): 53788864
                                  INFOG(10) (total integer space store the matrix factors after factorization): 2983281
                                  INFOG(11) (order of largest frontal matrix after factorization): 1668
                                  INFOG(12) (number of off-diagonal pivots): 0
                                  INFOG(13) (number of delayed pivots after factorization): 0
                                  INFOG(14) (number of memory compress after factorization): 0
                                  INFOG(15) (number of steps of iterative refinement after solution): 0
                                  INFOG(16) (estimated size (in MB) of all MUMPS internal data for factorization after analysis: value on the most memory consuming processor): 296
                                  INFOG(17) (estimated size of all MUMPS internal data for factorization after analysis: sum over all processors): 231120
                                  INFOG(18) (size of all MUMPS internal data allocated during factorization: value on the most memory consuming processor): 296
                                  INFOG(19) (size of all MUMPS internal data allocated during factorization: sum over all processors): 231068
                                  INFOG(20) (estimated number of entries in the factors): 53788864
                                  INFOG(21) (size in MB of memory effectively used during factorization - value on the most memory consuming processor): 286
                                  INFOG(22) (size in MB of memory effectively used during factorization - sum over all processors): 225271
                                  INFOG(23) (after analysis: value of ICNTL(6) effectively used): 0
                                  INFOG(24) (after analysis: value of ICNTL(12) effectively used): 1
                                  INFOG(25) (after factorization: number of pivots modified by static pivoting): 0
                                  INFOG(28) (after factorization: number of null pivots encountered): 0
                                  INFOG(29) (after factorization: effective number of entries in the factors (sum over all processors)): 53788864
                                  INFOG(30, 31) (after solution: size in Mbytes of memory used during solution phase): 55, 29409
                                  INFOG(32) (after analysis: type of analysis done): 1
                                  INFOG(33) (value used for ICNTL(8)): 7
                                  INFOG(34) (exponent of the determinant if determinant is requested): 0
                                  INFOG(35) (after factorization: number of entries taking into account BLR factor compression - sum over all processors): 53788864
                                  INFOG(36) (after analysis: estimated size of all MUMPS internal data for running BLR in-core - value on the most memory consuming processor): 0
                                  INFOG(37) (after analysis: estimated size of all MUMPS internal data for running BLR in-core - sum over all processors): 0
                                  INFOG(38) (after analysis: estimated size of all MUMPS internal data for running BLR out-of-core - value on the most memory consuming processor): 0
                                  INFOG(39) (after analysis: estimated size of all MUMPS internal data for running BLR out-of-core - sum over all processors): 0
                      linear system matrix, which is also used to construct the preconditioner:
                      Mat Object: 832 MPI processes
                        type: mpiaij
                        rows=230400, cols=230400
                        total: nonzeros=4592640, allocated nonzeros=4592640
                        total number of mallocs used during MatSetValues calls=0
                          using nonscalable MatPtAP() implementation
                          using I-node (on process 0) routines: found 70 nodes, limit used is 5
                  Down solver (pre-smoother) on level 1 -------------------------------
                    KSP Object: (BackwardEuler-Equation_lumped_mg_levels_1_) 832 MPI processes
                      type: chebyshev
                        Chebyshev polynomial of first kind
                        eigenvalue targets used: min 0.178812, max 1.96693
                        eigenvalues estimated via gmres: min 0.0298698, max 1.78812
                        eigenvalues estimated using gmres with transform: [0. 0.1; 0. 1.1]
                        KSP Object: (BackwardEuler-Equation_lumped_mg_levels_1_esteig_) 832 MPI processes
                          type: gmres
                            restart=30, using classical (unmodified) Gram-Schmidt orthogonalization with no iterative refinement
                            happy breakdown tolerance=1e-30
                          maximum iterations=10, initial guess is zero
                          tolerances: relative=1e-12, absolute=1e-50, divergence=10000.
                          left preconditioning
                          using PRECONDITIONED norm type for convergence test
                        estimating eigenvalues using a noisy random number generated right-hand side
                      maximum iterations=2, nonzero initial guess
                      tolerances: relative=1e-05, absolute=1e-50, divergence=10000.
                      left preconditioning
                      not checking for convergence
                    PC Object: (BackwardEuler-Equation_lumped_mg_levels_1_) 832 MPI processes
                      type: sor
                        type = local_symmetric, iterations = 1, local iterations = 1, omega = 1.
                      linear system matrix, which is also used to construct the preconditioner:
                      Mat Object: (BackwardEuler-Equation_) 832 MPI processes
                        type: mpiaij
                        rows=143769600, cols=143769600
                        total: nonzeros=8024555520, allocated nonzeros=8024555520
                        total number of mallocs used during MatSetValues calls=0
                          has attached near null space
                          using I-node (on process 0) routines: found 43680 nodes, limit used is 5
                  Up solver (post-smoother) same as down solver (pre-smoother)
                  linear system matrix, which is also used to construct the preconditioner:
                  Mat Object: (BackwardEuler-Equation_) 832 MPI processes
                    type: mpiaij
                    rows=143769600, cols=143769600
                    total: nonzeros=8024555520, allocated nonzeros=8024555520
                    total number of mallocs used during MatSetValues calls=0
                      has attached near null space
                      using I-node (on process 0) routines: found 43680 nodes, limit used is 5
                linear system matrix, which is also used to construct the preconditioner:
                Mat Object: (BackwardEuler-Equation_) 832 MPI processes
                  type: mpiaij
                  rows=143769600, cols=143769600
                  total: nonzeros=8024555520, allocated nonzeros=8024555520
                  total number of mallocs used during MatSetValues calls=0
                    has attached near null space
                    using I-node (on process 0) routines: found 43680 nodes, limit used is 5
t = 1800.00 s | step 6/30 | wall 33.11 s | NL 1 | L 68
              0 SNES Function norm 4.710813187480e-07
                      Linear BackwardEuler-Equation_lumped_mg_coarse_ solve converged due to CONVERGED_ITS iterations 1
                      Linear BackwardEuler-Equation_lumped_mg_coarse_ solve converged due to CONVERGED_ITS iterations 1
                      Linear BackwardEuler-Equation_lumped_mg_coarse_ solve converged due to CONVERGED_ITS iterations 1
                      Linear BackwardEuler-Equation_lumped_mg_coarse_ solve converged due to CONVERGED_ITS iterations 1
                      Linear BackwardEuler-Equation_lumped_mg_coarse_ solve converged due to CONVERGED_ITS iterations 1
                      Linear BackwardEuler-Equation_lumped_mg_coarse_ solve converged due to CONVERGED_ITS iterations 1
                      Linear BackwardEuler-Equation_lumped_mg_coarse_ solve converged due to CONVERGED_ITS iterations 1
                      Linear BackwardEuler-Equation_lumped_mg_coarse_ solve converged due to CONVERGED_ITS iterations 1
                      Linear BackwardEuler-Equation_lumped_mg_coarse_ solve converged due to CONVERGED_ITS iterations 1
                      Linear BackwardEuler-Equation_lumped_mg_coarse_ solve converged due to CONVERGED_ITS iterations 1
                      Linear BackwardEuler-Equation_lumped_mg_coarse_ solve converged due to CONVERGED_ITS iterations 1
                      Linear BackwardEuler-Equation_lumped_mg_coarse_ solve converged due to CONVERGED_ITS iterations 1
                      Linear BackwardEuler-Equation_lumped_mg_coarse_ solve converged due to CONVERGED_ITS iterations 1
                      Linear BackwardEuler-Equation_lumped_mg_coarse_ solve converged due to CONVERGED_ITS iterations 1
                      Linear BackwardEuler-Equation_lumped_mg_coarse_ solve converged due to CONVERGED_ITS iterations 1
                      Linear BackwardEuler-Equation_lumped_mg_coarse_ solve converged due to CONVERGED_ITS iterations 1
                      Linear BackwardEuler-Equation_lumped_mg_coarse_ solve converged due to CONVERGED_ITS iterations 1
                      Linear BackwardEuler-Equation_lumped_mg_coarse_ solve converged due to CONVERGED_ITS iterations 1
                      Linear BackwardEuler-Equation_lumped_mg_coarse_ solve converged due to CONVERGED_ITS iterations 1
                      Linear BackwardEuler-Equation_lumped_mg_coarse_ solve converged due to CONVERGED_ITS iterations 1
                      Linear BackwardEuler-Equation_lumped_mg_coarse_ solve converged due to CONVERGED_ITS iterations 1
                      Linear BackwardEuler-Equation_lumped_mg_coarse_ solve converged due to CONVERGED_ITS iterations 1
                      Linear BackwardEuler-Equation_lumped_mg_coarse_ solve converged due to CONVERGED_ITS iterations 1
                      Linear BackwardEuler-Equation_lumped_mg_coarse_ solve converged due to CONVERGED_ITS iterations 1
                      Linear BackwardEuler-Equation_lumped_mg_coarse_ solve converged due to CONVERGED_ITS iterations 1
                      Linear BackwardEuler-Equation_lumped_mg_coarse_ solve converged due to CONVERGED_ITS iterations 1
                      Linear BackwardEuler-Equation_lumped_mg_coarse_ solve converged due to CONVERGED_ITS iterations 1
                      Linear BackwardEuler-Equation_lumped_mg_coarse_ solve converged due to CONVERGED_ITS iterations 1
                      Linear BackwardEuler-Equation_lumped_mg_coarse_ solve converged due to CONVERGED_ITS iterations 1
                      Linear BackwardEuler-Equation_lumped_mg_coarse_ solve converged due to CONVERGED_ITS iterations 1
                      Linear BackwardEuler-Equation_lumped_mg_coarse_ solve converged due to CONVERGED_ITS iterations 1
                      Linear BackwardEuler-Equation_lumped_mg_coarse_ solve converged due to CONVERGED_ITS iterations 1
                      Linear BackwardEuler-Equation_lumped_mg_coarse_ solve converged due to CONVERGED_ITS iterations 1
                      Linear BackwardEuler-Equation_lumped_mg_coarse_ solve converged due to CONVERGED_ITS iterations 1
                      Linear BackwardEuler-Equation_lumped_mg_coarse_ solve converged due to CONVERGED_ITS iterations 1
                      Linear BackwardEuler-Equation_lumped_mg_coarse_ solve converged due to CONVERGED_ITS iterations 1
                      Linear BackwardEuler-Equation_lumped_mg_coarse_ solve converged due to CONVERGED_ITS iterations 1
                      Linear BackwardEuler-Equation_lumped_mg_coarse_ solve converged due to CONVERGED_ITS iterations 1
                      Linear BackwardEuler-Equation_lumped_mg_coarse_ solve converged due to CONVERGED_ITS iterations 1
                      Linear BackwardEuler-Equation_lumped_mg_coarse_ solve converged due to CONVERGED_ITS iterations 1
                      Linear BackwardEuler-Equation_lumped_mg_coarse_ solve converged due to CONVERGED_ITS iterations 1
                      Linear BackwardEuler-Equation_lumped_mg_coarse_ solve converged due to CONVERGED_ITS iterations 1
                      Linear BackwardEuler-Equation_lumped_mg_coarse_ solve converged due to CONVERGED_ITS iterations 1
                      Linear BackwardEuler-Equation_lumped_mg_coarse_ solve converged due to CONVERGED_ITS iterations 1
                      Linear BackwardEuler-Equation_lumped_mg_coarse_ solve converged due to CONVERGED_ITS iterations 1
                      Linear BackwardEuler-Equation_lumped_mg_coarse_ solve converged due to CONVERGED_ITS iterations 1
                      Linear BackwardEuler-Equation_lumped_mg_coarse_ solve converged due to CONVERGED_ITS iterations 1
                      Linear BackwardEuler-Equation_lumped_mg_coarse_ solve converged due to CONVERGED_ITS iterations 1
                      Linear BackwardEuler-Equation_lumped_mg_coarse_ solve converged due to CONVERGED_ITS iterations 1
                      Linear BackwardEuler-Equation_lumped_mg_coarse_ solve converged due to CONVERGED_ITS iterations 1
                      Linear BackwardEuler-Equation_lumped_mg_coarse_ solve converged due to CONVERGED_ITS iterations 1
                      Linear BackwardEuler-Equation_lumped_mg_coarse_ solve converged due to CONVERGED_ITS iterations 1
                      Linear BackwardEuler-Equation_lumped_mg_coarse_ solve converged due to CONVERGED_ITS iterations 1
                      Linear BackwardEuler-Equation_lumped_mg_coarse_ solve converged due to CONVERGED_ITS iterations 1
                      Linear BackwardEuler-Equation_lumped_mg_coarse_ solve converged due to CONVERGED_ITS iterations 1
                      Linear BackwardEuler-Equation_lumped_mg_coarse_ solve converged due to CONVERGED_ITS iterations 1
                      Linear BackwardEuler-Equation_lumped_mg_coarse_ solve converged due to CONVERGED_ITS iterations 1
                      Linear BackwardEuler-Equation_lumped_mg_coarse_ solve converged due to CONVERGED_ITS iterations 1
                      Linear BackwardEuler-Equation_lumped_mg_coarse_ solve converged due to CONVERGED_ITS iterations 1
                      Linear BackwardEuler-Equation_lumped_mg_coarse_ solve converged due to CONVERGED_ITS iterations 1
                      Linear BackwardEuler-Equation_lumped_mg_coarse_ solve converged due to CONVERGED_ITS iterations 1
                      Linear BackwardEuler-Equation_lumped_mg_coarse_ solve converged due to CONVERGED_ITS iterations 1
                      Linear BackwardEuler-Equation_lumped_mg_coarse_ solve converged due to CONVERGED_ITS iterations 1
                      Linear BackwardEuler-Equation_lumped_mg_coarse_ solve converged due to CONVERGED_ITS iterations 1
                      Linear BackwardEuler-Equation_lumped_mg_coarse_ solve converged due to CONVERGED_ITS iterations 1
                      Linear BackwardEuler-Equation_lumped_mg_coarse_ solve converged due to CONVERGED_ITS iterations 1
                      Linear BackwardEuler-Equation_lumped_mg_coarse_ solve converged due to CONVERGED_ITS iterations 1
                      Linear BackwardEuler-Equation_lumped_mg_coarse_ solve converged due to CONVERGED_ITS iterations 1
                      Linear BackwardEuler-Equation_lumped_mg_coarse_ solve converged due to CONVERGED_ITS iterations 1
                Linear BackwardEuler-Equation_ solve converged due to CONVERGED_RTOL iterations 69
            Mat Object: (BackwardEuler-Equation_) 832 MPI processes
              type: mpiaij
              rows=143769600, cols=143769600
              total: nonzeros=8024555520, allocated nonzeros=8024555520
              total number of mallocs used during MatSetValues calls=0
                has attached near null space
                using I-node (on process 0) routines: found 43680 nodes, limit used is 5
              1 SNES Function norm 8.516413903883e-09
              Nonlinear BackwardEuler-Equation_ solve converged due to CONVERGED_FNORM_ABS iterations 1
            SNES Object: (BackwardEuler-Equation_) 832 MPI processes
              type: newtonls
              maximum iterations=50, maximum function evaluations=10000
              tolerances: relative=1e-08, absolute=1e-08, solution=1e-08
              total number of linear solver iterations=69
              total number of function evaluations=2
              norm schedule ALWAYS
              SNESLineSearch Object: (BackwardEuler-Equation_) 832 MPI processes
                type: bt
                  interpolation: cubic
                  alpha=1.000000e-04
                maxlambda=1.000000e+00, minlambda=1.000000e-12
                tolerances: relative=1.000000e-08, absolute=1.000000e-15, lambda=1.000000e-08
                maximum iterations=40
              KSP Object: (BackwardEuler-Equation_) 832 MPI processes
                type: fgmres
                  restart=30, using classical (unmodified) Gram-Schmidt orthogonalization with no iterative refinement
                  happy breakdown tolerance=1e-30
                maximum iterations=200, initial guess is zero
                tolerances: relative=1e-06, absolute=1e-50, divergence=10000.
                right preconditioning
                using UNPRECONDITIONED norm type for convergence test
              PC Object: (BackwardEuler-Equation_) 832 MPI processes
                type: python
                  Python: solvers.vlumping.VerticallyLumpedPC
                Firedrake custom preconditioner VerticallyLumpedPC
                  Vertically lumped MG: collapses vertical dimension on coarse level (cf. Kramer et al. 2010)
                  PC Object: (BackwardEuler-Equation_lumped_) 832 MPI processes
                    type: mg
                      type is MULTIPLICATIVE, levels=2 cycles=v
                        Cycles per PCApply=1
                        Using Galerkin computed coarse grid matrices
                    Coarse grid solver -- level 0 -------------------------------
                      KSP Object: (BackwardEuler-Equation_lumped_mg_coarse_) 832 MPI processes
                        type: preonly
                        maximum iterations=10000, initial guess is zero
                        tolerances: relative=1e-05, absolute=1e-50, divergence=10000.
                        left preconditioning
                        not checking for convergence
                      PC Object: (BackwardEuler-Equation_lumped_mg_coarse_) 832 MPI processes
                        type: lu
                          out-of-place factorization
                          tolerance for zero pivot 2.22045e-14
                          matrix ordering: external
                          factor fill ratio given 0., needed 0.
                            Factored matrix:
                              Mat Object: (BackwardEuler-Equation_lumped_mg_coarse_) 832 MPI processes
                                type: mumps
                                rows=230400, cols=230400
                                package used to perform factorization: mumps
                                total: nonzeros=53788864, allocated nonzeros=53788864
                                  MUMPS run parameters:
                                    Use -BackwardEuler-Equation_lumped_mg_coarse_ksp_view ::ascii_info_detail to display information for all processes
                                    RINFOG(1) (global estimated flops for the elimination after analysis): 2.26775e+10
                                    RINFOG(2) (global estimated flops for the assembly after factorization): 8.43506e+07
                                    RINFOG(3) (global estimated flops for the elimination after factorization): 2.26775e+10
                                    (RINFOG(12) RINFOG(13))*2^INFOG(34) (determinant): (0.,0.)*(2^0)
                                    INFOG(3) (estimated real workspace for factors on all processors after analysis): 156221480
                                    INFOG(4) (estimated integer workspace for factors on all processors after analysis): 3409438
                                    INFOG(5) (estimated maximum front size in the complete tree): 1668
                                    INFOG(6) (number of nodes in the complete tree): 12616
                                    INFOG(7) (ordering option effectively used after analysis): 5
                                    INFOG(8) (structural symmetry in percent of the permuted matrix after analysis): -1
                                    INFOG(9) (total real/complex workspace to store the matrix factors after factorization): 53788864
                                    INFOG(10) (total integer space store the matrix factors after factorization): 2983281
                                    INFOG(11) (order of largest frontal matrix after factorization): 1668
                                    INFOG(12) (number of off-diagonal pivots): 0
                                    INFOG(13) (number of delayed pivots after factorization): 0
                                    INFOG(14) (number of memory compress after factorization): 0
                                    INFOG(15) (number of steps of iterative refinement after solution): 0
                                    INFOG(16) (estimated size (in MB) of all MUMPS internal data for factorization after analysis: value on the most memory consuming processor): 296
                                    INFOG(17) (estimated size of all MUMPS internal data for factorization after analysis: sum over all processors): 231120
                                    INFOG(18) (size of all MUMPS internal data allocated during factorization: value on the most memory consuming processor): 296
                                    INFOG(19) (size of all MUMPS internal data allocated during factorization: sum over all processors): 231068
                                    INFOG(20) (estimated number of entries in the factors): 53788864
                                    INFOG(21) (size in MB of memory effectively used during factorization - value on the most memory consuming processor): 286
                                    INFOG(22) (size in MB of memory effectively used during factorization - sum over all processors): 225275
                                    INFOG(23) (after analysis: value of ICNTL(6) effectively used): 0
                                    INFOG(24) (after analysis: value of ICNTL(12) effectively used): 1
                                    INFOG(25) (after factorization: number of pivots modified by static pivoting): 0
                                    INFOG(28) (after factorization: number of null pivots encountered): 0
                                    INFOG(29) (after factorization: effective number of entries in the factors (sum over all processors)): 53788864
                                    INFOG(30, 31) (after solution: size in Mbytes of memory used during solution phase): 55, 29409
                                    INFOG(32) (after analysis: type of analysis done): 1
                                    INFOG(33) (value used for ICNTL(8)): 7
                                    INFOG(34) (exponent of the determinant if determinant is requested): 0
                                    INFOG(35) (after factorization: number of entries taking into account BLR factor compression - sum over all processors): 53788864
                                    INFOG(36) (after analysis: estimated size of all MUMPS internal data for running BLR in-core - value on the most memory consuming processor): 0
                                    INFOG(37) (after analysis: estimated size of all MUMPS internal data for running BLR in-core - sum over all processors): 0
                                    INFOG(38) (after analysis: estimated size of all MUMPS internal data for running BLR out-of-core - value on the most memory consuming processor): 0
                                    INFOG(39) (after analysis: estimated size of all MUMPS internal data for running BLR out-of-core - sum over all processors): 0
                        linear system matrix, which is also used to construct the preconditioner:
                        Mat Object: 832 MPI processes
                          type: mpiaij
                          rows=230400, cols=230400
                          total: nonzeros=4592640, allocated nonzeros=4592640
                          total number of mallocs used during MatSetValues calls=0
                            using nonscalable MatPtAP() implementation
                            using I-node (on process 0) routines: found 70 nodes, limit used is 5
                    Down solver (pre-smoother) on level 1 -------------------------------
                      KSP Object: (BackwardEuler-Equation_lumped_mg_levels_1_) 832 MPI processes
                        type: chebyshev
                          Chebyshev polynomial of first kind
                          eigenvalue targets used: min 0.178812, max 1.96693
                          eigenvalues estimated via gmres: min 0.0298709, max 1.78812
                          eigenvalues estimated using gmres with transform: [0. 0.1; 0. 1.1]
                          KSP Object: (BackwardEuler-Equation_lumped_mg_levels_1_esteig_) 832 MPI processes
                            type: gmres
                              restart=30, using classical (unmodified) Gram-Schmidt orthogonalization with no iterative refinement
                              happy breakdown tolerance=1e-30
                            maximum iterations=10, initial guess is zero
                            tolerances: relative=1e-12, absolute=1e-50, divergence=10000.
                            left preconditioning
                            using PRECONDITIONED norm type for convergence test
                          estimating eigenvalues using a noisy random number generated right-hand side
                        maximum iterations=2, nonzero initial guess
                        tolerances: relative=1e-05, absolute=1e-50, divergence=10000.
                        left preconditioning
                        not checking for convergence
                      PC Object: (BackwardEuler-Equation_lumped_mg_levels_1_) 832 MPI processes
                        type: sor
                          type = local_symmetric, iterations = 1, local iterations = 1, omega = 1.
                        linear system matrix, which is also used to construct the preconditioner:
                        Mat Object: (BackwardEuler-Equation_) 832 MPI processes
                          type: mpiaij
                          rows=143769600, cols=143769600
                          total: nonzeros=8024555520, allocated nonzeros=8024555520
                          total number of mallocs used during MatSetValues calls=0
                            has attached near null space
                            using I-node (on process 0) routines: found 43680 nodes, limit used is 5
                    Up solver (post-smoother) same as down solver (pre-smoother)
                    linear system matrix, which is also used to construct the preconditioner:
                    Mat Object: (BackwardEuler-Equation_) 832 MPI processes
                      type: mpiaij
                      rows=143769600, cols=143769600
                      total: nonzeros=8024555520, allocated nonzeros=8024555520
                      total number of mallocs used during MatSetValues calls=0
                        has attached near null space
                        using I-node (on process 0) routines: found 43680 nodes, limit used is 5
                  linear system matrix, which is also used to construct the preconditioner:
                  Mat Object: (BackwardEuler-Equation_) 832 MPI processes
                    type: mpiaij
                    rows=143769600, cols=143769600
                    total: nonzeros=8024555520, allocated nonzeros=8024555520
                    total number of mallocs used during MatSetValues calls=0
                      has attached near null space
                      using I-node (on process 0) routines: found 43680 nodes, limit used is 5
t = 2100.00 s | step 7/30 | wall 33.18 s | NL 1 | L 69
                0 SNES Function norm 4.560467302925e-07
                        Linear BackwardEuler-Equation_lumped_mg_coarse_ solve converged due to CONVERGED_ITS iterations 1
                        Linear BackwardEuler-Equation_lumped_mg_coarse_ solve converged due to CONVERGED_ITS iterations 1
                        Linear BackwardEuler-Equation_lumped_mg_coarse_ solve converged due to CONVERGED_ITS iterations 1
                        Linear BackwardEuler-Equation_lumped_mg_coarse_ solve converged due to CONVERGED_ITS iterations 1
                        Linear BackwardEuler-Equation_lumped_mg_coarse_ solve converged due to CONVERGED_ITS iterations 1
                        Linear BackwardEuler-Equation_lumped_mg_coarse_ solve converged due to CONVERGED_ITS iterations 1
                        Linear BackwardEuler-Equation_lumped_mg_coarse_ solve converged due to CONVERGED_ITS iterations 1
                        Linear BackwardEuler-Equation_lumped_mg_coarse_ solve converged due to CONVERGED_ITS iterations 1
                        Linear BackwardEuler-Equation_lumped_mg_coarse_ solve converged due to CONVERGED_ITS iterations 1
                        Linear BackwardEuler-Equation_lumped_mg_coarse_ solve converged due to CONVERGED_ITS iterations 1
                        Linear BackwardEuler-Equation_lumped_mg_coarse_ solve converged due to CONVERGED_ITS iterations 1
                        Linear BackwardEuler-Equation_lumped_mg_coarse_ solve converged due to CONVERGED_ITS iterations 1
                        Linear BackwardEuler-Equation_lumped_mg_coarse_ solve converged due to CONVERGED_ITS iterations 1
                        Linear BackwardEuler-Equation_lumped_mg_coarse_ solve converged due to CONVERGED_ITS iterations 1
                        Linear BackwardEuler-Equation_lumped_mg_coarse_ solve converged due to CONVERGED_ITS iterations 1
                        Linear BackwardEuler-Equation_lumped_mg_coarse_ solve converged due to CONVERGED_ITS iterations 1
                        Linear BackwardEuler-Equation_lumped_mg_coarse_ solve converged due to CONVERGED_ITS iterations 1
                        Linear BackwardEuler-Equation_lumped_mg_coarse_ solve converged due to CONVERGED_ITS iterations 1
                        Linear BackwardEuler-Equation_lumped_mg_coarse_ solve converged due to CONVERGED_ITS iterations 1
                        Linear BackwardEuler-Equation_lumped_mg_coarse_ solve converged due to CONVERGED_ITS iterations 1
                        Linear BackwardEuler-Equation_lumped_mg_coarse_ solve converged due to CONVERGED_ITS iterations 1
                        Linear BackwardEuler-Equation_lumped_mg_coarse_ solve converged due to CONVERGED_ITS iterations 1
                        Linear BackwardEuler-Equation_lumped_mg_coarse_ solve converged due to CONVERGED_ITS iterations 1
                        Linear BackwardEuler-Equation_lumped_mg_coarse_ solve converged due to CONVERGED_ITS iterations 1
                        Linear BackwardEuler-Equation_lumped_mg_coarse_ solve converged due to CONVERGED_ITS iterations 1
                        Linear BackwardEuler-Equation_lumped_mg_coarse_ solve converged due to CONVERGED_ITS iterations 1
                        Linear BackwardEuler-Equation_lumped_mg_coarse_ solve converged due to CONVERGED_ITS iterations 1
                        Linear BackwardEuler-Equation_lumped_mg_coarse_ solve converged due to CONVERGED_ITS iterations 1
                        Linear BackwardEuler-Equation_lumped_mg_coarse_ solve converged due to CONVERGED_ITS iterations 1
                        Linear BackwardEuler-Equation_lumped_mg_coarse_ solve converged due to CONVERGED_ITS iterations 1
                        Linear BackwardEuler-Equation_lumped_mg_coarse_ solve converged due to CONVERGED_ITS iterations 1
                        Linear BackwardEuler-Equation_lumped_mg_coarse_ solve converged due to CONVERGED_ITS iterations 1
                        Linear BackwardEuler-Equation_lumped_mg_coarse_ solve converged due to CONVERGED_ITS iterations 1
                        Linear BackwardEuler-Equation_lumped_mg_coarse_ solve converged due to CONVERGED_ITS iterations 1
                        Linear BackwardEuler-Equation_lumped_mg_coarse_ solve converged due to CONVERGED_ITS iterations 1
                        Linear BackwardEuler-Equation_lumped_mg_coarse_ solve converged due to CONVERGED_ITS iterations 1
                        Linear BackwardEuler-Equation_lumped_mg_coarse_ solve converged due to CONVERGED_ITS iterations 1
                        Linear BackwardEuler-Equation_lumped_mg_coarse_ solve converged due to CONVERGED_ITS iterations 1
                        Linear BackwardEuler-Equation_lumped_mg_coarse_ solve converged due to CONVERGED_ITS iterations 1
                        Linear BackwardEuler-Equation_lumped_mg_coarse_ solve converged due to CONVERGED_ITS iterations 1
                        Linear BackwardEuler-Equation_lumped_mg_coarse_ solve converged due to CONVERGED_ITS iterations 1
                        Linear BackwardEuler-Equation_lumped_mg_coarse_ solve converged due to CONVERGED_ITS iterations 1
                        Linear BackwardEuler-Equation_lumped_mg_coarse_ solve converged due to CONVERGED_ITS iterations 1
                        Linear BackwardEuler-Equation_lumped_mg_coarse_ solve converged due to CONVERGED_ITS iterations 1
                        Linear BackwardEuler-Equation_lumped_mg_coarse_ solve converged due to CONVERGED_ITS iterations 1
                        Linear BackwardEuler-Equation_lumped_mg_coarse_ solve converged due to CONVERGED_ITS iterations 1
                        Linear BackwardEuler-Equation_lumped_mg_coarse_ solve converged due to CONVERGED_ITS iterations 1
                        Linear BackwardEuler-Equation_lumped_mg_coarse_ solve converged due to CONVERGED_ITS iterations 1
                        Linear BackwardEuler-Equation_lumped_mg_coarse_ solve converged due to CONVERGED_ITS iterations 1
                        Linear BackwardEuler-Equation_lumped_mg_coarse_ solve converged due to CONVERGED_ITS iterations 1
                        Linear BackwardEuler-Equation_lumped_mg_coarse_ solve converged due to CONVERGED_ITS iterations 1
                        Linear BackwardEuler-Equation_lumped_mg_coarse_ solve converged due to CONVERGED_ITS iterations 1
                        Linear BackwardEuler-Equation_lumped_mg_coarse_ solve converged due to CONVERGED_ITS iterations 1
                        Linear BackwardEuler-Equation_lumped_mg_coarse_ solve converged due to CONVERGED_ITS iterations 1
                        Linear BackwardEuler-Equation_lumped_mg_coarse_ solve converged due to CONVERGED_ITS iterations 1
                        Linear BackwardEuler-Equation_lumped_mg_coarse_ solve converged due to CONVERGED_ITS iterations 1
                        Linear BackwardEuler-Equation_lumped_mg_coarse_ solve converged due to CONVERGED_ITS iterations 1
                        Linear BackwardEuler-Equation_lumped_mg_coarse_ solve converged due to CONVERGED_ITS iterations 1
                        Linear BackwardEuler-Equation_lumped_mg_coarse_ solve converged due to CONVERGED_ITS iterations 1
                        Linear BackwardEuler-Equation_lumped_mg_coarse_ solve converged due to CONVERGED_ITS iterations 1
                        Linear BackwardEuler-Equation_lumped_mg_coarse_ solve converged due to CONVERGED_ITS iterations 1
                        Linear BackwardEuler-Equation_lumped_mg_coarse_ solve converged due to CONVERGED_ITS iterations 1
                        Linear BackwardEuler-Equation_lumped_mg_coarse_ solve converged due to CONVERGED_ITS iterations 1
                        Linear BackwardEuler-Equation_lumped_mg_coarse_ solve converged due to CONVERGED_ITS iterations 1
                        Linear BackwardEuler-Equation_lumped_mg_coarse_ solve converged due to CONVERGED_ITS iterations 1
                        Linear BackwardEuler-Equation_lumped_mg_coarse_ solve converged due to CONVERGED_ITS iterations 1
                        Linear BackwardEuler-Equation_lumped_mg_coarse_ solve converged due to CONVERGED_ITS iterations 1
                        Linear BackwardEuler-Equation_lumped_mg_coarse_ solve converged due to CONVERGED_ITS iterations 1
                        Linear BackwardEuler-Equation_lumped_mg_coarse_ solve converged due to CONVERGED_ITS iterations 1
                        Linear BackwardEuler-Equation_lumped_mg_coarse_ solve converged due to CONVERGED_ITS iterations 1
                        Linear BackwardEuler-Equation_lumped_mg_coarse_ solve converged due to CONVERGED_ITS iterations 1
                  Linear BackwardEuler-Equation_ solve converged due to CONVERGED_RTOL iterations 71
              Mat Object: (BackwardEuler-Equation_) 832 MPI processes
                type: mpiaij
                rows=143769600, cols=143769600
                total: nonzeros=8024555520, allocated nonzeros=8024555520
                total number of mallocs used during MatSetValues calls=0
                  has attached near null space
                  using I-node (on process 0) routines: found 43680 nodes, limit used is 5
                1 SNES Function norm 7.787441771786e-09
                Nonlinear BackwardEuler-Equation_ solve converged due to CONVERGED_FNORM_ABS iterations 1
              SNES Object: (BackwardEuler-Equation_) 832 MPI processes
                type: newtonls
                maximum iterations=50, maximum function evaluations=10000
                tolerances: relative=1e-08, absolute=1e-08, solution=1e-08
                total number of linear solver iterations=71
                total number of function evaluations=2
                norm schedule ALWAYS
                SNESLineSearch Object: (BackwardEuler-Equation_) 832 MPI processes
                  type: bt
                    interpolation: cubic
                    alpha=1.000000e-04
                  maxlambda=1.000000e+00, minlambda=1.000000e-12
                  tolerances: relative=1.000000e-08, absolute=1.000000e-15, lambda=1.000000e-08
                  maximum iterations=40
                KSP Object: (BackwardEuler-Equation_) 832 MPI processes
                  type: fgmres
                    restart=30, using classical (unmodified) Gram-Schmidt orthogonalization with no iterative refinement
                    happy breakdown tolerance=1e-30
                  maximum iterations=200, initial guess is zero
                  tolerances: relative=1e-06, absolute=1e-50, divergence=10000.
                  right preconditioning
                  using UNPRECONDITIONED norm type for convergence test
                PC Object: (BackwardEuler-Equation_) 832 MPI processes
                  type: python
                    Python: solvers.vlumping.VerticallyLumpedPC
                  Firedrake custom preconditioner VerticallyLumpedPC
                    Vertically lumped MG: collapses vertical dimension on coarse level (cf. Kramer et al. 2010)
                    PC Object: (BackwardEuler-Equation_lumped_) 832 MPI processes
                      type: mg
                        type is MULTIPLICATIVE, levels=2 cycles=v
                          Cycles per PCApply=1
                          Using Galerkin computed coarse grid matrices
                      Coarse grid solver -- level 0 -------------------------------
                        KSP Object: (BackwardEuler-Equation_lumped_mg_coarse_) 832 MPI processes
                          type: preonly
                          maximum iterations=10000, initial guess is zero
                          tolerances: relative=1e-05, absolute=1e-50, divergence=10000.
                          left preconditioning
                          not checking for convergence
                        PC Object: (BackwardEuler-Equation_lumped_mg_coarse_) 832 MPI processes
                          type: lu
                            out-of-place factorization
                            tolerance for zero pivot 2.22045e-14
                            matrix ordering: external
                            factor fill ratio given 0., needed 0.
                              Factored matrix:
                                Mat Object: (BackwardEuler-Equation_lumped_mg_coarse_) 832 MPI processes
                                  type: mumps
                                  rows=230400, cols=230400
                                  package used to perform factorization: mumps
                                  total: nonzeros=53788864, allocated nonzeros=53788864
                                    MUMPS run parameters:
                                      Use -BackwardEuler-Equation_lumped_mg_coarse_ksp_view ::ascii_info_detail to display information for all processes
                                      RINFOG(1) (global estimated flops for the elimination after analysis): 2.26775e+10
                                      RINFOG(2) (global estimated flops for the assembly after factorization): 8.43506e+07
                                      RINFOG(3) (global estimated flops for the elimination after factorization): 2.26775e+10
                                      (RINFOG(12) RINFOG(13))*2^INFOG(34) (determinant): (0.,0.)*(2^0)
                                      INFOG(3) (estimated real workspace for factors on all processors after analysis): 156221480
                                      INFOG(4) (estimated integer workspace for factors on all processors after analysis): 3409438
                                      INFOG(5) (estimated maximum front size in the complete tree): 1668
                                      INFOG(6) (number of nodes in the complete tree): 12616
                                      INFOG(7) (ordering option effectively used after analysis): 5
                                      INFOG(8) (structural symmetry in percent of the permuted matrix after analysis): -1
                                      INFOG(9) (total real/complex workspace to store the matrix factors after factorization): 53788864
                                      INFOG(10) (total integer space store the matrix factors after factorization): 2983281
                                      INFOG(11) (order of largest frontal matrix after factorization): 1668
                                      INFOG(12) (number of off-diagonal pivots): 0
                                      INFOG(13) (number of delayed pivots after factorization): 0
                                      INFOG(14) (number of memory compress after factorization): 0
                                      INFOG(15) (number of steps of iterative refinement after solution): 0
                                      INFOG(16) (estimated size (in MB) of all MUMPS internal data for factorization after analysis: value on the most memory consuming processor): 296
                                      INFOG(17) (estimated size of all MUMPS internal data for factorization after analysis: sum over all processors): 231120
                                      INFOG(18) (size of all MUMPS internal data allocated during factorization: value on the most memory consuming processor): 296
                                      INFOG(19) (size of all MUMPS internal data allocated during factorization: sum over all processors): 231068
                                      INFOG(20) (estimated number of entries in the factors): 53788864
                                      INFOG(21) (size in MB of memory effectively used during factorization - value on the most memory consuming processor): 286
                                      INFOG(22) (size in MB of memory effectively used during factorization - sum over all processors): 225272
                                      INFOG(23) (after analysis: value of ICNTL(6) effectively used): 0
                                      INFOG(24) (after analysis: value of ICNTL(12) effectively used): 1
                                      INFOG(25) (after factorization: number of pivots modified by static pivoting): 0
                                      INFOG(28) (after factorization: number of null pivots encountered): 0
                                      INFOG(29) (after factorization: effective number of entries in the factors (sum over all processors)): 53788864
                                      INFOG(30, 31) (after solution: size in Mbytes of memory used during solution phase): 55, 29409
                                      INFOG(32) (after analysis: type of analysis done): 1
                                      INFOG(33) (value used for ICNTL(8)): 7
                                      INFOG(34) (exponent of the determinant if determinant is requested): 0
                                      INFOG(35) (after factorization: number of entries taking into account BLR factor compression - sum over all processors): 53788864
                                      INFOG(36) (after analysis: estimated size of all MUMPS internal data for running BLR in-core - value on the most memory consuming processor): 0
                                      INFOG(37) (after analysis: estimated size of all MUMPS internal data for running BLR in-core - sum over all processors): 0
                                      INFOG(38) (after analysis: estimated size of all MUMPS internal data for running BLR out-of-core - value on the most memory consuming processor): 0
                                      INFOG(39) (after analysis: estimated size of all MUMPS internal data for running BLR out-of-core - sum over all processors): 0
                          linear system matrix, which is also used to construct the preconditioner:
                          Mat Object: 832 MPI processes
                            type: mpiaij
                            rows=230400, cols=230400
                            total: nonzeros=4592640, allocated nonzeros=4592640
                            total number of mallocs used during MatSetValues calls=0
                              using nonscalable MatPtAP() implementation
                              using I-node (on process 0) routines: found 70 nodes, limit used is 5
                      Down solver (pre-smoother) on level 1 -------------------------------
                        KSP Object: (BackwardEuler-Equation_lumped_mg_levels_1_) 832 MPI processes
                          type: chebyshev
                            Chebyshev polynomial of first kind
                            eigenvalue targets used: min 0.178812, max 1.96693
                            eigenvalues estimated via gmres: min 0.0298719, max 1.78812
                            eigenvalues estimated using gmres with transform: [0. 0.1; 0. 1.1]
                            KSP Object: (BackwardEuler-Equation_lumped_mg_levels_1_esteig_) 832 MPI processes
                              type: gmres
                                restart=30, using classical (unmodified) Gram-Schmidt orthogonalization with no iterative refinement
                                happy breakdown tolerance=1e-30
                              maximum iterations=10, initial guess is zero
                              tolerances: relative=1e-12, absolute=1e-50, divergence=10000.
                              left preconditioning
                              using PRECONDITIONED norm type for convergence test
                            estimating eigenvalues using a noisy random number generated right-hand side
                          maximum iterations=2, nonzero initial guess
                          tolerances: relative=1e-05, absolute=1e-50, divergence=10000.
                          left preconditioning
                          not checking for convergence
                        PC Object: (BackwardEuler-Equation_lumped_mg_levels_1_) 832 MPI processes
                          type: sor
                            type = local_symmetric, iterations = 1, local iterations = 1, omega = 1.
                          linear system matrix, which is also used to construct the preconditioner:
                          Mat Object: (BackwardEuler-Equation_) 832 MPI processes
                            type: mpiaij
                            rows=143769600, cols=143769600
                            total: nonzeros=8024555520, allocated nonzeros=8024555520
                            total number of mallocs used during MatSetValues calls=0
                              has attached near null space
                              using I-node (on process 0) routines: found 43680 nodes, limit used is 5
                      Up solver (post-smoother) same as down solver (pre-smoother)
                      linear system matrix, which is also used to construct the preconditioner:
                      Mat Object: (BackwardEuler-Equation_) 832 MPI processes
                        type: mpiaij
                        rows=143769600, cols=143769600
                        total: nonzeros=8024555520, allocated nonzeros=8024555520
                        total number of mallocs used during MatSetValues calls=0
                          has attached near null space
                          using I-node (on process 0) routines: found 43680 nodes, limit used is 5
                    linear system matrix, which is also used to construct the preconditioner:
                    Mat Object: (BackwardEuler-Equation_) 832 MPI processes
                      type: mpiaij
                      rows=143769600, cols=143769600
                      total: nonzeros=8024555520, allocated nonzeros=8024555520
                      total number of mallocs used during MatSetValues calls=0
                        has attached near null space
                        using I-node (on process 0) routines: found 43680 nodes, limit used is 5
t = 2400.00 s | step 8/30 | wall 34.16 s | NL 1 | L 71
                  0 SNES Function norm 4.437450703578e-07
                          Linear BackwardEuler-Equation_lumped_mg_coarse_ solve converged due to CONVERGED_ITS iterations 1
                          Linear BackwardEuler-Equation_lumped_mg_coarse_ solve converged due to CONVERGED_ITS iterations 1
                          Linear BackwardEuler-Equation_lumped_mg_coarse_ solve converged due to CONVERGED_ITS iterations 1
                          Linear BackwardEuler-Equation_lumped_mg_coarse_ solve converged due to CONVERGED_ITS iterations 1
                          Linear BackwardEuler-Equation_lumped_mg_coarse_ solve converged due to CONVERGED_ITS iterations 1
                          Linear BackwardEuler-Equation_lumped_mg_coarse_ solve converged due to CONVERGED_ITS iterations 1
                          Linear BackwardEuler-Equation_lumped_mg_coarse_ solve converged due to CONVERGED_ITS iterations 1
                          Linear BackwardEuler-Equation_lumped_mg_coarse_ solve converged due to CONVERGED_ITS iterations 1
                          Linear BackwardEuler-Equation_lumped_mg_coarse_ solve converged due to CONVERGED_ITS iterations 1
                          Linear BackwardEuler-Equation_lumped_mg_coarse_ solve converged due to CONVERGED_ITS iterations 1
                          Linear BackwardEuler-Equation_lumped_mg_coarse_ solve converged due to CONVERGED_ITS iterations 1
                          Linear BackwardEuler-Equation_lumped_mg_coarse_ solve converged due to CONVERGED_ITS iterations 1
                          Linear BackwardEuler-Equation_lumped_mg_coarse_ solve converged due to CONVERGED_ITS iterations 1
                          Linear BackwardEuler-Equation_lumped_mg_coarse_ solve converged due to CONVERGED_ITS iterations 1
                          Linear BackwardEuler-Equation_lumped_mg_coarse_ solve converged due to CONVERGED_ITS iterations 1
                          Linear BackwardEuler-Equation_lumped_mg_coarse_ solve converged due to CONVERGED_ITS iterations 1
                          Linear BackwardEuler-Equation_lumped_mg_coarse_ solve converged due to CONVERGED_ITS iterations 1
                          Linear BackwardEuler-Equation_lumped_mg_coarse_ solve converged due to CONVERGED_ITS iterations 1
                          Linear BackwardEuler-Equation_lumped_mg_coarse_ solve converged due to CONVERGED_ITS iterations 1
                          Linear BackwardEuler-Equation_lumped_mg_coarse_ solve converged due to CONVERGED_ITS iterations 1
                          Linear BackwardEuler-Equation_lumped_mg_coarse_ solve converged due to CONVERGED_ITS iterations 1
                          Linear BackwardEuler-Equation_lumped_mg_coarse_ solve converged due to CONVERGED_ITS iterations 1
                          Linear BackwardEuler-Equation_lumped_mg_coarse_ solve converged due to CONVERGED_ITS iterations 1
                          Linear BackwardEuler-Equation_lumped_mg_coarse_ solve converged due to CONVERGED_ITS iterations 1
                          Linear BackwardEuler-Equation_lumped_mg_coarse_ solve converged due to CONVERGED_ITS iterations 1
                          Linear BackwardEuler-Equation_lumped_mg_coarse_ solve converged due to CONVERGED_ITS iterations 1
                          Linear BackwardEuler-Equation_lumped_mg_coarse_ solve converged due to CONVERGED_ITS iterations 1
                          Linear BackwardEuler-Equation_lumped_mg_coarse_ solve converged due to CONVERGED_ITS iterations 1
                          Linear BackwardEuler-Equation_lumped_mg_coarse_ solve converged due to CONVERGED_ITS iterations 1
                          Linear BackwardEuler-Equation_lumped_mg_coarse_ solve converged due to CONVERGED_ITS iterations 1
                          Linear BackwardEuler-Equation_lumped_mg_coarse_ solve converged due to CONVERGED_ITS iterations 1
                          Linear BackwardEuler-Equation_lumped_mg_coarse_ solve converged due to CONVERGED_ITS iterations 1
                          Linear BackwardEuler-Equation_lumped_mg_coarse_ solve converged due to CONVERGED_ITS iterations 1
                          Linear BackwardEuler-Equation_lumped_mg_coarse_ solve converged due to CONVERGED_ITS iterations 1
                          Linear BackwardEuler-Equation_lumped_mg_coarse_ solve converged due to CONVERGED_ITS iterations 1
                          Linear BackwardEuler-Equation_lumped_mg_coarse_ solve converged due to CONVERGED_ITS iterations 1
                          Linear BackwardEuler-Equation_lumped_mg_coarse_ solve converged due to CONVERGED_ITS iterations 1
                          Linear BackwardEuler-Equation_lumped_mg_coarse_ solve converged due to CONVERGED_ITS iterations 1
                          Linear BackwardEuler-Equation_lumped_mg_coarse_ solve converged due to CONVERGED_ITS iterations 1
                          Linear BackwardEuler-Equation_lumped_mg_coarse_ solve converged due to CONVERGED_ITS iterations 1
                          Linear BackwardEuler-Equation_lumped_mg_coarse_ solve converged due to CONVERGED_ITS iterations 1
                          Linear BackwardEuler-Equation_lumped_mg_coarse_ solve converged due to CONVERGED_ITS iterations 1
                          Linear BackwardEuler-Equation_lumped_mg_coarse_ solve converged due to CONVERGED_ITS iterations 1
                          Linear BackwardEuler-Equation_lumped_mg_coarse_ solve converged due to CONVERGED_ITS iterations 1
                          Linear BackwardEuler-Equation_lumped_mg_coarse_ solve converged due to CONVERGED_ITS iterations 1
                          Linear BackwardEuler-Equation_lumped_mg_coarse_ solve converged due to CONVERGED_ITS iterations 1
                          Linear BackwardEuler-Equation_lumped_mg_coarse_ solve converged due to CONVERGED_ITS iterations 1
                          Linear BackwardEuler-Equation_lumped_mg_coarse_ solve converged due to CONVERGED_ITS iterations 1
                          Linear BackwardEuler-Equation_lumped_mg_coarse_ solve converged due to CONVERGED_ITS iterations 1
                          Linear BackwardEuler-Equation_lumped_mg_coarse_ solve converged due to CONVERGED_ITS iterations 1
                          Linear BackwardEuler-Equation_lumped_mg_coarse_ solve converged due to CONVERGED_ITS iterations 1
                          Linear BackwardEuler-Equation_lumped_mg_coarse_ solve converged due to CONVERGED_ITS iterations 1
                          Linear BackwardEuler-Equation_lumped_mg_coarse_ solve converged due to CONVERGED_ITS iterations 1
                          Linear BackwardEuler-Equation_lumped_mg_coarse_ solve converged due to CONVERGED_ITS iterations 1
                          Linear BackwardEuler-Equation_lumped_mg_coarse_ solve converged due to CONVERGED_ITS iterations 1
                          Linear BackwardEuler-Equation_lumped_mg_coarse_ solve converged due to CONVERGED_ITS iterations 1
                          Linear BackwardEuler-Equation_lumped_mg_coarse_ solve converged due to CONVERGED_ITS iterations 1
                          Linear BackwardEuler-Equation_lumped_mg_coarse_ solve converged due to CONVERGED_ITS iterations 1
                          Linear BackwardEuler-Equation_lumped_mg_coarse_ solve converged due to CONVERGED_ITS iterations 1
                          Linear BackwardEuler-Equation_lumped_mg_coarse_ solve converged due to CONVERGED_ITS iterations 1
                          Linear BackwardEuler-Equation_lumped_mg_coarse_ solve converged due to CONVERGED_ITS iterations 1
                          Linear BackwardEuler-Equation_lumped_mg_coarse_ solve converged due to CONVERGED_ITS iterations 1
                          Linear BackwardEuler-Equation_lumped_mg_coarse_ solve converged due to CONVERGED_ITS iterations 1
                          Linear BackwardEuler-Equation_lumped_mg_coarse_ solve converged due to CONVERGED_ITS iterations 1
                          Linear BackwardEuler-Equation_lumped_mg_coarse_ solve converged due to CONVERGED_ITS iterations 1
                          Linear BackwardEuler-Equation_lumped_mg_coarse_ solve converged due to CONVERGED_ITS iterations 1
                          Linear BackwardEuler-Equation_lumped_mg_coarse_ solve converged due to CONVERGED_ITS iterations 1
                          Linear BackwardEuler-Equation_lumped_mg_coarse_ solve converged due to CONVERGED_ITS iterations 1
                          Linear BackwardEuler-Equation_lumped_mg_coarse_ solve converged due to CONVERGED_ITS iterations 1
                          Linear BackwardEuler-Equation_lumped_mg_coarse_ solve converged due to CONVERGED_ITS iterations 1
                          Linear BackwardEuler-Equation_lumped_mg_coarse_ solve converged due to CONVERGED_ITS iterations 1
                          Linear BackwardEuler-Equation_lumped_mg_coarse_ solve converged due to CONVERGED_ITS iterations 1
                    Linear BackwardEuler-Equation_ solve converged due to CONVERGED_RTOL iterations 72
                Mat Object: (BackwardEuler-Equation_) 832 MPI processes
                  type: mpiaij
                  rows=143769600, cols=143769600
                  total: nonzeros=8024555520, allocated nonzeros=8024555520
                  total number of mallocs used during MatSetValues calls=0
                    has attached near null space
                    using I-node (on process 0) routines: found 43680 nodes, limit used is 5
                  1 SNES Function norm 7.229793008381e-09
                  Nonlinear BackwardEuler-Equation_ solve converged due to CONVERGED_FNORM_ABS iterations 1
                SNES Object: (BackwardEuler-Equation_) 832 MPI processes
                  type: newtonls
                  maximum iterations=50, maximum function evaluations=10000
                  tolerances: relative=1e-08, absolute=1e-08, solution=1e-08
                  total number of linear solver iterations=72
                  total number of function evaluations=2
                  norm schedule ALWAYS
                  SNESLineSearch Object: (BackwardEuler-Equation_) 832 MPI processes
                    type: bt
                      interpolation: cubic
                      alpha=1.000000e-04
                    maxlambda=1.000000e+00, minlambda=1.000000e-12
                    tolerances: relative=1.000000e-08, absolute=1.000000e-15, lambda=1.000000e-08
                    maximum iterations=40
                  KSP Object: (BackwardEuler-Equation_) 832 MPI processes
                    type: fgmres
                      restart=30, using classical (unmodified) Gram-Schmidt orthogonalization with no iterative refinement
                      happy breakdown tolerance=1e-30
                    maximum iterations=200, initial guess is zero
                    tolerances: relative=1e-06, absolute=1e-50, divergence=10000.
                    right preconditioning
                    using UNPRECONDITIONED norm type for convergence test
                  PC Object: (BackwardEuler-Equation_) 832 MPI processes
                    type: python
                      Python: solvers.vlumping.VerticallyLumpedPC
                    Firedrake custom preconditioner VerticallyLumpedPC
                      Vertically lumped MG: collapses vertical dimension on coarse level (cf. Kramer et al. 2010)
                      PC Object: (BackwardEuler-Equation_lumped_) 832 MPI processes
                        type: mg
                          type is MULTIPLICATIVE, levels=2 cycles=v
                            Cycles per PCApply=1
                            Using Galerkin computed coarse grid matrices
                        Coarse grid solver -- level 0 -------------------------------
                          KSP Object: (BackwardEuler-Equation_lumped_mg_coarse_) 832 MPI processes
                            type: preonly
                            maximum iterations=10000, initial guess is zero
                            tolerances: relative=1e-05, absolute=1e-50, divergence=10000.
                            left preconditioning
                            not checking for convergence
                          PC Object: (BackwardEuler-Equation_lumped_mg_coarse_) 832 MPI processes
                            type: lu
                              out-of-place factorization
                              tolerance for zero pivot 2.22045e-14
                              matrix ordering: external
                              factor fill ratio given 0., needed 0.
                                Factored matrix:
                                  Mat Object: (BackwardEuler-Equation_lumped_mg_coarse_) 832 MPI processes
                                    type: mumps
                                    rows=230400, cols=230400
                                    package used to perform factorization: mumps
                                    total: nonzeros=53788864, allocated nonzeros=53788864
                                      MUMPS run parameters:
                                        Use -BackwardEuler-Equation_lumped_mg_coarse_ksp_view ::ascii_info_detail to display information for all processes
                                        RINFOG(1) (global estimated flops for the elimination after analysis): 2.26775e+10
                                        RINFOG(2) (global estimated flops for the assembly after factorization): 8.43506e+07
                                        RINFOG(3) (global estimated flops for the elimination after factorization): 2.26775e+10
                                        (RINFOG(12) RINFOG(13))*2^INFOG(34) (determinant): (0.,0.)*(2^0)
                                        INFOG(3) (estimated real workspace for factors on all processors after analysis): 156221480
                                        INFOG(4) (estimated integer workspace for factors on all processors after analysis): 3409438
                                        INFOG(5) (estimated maximum front size in the complete tree): 1668
                                        INFOG(6) (number of nodes in the complete tree): 12616
                                        INFOG(7) (ordering option effectively used after analysis): 5
                                        INFOG(8) (structural symmetry in percent of the permuted matrix after analysis): -1
                                        INFOG(9) (total real/complex workspace to store the matrix factors after factorization): 53788864
                                        INFOG(10) (total integer space store the matrix factors after factorization): 2983281
                                        INFOG(11) (order of largest frontal matrix after factorization): 1668
                                        INFOG(12) (number of off-diagonal pivots): 0
                                        INFOG(13) (number of delayed pivots after factorization): 0
                                        INFOG(14) (number of memory compress after factorization): 0
                                        INFOG(15) (number of steps of iterative refinement after solution): 0
                                        INFOG(16) (estimated size (in MB) of all MUMPS internal data for factorization after analysis: value on the most memory consuming processor): 296
                                        INFOG(17) (estimated size of all MUMPS internal data for factorization after analysis: sum over all processors): 231120
                                        INFOG(18) (size of all MUMPS internal data allocated during factorization: value on the most memory consuming processor): 296
                                        INFOG(19) (size of all MUMPS internal data allocated during factorization: sum over all processors): 231068
                                        INFOG(20) (estimated number of entries in the factors): 53788864
                                        INFOG(21) (size in MB of memory effectively used during factorization - value on the most memory consuming processor): 286
                                        INFOG(22) (size in MB of memory effectively used during factorization - sum over all processors): 225275
                                        INFOG(23) (after analysis: value of ICNTL(6) effectively used): 0
                                        INFOG(24) (after analysis: value of ICNTL(12) effectively used): 1
                                        INFOG(25) (after factorization: number of pivots modified by static pivoting): 0
                                        INFOG(28) (after factorization: number of null pivots encountered): 0
                                        INFOG(29) (after factorization: effective number of entries in the factors (sum over all processors)): 53788864
                                        INFOG(30, 31) (after solution: size in Mbytes of memory used during solution phase): 55, 29409
                                        INFOG(32) (after analysis: type of analysis done): 1
                                        INFOG(33) (value used for ICNTL(8)): 7
                                        INFOG(34) (exponent of the determinant if determinant is requested): 0
                                        INFOG(35) (after factorization: number of entries taking into account BLR factor compression - sum over all processors): 53788864
                                        INFOG(36) (after analysis: estimated size of all MUMPS internal data for running BLR in-core - value on the most memory consuming processor): 0
                                        INFOG(37) (after analysis: estimated size of all MUMPS internal data for running BLR in-core - sum over all processors): 0
                                        INFOG(38) (after analysis: estimated size of all MUMPS internal data for running BLR out-of-core - value on the most memory consuming processor): 0
                                        INFOG(39) (after analysis: estimated size of all MUMPS internal data for running BLR out-of-core - sum over all processors): 0
                            linear system matrix, which is also used to construct the preconditioner:
                            Mat Object: 832 MPI processes
                              type: mpiaij
                              rows=230400, cols=230400
                              total: nonzeros=4592640, allocated nonzeros=4592640
                              total number of mallocs used during MatSetValues calls=0
                                using nonscalable MatPtAP() implementation
                                using I-node (on process 0) routines: found 70 nodes, limit used is 5
                        Down solver (pre-smoother) on level 1 -------------------------------
                          KSP Object: (BackwardEuler-Equation_lumped_mg_levels_1_) 832 MPI processes
                            type: chebyshev
                              Chebyshev polynomial of first kind
                              eigenvalue targets used: min 0.178812, max 1.96694
                              eigenvalues estimated via gmres: min 0.0298729, max 1.78812
                              eigenvalues estimated using gmres with transform: [0. 0.1; 0. 1.1]
                              KSP Object: (BackwardEuler-Equation_lumped_mg_levels_1_esteig_) 832 MPI processes
                                type: gmres
                                  restart=30, using classical (unmodified) Gram-Schmidt orthogonalization with no iterative refinement
                                  happy breakdown tolerance=1e-30
                                maximum iterations=10, initial guess is zero
                                tolerances: relative=1e-12, absolute=1e-50, divergence=10000.
                                left preconditioning
                                using PRECONDITIONED norm type for convergence test
                              estimating eigenvalues using a noisy random number generated right-hand side
                            maximum iterations=2, nonzero initial guess
                            tolerances: relative=1e-05, absolute=1e-50, divergence=10000.
                            left preconditioning
                            not checking for convergence
                          PC Object: (BackwardEuler-Equation_lumped_mg_levels_1_) 832 MPI processes
                            type: sor
                              type = local_symmetric, iterations = 1, local iterations = 1, omega = 1.
                            linear system matrix, which is also used to construct the preconditioner:
                            Mat Object: (BackwardEuler-Equation_) 832 MPI processes
                              type: mpiaij
                              rows=143769600, cols=143769600
                              total: nonzeros=8024555520, allocated nonzeros=8024555520
                              total number of mallocs used during MatSetValues calls=0
                                has attached near null space
                                using I-node (on process 0) routines: found 43680 nodes, limit used is 5
                        Up solver (post-smoother) same as down solver (pre-smoother)
                        linear system matrix, which is also used to construct the preconditioner:
                        Mat Object: (BackwardEuler-Equation_) 832 MPI processes
                          type: mpiaij
                          rows=143769600, cols=143769600
                          total: nonzeros=8024555520, allocated nonzeros=8024555520
                          total number of mallocs used during MatSetValues calls=0
                            has attached near null space
                            using I-node (on process 0) routines: found 43680 nodes, limit used is 5
                      linear system matrix, which is also used to construct the preconditioner:
                      Mat Object: (BackwardEuler-Equation_) 832 MPI processes
                        type: mpiaij
                        rows=143769600, cols=143769600
                        total: nonzeros=8024555520, allocated nonzeros=8024555520
                        total number of mallocs used during MatSetValues calls=0
                          has attached near null space
                          using I-node (on process 0) routines: found 43680 nodes, limit used is 5
t = 2700.00 s | step 9/30 | wall 34.53 s | NL 1 | L 72
                    0 SNES Function norm 4.334364484313e-07
                            Linear BackwardEuler-Equation_lumped_mg_coarse_ solve converged due to CONVERGED_ITS iterations 1
                            Linear BackwardEuler-Equation_lumped_mg_coarse_ solve converged due to CONVERGED_ITS iterations 1
                            Linear BackwardEuler-Equation_lumped_mg_coarse_ solve converged due to CONVERGED_ITS iterations 1
                            Linear BackwardEuler-Equation_lumped_mg_coarse_ solve converged due to CONVERGED_ITS iterations 1
                            Linear BackwardEuler-Equation_lumped_mg_coarse_ solve converged due to CONVERGED_ITS iterations 1
                            Linear BackwardEuler-Equation_lumped_mg_coarse_ solve converged due to CONVERGED_ITS iterations 1
                            Linear BackwardEuler-Equation_lumped_mg_coarse_ solve converged due to CONVERGED_ITS iterations 1
                            Linear BackwardEuler-Equation_lumped_mg_coarse_ solve converged due to CONVERGED_ITS iterations 1
                            Linear BackwardEuler-Equation_lumped_mg_coarse_ solve converged due to CONVERGED_ITS iterations 1
                            Linear BackwardEuler-Equation_lumped_mg_coarse_ solve converged due to CONVERGED_ITS iterations 1
                            Linear BackwardEuler-Equation_lumped_mg_coarse_ solve converged due to CONVERGED_ITS iterations 1
                            Linear BackwardEuler-Equation_lumped_mg_coarse_ solve converged due to CONVERGED_ITS iterations 1
                            Linear BackwardEuler-Equation_lumped_mg_coarse_ solve converged due to CONVERGED_ITS iterations 1
                            Linear BackwardEuler-Equation_lumped_mg_coarse_ solve converged due to CONVERGED_ITS iterations 1
                            Linear BackwardEuler-Equation_lumped_mg_coarse_ solve converged due to CONVERGED_ITS iterations 1
                            Linear BackwardEuler-Equation_lumped_mg_coarse_ solve converged due to CONVERGED_ITS iterations 1
                            Linear BackwardEuler-Equation_lumped_mg_coarse_ solve converged due to CONVERGED_ITS iterations 1
                            Linear BackwardEuler-Equation_lumped_mg_coarse_ solve converged due to CONVERGED_ITS iterations 1
                            Linear BackwardEuler-Equation_lumped_mg_coarse_ solve converged due to CONVERGED_ITS iterations 1
                            Linear BackwardEuler-Equation_lumped_mg_coarse_ solve converged due to CONVERGED_ITS iterations 1
                            Linear BackwardEuler-Equation_lumped_mg_coarse_ solve converged due to CONVERGED_ITS iterations 1
                            Linear BackwardEuler-Equation_lumped_mg_coarse_ solve converged due to CONVERGED_ITS iterations 1
                            Linear BackwardEuler-Equation_lumped_mg_coarse_ solve converged due to CONVERGED_ITS iterations 1
                            Linear BackwardEuler-Equation_lumped_mg_coarse_ solve converged due to CONVERGED_ITS iterations 1
                            Linear BackwardEuler-Equation_lumped_mg_coarse_ solve converged due to CONVERGED_ITS iterations 1
                            Linear BackwardEuler-Equation_lumped_mg_coarse_ solve converged due to CONVERGED_ITS iterations 1
                            Linear BackwardEuler-Equation_lumped_mg_coarse_ solve converged due to CONVERGED_ITS iterations 1
                            Linear BackwardEuler-Equation_lumped_mg_coarse_ solve converged due to CONVERGED_ITS iterations 1
                            Linear BackwardEuler-Equation_lumped_mg_coarse_ solve converged due to CONVERGED_ITS iterations 1
                            Linear BackwardEuler-Equation_lumped_mg_coarse_ solve converged due to CONVERGED_ITS iterations 1
                            Linear BackwardEuler-Equation_lumped_mg_coarse_ solve converged due to CONVERGED_ITS iterations 1
                            Linear BackwardEuler-Equation_lumped_mg_coarse_ solve converged due to CONVERGED_ITS iterations 1
                            Linear BackwardEuler-Equation_lumped_mg_coarse_ solve converged due to CONVERGED_ITS iterations 1
                            Linear BackwardEuler-Equation_lumped_mg_coarse_ solve converged due to CONVERGED_ITS iterations 1
                            Linear BackwardEuler-Equation_lumped_mg_coarse_ solve converged due to CONVERGED_ITS iterations 1
                            Linear BackwardEuler-Equation_lumped_mg_coarse_ solve converged due to CONVERGED_ITS iterations 1
                            Linear BackwardEuler-Equation_lumped_mg_coarse_ solve converged due to CONVERGED_ITS iterations 1
                            Linear BackwardEuler-Equation_lumped_mg_coarse_ solve converged due to CONVERGED_ITS iterations 1
                            Linear BackwardEuler-Equation_lumped_mg_coarse_ solve converged due to CONVERGED_ITS iterations 1
                            Linear BackwardEuler-Equation_lumped_mg_coarse_ solve converged due to CONVERGED_ITS iterations 1
                            Linear BackwardEuler-Equation_lumped_mg_coarse_ solve converged due to CONVERGED_ITS iterations 1
                            Linear BackwardEuler-Equation_lumped_mg_coarse_ solve converged due to CONVERGED_ITS iterations 1
                            Linear BackwardEuler-Equation_lumped_mg_coarse_ solve converged due to CONVERGED_ITS iterations 1
                            Linear BackwardEuler-Equation_lumped_mg_coarse_ solve converged due to CONVERGED_ITS iterations 1
                            Linear BackwardEuler-Equation_lumped_mg_coarse_ solve converged due to CONVERGED_ITS iterations 1
                            Linear BackwardEuler-Equation_lumped_mg_coarse_ solve converged due to CONVERGED_ITS iterations 1
                            Linear BackwardEuler-Equation_lumped_mg_coarse_ solve converged due to CONVERGED_ITS iterations 1
                            Linear BackwardEuler-Equation_lumped_mg_coarse_ solve converged due to CONVERGED_ITS iterations 1
                            Linear BackwardEuler-Equation_lumped_mg_coarse_ solve converged due to CONVERGED_ITS iterations 1
                            Linear BackwardEuler-Equation_lumped_mg_coarse_ solve converged due to CONVERGED_ITS iterations 1
                            Linear BackwardEuler-Equation_lumped_mg_coarse_ solve converged due to CONVERGED_ITS iterations 1
                            Linear BackwardEuler-Equation_lumped_mg_coarse_ solve converged due to CONVERGED_ITS iterations 1
                            Linear BackwardEuler-Equation_lumped_mg_coarse_ solve converged due to CONVERGED_ITS iterations 1
                            Linear BackwardEuler-Equation_lumped_mg_coarse_ solve converged due to CONVERGED_ITS iterations 1
                            Linear BackwardEuler-Equation_lumped_mg_coarse_ solve converged due to CONVERGED_ITS iterations 1
                            Linear BackwardEuler-Equation_lumped_mg_coarse_ solve converged due to CONVERGED_ITS iterations 1
                            Linear BackwardEuler-Equation_lumped_mg_coarse_ solve converged due to CONVERGED_ITS iterations 1
                            Linear BackwardEuler-Equation_lumped_mg_coarse_ solve converged due to CONVERGED_ITS iterations 1
                            Linear BackwardEuler-Equation_lumped_mg_coarse_ solve converged due to CONVERGED_ITS iterations 1
                            Linear BackwardEuler-Equation_lumped_mg_coarse_ solve converged due to CONVERGED_ITS iterations 1
                            Linear BackwardEuler-Equation_lumped_mg_coarse_ solve converged due to CONVERGED_ITS iterations 1
                            Linear BackwardEuler-Equation_lumped_mg_coarse_ solve converged due to CONVERGED_ITS iterations 1
                            Linear BackwardEuler-Equation_lumped_mg_coarse_ solve converged due to CONVERGED_ITS iterations 1
                            Linear BackwardEuler-Equation_lumped_mg_coarse_ solve converged due to CONVERGED_ITS iterations 1
                            Linear BackwardEuler-Equation_lumped_mg_coarse_ solve converged due to CONVERGED_ITS iterations 1
                            Linear BackwardEuler-Equation_lumped_mg_coarse_ solve converged due to CONVERGED_ITS iterations 1
                            Linear BackwardEuler-Equation_lumped_mg_coarse_ solve converged due to CONVERGED_ITS iterations 1
                            Linear BackwardEuler-Equation_lumped_mg_coarse_ solve converged due to CONVERGED_ITS iterations 1
                            Linear BackwardEuler-Equation_lumped_mg_coarse_ solve converged due to CONVERGED_ITS iterations 1
                            Linear BackwardEuler-Equation_lumped_mg_coarse_ solve converged due to CONVERGED_ITS iterations 1
                            Linear BackwardEuler-Equation_lumped_mg_coarse_ solve converged due to CONVERGED_ITS iterations 1
                            Linear BackwardEuler-Equation_lumped_mg_coarse_ solve converged due to CONVERGED_ITS iterations 1
                            Linear BackwardEuler-Equation_lumped_mg_coarse_ solve converged due to CONVERGED_ITS iterations 1
                      Linear BackwardEuler-Equation_ solve converged due to CONVERGED_RTOL iterations 73
                  Mat Object: (BackwardEuler-Equation_) 832 MPI processes
                    type: mpiaij
                    rows=143769600, cols=143769600
                    total: nonzeros=8024555520, allocated nonzeros=8024555520
                    total number of mallocs used during MatSetValues calls=0
                      has attached near null space
                      using I-node (on process 0) routines: found 43680 nodes, limit used is 5
                    1 SNES Function norm 6.787366040804e-09
                    Nonlinear BackwardEuler-Equation_ solve converged due to CONVERGED_FNORM_ABS iterations 1
                  SNES Object: (BackwardEuler-Equation_) 832 MPI processes
                    type: newtonls
                    maximum iterations=50, maximum function evaluations=10000
                    tolerances: relative=1e-08, absolute=1e-08, solution=1e-08
                    total number of linear solver iterations=73
                    total number of function evaluations=2
                    norm schedule ALWAYS
                    SNESLineSearch Object: (BackwardEuler-Equation_) 832 MPI processes
                      type: bt
                        interpolation: cubic
                        alpha=1.000000e-04
                      maxlambda=1.000000e+00, minlambda=1.000000e-12
                      tolerances: relative=1.000000e-08, absolute=1.000000e-15, lambda=1.000000e-08
                      maximum iterations=40
                    KSP Object: (BackwardEuler-Equation_) 832 MPI processes
                      type: fgmres
                        restart=30, using classical (unmodified) Gram-Schmidt orthogonalization with no iterative refinement
                        happy breakdown tolerance=1e-30
                      maximum iterations=200, initial guess is zero
                      tolerances: relative=1e-06, absolute=1e-50, divergence=10000.
                      right preconditioning
                      using UNPRECONDITIONED norm type for convergence test
                    PC Object: (BackwardEuler-Equation_) 832 MPI processes
                      type: python
                        Python: solvers.vlumping.VerticallyLumpedPC
                      Firedrake custom preconditioner VerticallyLumpedPC
                        Vertically lumped MG: collapses vertical dimension on coarse level (cf. Kramer et al. 2010)
                        PC Object: (BackwardEuler-Equation_lumped_) 832 MPI processes
                          type: mg
                            type is MULTIPLICATIVE, levels=2 cycles=v
                              Cycles per PCApply=1
                              Using Galerkin computed coarse grid matrices
                          Coarse grid solver -- level 0 -------------------------------
                            KSP Object: (BackwardEuler-Equation_lumped_mg_coarse_) 832 MPI processes
                              type: preonly
                              maximum iterations=10000, initial guess is zero
                              tolerances: relative=1e-05, absolute=1e-50, divergence=10000.
                              left preconditioning
                              not checking for convergence
                            PC Object: (BackwardEuler-Equation_lumped_mg_coarse_) 832 MPI processes
                              type: lu
                                out-of-place factorization
                                tolerance for zero pivot 2.22045e-14
                                matrix ordering: external
                                factor fill ratio given 0., needed 0.
                                  Factored matrix:
                                    Mat Object: (BackwardEuler-Equation_lumped_mg_coarse_) 832 MPI processes
                                      type: mumps
                                      rows=230400, cols=230400
                                      package used to perform factorization: mumps
                                      total: nonzeros=53788864, allocated nonzeros=53788864
                                        MUMPS run parameters:
                                          Use -BackwardEuler-Equation_lumped_mg_coarse_ksp_view ::ascii_info_detail to display information for all processes
                                          RINFOG(1) (global estimated flops for the elimination after analysis): 2.26775e+10
                                          RINFOG(2) (global estimated flops for the assembly after factorization): 8.43506e+07
                                          RINFOG(3) (global estimated flops for the elimination after factorization): 2.26775e+10
                                          (RINFOG(12) RINFOG(13))*2^INFOG(34) (determinant): (0.,0.)*(2^0)
                                          INFOG(3) (estimated real workspace for factors on all processors after analysis): 156221480
                                          INFOG(4) (estimated integer workspace for factors on all processors after analysis): 3409438
                                          INFOG(5) (estimated maximum front size in the complete tree): 1668
                                          INFOG(6) (number of nodes in the complete tree): 12616
                                          INFOG(7) (ordering option effectively used after analysis): 5
                                          INFOG(8) (structural symmetry in percent of the permuted matrix after analysis): -1
                                          INFOG(9) (total real/complex workspace to store the matrix factors after factorization): 53788864
                                          INFOG(10) (total integer space store the matrix factors after factorization): 2983281
                                          INFOG(11) (order of largest frontal matrix after factorization): 1668
                                          INFOG(12) (number of off-diagonal pivots): 0
                                          INFOG(13) (number of delayed pivots after factorization): 0
                                          INFOG(14) (number of memory compress after factorization): 0
                                          INFOG(15) (number of steps of iterative refinement after solution): 0
                                          INFOG(16) (estimated size (in MB) of all MUMPS internal data for factorization after analysis: value on the most memory consuming processor): 296
                                          INFOG(17) (estimated size of all MUMPS internal data for factorization after analysis: sum over all processors): 231120
                                          INFOG(18) (size of all MUMPS internal data allocated during factorization: value on the most memory consuming processor): 296
                                          INFOG(19) (size of all MUMPS internal data allocated during factorization: sum over all processors): 231068
                                          INFOG(20) (estimated number of entries in the factors): 53788864
                                          INFOG(21) (size in MB of memory effectively used during factorization - value on the most memory consuming processor): 286
                                          INFOG(22) (size in MB of memory effectively used during factorization - sum over all processors): 225272
                                          INFOG(23) (after analysis: value of ICNTL(6) effectively used): 0
                                          INFOG(24) (after analysis: value of ICNTL(12) effectively used): 1
                                          INFOG(25) (after factorization: number of pivots modified by static pivoting): 0
                                          INFOG(28) (after factorization: number of null pivots encountered): 0
                                          INFOG(29) (after factorization: effective number of entries in the factors (sum over all processors)): 53788864
                                          INFOG(30, 31) (after solution: size in Mbytes of memory used during solution phase): 55, 29409
                                          INFOG(32) (after analysis: type of analysis done): 1
                                          INFOG(33) (value used for ICNTL(8)): 7
                                          INFOG(34) (exponent of the determinant if determinant is requested): 0
                                          INFOG(35) (after factorization: number of entries taking into account BLR factor compression - sum over all processors): 53788864
                                          INFOG(36) (after analysis: estimated size of all MUMPS internal data for running BLR in-core - value on the most memory consuming processor): 0
                                          INFOG(37) (after analysis: estimated size of all MUMPS internal data for running BLR in-core - sum over all processors): 0
                                          INFOG(38) (after analysis: estimated size of all MUMPS internal data for running BLR out-of-core - value on the most memory consuming processor): 0
                                          INFOG(39) (after analysis: estimated size of all MUMPS internal data for running BLR out-of-core - sum over all processors): 0
                              linear system matrix, which is also used to construct the preconditioner:
                              Mat Object: 832 MPI processes
                                type: mpiaij
                                rows=230400, cols=230400
                                total: nonzeros=4592640, allocated nonzeros=4592640
                                total number of mallocs used during MatSetValues calls=0
                                  using nonscalable MatPtAP() implementation
                                  using I-node (on process 0) routines: found 70 nodes, limit used is 5
                          Down solver (pre-smoother) on level 1 -------------------------------
                            KSP Object: (BackwardEuler-Equation_lumped_mg_levels_1_) 832 MPI processes
                              type: chebyshev
                                Chebyshev polynomial of first kind
                                eigenvalue targets used: min 0.178812, max 1.96694
                                eigenvalues estimated via gmres: min 0.0298739, max 1.78812
                                eigenvalues estimated using gmres with transform: [0. 0.1; 0. 1.1]
                                KSP Object: (BackwardEuler-Equation_lumped_mg_levels_1_esteig_) 832 MPI processes
                                  type: gmres
                                    restart=30, using classical (unmodified) Gram-Schmidt orthogonalization with no iterative refinement
                                    happy breakdown tolerance=1e-30
                                  maximum iterations=10, initial guess is zero
                                  tolerances: relative=1e-12, absolute=1e-50, divergence=10000.
                                  left preconditioning
                                  using PRECONDITIONED norm type for convergence test
                                estimating eigenvalues using a noisy random number generated right-hand side
                              maximum iterations=2, nonzero initial guess
                              tolerances: relative=1e-05, absolute=1e-50, divergence=10000.
                              left preconditioning
                              not checking for convergence
                            PC Object: (BackwardEuler-Equation_lumped_mg_levels_1_) 832 MPI processes
                              type: sor
                                type = local_symmetric, iterations = 1, local iterations = 1, omega = 1.
                              linear system matrix, which is also used to construct the preconditioner:
                              Mat Object: (BackwardEuler-Equation_) 832 MPI processes
                                type: mpiaij
                                rows=143769600, cols=143769600
                                total: nonzeros=8024555520, allocated nonzeros=8024555520
                                total number of mallocs used during MatSetValues calls=0
                                  has attached near null space
                                  using I-node (on process 0) routines: found 43680 nodes, limit used is 5
                          Up solver (post-smoother) same as down solver (pre-smoother)
                          linear system matrix, which is also used to construct the preconditioner:
                          Mat Object: (BackwardEuler-Equation_) 832 MPI processes
                            type: mpiaij
                            rows=143769600, cols=143769600
                            total: nonzeros=8024555520, allocated nonzeros=8024555520
                            total number of mallocs used during MatSetValues calls=0
                              has attached near null space
                              using I-node (on process 0) routines: found 43680 nodes, limit used is 5
                        linear system matrix, which is also used to construct the preconditioner:
                        Mat Object: (BackwardEuler-Equation_) 832 MPI processes
                          type: mpiaij
                          rows=143769600, cols=143769600
                          total: nonzeros=8024555520, allocated nonzeros=8024555520
                          total number of mallocs used during MatSetValues calls=0
                            has attached near null space
                            using I-node (on process 0) routines: found 43680 nodes, limit used is 5
t = 3000.00 s | step 10/30 | wall 35.32 s | NL 1 | L 73
                      0 SNES Function norm 4.246436704152e-07
                              Linear BackwardEuler-Equation_lumped_mg_coarse_ solve converged due to CONVERGED_ITS iterations 1
                              Linear BackwardEuler-Equation_lumped_mg_coarse_ solve converged due to CONVERGED_ITS iterations 1
                              Linear BackwardEuler-Equation_lumped_mg_coarse_ solve converged due to CONVERGED_ITS iterations 1
                              Linear BackwardEuler-Equation_lumped_mg_coarse_ solve converged due to CONVERGED_ITS iterations 1
                              Linear BackwardEuler-Equation_lumped_mg_coarse_ solve converged due to CONVERGED_ITS iterations 1
                              Linear BackwardEuler-Equation_lumped_mg_coarse_ solve converged due to CONVERGED_ITS iterations 1
                              Linear BackwardEuler-Equation_lumped_mg_coarse_ solve converged due to CONVERGED_ITS iterations 1
                              Linear BackwardEuler-Equation_lumped_mg_coarse_ solve converged due to CONVERGED_ITS iterations 1
                              Linear BackwardEuler-Equation_lumped_mg_coarse_ solve converged due to CONVERGED_ITS iterations 1
                              Linear BackwardEuler-Equation_lumped_mg_coarse_ solve converged due to CONVERGED_ITS iterations 1
                              Linear BackwardEuler-Equation_lumped_mg_coarse_ solve converged due to CONVERGED_ITS iterations 1
                              Linear BackwardEuler-Equation_lumped_mg_coarse_ solve converged due to CONVERGED_ITS iterations 1
                              Linear BackwardEuler-Equation_lumped_mg_coarse_ solve converged due to CONVERGED_ITS iterations 1
                              Linear BackwardEuler-Equation_lumped_mg_coarse_ solve converged due to CONVERGED_ITS iterations 1
                              Linear BackwardEuler-Equation_lumped_mg_coarse_ solve converged due to CONVERGED_ITS iterations 1
                              Linear BackwardEuler-Equation_lumped_mg_coarse_ solve converged due to CONVERGED_ITS iterations 1
                              Linear BackwardEuler-Equation_lumped_mg_coarse_ solve converged due to CONVERGED_ITS iterations 1
                              Linear BackwardEuler-Equation_lumped_mg_coarse_ solve converged due to CONVERGED_ITS iterations 1
                              Linear BackwardEuler-Equation_lumped_mg_coarse_ solve converged due to CONVERGED_ITS iterations 1
                              Linear BackwardEuler-Equation_lumped_mg_coarse_ solve converged due to CONVERGED_ITS iterations 1
                              Linear BackwardEuler-Equation_lumped_mg_coarse_ solve converged due to CONVERGED_ITS iterations 1
                              Linear BackwardEuler-Equation_lumped_mg_coarse_ solve converged due to CONVERGED_ITS iterations 1
                              Linear BackwardEuler-Equation_lumped_mg_coarse_ solve converged due to CONVERGED_ITS iterations 1
                              Linear BackwardEuler-Equation_lumped_mg_coarse_ solve converged due to CONVERGED_ITS iterations 1
                              Linear BackwardEuler-Equation_lumped_mg_coarse_ solve converged due to CONVERGED_ITS iterations 1
                              Linear BackwardEuler-Equation_lumped_mg_coarse_ solve converged due to CONVERGED_ITS iterations 1
                              Linear BackwardEuler-Equation_lumped_mg_coarse_ solve converged due to CONVERGED_ITS iterations 1
                              Linear BackwardEuler-Equation_lumped_mg_coarse_ solve converged due to CONVERGED_ITS iterations 1
                              Linear BackwardEuler-Equation_lumped_mg_coarse_ solve converged due to CONVERGED_ITS iterations 1
                              Linear BackwardEuler-Equation_lumped_mg_coarse_ solve converged due to CONVERGED_ITS iterations 1
                              Linear BackwardEuler-Equation_lumped_mg_coarse_ solve converged due to CONVERGED_ITS iterations 1
                              Linear BackwardEuler-Equation_lumped_mg_coarse_ solve converged due to CONVERGED_ITS iterations 1
                              Linear BackwardEuler-Equation_lumped_mg_coarse_ solve converged due to CONVERGED_ITS iterations 1
                              Linear BackwardEuler-Equation_lumped_mg_coarse_ solve converged due to CONVERGED_ITS iterations 1
                              Linear BackwardEuler-Equation_lumped_mg_coarse_ solve converged due to CONVERGED_ITS iterations 1
                              Linear BackwardEuler-Equation_lumped_mg_coarse_ solve converged due to CONVERGED_ITS iterations 1
                              Linear BackwardEuler-Equation_lumped_mg_coarse_ solve converged due to CONVERGED_ITS iterations 1
                              Linear BackwardEuler-Equation_lumped_mg_coarse_ solve converged due to CONVERGED_ITS iterations 1
                              Linear BackwardEuler-Equation_lumped_mg_coarse_ solve converged due to CONVERGED_ITS iterations 1
                              Linear BackwardEuler-Equation_lumped_mg_coarse_ solve converged due to CONVERGED_ITS iterations 1
                              Linear BackwardEuler-Equation_lumped_mg_coarse_ solve converged due to CONVERGED_ITS iterations 1
                              Linear BackwardEuler-Equation_lumped_mg_coarse_ solve converged due to CONVERGED_ITS iterations 1
                              Linear BackwardEuler-Equation_lumped_mg_coarse_ solve converged due to CONVERGED_ITS iterations 1
                              Linear BackwardEuler-Equation_lumped_mg_coarse_ solve converged due to CONVERGED_ITS iterations 1
                              Linear BackwardEuler-Equation_lumped_mg_coarse_ solve converged due to CONVERGED_ITS iterations 1
                              Linear BackwardEuler-Equation_lumped_mg_coarse_ solve converged due to CONVERGED_ITS iterations 1
                              Linear BackwardEuler-Equation_lumped_mg_coarse_ solve converged due to CONVERGED_ITS iterations 1
                              Linear BackwardEuler-Equation_lumped_mg_coarse_ solve converged due to CONVERGED_ITS iterations 1
                              Linear BackwardEuler-Equation_lumped_mg_coarse_ solve converged due to CONVERGED_ITS iterations 1
                              Linear BackwardEuler-Equation_lumped_mg_coarse_ solve converged due to CONVERGED_ITS iterations 1
                              Linear BackwardEuler-Equation_lumped_mg_coarse_ solve converged due to CONVERGED_ITS iterations 1
                              Linear BackwardEuler-Equation_lumped_mg_coarse_ solve converged due to CONVERGED_ITS iterations 1
                              Linear BackwardEuler-Equation_lumped_mg_coarse_ solve converged due to CONVERGED_ITS iterations 1
                              Linear BackwardEuler-Equation_lumped_mg_coarse_ solve converged due to CONVERGED_ITS iterations 1
                              Linear BackwardEuler-Equation_lumped_mg_coarse_ solve converged due to CONVERGED_ITS iterations 1
                              Linear BackwardEuler-Equation_lumped_mg_coarse_ solve converged due to CONVERGED_ITS iterations 1
                              Linear BackwardEuler-Equation_lumped_mg_coarse_ solve converged due to CONVERGED_ITS iterations 1
                              Linear BackwardEuler-Equation_lumped_mg_coarse_ solve converged due to CONVERGED_ITS iterations 1
                              Linear BackwardEuler-Equation_lumped_mg_coarse_ solve converged due to CONVERGED_ITS iterations 1
                              Linear BackwardEuler-Equation_lumped_mg_coarse_ solve converged due to CONVERGED_ITS iterations 1
                              Linear BackwardEuler-Equation_lumped_mg_coarse_ solve converged due to CONVERGED_ITS iterations 1
                              Linear BackwardEuler-Equation_lumped_mg_coarse_ solve converged due to CONVERGED_ITS iterations 1
                              Linear BackwardEuler-Equation_lumped_mg_coarse_ solve converged due to CONVERGED_ITS iterations 1
                              Linear BackwardEuler-Equation_lumped_mg_coarse_ solve converged due to CONVERGED_ITS iterations 1
                              Linear BackwardEuler-Equation_lumped_mg_coarse_ solve converged due to CONVERGED_ITS iterations 1
                              Linear BackwardEuler-Equation_lumped_mg_coarse_ solve converged due to CONVERGED_ITS iterations 1
                              Linear BackwardEuler-Equation_lumped_mg_coarse_ solve converged due to CONVERGED_ITS iterations 1
                              Linear BackwardEuler-Equation_lumped_mg_coarse_ solve converged due to CONVERGED_ITS iterations 1
                              Linear BackwardEuler-Equation_lumped_mg_coarse_ solve converged due to CONVERGED_ITS iterations 1
                              Linear BackwardEuler-Equation_lumped_mg_coarse_ solve converged due to CONVERGED_ITS iterations 1
                              Linear BackwardEuler-Equation_lumped_mg_coarse_ solve converged due to CONVERGED_ITS iterations 1
                              Linear BackwardEuler-Equation_lumped_mg_coarse_ solve converged due to CONVERGED_ITS iterations 1
                              Linear BackwardEuler-Equation_lumped_mg_coarse_ solve converged due to CONVERGED_ITS iterations 1
                              Linear BackwardEuler-Equation_lumped_mg_coarse_ solve converged due to CONVERGED_ITS iterations 1
                              Linear BackwardEuler-Equation_lumped_mg_coarse_ solve converged due to CONVERGED_ITS iterations 1
                        Linear BackwardEuler-Equation_ solve converged due to CONVERGED_RTOL iterations 75
                    Mat Object: (BackwardEuler-Equation_) 832 MPI processes
                      type: mpiaij
                      rows=143769600, cols=143769600
                      total: nonzeros=8024555520, allocated nonzeros=8024555520
                      total number of mallocs used during MatSetValues calls=0
                        has attached near null space
                        using I-node (on process 0) routines: found 43680 nodes, limit used is 5
                      1 SNES Function norm 6.427193549068e-09
                      Nonlinear BackwardEuler-Equation_ solve converged due to CONVERGED_FNORM_ABS iterations 1
                    SNES Object: (BackwardEuler-Equation_) 832 MPI processes
                      type: newtonls
                      maximum iterations=50, maximum function evaluations=10000
                      tolerances: relative=1e-08, absolute=1e-08, solution=1e-08
                      total number of linear solver iterations=75
                      total number of function evaluations=2
                      norm schedule ALWAYS
                      SNESLineSearch Object: (BackwardEuler-Equation_) 832 MPI processes
                        type: bt
                          interpolation: cubic
                          alpha=1.000000e-04
                        maxlambda=1.000000e+00, minlambda=1.000000e-12
                        tolerances: relative=1.000000e-08, absolute=1.000000e-15, lambda=1.000000e-08
                        maximum iterations=40
                      KSP Object: (BackwardEuler-Equation_) 832 MPI processes
                        type: fgmres
                          restart=30, using classical (unmodified) Gram-Schmidt orthogonalization with no iterative refinement
                          happy breakdown tolerance=1e-30
                        maximum iterations=200, initial guess is zero
                        tolerances: relative=1e-06, absolute=1e-50, divergence=10000.
                        right preconditioning
                        using UNPRECONDITIONED norm type for convergence test
                      PC Object: (BackwardEuler-Equation_) 832 MPI processes
                        type: python
                          Python: solvers.vlumping.VerticallyLumpedPC
                        Firedrake custom preconditioner VerticallyLumpedPC
                          Vertically lumped MG: collapses vertical dimension on coarse level (cf. Kramer et al. 2010)
                          PC Object: (BackwardEuler-Equation_lumped_) 832 MPI processes
                            type: mg
                              type is MULTIPLICATIVE, levels=2 cycles=v
                                Cycles per PCApply=1
                                Using Galerkin computed coarse grid matrices
                            Coarse grid solver -- level 0 -------------------------------
                              KSP Object: (BackwardEuler-Equation_lumped_mg_coarse_) 832 MPI processes
                                type: preonly
                                maximum iterations=10000, initial guess is zero
                                tolerances: relative=1e-05, absolute=1e-50, divergence=10000.
                                left preconditioning
                                not checking for convergence
                              PC Object: (BackwardEuler-Equation_lumped_mg_coarse_) 832 MPI processes
                                type: lu
                                  out-of-place factorization
                                  tolerance for zero pivot 2.22045e-14
                                  matrix ordering: external
                                  factor fill ratio given 0., needed 0.
                                    Factored matrix:
                                      Mat Object: (BackwardEuler-Equation_lumped_mg_coarse_) 832 MPI processes
                                        type: mumps
                                        rows=230400, cols=230400
                                        package used to perform factorization: mumps
                                        total: nonzeros=53788864, allocated nonzeros=53788864
                                          MUMPS run parameters:
                                            Use -BackwardEuler-Equation_lumped_mg_coarse_ksp_view ::ascii_info_detail to display information for all processes
                                            RINFOG(1) (global estimated flops for the elimination after analysis): 2.26775e+10
                                            RINFOG(2) (global estimated flops for the assembly after factorization): 8.43506e+07
                                            RINFOG(3) (global estimated flops for the elimination after factorization): 2.26775e+10
                                            (RINFOG(12) RINFOG(13))*2^INFOG(34) (determinant): (0.,0.)*(2^0)
                                            INFOG(3) (estimated real workspace for factors on all processors after analysis): 156221480
                                            INFOG(4) (estimated integer workspace for factors on all processors after analysis): 3409438
                                            INFOG(5) (estimated maximum front size in the complete tree): 1668
                                            INFOG(6) (number of nodes in the complete tree): 12616
                                            INFOG(7) (ordering option effectively used after analysis): 5
                                            INFOG(8) (structural symmetry in percent of the permuted matrix after analysis): -1
                                            INFOG(9) (total real/complex workspace to store the matrix factors after factorization): 53788864
                                            INFOG(10) (total integer space store the matrix factors after factorization): 2983281
                                            INFOG(11) (order of largest frontal matrix after factorization): 1668
                                            INFOG(12) (number of off-diagonal pivots): 0
                                            INFOG(13) (number of delayed pivots after factorization): 0
                                            INFOG(14) (number of memory compress after factorization): 0
                                            INFOG(15) (number of steps of iterative refinement after solution): 0
                                            INFOG(16) (estimated size (in MB) of all MUMPS internal data for factorization after analysis: value on the most memory consuming processor): 296
                                            INFOG(17) (estimated size of all MUMPS internal data for factorization after analysis: sum over all processors): 231120
                                            INFOG(18) (size of all MUMPS internal data allocated during factorization: value on the most memory consuming processor): 296
                                            INFOG(19) (size of all MUMPS internal data allocated during factorization: sum over all processors): 231068
                                            INFOG(20) (estimated number of entries in the factors): 53788864
                                            INFOG(21) (size in MB of memory effectively used during factorization - value on the most memory consuming processor): 286
                                            INFOG(22) (size in MB of memory effectively used during factorization - sum over all processors): 225275
                                            INFOG(23) (after analysis: value of ICNTL(6) effectively used): 0
                                            INFOG(24) (after analysis: value of ICNTL(12) effectively used): 1
                                            INFOG(25) (after factorization: number of pivots modified by static pivoting): 0
                                            INFOG(28) (after factorization: number of null pivots encountered): 0
                                            INFOG(29) (after factorization: effective number of entries in the factors (sum over all processors)): 53788864
                                            INFOG(30, 31) (after solution: size in Mbytes of memory used during solution phase): 55, 29409
                                            INFOG(32) (after analysis: type of analysis done): 1
                                            INFOG(33) (value used for ICNTL(8)): 7
                                            INFOG(34) (exponent of the determinant if determinant is requested): 0
                                            INFOG(35) (after factorization: number of entries taking into account BLR factor compression - sum over all processors): 53788864
                                            INFOG(36) (after analysis: estimated size of all MUMPS internal data for running BLR in-core - value on the most memory consuming processor): 0
                                            INFOG(37) (after analysis: estimated size of all MUMPS internal data for running BLR in-core - sum over all processors): 0
                                            INFOG(38) (after analysis: estimated size of all MUMPS internal data for running BLR out-of-core - value on the most memory consuming processor): 0
                                            INFOG(39) (after analysis: estimated size of all MUMPS internal data for running BLR out-of-core - sum over all processors): 0
                                linear system matrix, which is also used to construct the preconditioner:
                                Mat Object: 832 MPI processes
                                  type: mpiaij
                                  rows=230400, cols=230400
                                  total: nonzeros=4592640, allocated nonzeros=4592640
                                  total number of mallocs used during MatSetValues calls=0
                                    using nonscalable MatPtAP() implementation
                                    using I-node (on process 0) routines: found 70 nodes, limit used is 5
                            Down solver (pre-smoother) on level 1 -------------------------------
                              KSP Object: (BackwardEuler-Equation_lumped_mg_levels_1_) 832 MPI processes
                                type: chebyshev
                                  Chebyshev polynomial of first kind
                                  eigenvalue targets used: min 0.178813, max 1.96694
                                  eigenvalues estimated via gmres: min 0.0298749, max 1.78813
                                  eigenvalues estimated using gmres with transform: [0. 0.1; 0. 1.1]
                                  KSP Object: (BackwardEuler-Equation_lumped_mg_levels_1_esteig_) 832 MPI processes
                                    type: gmres
                                      restart=30, using classical (unmodified) Gram-Schmidt orthogonalization with no iterative refinement
                                      happy breakdown tolerance=1e-30
                                    maximum iterations=10, initial guess is zero
                                    tolerances: relative=1e-12, absolute=1e-50, divergence=10000.
                                    left preconditioning
                                    using PRECONDITIONED norm type for convergence test
                                  estimating eigenvalues using a noisy random number generated right-hand side
                                maximum iterations=2, nonzero initial guess
                                tolerances: relative=1e-05, absolute=1e-50, divergence=10000.
                                left preconditioning
                                not checking for convergence
                              PC Object: (BackwardEuler-Equation_lumped_mg_levels_1_) 832 MPI processes
                                type: sor
                                  type = local_symmetric, iterations = 1, local iterations = 1, omega = 1.
                                linear system matrix, which is also used to construct the preconditioner:
                                Mat Object: (BackwardEuler-Equation_) 832 MPI processes
                                  type: mpiaij
                                  rows=143769600, cols=143769600
                                  total: nonzeros=8024555520, allocated nonzeros=8024555520
                                  total number of mallocs used during MatSetValues calls=0
                                    has attached near null space
                                    using I-node (on process 0) routines: found 43680 nodes, limit used is 5
                            Up solver (post-smoother) same as down solver (pre-smoother)
                            linear system matrix, which is also used to construct the preconditioner:
                            Mat Object: (BackwardEuler-Equation_) 832 MPI processes
                              type: mpiaij
                              rows=143769600, cols=143769600
                              total: nonzeros=8024555520, allocated nonzeros=8024555520
                              total number of mallocs used during MatSetValues calls=0
                                has attached near null space
                                using I-node (on process 0) routines: found 43680 nodes, limit used is 5
                          linear system matrix, which is also used to construct the preconditioner:
                          Mat Object: (BackwardEuler-Equation_) 832 MPI processes
                            type: mpiaij
                            rows=143769600, cols=143769600
                            total: nonzeros=8024555520, allocated nonzeros=8024555520
                            total number of mallocs used during MatSetValues calls=0
                              has attached near null space
                              using I-node (on process 0) routines: found 43680 nodes, limit used is 5
t = 3300.00 s | step 11/30 | wall 35.88 s | NL 1 | L 75
                        0 SNES Function norm 4.170405827302e-07
                                Linear BackwardEuler-Equation_lumped_mg_coarse_ solve converged due to CONVERGED_ITS iterations 1
                                Linear BackwardEuler-Equation_lumped_mg_coarse_ solve converged due to CONVERGED_ITS iterations 1
                                Linear BackwardEuler-Equation_lumped_mg_coarse_ solve converged due to CONVERGED_ITS iterations 1
                                Linear BackwardEuler-Equation_lumped_mg_coarse_ solve converged due to CONVERGED_ITS iterations 1
                                Linear BackwardEuler-Equation_lumped_mg_coarse_ solve converged due to CONVERGED_ITS iterations 1
                                Linear BackwardEuler-Equation_lumped_mg_coarse_ solve converged due to CONVERGED_ITS iterations 1
                                Linear BackwardEuler-Equation_lumped_mg_coarse_ solve converged due to CONVERGED_ITS iterations 1
                                Linear BackwardEuler-Equation_lumped_mg_coarse_ solve converged due to CONVERGED_ITS iterations 1
                                Linear BackwardEuler-Equation_lumped_mg_coarse_ solve converged due to CONVERGED_ITS iterations 1
                                Linear BackwardEuler-Equation_lumped_mg_coarse_ solve converged due to CONVERGED_ITS iterations 1
                                Linear BackwardEuler-Equation_lumped_mg_coarse_ solve converged due to CONVERGED_ITS iterations 1
                                Linear BackwardEuler-Equation_lumped_mg_coarse_ solve converged due to CONVERGED_ITS iterations 1
                                Linear BackwardEuler-Equation_lumped_mg_coarse_ solve converged due to CONVERGED_ITS iterations 1
                                Linear BackwardEuler-Equation_lumped_mg_coarse_ solve converged due to CONVERGED_ITS iterations 1
                                Linear BackwardEuler-Equation_lumped_mg_coarse_ solve converged due to CONVERGED_ITS iterations 1
                                Linear BackwardEuler-Equation_lumped_mg_coarse_ solve converged due to CONVERGED_ITS iterations 1
                                Linear BackwardEuler-Equation_lumped_mg_coarse_ solve converged due to CONVERGED_ITS iterations 1
                                Linear BackwardEuler-Equation_lumped_mg_coarse_ solve converged due to CONVERGED_ITS iterations 1
                                Linear BackwardEuler-Equation_lumped_mg_coarse_ solve converged due to CONVERGED_ITS iterations 1
                                Linear BackwardEuler-Equation_lumped_mg_coarse_ solve converged due to CONVERGED_ITS iterations 1
                                Linear BackwardEuler-Equation_lumped_mg_coarse_ solve converged due to CONVERGED_ITS iterations 1
                                Linear BackwardEuler-Equation_lumped_mg_coarse_ solve converged due to CONVERGED_ITS iterations 1
                                Linear BackwardEuler-Equation_lumped_mg_coarse_ solve converged due to CONVERGED_ITS iterations 1
                                Linear BackwardEuler-Equation_lumped_mg_coarse_ solve converged due to CONVERGED_ITS iterations 1
                                Linear BackwardEuler-Equation_lumped_mg_coarse_ solve converged due to CONVERGED_ITS iterations 1
                                Linear BackwardEuler-Equation_lumped_mg_coarse_ solve converged due to CONVERGED_ITS iterations 1
                                Linear BackwardEuler-Equation_lumped_mg_coarse_ solve converged due to CONVERGED_ITS iterations 1
                                Linear BackwardEuler-Equation_lumped_mg_coarse_ solve converged due to CONVERGED_ITS iterations 1
                                Linear BackwardEuler-Equation_lumped_mg_coarse_ solve converged due to CONVERGED_ITS iterations 1
                                Linear BackwardEuler-Equation_lumped_mg_coarse_ solve converged due to CONVERGED_ITS iterations 1
                                Linear BackwardEuler-Equation_lumped_mg_coarse_ solve converged due to CONVERGED_ITS iterations 1
                                Linear BackwardEuler-Equation_lumped_mg_coarse_ solve converged due to CONVERGED_ITS iterations 1
                                Linear BackwardEuler-Equation_lumped_mg_coarse_ solve converged due to CONVERGED_ITS iterations 1
                                Linear BackwardEuler-Equation_lumped_mg_coarse_ solve converged due to CONVERGED_ITS iterations 1
                                Linear BackwardEuler-Equation_lumped_mg_coarse_ solve converged due to CONVERGED_ITS iterations 1
                                Linear BackwardEuler-Equation_lumped_mg_coarse_ solve converged due to CONVERGED_ITS iterations 1
                                Linear BackwardEuler-Equation_lumped_mg_coarse_ solve converged due to CONVERGED_ITS iterations 1
                                Linear BackwardEuler-Equation_lumped_mg_coarse_ solve converged due to CONVERGED_ITS iterations 1
                                Linear BackwardEuler-Equation_lumped_mg_coarse_ solve converged due to CONVERGED_ITS iterations 1
                                Linear BackwardEuler-Equation_lumped_mg_coarse_ solve converged due to CONVERGED_ITS iterations 1
                                Linear BackwardEuler-Equation_lumped_mg_coarse_ solve converged due to CONVERGED_ITS iterations 1
                                Linear BackwardEuler-Equation_lumped_mg_coarse_ solve converged due to CONVERGED_ITS iterations 1
                                Linear BackwardEuler-Equation_lumped_mg_coarse_ solve converged due to CONVERGED_ITS iterations 1
                                Linear BackwardEuler-Equation_lumped_mg_coarse_ solve converged due to CONVERGED_ITS iterations 1
                                Linear BackwardEuler-Equation_lumped_mg_coarse_ solve converged due to CONVERGED_ITS iterations 1
                                Linear BackwardEuler-Equation_lumped_mg_coarse_ solve converged due to CONVERGED_ITS iterations 1
                                Linear BackwardEuler-Equation_lumped_mg_coarse_ solve converged due to CONVERGED_ITS iterations 1
                                Linear BackwardEuler-Equation_lumped_mg_coarse_ solve converged due to CONVERGED_ITS iterations 1
                                Linear BackwardEuler-Equation_lumped_mg_coarse_ solve converged due to CONVERGED_ITS iterations 1
                                Linear BackwardEuler-Equation_lumped_mg_coarse_ solve converged due to CONVERGED_ITS iterations 1
                                Linear BackwardEuler-Equation_lumped_mg_coarse_ solve converged due to CONVERGED_ITS iterations 1
                                Linear BackwardEuler-Equation_lumped_mg_coarse_ solve converged due to CONVERGED_ITS iterations 1
                                Linear BackwardEuler-Equation_lumped_mg_coarse_ solve converged due to CONVERGED_ITS iterations 1
                                Linear BackwardEuler-Equation_lumped_mg_coarse_ solve converged due to CONVERGED_ITS iterations 1
                                Linear BackwardEuler-Equation_lumped_mg_coarse_ solve converged due to CONVERGED_ITS iterations 1
                                Linear BackwardEuler-Equation_lumped_mg_coarse_ solve converged due to CONVERGED_ITS iterations 1
                                Linear BackwardEuler-Equation_lumped_mg_coarse_ solve converged due to CONVERGED_ITS iterations 1
                                Linear BackwardEuler-Equation_lumped_mg_coarse_ solve converged due to CONVERGED_ITS iterations 1
                                Linear BackwardEuler-Equation_lumped_mg_coarse_ solve converged due to CONVERGED_ITS iterations 1
                                Linear BackwardEuler-Equation_lumped_mg_coarse_ solve converged due to CONVERGED_ITS iterations 1
                                Linear BackwardEuler-Equation_lumped_mg_coarse_ solve converged due to CONVERGED_ITS iterations 1
                                Linear BackwardEuler-Equation_lumped_mg_coarse_ solve converged due to CONVERGED_ITS iterations 1
                                Linear BackwardEuler-Equation_lumped_mg_coarse_ solve converged due to CONVERGED_ITS iterations 1
                                Linear BackwardEuler-Equation_lumped_mg_coarse_ solve converged due to CONVERGED_ITS iterations 1
                                Linear BackwardEuler-Equation_lumped_mg_coarse_ solve converged due to CONVERGED_ITS iterations 1
                                Linear BackwardEuler-Equation_lumped_mg_coarse_ solve converged due to CONVERGED_ITS iterations 1
                                Linear BackwardEuler-Equation_lumped_mg_coarse_ solve converged due to CONVERGED_ITS iterations 1
                                Linear BackwardEuler-Equation_lumped_mg_coarse_ solve converged due to CONVERGED_ITS iterations 1
                                Linear BackwardEuler-Equation_lumped_mg_coarse_ solve converged due to CONVERGED_ITS iterations 1
                                Linear BackwardEuler-Equation_lumped_mg_coarse_ solve converged due to CONVERGED_ITS iterations 1
                                Linear BackwardEuler-Equation_lumped_mg_coarse_ solve converged due to CONVERGED_ITS iterations 1
                                Linear BackwardEuler-Equation_lumped_mg_coarse_ solve converged due to CONVERGED_ITS iterations 1
                                Linear BackwardEuler-Equation_lumped_mg_coarse_ solve converged due to CONVERGED_ITS iterations 1
                                Linear BackwardEuler-Equation_lumped_mg_coarse_ solve converged due to CONVERGED_ITS iterations 1
                                Linear BackwardEuler-Equation_lumped_mg_coarse_ solve converged due to CONVERGED_ITS iterations 1
                                Linear BackwardEuler-Equation_lumped_mg_coarse_ solve converged due to CONVERGED_ITS iterations 1
                          Linear BackwardEuler-Equation_ solve converged due to CONVERGED_RTOL iterations 76
                      Mat Object: (BackwardEuler-Equation_) 832 MPI processes
                        type: mpiaij
                        rows=143769600, cols=143769600
                        total: nonzeros=8024555520, allocated nonzeros=8024555520
                        total number of mallocs used during MatSetValues calls=0
                          has attached near null space
                          using I-node (on process 0) routines: found 43680 nodes, limit used is 5
                        1 SNES Function norm 6.128321994714e-09
                        Nonlinear BackwardEuler-Equation_ solve converged due to CONVERGED_FNORM_ABS iterations 1
                      SNES Object: (BackwardEuler-Equation_) 832 MPI processes
                        type: newtonls
                        maximum iterations=50, maximum function evaluations=10000
                        tolerances: relative=1e-08, absolute=1e-08, solution=1e-08
                        total number of linear solver iterations=76
                        total number of function evaluations=2
                        norm schedule ALWAYS
                        SNESLineSearch Object: (BackwardEuler-Equation_) 832 MPI processes
                          type: bt
                            interpolation: cubic
                            alpha=1.000000e-04
                          maxlambda=1.000000e+00, minlambda=1.000000e-12
                          tolerances: relative=1.000000e-08, absolute=1.000000e-15, lambda=1.000000e-08
                          maximum iterations=40
                        KSP Object: (BackwardEuler-Equation_) 832 MPI processes
                          type: fgmres
                            restart=30, using classical (unmodified) Gram-Schmidt orthogonalization with no iterative refinement
                            happy breakdown tolerance=1e-30
                          maximum iterations=200, initial guess is zero
                          tolerances: relative=1e-06, absolute=1e-50, divergence=10000.
                          right preconditioning
                          using UNPRECONDITIONED norm type for convergence test
                        PC Object: (BackwardEuler-Equation_) 832 MPI processes
                          type: python
                            Python: solvers.vlumping.VerticallyLumpedPC
                          Firedrake custom preconditioner VerticallyLumpedPC
                            Vertically lumped MG: collapses vertical dimension on coarse level (cf. Kramer et al. 2010)
                            PC Object: (BackwardEuler-Equation_lumped_) 832 MPI processes
                              type: mg
                                type is MULTIPLICATIVE, levels=2 cycles=v
                                  Cycles per PCApply=1
                                  Using Galerkin computed coarse grid matrices
                              Coarse grid solver -- level 0 -------------------------------
                                KSP Object: (BackwardEuler-Equation_lumped_mg_coarse_) 832 MPI processes
                                  type: preonly
                                  maximum iterations=10000, initial guess is zero
                                  tolerances: relative=1e-05, absolute=1e-50, divergence=10000.
                                  left preconditioning
                                  not checking for convergence
                                PC Object: (BackwardEuler-Equation_lumped_mg_coarse_) 832 MPI processes
                                  type: lu
                                    out-of-place factorization
                                    tolerance for zero pivot 2.22045e-14
                                    matrix ordering: external
                                    factor fill ratio given 0., needed 0.
                                      Factored matrix:
                                        Mat Object: (BackwardEuler-Equation_lumped_mg_coarse_) 832 MPI processes
                                          type: mumps
                                          rows=230400, cols=230400
                                          package used to perform factorization: mumps
                                          total: nonzeros=53788864, allocated nonzeros=53788864
                                            MUMPS run parameters:
                                              Use -BackwardEuler-Equation_lumped_mg_coarse_ksp_view ::ascii_info_detail to display information for all processes
                                              RINFOG(1) (global estimated flops for the elimination after analysis): 2.26775e+10
                                              RINFOG(2) (global estimated flops for the assembly after factorization): 8.43506e+07
                                              RINFOG(3) (global estimated flops for the elimination after factorization): 2.26775e+10
                                              (RINFOG(12) RINFOG(13))*2^INFOG(34) (determinant): (0.,0.)*(2^0)
                                              INFOG(3) (estimated real workspace for factors on all processors after analysis): 156221480
                                              INFOG(4) (estimated integer workspace for factors on all processors after analysis): 3409438
                                              INFOG(5) (estimated maximum front size in the complete tree): 1668
                                              INFOG(6) (number of nodes in the complete tree): 12616
                                              INFOG(7) (ordering option effectively used after analysis): 5
                                              INFOG(8) (structural symmetry in percent of the permuted matrix after analysis): -1
                                              INFOG(9) (total real/complex workspace to store the matrix factors after factorization): 53788864
                                              INFOG(10) (total integer space store the matrix factors after factorization): 2983281
                                              INFOG(11) (order of largest frontal matrix after factorization): 1668
                                              INFOG(12) (number of off-diagonal pivots): 0
                                              INFOG(13) (number of delayed pivots after factorization): 0
                                              INFOG(14) (number of memory compress after factorization): 0
                                              INFOG(15) (number of steps of iterative refinement after solution): 0
                                              INFOG(16) (estimated size (in MB) of all MUMPS internal data for factorization after analysis: value on the most memory consuming processor): 296
                                              INFOG(17) (estimated size of all MUMPS internal data for factorization after analysis: sum over all processors): 231120
                                              INFOG(18) (size of all MUMPS internal data allocated during factorization: value on the most memory consuming processor): 296
                                              INFOG(19) (size of all MUMPS internal data allocated during factorization: sum over all processors): 231068
                                              INFOG(20) (estimated number of entries in the factors): 53788864
                                              INFOG(21) (size in MB of memory effectively used during factorization - value on the most memory consuming processor): 286
                                              INFOG(22) (size in MB of memory effectively used during factorization - sum over all processors): 225272
                                              INFOG(23) (after analysis: value of ICNTL(6) effectively used): 0
                                              INFOG(24) (after analysis: value of ICNTL(12) effectively used): 1
                                              INFOG(25) (after factorization: number of pivots modified by static pivoting): 0
                                              INFOG(28) (after factorization: number of null pivots encountered): 0
                                              INFOG(29) (after factorization: effective number of entries in the factors (sum over all processors)): 53788864
                                              INFOG(30, 31) (after solution: size in Mbytes of memory used during solution phase): 55, 29409
                                              INFOG(32) (after analysis: type of analysis done): 1
                                              INFOG(33) (value used for ICNTL(8)): 7
                                              INFOG(34) (exponent of the determinant if determinant is requested): 0
                                              INFOG(35) (after factorization: number of entries taking into account BLR factor compression - sum over all processors): 53788864
                                              INFOG(36) (after analysis: estimated size of all MUMPS internal data for running BLR in-core - value on the most memory consuming processor): 0
                                              INFOG(37) (after analysis: estimated size of all MUMPS internal data for running BLR in-core - sum over all processors): 0
                                              INFOG(38) (after analysis: estimated size of all MUMPS internal data for running BLR out-of-core - value on the most memory consuming processor): 0
                                              INFOG(39) (after analysis: estimated size of all MUMPS internal data for running BLR out-of-core - sum over all processors): 0
                                  linear system matrix, which is also used to construct the preconditioner:
                                  Mat Object: 832 MPI processes
                                    type: mpiaij
                                    rows=230400, cols=230400
                                    total: nonzeros=4592640, allocated nonzeros=4592640
                                    total number of mallocs used during MatSetValues calls=0
                                      using nonscalable MatPtAP() implementation
                                      using I-node (on process 0) routines: found 70 nodes, limit used is 5
                              Down solver (pre-smoother) on level 1 -------------------------------
                                KSP Object: (BackwardEuler-Equation_lumped_mg_levels_1_) 832 MPI processes
                                  type: chebyshev
                                    Chebyshev polynomial of first kind
                                    eigenvalue targets used: min 0.178813, max 1.96694
                                    eigenvalues estimated via gmres: min 0.0298759, max 1.78813
                                    eigenvalues estimated using gmres with transform: [0. 0.1; 0. 1.1]
                                    KSP Object: (BackwardEuler-Equation_lumped_mg_levels_1_esteig_) 832 MPI processes
                                      type: gmres
                                        restart=30, using classical (unmodified) Gram-Schmidt orthogonalization with no iterative refinement
                                        happy breakdown tolerance=1e-30
                                      maximum iterations=10, initial guess is zero
                                      tolerances: relative=1e-12, absolute=1e-50, divergence=10000.
                                      left preconditioning
                                      using PRECONDITIONED norm type for convergence test
                                    estimating eigenvalues using a noisy random number generated right-hand side
                                  maximum iterations=2, nonzero initial guess
                                  tolerances: relative=1e-05, absolute=1e-50, divergence=10000.
                                  left preconditioning
                                  not checking for convergence
                                PC Object: (BackwardEuler-Equation_lumped_mg_levels_1_) 832 MPI processes
                                  type: sor
                                    type = local_symmetric, iterations = 1, local iterations = 1, omega = 1.
                                  linear system matrix, which is also used to construct the preconditioner:
                                  Mat Object: (BackwardEuler-Equation_) 832 MPI processes
                                    type: mpiaij
                                    rows=143769600, cols=143769600
                                    total: nonzeros=8024555520, allocated nonzeros=8024555520
                                    total number of mallocs used during MatSetValues calls=0
                                      has attached near null space
                                      using I-node (on process 0) routines: found 43680 nodes, limit used is 5
                              Up solver (post-smoother) same as down solver (pre-smoother)
                              linear system matrix, which is also used to construct the preconditioner:
                              Mat Object: (BackwardEuler-Equation_) 832 MPI processes
                                type: mpiaij
                                rows=143769600, cols=143769600
                                total: nonzeros=8024555520, allocated nonzeros=8024555520
                                total number of mallocs used during MatSetValues calls=0
                                  has attached near null space
                                  using I-node (on process 0) routines: found 43680 nodes, limit used is 5
                            linear system matrix, which is also used to construct the preconditioner:
                            Mat Object: (BackwardEuler-Equation_) 832 MPI processes
                              type: mpiaij
                              rows=143769600, cols=143769600
                              total: nonzeros=8024555520, allocated nonzeros=8024555520
                              total number of mallocs used during MatSetValues calls=0
                                has attached near null space
                                using I-node (on process 0) routines: found 43680 nodes, limit used is 5
t = 3600.00 s | step 12/30 | wall 36.47 s | NL 1 | L 76
                          0 SNES Function norm 4.103941935156e-07
                                  Linear BackwardEuler-Equation_lumped_mg_coarse_ solve converged due to CONVERGED_ITS iterations 1
                                  Linear BackwardEuler-Equation_lumped_mg_coarse_ solve converged due to CONVERGED_ITS iterations 1
                                  Linear BackwardEuler-Equation_lumped_mg_coarse_ solve converged due to CONVERGED_ITS iterations 1
                                  Linear BackwardEuler-Equation_lumped_mg_coarse_ solve converged due to CONVERGED_ITS iterations 1
                                  Linear BackwardEuler-Equation_lumped_mg_coarse_ solve converged due to CONVERGED_ITS iterations 1
                                  Linear BackwardEuler-Equation_lumped_mg_coarse_ solve converged due to CONVERGED_ITS iterations 1
                                  Linear BackwardEuler-Equation_lumped_mg_coarse_ solve converged due to CONVERGED_ITS iterations 1
                                  Linear BackwardEuler-Equation_lumped_mg_coarse_ solve converged due to CONVERGED_ITS iterations 1
                                  Linear BackwardEuler-Equation_lumped_mg_coarse_ solve converged due to CONVERGED_ITS iterations 1
                                  Linear BackwardEuler-Equation_lumped_mg_coarse_ solve converged due to CONVERGED_ITS iterations 1
                                  Linear BackwardEuler-Equation_lumped_mg_coarse_ solve converged due to CONVERGED_ITS iterations 1
                                  Linear BackwardEuler-Equation_lumped_mg_coarse_ solve converged due to CONVERGED_ITS iterations 1
                                  Linear BackwardEuler-Equation_lumped_mg_coarse_ solve converged due to CONVERGED_ITS iterations 1
                                  Linear BackwardEuler-Equation_lumped_mg_coarse_ solve converged due to CONVERGED_ITS iterations 1
                                  Linear BackwardEuler-Equation_lumped_mg_coarse_ solve converged due to CONVERGED_ITS iterations 1
                                  Linear BackwardEuler-Equation_lumped_mg_coarse_ solve converged due to CONVERGED_ITS iterations 1
                                  Linear BackwardEuler-Equation_lumped_mg_coarse_ solve converged due to CONVERGED_ITS iterations 1
                                  Linear BackwardEuler-Equation_lumped_mg_coarse_ solve converged due to CONVERGED_ITS iterations 1
                                  Linear BackwardEuler-Equation_lumped_mg_coarse_ solve converged due to CONVERGED_ITS iterations 1
                                  Linear BackwardEuler-Equation_lumped_mg_coarse_ solve converged due to CONVERGED_ITS iterations 1
                                  Linear BackwardEuler-Equation_lumped_mg_coarse_ solve converged due to CONVERGED_ITS iterations 1
                                  Linear BackwardEuler-Equation_lumped_mg_coarse_ solve converged due to CONVERGED_ITS iterations 1
                                  Linear BackwardEuler-Equation_lumped_mg_coarse_ solve converged due to CONVERGED_ITS iterations 1
                                  Linear BackwardEuler-Equation_lumped_mg_coarse_ solve converged due to CONVERGED_ITS iterations 1
                                  Linear BackwardEuler-Equation_lumped_mg_coarse_ solve converged due to CONVERGED_ITS iterations 1
                                  Linear BackwardEuler-Equation_lumped_mg_coarse_ solve converged due to CONVERGED_ITS iterations 1
                                  Linear BackwardEuler-Equation_lumped_mg_coarse_ solve converged due to CONVERGED_ITS iterations 1
                                  Linear BackwardEuler-Equation_lumped_mg_coarse_ solve converged due to CONVERGED_ITS iterations 1
                                  Linear BackwardEuler-Equation_lumped_mg_coarse_ solve converged due to CONVERGED_ITS iterations 1
                                  Linear BackwardEuler-Equation_lumped_mg_coarse_ solve converged due to CONVERGED_ITS iterations 1
                                  Linear BackwardEuler-Equation_lumped_mg_coarse_ solve converged due to CONVERGED_ITS iterations 1
                                  Linear BackwardEuler-Equation_lumped_mg_coarse_ solve converged due to CONVERGED_ITS iterations 1
                                  Linear BackwardEuler-Equation_lumped_mg_coarse_ solve converged due to CONVERGED_ITS iterations 1
                                  Linear BackwardEuler-Equation_lumped_mg_coarse_ solve converged due to CONVERGED_ITS iterations 1
                                  Linear BackwardEuler-Equation_lumped_mg_coarse_ solve converged due to CONVERGED_ITS iterations 1
                                  Linear BackwardEuler-Equation_lumped_mg_coarse_ solve converged due to CONVERGED_ITS iterations 1
                                  Linear BackwardEuler-Equation_lumped_mg_coarse_ solve converged due to CONVERGED_ITS iterations 1
                                  Linear BackwardEuler-Equation_lumped_mg_coarse_ solve converged due to CONVERGED_ITS iterations 1
                                  Linear BackwardEuler-Equation_lumped_mg_coarse_ solve converged due to CONVERGED_ITS iterations 1
                                  Linear BackwardEuler-Equation_lumped_mg_coarse_ solve converged due to CONVERGED_ITS iterations 1
                                  Linear BackwardEuler-Equation_lumped_mg_coarse_ solve converged due to CONVERGED_ITS iterations 1
                                  Linear BackwardEuler-Equation_lumped_mg_coarse_ solve converged due to CONVERGED_ITS iterations 1
                                  Linear BackwardEuler-Equation_lumped_mg_coarse_ solve converged due to CONVERGED_ITS iterations 1
                                  Linear BackwardEuler-Equation_lumped_mg_coarse_ solve converged due to CONVERGED_ITS iterations 1
                                  Linear BackwardEuler-Equation_lumped_mg_coarse_ solve converged due to CONVERGED_ITS iterations 1
                                  Linear BackwardEuler-Equation_lumped_mg_coarse_ solve converged due to CONVERGED_ITS iterations 1
                                  Linear BackwardEuler-Equation_lumped_mg_coarse_ solve converged due to CONVERGED_ITS iterations 1
                                  Linear BackwardEuler-Equation_lumped_mg_coarse_ solve converged due to CONVERGED_ITS iterations 1
                                  Linear BackwardEuler-Equation_lumped_mg_coarse_ solve converged due to CONVERGED_ITS iterations 1
                                  Linear BackwardEuler-Equation_lumped_mg_coarse_ solve converged due to CONVERGED_ITS iterations 1
                                  Linear BackwardEuler-Equation_lumped_mg_coarse_ solve converged due to CONVERGED_ITS iterations 1
                                  Linear BackwardEuler-Equation_lumped_mg_coarse_ solve converged due to CONVERGED_ITS iterations 1
                                  Linear BackwardEuler-Equation_lumped_mg_coarse_ solve converged due to CONVERGED_ITS iterations 1
                                  Linear BackwardEuler-Equation_lumped_mg_coarse_ solve converged due to CONVERGED_ITS iterations 1
                                  Linear BackwardEuler-Equation_lumped_mg_coarse_ solve converged due to CONVERGED_ITS iterations 1
                                  Linear BackwardEuler-Equation_lumped_mg_coarse_ solve converged due to CONVERGED_ITS iterations 1
                                  Linear BackwardEuler-Equation_lumped_mg_coarse_ solve converged due to CONVERGED_ITS iterations 1
                                  Linear BackwardEuler-Equation_lumped_mg_coarse_ solve converged due to CONVERGED_ITS iterations 1
                                  Linear BackwardEuler-Equation_lumped_mg_coarse_ solve converged due to CONVERGED_ITS iterations 1
                                  Linear BackwardEuler-Equation_lumped_mg_coarse_ solve converged due to CONVERGED_ITS iterations 1
                                  Linear BackwardEuler-Equation_lumped_mg_coarse_ solve converged due to CONVERGED_ITS iterations 1
                                  Linear BackwardEuler-Equation_lumped_mg_coarse_ solve converged due to CONVERGED_ITS iterations 1
                                  Linear BackwardEuler-Equation_lumped_mg_coarse_ solve converged due to CONVERGED_ITS iterations 1
                                  Linear BackwardEuler-Equation_lumped_mg_coarse_ solve converged due to CONVERGED_ITS iterations 1
                                  Linear BackwardEuler-Equation_lumped_mg_coarse_ solve converged due to CONVERGED_ITS iterations 1
                                  Linear BackwardEuler-Equation_lumped_mg_coarse_ solve converged due to CONVERGED_ITS iterations 1
                                  Linear BackwardEuler-Equation_lumped_mg_coarse_ solve converged due to CONVERGED_ITS iterations 1
                                  Linear BackwardEuler-Equation_lumped_mg_coarse_ solve converged due to CONVERGED_ITS iterations 1
                                  Linear BackwardEuler-Equation_lumped_mg_coarse_ solve converged due to CONVERGED_ITS iterations 1
                                  Linear BackwardEuler-Equation_lumped_mg_coarse_ solve converged due to CONVERGED_ITS iterations 1
                                  Linear BackwardEuler-Equation_lumped_mg_coarse_ solve converged due to CONVERGED_ITS iterations 1
                                  Linear BackwardEuler-Equation_lumped_mg_coarse_ solve converged due to CONVERGED_ITS iterations 1
                                  Linear BackwardEuler-Equation_lumped_mg_coarse_ solve converged due to CONVERGED_ITS iterations 1
                                  Linear BackwardEuler-Equation_lumped_mg_coarse_ solve converged due to CONVERGED_ITS iterations 1
                                  Linear BackwardEuler-Equation_lumped_mg_coarse_ solve converged due to CONVERGED_ITS iterations 1
                                  Linear BackwardEuler-Equation_lumped_mg_coarse_ solve converged due to CONVERGED_ITS iterations 1
                            Linear BackwardEuler-Equation_ solve converged due to CONVERGED_RTOL iterations 76
                        Mat Object: (BackwardEuler-Equation_) 832 MPI processes
                          type: mpiaij
                          rows=143769600, cols=143769600
                          total: nonzeros=8024555520, allocated nonzeros=8024555520
                          total number of mallocs used during MatSetValues calls=0
                            has attached near null space
                            using I-node (on process 0) routines: found 43680 nodes, limit used is 5
                          1 SNES Function norm 5.876549398032e-09
                          Nonlinear BackwardEuler-Equation_ solve converged due to CONVERGED_FNORM_ABS iterations 1
                        SNES Object: (BackwardEuler-Equation_) 832 MPI processes
                          type: newtonls
                          maximum iterations=50, maximum function evaluations=10000
                          tolerances: relative=1e-08, absolute=1e-08, solution=1e-08
                          total number of linear solver iterations=76
                          total number of function evaluations=2
                          norm schedule ALWAYS
                          SNESLineSearch Object: (BackwardEuler-Equation_) 832 MPI processes
                            type: bt
                              interpolation: cubic
                              alpha=1.000000e-04
                            maxlambda=1.000000e+00, minlambda=1.000000e-12
                            tolerances: relative=1.000000e-08, absolute=1.000000e-15, lambda=1.000000e-08
                            maximum iterations=40
                          KSP Object: (BackwardEuler-Equation_) 832 MPI processes
                            type: fgmres
                              restart=30, using classical (unmodified) Gram-Schmidt orthogonalization with no iterative refinement
                              happy breakdown tolerance=1e-30
                            maximum iterations=200, initial guess is zero
                            tolerances: relative=1e-06, absolute=1e-50, divergence=10000.
                            right preconditioning
                            using UNPRECONDITIONED norm type for convergence test
                          PC Object: (BackwardEuler-Equation_) 832 MPI processes
                            type: python
                              Python: solvers.vlumping.VerticallyLumpedPC
                            Firedrake custom preconditioner VerticallyLumpedPC
                              Vertically lumped MG: collapses vertical dimension on coarse level (cf. Kramer et al. 2010)
                              PC Object: (BackwardEuler-Equation_lumped_) 832 MPI processes
                                type: mg
                                  type is MULTIPLICATIVE, levels=2 cycles=v
                                    Cycles per PCApply=1
                                    Using Galerkin computed coarse grid matrices
                                Coarse grid solver -- level 0 -------------------------------
                                  KSP Object: (BackwardEuler-Equation_lumped_mg_coarse_) 832 MPI processes
                                    type: preonly
                                    maximum iterations=10000, initial guess is zero
                                    tolerances: relative=1e-05, absolute=1e-50, divergence=10000.
                                    left preconditioning
                                    not checking for convergence
                                  PC Object: (BackwardEuler-Equation_lumped_mg_coarse_) 832 MPI processes
                                    type: lu
                                      out-of-place factorization
                                      tolerance for zero pivot 2.22045e-14
                                      matrix ordering: external
                                      factor fill ratio given 0., needed 0.
                                        Factored matrix:
                                          Mat Object: (BackwardEuler-Equation_lumped_mg_coarse_) 832 MPI processes
                                            type: mumps
                                            rows=230400, cols=230400
                                            package used to perform factorization: mumps
                                            total: nonzeros=53788864, allocated nonzeros=53788864
                                              MUMPS run parameters:
                                                Use -BackwardEuler-Equation_lumped_mg_coarse_ksp_view ::ascii_info_detail to display information for all processes
                                                RINFOG(1) (global estimated flops for the elimination after analysis): 2.26775e+10
                                                RINFOG(2) (global estimated flops for the assembly after factorization): 8.43506e+07
                                                RINFOG(3) (global estimated flops for the elimination after factorization): 2.26775e+10
                                                (RINFOG(12) RINFOG(13))*2^INFOG(34) (determinant): (0.,0.)*(2^0)
                                                INFOG(3) (estimated real workspace for factors on all processors after analysis): 156221480
                                                INFOG(4) (estimated integer workspace for factors on all processors after analysis): 3409438
                                                INFOG(5) (estimated maximum front size in the complete tree): 1668
                                                INFOG(6) (number of nodes in the complete tree): 12616
                                                INFOG(7) (ordering option effectively used after analysis): 5
                                                INFOG(8) (structural symmetry in percent of the permuted matrix after analysis): -1
                                                INFOG(9) (total real/complex workspace to store the matrix factors after factorization): 53788864
                                                INFOG(10) (total integer space store the matrix factors after factorization): 2983281
                                                INFOG(11) (order of largest frontal matrix after factorization): 1668
                                                INFOG(12) (number of off-diagonal pivots): 0
                                                INFOG(13) (number of delayed pivots after factorization): 0
                                                INFOG(14) (number of memory compress after factorization): 0
                                                INFOG(15) (number of steps of iterative refinement after solution): 0
                                                INFOG(16) (estimated size (in MB) of all MUMPS internal data for factorization after analysis: value on the most memory consuming processor): 296
                                                INFOG(17) (estimated size of all MUMPS internal data for factorization after analysis: sum over all processors): 231120
                                                INFOG(18) (size of all MUMPS internal data allocated during factorization: value on the most memory consuming processor): 296
                                                INFOG(19) (size of all MUMPS internal data allocated during factorization: sum over all processors): 231068
                                                INFOG(20) (estimated number of entries in the factors): 53788864
                                                INFOG(21) (size in MB of memory effectively used during factorization - value on the most memory consuming processor): 286
                                                INFOG(22) (size in MB of memory effectively used during factorization - sum over all processors): 225276
                                                INFOG(23) (after analysis: value of ICNTL(6) effectively used): 0
                                                INFOG(24) (after analysis: value of ICNTL(12) effectively used): 1
                                                INFOG(25) (after factorization: number of pivots modified by static pivoting): 0
                                                INFOG(28) (after factorization: number of null pivots encountered): 0
                                                INFOG(29) (after factorization: effective number of entries in the factors (sum over all processors)): 53788864
                                                INFOG(30, 31) (after solution: size in Mbytes of memory used during solution phase): 55, 29409
                                                INFOG(32) (after analysis: type of analysis done): 1
                                                INFOG(33) (value used for ICNTL(8)): 7
                                                INFOG(34) (exponent of the determinant if determinant is requested): 0
                                                INFOG(35) (after factorization: number of entries taking into account BLR factor compression - sum over all processors): 53788864
                                                INFOG(36) (after analysis: estimated size of all MUMPS internal data for running BLR in-core - value on the most memory consuming processor): 0
                                                INFOG(37) (after analysis: estimated size of all MUMPS internal data for running BLR in-core - sum over all processors): 0
                                                INFOG(38) (after analysis: estimated size of all MUMPS internal data for running BLR out-of-core - value on the most memory consuming processor): 0
                                                INFOG(39) (after analysis: estimated size of all MUMPS internal data for running BLR out-of-core - sum over all processors): 0
                                    linear system matrix, which is also used to construct the preconditioner:
                                    Mat Object: 832 MPI processes
                                      type: mpiaij
                                      rows=230400, cols=230400
                                      total: nonzeros=4592640, allocated nonzeros=4592640
                                      total number of mallocs used during MatSetValues calls=0
                                        using nonscalable MatPtAP() implementation
                                        using I-node (on process 0) routines: found 70 nodes, limit used is 5
                                Down solver (pre-smoother) on level 1 -------------------------------
                                  KSP Object: (BackwardEuler-Equation_lumped_mg_levels_1_) 832 MPI processes
                                    type: chebyshev
                                      Chebyshev polynomial of first kind
                                      eigenvalue targets used: min 0.178813, max 1.96694
                                      eigenvalues estimated via gmres: min 0.0298769, max 1.78813
                                      eigenvalues estimated using gmres with transform: [0. 0.1; 0. 1.1]
                                      KSP Object: (BackwardEuler-Equation_lumped_mg_levels_1_esteig_) 832 MPI processes
                                        type: gmres
                                          restart=30, using classical (unmodified) Gram-Schmidt orthogonalization with no iterative refinement
                                          happy breakdown tolerance=1e-30
                                        maximum iterations=10, initial guess is zero
                                        tolerances: relative=1e-12, absolute=1e-50, divergence=10000.
                                        left preconditioning
                                        using PRECONDITIONED norm type for convergence test
                                      estimating eigenvalues using a noisy random number generated right-hand side
                                    maximum iterations=2, nonzero initial guess
                                    tolerances: relative=1e-05, absolute=1e-50, divergence=10000.
                                    left preconditioning
                                    not checking for convergence
                                  PC Object: (BackwardEuler-Equation_lumped_mg_levels_1_) 832 MPI processes
                                    type: sor
                                      type = local_symmetric, iterations = 1, local iterations = 1, omega = 1.
                                    linear system matrix, which is also used to construct the preconditioner:
                                    Mat Object: (BackwardEuler-Equation_) 832 MPI processes
                                      type: mpiaij
                                      rows=143769600, cols=143769600
                                      total: nonzeros=8024555520, allocated nonzeros=8024555520
                                      total number of mallocs used during MatSetValues calls=0
                                        has attached near null space
                                        using I-node (on process 0) routines: found 43680 nodes, limit used is 5
                                Up solver (post-smoother) same as down solver (pre-smoother)
                                linear system matrix, which is also used to construct the preconditioner:
                                Mat Object: (BackwardEuler-Equation_) 832 MPI processes
                                  type: mpiaij
                                  rows=143769600, cols=143769600
                                  total: nonzeros=8024555520, allocated nonzeros=8024555520
                                  total number of mallocs used during MatSetValues calls=0
                                    has attached near null space
                                    using I-node (on process 0) routines: found 43680 nodes, limit used is 5
                              linear system matrix, which is also used to construct the preconditioner:
                              Mat Object: (BackwardEuler-Equation_) 832 MPI processes
                                type: mpiaij
                                rows=143769600, cols=143769600
                                total: nonzeros=8024555520, allocated nonzeros=8024555520
                                total number of mallocs used during MatSetValues calls=0
                                  has attached near null space
                                  using I-node (on process 0) routines: found 43680 nodes, limit used is 5
t = 3900.00 s | step 13/30 | wall 36.53 s | NL 1 | L 76
                            0 SNES Function norm 4.045322501043e-07
                                    Linear BackwardEuler-Equation_lumped_mg_coarse_ solve converged due to CONVERGED_ITS iterations 1
                                    Linear BackwardEuler-Equation_lumped_mg_coarse_ solve converged due to CONVERGED_ITS iterations 1
                                    Linear BackwardEuler-Equation_lumped_mg_coarse_ solve converged due to CONVERGED_ITS iterations 1
                                    Linear BackwardEuler-Equation_lumped_mg_coarse_ solve converged due to CONVERGED_ITS iterations 1
                                    Linear BackwardEuler-Equation_lumped_mg_coarse_ solve converged due to CONVERGED_ITS iterations 1
                                    Linear BackwardEuler-Equation_lumped_mg_coarse_ solve converged due to CONVERGED_ITS iterations 1
                                    Linear BackwardEuler-Equation_lumped_mg_coarse_ solve converged due to CONVERGED_ITS iterations 1
                                    Linear BackwardEuler-Equation_lumped_mg_coarse_ solve converged due to CONVERGED_ITS iterations 1
                                    Linear BackwardEuler-Equation_lumped_mg_coarse_ solve converged due to CONVERGED_ITS iterations 1
                                    Linear BackwardEuler-Equation_lumped_mg_coarse_ solve converged due to CONVERGED_ITS iterations 1
                                    Linear BackwardEuler-Equation_lumped_mg_coarse_ solve converged due to CONVERGED_ITS iterations 1
                                    Linear BackwardEuler-Equation_lumped_mg_coarse_ solve converged due to CONVERGED_ITS iterations 1
                                    Linear BackwardEuler-Equation_lumped_mg_coarse_ solve converged due to CONVERGED_ITS iterations 1
                                    Linear BackwardEuler-Equation_lumped_mg_coarse_ solve converged due to CONVERGED_ITS iterations 1
                                    Linear BackwardEuler-Equation_lumped_mg_coarse_ solve converged due to CONVERGED_ITS iterations 1
                                    Linear BackwardEuler-Equation_lumped_mg_coarse_ solve converged due to CONVERGED_ITS iterations 1
                                    Linear BackwardEuler-Equation_lumped_mg_coarse_ solve converged due to CONVERGED_ITS iterations 1
                                    Linear BackwardEuler-Equation_lumped_mg_coarse_ solve converged due to CONVERGED_ITS iterations 1
                                    Linear BackwardEuler-Equation_lumped_mg_coarse_ solve converged due to CONVERGED_ITS iterations 1
                                    Linear BackwardEuler-Equation_lumped_mg_coarse_ solve converged due to CONVERGED_ITS iterations 1
                                    Linear BackwardEuler-Equation_lumped_mg_coarse_ solve converged due to CONVERGED_ITS iterations 1
                                    Linear BackwardEuler-Equation_lumped_mg_coarse_ solve converged due to CONVERGED_ITS iterations 1
                                    Linear BackwardEuler-Equation_lumped_mg_coarse_ solve converged due to CONVERGED_ITS iterations 1
                                    Linear BackwardEuler-Equation_lumped_mg_coarse_ solve converged due to CONVERGED_ITS iterations 1
                                    Linear BackwardEuler-Equation_lumped_mg_coarse_ solve converged due to CONVERGED_ITS iterations 1
                                    Linear BackwardEuler-Equation_lumped_mg_coarse_ solve converged due to CONVERGED_ITS iterations 1
                                    Linear BackwardEuler-Equation_lumped_mg_coarse_ solve converged due to CONVERGED_ITS iterations 1
                                    Linear BackwardEuler-Equation_lumped_mg_coarse_ solve converged due to CONVERGED_ITS iterations 1
                                    Linear BackwardEuler-Equation_lumped_mg_coarse_ solve converged due to CONVERGED_ITS iterations 1
                                    Linear BackwardEuler-Equation_lumped_mg_coarse_ solve converged due to CONVERGED_ITS iterations 1
                                    Linear BackwardEuler-Equation_lumped_mg_coarse_ solve converged due to CONVERGED_ITS iterations 1
                                    Linear BackwardEuler-Equation_lumped_mg_coarse_ solve converged due to CONVERGED_ITS iterations 1
                                    Linear BackwardEuler-Equation_lumped_mg_coarse_ solve converged due to CONVERGED_ITS iterations 1
                                    Linear BackwardEuler-Equation_lumped_mg_coarse_ solve converged due to CONVERGED_ITS iterations 1
                                    Linear BackwardEuler-Equation_lumped_mg_coarse_ solve converged due to CONVERGED_ITS iterations 1
                                    Linear BackwardEuler-Equation_lumped_mg_coarse_ solve converged due to CONVERGED_ITS iterations 1
                                    Linear BackwardEuler-Equation_lumped_mg_coarse_ solve converged due to CONVERGED_ITS iterations 1
                                    Linear BackwardEuler-Equation_lumped_mg_coarse_ solve converged due to CONVERGED_ITS iterations 1
                                    Linear BackwardEuler-Equation_lumped_mg_coarse_ solve converged due to CONVERGED_ITS iterations 1
                                    Linear BackwardEuler-Equation_lumped_mg_coarse_ solve converged due to CONVERGED_ITS iterations 1
                                    Linear BackwardEuler-Equation_lumped_mg_coarse_ solve converged due to CONVERGED_ITS iterations 1
                                    Linear BackwardEuler-Equation_lumped_mg_coarse_ solve converged due to CONVERGED_ITS iterations 1
                                    Linear BackwardEuler-Equation_lumped_mg_coarse_ solve converged due to CONVERGED_ITS iterations 1
                                    Linear BackwardEuler-Equation_lumped_mg_coarse_ solve converged due to CONVERGED_ITS iterations 1
                                    Linear BackwardEuler-Equation_lumped_mg_coarse_ solve converged due to CONVERGED_ITS iterations 1
                                    Linear BackwardEuler-Equation_lumped_mg_coarse_ solve converged due to CONVERGED_ITS iterations 1
                                    Linear BackwardEuler-Equation_lumped_mg_coarse_ solve converged due to CONVERGED_ITS iterations 1
                                    Linear BackwardEuler-Equation_lumped_mg_coarse_ solve converged due to CONVERGED_ITS iterations 1
                                    Linear BackwardEuler-Equation_lumped_mg_coarse_ solve converged due to CONVERGED_ITS iterations 1
                                    Linear BackwardEuler-Equation_lumped_mg_coarse_ solve converged due to CONVERGED_ITS iterations 1
                                    Linear BackwardEuler-Equation_lumped_mg_coarse_ solve converged due to CONVERGED_ITS iterations 1
                                    Linear BackwardEuler-Equation_lumped_mg_coarse_ solve converged due to CONVERGED_ITS iterations 1
                                    Linear BackwardEuler-Equation_lumped_mg_coarse_ solve converged due to CONVERGED_ITS iterations 1
                                    Linear BackwardEuler-Equation_lumped_mg_coarse_ solve converged due to CONVERGED_ITS iterations 1
                                    Linear BackwardEuler-Equation_lumped_mg_coarse_ solve converged due to CONVERGED_ITS iterations 1
                                    Linear BackwardEuler-Equation_lumped_mg_coarse_ solve converged due to CONVERGED_ITS iterations 1
                                    Linear BackwardEuler-Equation_lumped_mg_coarse_ solve converged due to CONVERGED_ITS iterations 1
                                    Linear BackwardEuler-Equation_lumped_mg_coarse_ solve converged due to CONVERGED_ITS iterations 1
                                    Linear BackwardEuler-Equation_lumped_mg_coarse_ solve converged due to CONVERGED_ITS iterations 1
                                    Linear BackwardEuler-Equation_lumped_mg_coarse_ solve converged due to CONVERGED_ITS iterations 1
                                    Linear BackwardEuler-Equation_lumped_mg_coarse_ solve converged due to CONVERGED_ITS iterations 1
                                    Linear BackwardEuler-Equation_lumped_mg_coarse_ solve converged due to CONVERGED_ITS iterations 1
                                    Linear BackwardEuler-Equation_lumped_mg_coarse_ solve converged due to CONVERGED_ITS iterations 1
                                    Linear BackwardEuler-Equation_lumped_mg_coarse_ solve converged due to CONVERGED_ITS iterations 1
                                    Linear BackwardEuler-Equation_lumped_mg_coarse_ solve converged due to CONVERGED_ITS iterations 1
                                    Linear BackwardEuler-Equation_lumped_mg_coarse_ solve converged due to CONVERGED_ITS iterations 1
                                    Linear BackwardEuler-Equation_lumped_mg_coarse_ solve converged due to CONVERGED_ITS iterations 1
                                    Linear BackwardEuler-Equation_lumped_mg_coarse_ solve converged due to CONVERGED_ITS iterations 1
                                    Linear BackwardEuler-Equation_lumped_mg_coarse_ solve converged due to CONVERGED_ITS iterations 1
                                    Linear BackwardEuler-Equation_lumped_mg_coarse_ solve converged due to CONVERGED_ITS iterations 1
                                    Linear BackwardEuler-Equation_lumped_mg_coarse_ solve converged due to CONVERGED_ITS iterations 1
                                    Linear BackwardEuler-Equation_lumped_mg_coarse_ solve converged due to CONVERGED_ITS iterations 1
                                    Linear BackwardEuler-Equation_lumped_mg_coarse_ solve converged due to CONVERGED_ITS iterations 1
                                    Linear BackwardEuler-Equation_lumped_mg_coarse_ solve converged due to CONVERGED_ITS iterations 1
                                    Linear BackwardEuler-Equation_lumped_mg_coarse_ solve converged due to CONVERGED_ITS iterations 1
                                    Linear BackwardEuler-Equation_lumped_mg_coarse_ solve converged due to CONVERGED_ITS iterations 1
                                    Linear BackwardEuler-Equation_lumped_mg_coarse_ solve converged due to CONVERGED_ITS iterations 1
                              Linear BackwardEuler-Equation_ solve converged due to CONVERGED_RTOL iterations 77
                          Mat Object: (BackwardEuler-Equation_) 832 MPI processes
                            type: mpiaij
                            rows=143769600, cols=143769600
                            total: nonzeros=8024555520, allocated nonzeros=8024555520
                            total number of mallocs used during MatSetValues calls=0
                              has attached near null space
                              using I-node (on process 0) routines: found 43680 nodes, limit used is 5
                            1 SNES Function norm 5.661767239587e-09
                            Nonlinear BackwardEuler-Equation_ solve converged due to CONVERGED_FNORM_ABS iterations 1
                          SNES Object: (BackwardEuler-Equation_) 832 MPI processes
                            type: newtonls
                            maximum iterations=50, maximum function evaluations=10000
                            tolerances: relative=1e-08, absolute=1e-08, solution=1e-08
                            total number of linear solver iterations=77
                            total number of function evaluations=2
                            norm schedule ALWAYS
                            SNESLineSearch Object: (BackwardEuler-Equation_) 832 MPI processes
                              type: bt
                                interpolation: cubic
                                alpha=1.000000e-04
                              maxlambda=1.000000e+00, minlambda=1.000000e-12
                              tolerances: relative=1.000000e-08, absolute=1.000000e-15, lambda=1.000000e-08
                              maximum iterations=40
                            KSP Object: (BackwardEuler-Equation_) 832 MPI processes
                              type: fgmres
                                restart=30, using classical (unmodified) Gram-Schmidt orthogonalization with no iterative refinement
                                happy breakdown tolerance=1e-30
                              maximum iterations=200, initial guess is zero
                              tolerances: relative=1e-06, absolute=1e-50, divergence=10000.
                              right preconditioning
                              using UNPRECONDITIONED norm type for convergence test
                            PC Object: (BackwardEuler-Equation_) 832 MPI processes
                              type: python
                                Python: solvers.vlumping.VerticallyLumpedPC
                              Firedrake custom preconditioner VerticallyLumpedPC
                                Vertically lumped MG: collapses vertical dimension on coarse level (cf. Kramer et al. 2010)
                                PC Object: (BackwardEuler-Equation_lumped_) 832 MPI processes
                                  type: mg
                                    type is MULTIPLICATIVE, levels=2 cycles=v
                                      Cycles per PCApply=1
                                      Using Galerkin computed coarse grid matrices
                                  Coarse grid solver -- level 0 -------------------------------
                                    KSP Object: (BackwardEuler-Equation_lumped_mg_coarse_) 832 MPI processes
                                      type: preonly
                                      maximum iterations=10000, initial guess is zero
                                      tolerances: relative=1e-05, absolute=1e-50, divergence=10000.
                                      left preconditioning
                                      not checking for convergence
                                    PC Object: (BackwardEuler-Equation_lumped_mg_coarse_) 832 MPI processes
                                      type: lu
                                        out-of-place factorization
                                        tolerance for zero pivot 2.22045e-14
                                        matrix ordering: external
                                        factor fill ratio given 0., needed 0.
                                          Factored matrix:
                                            Mat Object: (BackwardEuler-Equation_lumped_mg_coarse_) 832 MPI processes
                                              type: mumps
                                              rows=230400, cols=230400
                                              package used to perform factorization: mumps
                                              total: nonzeros=53788864, allocated nonzeros=53788864
                                                MUMPS run parameters:
                                                  Use -BackwardEuler-Equation_lumped_mg_coarse_ksp_view ::ascii_info_detail to display information for all processes
                                                  RINFOG(1) (global estimated flops for the elimination after analysis): 2.26775e+10
                                                  RINFOG(2) (global estimated flops for the assembly after factorization): 8.43506e+07
                                                  RINFOG(3) (global estimated flops for the elimination after factorization): 2.26775e+10
                                                  (RINFOG(12) RINFOG(13))*2^INFOG(34) (determinant): (0.,0.)*(2^0)
                                                  INFOG(3) (estimated real workspace for factors on all processors after analysis): 156221480
                                                  INFOG(4) (estimated integer workspace for factors on all processors after analysis): 3409438
                                                  INFOG(5) (estimated maximum front size in the complete tree): 1668
                                                  INFOG(6) (number of nodes in the complete tree): 12616
                                                  INFOG(7) (ordering option effectively used after analysis): 5
                                                  INFOG(8) (structural symmetry in percent of the permuted matrix after analysis): -1
                                                  INFOG(9) (total real/complex workspace to store the matrix factors after factorization): 53788864
                                                  INFOG(10) (total integer space store the matrix factors after factorization): 2983281
                                                  INFOG(11) (order of largest frontal matrix after factorization): 1668
                                                  INFOG(12) (number of off-diagonal pivots): 0
                                                  INFOG(13) (number of delayed pivots after factorization): 0
                                                  INFOG(14) (number of memory compress after factorization): 0
                                                  INFOG(15) (number of steps of iterative refinement after solution): 0
                                                  INFOG(16) (estimated size (in MB) of all MUMPS internal data for factorization after analysis: value on the most memory consuming processor): 296
                                                  INFOG(17) (estimated size of all MUMPS internal data for factorization after analysis: sum over all processors): 231120
                                                  INFOG(18) (size of all MUMPS internal data allocated during factorization: value on the most memory consuming processor): 296
                                                  INFOG(19) (size of all MUMPS internal data allocated during factorization: sum over all processors): 231068
                                                  INFOG(20) (estimated number of entries in the factors): 53788864
                                                  INFOG(21) (size in MB of memory effectively used during factorization - value on the most memory consuming processor): 286
                                                  INFOG(22) (size in MB of memory effectively used during factorization - sum over all processors): 225272
                                                  INFOG(23) (after analysis: value of ICNTL(6) effectively used): 0
                                                  INFOG(24) (after analysis: value of ICNTL(12) effectively used): 1
                                                  INFOG(25) (after factorization: number of pivots modified by static pivoting): 0
                                                  INFOG(28) (after factorization: number of null pivots encountered): 0
                                                  INFOG(29) (after factorization: effective number of entries in the factors (sum over all processors)): 53788864
                                                  INFOG(30, 31) (after solution: size in Mbytes of memory used during solution phase): 55, 29409
                                                  INFOG(32) (after analysis: type of analysis done): 1
                                                  INFOG(33) (value used for ICNTL(8)): 7
                                                  INFOG(34) (exponent of the determinant if determinant is requested): 0
                                                  INFOG(35) (after factorization: number of entries taking into account BLR factor compression - sum over all processors): 53788864
                                                  INFOG(36) (after analysis: estimated size of all MUMPS internal data for running BLR in-core - value on the most memory consuming processor): 0
                                                  INFOG(37) (after analysis: estimated size of all MUMPS internal data for running BLR in-core - sum over all processors): 0
                                                  INFOG(38) (after analysis: estimated size of all MUMPS internal data for running BLR out-of-core - value on the most memory consuming processor): 0
                                                  INFOG(39) (after analysis: estimated size of all MUMPS internal data for running BLR out-of-core - sum over all processors): 0
                                      linear system matrix, which is also used to construct the preconditioner:
                                      Mat Object: 832 MPI processes
                                        type: mpiaij
                                        rows=230400, cols=230400
                                        total: nonzeros=4592640, allocated nonzeros=4592640
                                        total number of mallocs used during MatSetValues calls=0
                                          using nonscalable MatPtAP() implementation
                                          using I-node (on process 0) routines: found 70 nodes, limit used is 5
                                  Down solver (pre-smoother) on level 1 -------------------------------
                                    KSP Object: (BackwardEuler-Equation_lumped_mg_levels_1_) 832 MPI processes
                                      type: chebyshev
                                        Chebyshev polynomial of first kind
                                        eigenvalue targets used: min 0.178813, max 1.96694
                                        eigenvalues estimated via gmres: min 0.0298779, max 1.78813
                                        eigenvalues estimated using gmres with transform: [0. 0.1; 0. 1.1]
                                        KSP Object: (BackwardEuler-Equation_lumped_mg_levels_1_esteig_) 832 MPI processes
                                          type: gmres
                                            restart=30, using classical (unmodified) Gram-Schmidt orthogonalization with no iterative refinement
                                            happy breakdown tolerance=1e-30
                                          maximum iterations=10, initial guess is zero
                                          tolerances: relative=1e-12, absolute=1e-50, divergence=10000.
                                          left preconditioning
                                          using PRECONDITIONED norm type for convergence test
                                        estimating eigenvalues using a noisy random number generated right-hand side
                                      maximum iterations=2, nonzero initial guess
                                      tolerances: relative=1e-05, absolute=1e-50, divergence=10000.
                                      left preconditioning
                                      not checking for convergence
                                    PC Object: (BackwardEuler-Equation_lumped_mg_levels_1_) 832 MPI processes
                                      type: sor
                                        type = local_symmetric, iterations = 1, local iterations = 1, omega = 1.
                                      linear system matrix, which is also used to construct the preconditioner:
                                      Mat Object: (BackwardEuler-Equation_) 832 MPI processes
                                        type: mpiaij
                                        rows=143769600, cols=143769600
                                        total: nonzeros=8024555520, allocated nonzeros=8024555520
                                        total number of mallocs used during MatSetValues calls=0
                                          has attached near null space
                                          using I-node (on process 0) routines: found 43680 nodes, limit used is 5
                                  Up solver (post-smoother) same as down solver (pre-smoother)
                                  linear system matrix, which is also used to construct the preconditioner:
                                  Mat Object: (BackwardEuler-Equation_) 832 MPI processes
                                    type: mpiaij
                                    rows=143769600, cols=143769600
                                    total: nonzeros=8024555520, allocated nonzeros=8024555520
                                    total number of mallocs used during MatSetValues calls=0
                                      has attached near null space
                                      using I-node (on process 0) routines: found 43680 nodes, limit used is 5
                                linear system matrix, which is also used to construct the preconditioner:
                                Mat Object: (BackwardEuler-Equation_) 832 MPI processes
                                  type: mpiaij
                                  rows=143769600, cols=143769600
                                  total: nonzeros=8024555520, allocated nonzeros=8024555520
                                  total number of mallocs used during MatSetValues calls=0
                                    has attached near null space
                                    using I-node (on process 0) routines: found 43680 nodes, limit used is 5
t = 4200.00 s | step 14/30 | wall 36.90 s | NL 1 | L 77
                              0 SNES Function norm 3.993238522582e-07
                                      Linear BackwardEuler-Equation_lumped_mg_coarse_ solve converged due to CONVERGED_ITS iterations 1
                                      Linear BackwardEuler-Equation_lumped_mg_coarse_ solve converged due to CONVERGED_ITS iterations 1
                                      Linear BackwardEuler-Equation_lumped_mg_coarse_ solve converged due to CONVERGED_ITS iterations 1
                                      Linear BackwardEuler-Equation_lumped_mg_coarse_ solve converged due to CONVERGED_ITS iterations 1
                                      Linear BackwardEuler-Equation_lumped_mg_coarse_ solve converged due to CONVERGED_ITS iterations 1
                                      Linear BackwardEuler-Equation_lumped_mg_coarse_ solve converged due to CONVERGED_ITS iterations 1
                                      Linear BackwardEuler-Equation_lumped_mg_coarse_ solve converged due to CONVERGED_ITS iterations 1
                                      Linear BackwardEuler-Equation_lumped_mg_coarse_ solve converged due to CONVERGED_ITS iterations 1
                                      Linear BackwardEuler-Equation_lumped_mg_coarse_ solve converged due to CONVERGED_ITS iterations 1
                                      Linear BackwardEuler-Equation_lumped_mg_coarse_ solve converged due to CONVERGED_ITS iterations 1
                                      Linear BackwardEuler-Equation_lumped_mg_coarse_ solve converged due to CONVERGED_ITS iterations 1
                                      Linear BackwardEuler-Equation_lumped_mg_coarse_ solve converged due to CONVERGED_ITS iterations 1
                                      Linear BackwardEuler-Equation_lumped_mg_coarse_ solve converged due to CONVERGED_ITS iterations 1
                                      Linear BackwardEuler-Equation_lumped_mg_coarse_ solve converged due to CONVERGED_ITS iterations 1
                                      Linear BackwardEuler-Equation_lumped_mg_coarse_ solve converged due to CONVERGED_ITS iterations 1
                                      Linear BackwardEuler-Equation_lumped_mg_coarse_ solve converged due to CONVERGED_ITS iterations 1
                                      Linear BackwardEuler-Equation_lumped_mg_coarse_ solve converged due to CONVERGED_ITS iterations 1
                                      Linear BackwardEuler-Equation_lumped_mg_coarse_ solve converged due to CONVERGED_ITS iterations 1
                                      Linear BackwardEuler-Equation_lumped_mg_coarse_ solve converged due to CONVERGED_ITS iterations 1
                                      Linear BackwardEuler-Equation_lumped_mg_coarse_ solve converged due to CONVERGED_ITS iterations 1
                                      Linear BackwardEuler-Equation_lumped_mg_coarse_ solve converged due to CONVERGED_ITS iterations 1
                                      Linear BackwardEuler-Equation_lumped_mg_coarse_ solve converged due to CONVERGED_ITS iterations 1
                                      Linear BackwardEuler-Equation_lumped_mg_coarse_ solve converged due to CONVERGED_ITS iterations 1
                                      Linear BackwardEuler-Equation_lumped_mg_coarse_ solve converged due to CONVERGED_ITS iterations 1
                                      Linear BackwardEuler-Equation_lumped_mg_coarse_ solve converged due to CONVERGED_ITS iterations 1
                                      Linear BackwardEuler-Equation_lumped_mg_coarse_ solve converged due to CONVERGED_ITS iterations 1
                                      Linear BackwardEuler-Equation_lumped_mg_coarse_ solve converged due to CONVERGED_ITS iterations 1
                                      Linear BackwardEuler-Equation_lumped_mg_coarse_ solve converged due to CONVERGED_ITS iterations 1
                                      Linear BackwardEuler-Equation_lumped_mg_coarse_ solve converged due to CONVERGED_ITS iterations 1
                                      Linear BackwardEuler-Equation_lumped_mg_coarse_ solve converged due to CONVERGED_ITS iterations 1
                                      Linear BackwardEuler-Equation_lumped_mg_coarse_ solve converged due to CONVERGED_ITS iterations 1
                                      Linear BackwardEuler-Equation_lumped_mg_coarse_ solve converged due to CONVERGED_ITS iterations 1
                                      Linear BackwardEuler-Equation_lumped_mg_coarse_ solve converged due to CONVERGED_ITS iterations 1
                                      Linear BackwardEuler-Equation_lumped_mg_coarse_ solve converged due to CONVERGED_ITS iterations 1
                                      Linear BackwardEuler-Equation_lumped_mg_coarse_ solve converged due to CONVERGED_ITS iterations 1
                                      Linear BackwardEuler-Equation_lumped_mg_coarse_ solve converged due to CONVERGED_ITS iterations 1
                                      Linear BackwardEuler-Equation_lumped_mg_coarse_ solve converged due to CONVERGED_ITS iterations 1
                                      Linear BackwardEuler-Equation_lumped_mg_coarse_ solve converged due to CONVERGED_ITS iterations 1
                                      Linear BackwardEuler-Equation_lumped_mg_coarse_ solve converged due to CONVERGED_ITS iterations 1
                                      Linear BackwardEuler-Equation_lumped_mg_coarse_ solve converged due to CONVERGED_ITS iterations 1
                                      Linear BackwardEuler-Equation_lumped_mg_coarse_ solve converged due to CONVERGED_ITS iterations 1
                                      Linear BackwardEuler-Equation_lumped_mg_coarse_ solve converged due to CONVERGED_ITS iterations 1
                                      Linear BackwardEuler-Equation_lumped_mg_coarse_ solve converged due to CONVERGED_ITS iterations 1
                                      Linear BackwardEuler-Equation_lumped_mg_coarse_ solve converged due to CONVERGED_ITS iterations 1
                                      Linear BackwardEuler-Equation_lumped_mg_coarse_ solve converged due to CONVERGED_ITS iterations 1
                                      Linear BackwardEuler-Equation_lumped_mg_coarse_ solve converged due to CONVERGED_ITS iterations 1
                                      Linear BackwardEuler-Equation_lumped_mg_coarse_ solve converged due to CONVERGED_ITS iterations 1
                                      Linear BackwardEuler-Equation_lumped_mg_coarse_ solve converged due to CONVERGED_ITS iterations 1
                                      Linear BackwardEuler-Equation_lumped_mg_coarse_ solve converged due to CONVERGED_ITS iterations 1
                                      Linear BackwardEuler-Equation_lumped_mg_coarse_ solve converged due to CONVERGED_ITS iterations 1
                                      Linear BackwardEuler-Equation_lumped_mg_coarse_ solve converged due to CONVERGED_ITS iterations 1
                                      Linear BackwardEuler-Equation_lumped_mg_coarse_ solve converged due to CONVERGED_ITS iterations 1
                                      Linear BackwardEuler-Equation_lumped_mg_coarse_ solve converged due to CONVERGED_ITS iterations 1
                                      Linear BackwardEuler-Equation_lumped_mg_coarse_ solve converged due to CONVERGED_ITS iterations 1
                                      Linear BackwardEuler-Equation_lumped_mg_coarse_ solve converged due to CONVERGED_ITS iterations 1
                                      Linear BackwardEuler-Equation_lumped_mg_coarse_ solve converged due to CONVERGED_ITS iterations 1
                                      Linear BackwardEuler-Equation_lumped_mg_coarse_ solve converged due to CONVERGED_ITS iterations 1
                                      Linear BackwardEuler-Equation_lumped_mg_coarse_ solve converged due to CONVERGED_ITS iterations 1
                                      Linear BackwardEuler-Equation_lumped_mg_coarse_ solve converged due to CONVERGED_ITS iterations 1
                                      Linear BackwardEuler-Equation_lumped_mg_coarse_ solve converged due to CONVERGED_ITS iterations 1
                                      Linear BackwardEuler-Equation_lumped_mg_coarse_ solve converged due to CONVERGED_ITS iterations 1
                                      Linear BackwardEuler-Equation_lumped_mg_coarse_ solve converged due to CONVERGED_ITS iterations 1
                                      Linear BackwardEuler-Equation_lumped_mg_coarse_ solve converged due to CONVERGED_ITS iterations 1
                                      Linear BackwardEuler-Equation_lumped_mg_coarse_ solve converged due to CONVERGED_ITS iterations 1
                                      Linear BackwardEuler-Equation_lumped_mg_coarse_ solve converged due to CONVERGED_ITS iterations 1
                                      Linear BackwardEuler-Equation_lumped_mg_coarse_ solve converged due to CONVERGED_ITS iterations 1
                                      Linear BackwardEuler-Equation_lumped_mg_coarse_ solve converged due to CONVERGED_ITS iterations 1
                                      Linear BackwardEuler-Equation_lumped_mg_coarse_ solve converged due to CONVERGED_ITS iterations 1
                                      Linear BackwardEuler-Equation_lumped_mg_coarse_ solve converged due to CONVERGED_ITS iterations 1
                                      Linear BackwardEuler-Equation_lumped_mg_coarse_ solve converged due to CONVERGED_ITS iterations 1
                                      Linear BackwardEuler-Equation_lumped_mg_coarse_ solve converged due to CONVERGED_ITS iterations 1
                                      Linear BackwardEuler-Equation_lumped_mg_coarse_ solve converged due to CONVERGED_ITS iterations 1
                                      Linear BackwardEuler-Equation_lumped_mg_coarse_ solve converged due to CONVERGED_ITS iterations 1
                                      Linear BackwardEuler-Equation_lumped_mg_coarse_ solve converged due to CONVERGED_ITS iterations 1
                                      Linear BackwardEuler-Equation_lumped_mg_coarse_ solve converged due to CONVERGED_ITS iterations 1
                                      Linear BackwardEuler-Equation_lumped_mg_coarse_ solve converged due to CONVERGED_ITS iterations 1
                                      Linear BackwardEuler-Equation_lumped_mg_coarse_ solve converged due to CONVERGED_ITS iterations 1
                                      Linear BackwardEuler-Equation_lumped_mg_coarse_ solve converged due to CONVERGED_ITS iterations 1
                                Linear BackwardEuler-Equation_ solve converged due to CONVERGED_RTOL iterations 78
                            Mat Object: (BackwardEuler-Equation_) 832 MPI processes
                              type: mpiaij
                              rows=143769600, cols=143769600
                              total: nonzeros=8024555520, allocated nonzeros=8024555520
                              total number of mallocs used during MatSetValues calls=0
                                has attached near null space
                                using I-node (on process 0) routines: found 43680 nodes, limit used is 5
                              1 SNES Function norm 5.476693020854e-09
                              Nonlinear BackwardEuler-Equation_ solve converged due to CONVERGED_FNORM_ABS iterations 1
                            SNES Object: (BackwardEuler-Equation_) 832 MPI processes
                              type: newtonls
                              maximum iterations=50, maximum function evaluations=10000
                              tolerances: relative=1e-08, absolute=1e-08, solution=1e-08
                              total number of linear solver iterations=78
                              total number of function evaluations=2
                              norm schedule ALWAYS
                              SNESLineSearch Object: (BackwardEuler-Equation_) 832 MPI processes
                                type: bt
                                  interpolation: cubic
                                  alpha=1.000000e-04
                                maxlambda=1.000000e+00, minlambda=1.000000e-12
                                tolerances: relative=1.000000e-08, absolute=1.000000e-15, lambda=1.000000e-08
                                maximum iterations=40
                              KSP Object: (BackwardEuler-Equation_) 832 MPI processes
                                type: fgmres
                                  restart=30, using classical (unmodified) Gram-Schmidt orthogonalization with no iterative refinement
                                  happy breakdown tolerance=1e-30
                                maximum iterations=200, initial guess is zero
                                tolerances: relative=1e-06, absolute=1e-50, divergence=10000.
                                right preconditioning
                                using UNPRECONDITIONED norm type for convergence test
                              PC Object: (BackwardEuler-Equation_) 832 MPI processes
                                type: python
                                  Python: solvers.vlumping.VerticallyLumpedPC
                                Firedrake custom preconditioner VerticallyLumpedPC
                                  Vertically lumped MG: collapses vertical dimension on coarse level (cf. Kramer et al. 2010)
                                  PC Object: (BackwardEuler-Equation_lumped_) 832 MPI processes
                                    type: mg
                                      type is MULTIPLICATIVE, levels=2 cycles=v
                                        Cycles per PCApply=1
                                        Using Galerkin computed coarse grid matrices
                                    Coarse grid solver -- level 0 -------------------------------
                                      KSP Object: (BackwardEuler-Equation_lumped_mg_coarse_) 832 MPI processes
                                        type: preonly
                                        maximum iterations=10000, initial guess is zero
                                        tolerances: relative=1e-05, absolute=1e-50, divergence=10000.
                                        left preconditioning
                                        not checking for convergence
                                      PC Object: (BackwardEuler-Equation_lumped_mg_coarse_) 832 MPI processes
                                        type: lu
                                          out-of-place factorization
                                          tolerance for zero pivot 2.22045e-14
                                          matrix ordering: external
                                          factor fill ratio given 0., needed 0.
                                            Factored matrix:
                                              Mat Object: (BackwardEuler-Equation_lumped_mg_coarse_) 832 MPI processes
                                                type: mumps
                                                rows=230400, cols=230400
                                                package used to perform factorization: mumps
                                                total: nonzeros=53788864, allocated nonzeros=53788864
                                                  MUMPS run parameters:
                                                    Use -BackwardEuler-Equation_lumped_mg_coarse_ksp_view ::ascii_info_detail to display information for all processes
                                                    RINFOG(1) (global estimated flops for the elimination after analysis): 2.26775e+10
                                                    RINFOG(2) (global estimated flops for the assembly after factorization): 8.43506e+07
                                                    RINFOG(3) (global estimated flops for the elimination after factorization): 2.26775e+10
                                                    (RINFOG(12) RINFOG(13))*2^INFOG(34) (determinant): (0.,0.)*(2^0)
                                                    INFOG(3) (estimated real workspace for factors on all processors after analysis): 156221480
                                                    INFOG(4) (estimated integer workspace for factors on all processors after analysis): 3409438
                                                    INFOG(5) (estimated maximum front size in the complete tree): 1668
                                                    INFOG(6) (number of nodes in the complete tree): 12616
                                                    INFOG(7) (ordering option effectively used after analysis): 5
                                                    INFOG(8) (structural symmetry in percent of the permuted matrix after analysis): -1
                                                    INFOG(9) (total real/complex workspace to store the matrix factors after factorization): 53788864
                                                    INFOG(10) (total integer space store the matrix factors after factorization): 2983281
                                                    INFOG(11) (order of largest frontal matrix after factorization): 1668
                                                    INFOG(12) (number of off-diagonal pivots): 0
                                                    INFOG(13) (number of delayed pivots after factorization): 0
                                                    INFOG(14) (number of memory compress after factorization): 0
                                                    INFOG(15) (number of steps of iterative refinement after solution): 0
                                                    INFOG(16) (estimated size (in MB) of all MUMPS internal data for factorization after analysis: value on the most memory consuming processor): 296
                                                    INFOG(17) (estimated size of all MUMPS internal data for factorization after analysis: sum over all processors): 231120
                                                    INFOG(18) (size of all MUMPS internal data allocated during factorization: value on the most memory consuming processor): 296
                                                    INFOG(19) (size of all MUMPS internal data allocated during factorization: sum over all processors): 231068
                                                    INFOG(20) (estimated number of entries in the factors): 53788864
                                                    INFOG(21) (size in MB of memory effectively used during factorization - value on the most memory consuming processor): 286
                                                    INFOG(22) (size in MB of memory effectively used during factorization - sum over all processors): 225275
                                                    INFOG(23) (after analysis: value of ICNTL(6) effectively used): 0
                                                    INFOG(24) (after analysis: value of ICNTL(12) effectively used): 1
                                                    INFOG(25) (after factorization: number of pivots modified by static pivoting): 0
                                                    INFOG(28) (after factorization: number of null pivots encountered): 0
                                                    INFOG(29) (after factorization: effective number of entries in the factors (sum over all processors)): 53788864
                                                    INFOG(30, 31) (after solution: size in Mbytes of memory used during solution phase): 55, 29409
                                                    INFOG(32) (after analysis: type of analysis done): 1
                                                    INFOG(33) (value used for ICNTL(8)): 7
                                                    INFOG(34) (exponent of the determinant if determinant is requested): 0
                                                    INFOG(35) (after factorization: number of entries taking into account BLR factor compression - sum over all processors): 53788864
                                                    INFOG(36) (after analysis: estimated size of all MUMPS internal data for running BLR in-core - value on the most memory consuming processor): 0
                                                    INFOG(37) (after analysis: estimated size of all MUMPS internal data for running BLR in-core - sum over all processors): 0
                                                    INFOG(38) (after analysis: estimated size of all MUMPS internal data for running BLR out-of-core - value on the most memory consuming processor): 0
                                                    INFOG(39) (after analysis: estimated size of all MUMPS internal data for running BLR out-of-core - sum over all processors): 0
                                        linear system matrix, which is also used to construct the preconditioner:
                                        Mat Object: 832 MPI processes
                                          type: mpiaij
                                          rows=230400, cols=230400
                                          total: nonzeros=4592640, allocated nonzeros=4592640
                                          total number of mallocs used during MatSetValues calls=0
                                            using nonscalable MatPtAP() implementation
                                            using I-node (on process 0) routines: found 70 nodes, limit used is 5
                                    Down solver (pre-smoother) on level 1 -------------------------------
                                      KSP Object: (BackwardEuler-Equation_lumped_mg_levels_1_) 832 MPI processes
                                        type: chebyshev
                                          Chebyshev polynomial of first kind
                                          eigenvalue targets used: min 0.178813, max 1.96694
                                          eigenvalues estimated via gmres: min 0.0298789, max 1.78813
                                          eigenvalues estimated using gmres with transform: [0. 0.1; 0. 1.1]
                                          KSP Object: (BackwardEuler-Equation_lumped_mg_levels_1_esteig_) 832 MPI processes
                                            type: gmres
                                              restart=30, using classical (unmodified) Gram-Schmidt orthogonalization with no iterative refinement
                                              happy breakdown tolerance=1e-30
                                            maximum iterations=10, initial guess is zero
                                            tolerances: relative=1e-12, absolute=1e-50, divergence=10000.
                                            left preconditioning
                                            using PRECONDITIONED norm type for convergence test
                                          estimating eigenvalues using a noisy random number generated right-hand side
                                        maximum iterations=2, nonzero initial guess
                                        tolerances: relative=1e-05, absolute=1e-50, divergence=10000.
                                        left preconditioning
                                        not checking for convergence
                                      PC Object: (BackwardEuler-Equation_lumped_mg_levels_1_) 832 MPI processes
                                        type: sor
                                          type = local_symmetric, iterations = 1, local iterations = 1, omega = 1.
                                        linear system matrix, which is also used to construct the preconditioner:
                                        Mat Object: (BackwardEuler-Equation_) 832 MPI processes
                                          type: mpiaij
                                          rows=143769600, cols=143769600
                                          total: nonzeros=8024555520, allocated nonzeros=8024555520
                                          total number of mallocs used during MatSetValues calls=0
                                            has attached near null space
                                            using I-node (on process 0) routines: found 43680 nodes, limit used is 5
                                    Up solver (post-smoother) same as down solver (pre-smoother)
                                    linear system matrix, which is also used to construct the preconditioner:
                                    Mat Object: (BackwardEuler-Equation_) 832 MPI processes
                                      type: mpiaij
                                      rows=143769600, cols=143769600
                                      total: nonzeros=8024555520, allocated nonzeros=8024555520
                                      total number of mallocs used during MatSetValues calls=0
                                        has attached near null space
                                        using I-node (on process 0) routines: found 43680 nodes, limit used is 5
                                  linear system matrix, which is also used to construct the preconditioner:
                                  Mat Object: (BackwardEuler-Equation_) 832 MPI processes
                                    type: mpiaij
                                    rows=143769600, cols=143769600
                                    total: nonzeros=8024555520, allocated nonzeros=8024555520
                                    total number of mallocs used during MatSetValues calls=0
                                      has attached near null space
                                      using I-node (on process 0) routines: found 43680 nodes, limit used is 5
t = 4500.00 s | step 15/30 | wall 37.26 s | NL 1 | L 78
                                0 SNES Function norm 3.946672292448e-07
                                        Linear BackwardEuler-Equation_lumped_mg_coarse_ solve converged due to CONVERGED_ITS iterations 1
                                        Linear BackwardEuler-Equation_lumped_mg_coarse_ solve converged due to CONVERGED_ITS iterations 1
                                        Linear BackwardEuler-Equation_lumped_mg_coarse_ solve converged due to CONVERGED_ITS iterations 1
                                        Linear BackwardEuler-Equation_lumped_mg_coarse_ solve converged due to CONVERGED_ITS iterations 1
                                        Linear BackwardEuler-Equation_lumped_mg_coarse_ solve converged due to CONVERGED_ITS iterations 1
                                        Linear BackwardEuler-Equation_lumped_mg_coarse_ solve converged due to CONVERGED_ITS iterations 1
                                        Linear BackwardEuler-Equation_lumped_mg_coarse_ solve converged due to CONVERGED_ITS iterations 1
                                        Linear BackwardEuler-Equation_lumped_mg_coarse_ solve converged due to CONVERGED_ITS iterations 1
                                        Linear BackwardEuler-Equation_lumped_mg_coarse_ solve converged due to CONVERGED_ITS iterations 1
                                        Linear BackwardEuler-Equation_lumped_mg_coarse_ solve converged due to CONVERGED_ITS iterations 1
                                        Linear BackwardEuler-Equation_lumped_mg_coarse_ solve converged due to CONVERGED_ITS iterations 1
                                        Linear BackwardEuler-Equation_lumped_mg_coarse_ solve converged due to CONVERGED_ITS iterations 1
                                        Linear BackwardEuler-Equation_lumped_mg_coarse_ solve converged due to CONVERGED_ITS iterations 1
                                        Linear BackwardEuler-Equation_lumped_mg_coarse_ solve converged due to CONVERGED_ITS iterations 1
                                        Linear BackwardEuler-Equation_lumped_mg_coarse_ solve converged due to CONVERGED_ITS iterations 1
                                        Linear BackwardEuler-Equation_lumped_mg_coarse_ solve converged due to CONVERGED_ITS iterations 1
                                        Linear BackwardEuler-Equation_lumped_mg_coarse_ solve converged due to CONVERGED_ITS iterations 1
                                        Linear BackwardEuler-Equation_lumped_mg_coarse_ solve converged due to CONVERGED_ITS iterations 1
                                        Linear BackwardEuler-Equation_lumped_mg_coarse_ solve converged due to CONVERGED_ITS iterations 1
                                        Linear BackwardEuler-Equation_lumped_mg_coarse_ solve converged due to CONVERGED_ITS iterations 1
                                        Linear BackwardEuler-Equation_lumped_mg_coarse_ solve converged due to CONVERGED_ITS iterations 1
                                        Linear BackwardEuler-Equation_lumped_mg_coarse_ solve converged due to CONVERGED_ITS iterations 1
                                        Linear BackwardEuler-Equation_lumped_mg_coarse_ solve converged due to CONVERGED_ITS iterations 1
                                        Linear BackwardEuler-Equation_lumped_mg_coarse_ solve converged due to CONVERGED_ITS iterations 1
                                        Linear BackwardEuler-Equation_lumped_mg_coarse_ solve converged due to CONVERGED_ITS iterations 1
                                        Linear BackwardEuler-Equation_lumped_mg_coarse_ solve converged due to CONVERGED_ITS iterations 1
                                        Linear BackwardEuler-Equation_lumped_mg_coarse_ solve converged due to CONVERGED_ITS iterations 1
                                        Linear BackwardEuler-Equation_lumped_mg_coarse_ solve converged due to CONVERGED_ITS iterations 1
                                        Linear BackwardEuler-Equation_lumped_mg_coarse_ solve converged due to CONVERGED_ITS iterations 1
                                        Linear BackwardEuler-Equation_lumped_mg_coarse_ solve converged due to CONVERGED_ITS iterations 1
                                        Linear BackwardEuler-Equation_lumped_mg_coarse_ solve converged due to CONVERGED_ITS iterations 1
                                        Linear BackwardEuler-Equation_lumped_mg_coarse_ solve converged due to CONVERGED_ITS iterations 1
                                        Linear BackwardEuler-Equation_lumped_mg_coarse_ solve converged due to CONVERGED_ITS iterations 1
                                        Linear BackwardEuler-Equation_lumped_mg_coarse_ solve converged due to CONVERGED_ITS iterations 1
                                        Linear BackwardEuler-Equation_lumped_mg_coarse_ solve converged due to CONVERGED_ITS iterations 1
                                        Linear BackwardEuler-Equation_lumped_mg_coarse_ solve converged due to CONVERGED_ITS iterations 1
                                        Linear BackwardEuler-Equation_lumped_mg_coarse_ solve converged due to CONVERGED_ITS iterations 1
                                        Linear BackwardEuler-Equation_lumped_mg_coarse_ solve converged due to CONVERGED_ITS iterations 1
                                        Linear BackwardEuler-Equation_lumped_mg_coarse_ solve converged due to CONVERGED_ITS iterations 1
                                        Linear BackwardEuler-Equation_lumped_mg_coarse_ solve converged due to CONVERGED_ITS iterations 1
                                        Linear BackwardEuler-Equation_lumped_mg_coarse_ solve converged due to CONVERGED_ITS iterations 1
                                        Linear BackwardEuler-Equation_lumped_mg_coarse_ solve converged due to CONVERGED_ITS iterations 1
                                        Linear BackwardEuler-Equation_lumped_mg_coarse_ solve converged due to CONVERGED_ITS iterations 1
                                        Linear BackwardEuler-Equation_lumped_mg_coarse_ solve converged due to CONVERGED_ITS iterations 1
                                        Linear BackwardEuler-Equation_lumped_mg_coarse_ solve converged due to CONVERGED_ITS iterations 1
                                        Linear BackwardEuler-Equation_lumped_mg_coarse_ solve converged due to CONVERGED_ITS iterations 1
                                        Linear BackwardEuler-Equation_lumped_mg_coarse_ solve converged due to CONVERGED_ITS iterations 1
                                        Linear BackwardEuler-Equation_lumped_mg_coarse_ solve converged due to CONVERGED_ITS iterations 1
                                        Linear BackwardEuler-Equation_lumped_mg_coarse_ solve converged due to CONVERGED_ITS iterations 1
                                        Linear BackwardEuler-Equation_lumped_mg_coarse_ solve converged due to CONVERGED_ITS iterations 1
                                        Linear BackwardEuler-Equation_lumped_mg_coarse_ solve converged due to CONVERGED_ITS iterations 1
                                        Linear BackwardEuler-Equation_lumped_mg_coarse_ solve converged due to CONVERGED_ITS iterations 1
                                        Linear BackwardEuler-Equation_lumped_mg_coarse_ solve converged due to CONVERGED_ITS iterations 1
                                        Linear BackwardEuler-Equation_lumped_mg_coarse_ solve converged due to CONVERGED_ITS iterations 1
                                        Linear BackwardEuler-Equation_lumped_mg_coarse_ solve converged due to CONVERGED_ITS iterations 1
                                        Linear BackwardEuler-Equation_lumped_mg_coarse_ solve converged due to CONVERGED_ITS iterations 1
                                        Linear BackwardEuler-Equation_lumped_mg_coarse_ solve converged due to CONVERGED_ITS iterations 1
                                        Linear BackwardEuler-Equation_lumped_mg_coarse_ solve converged due to CONVERGED_ITS iterations 1
                                        Linear BackwardEuler-Equation_lumped_mg_coarse_ solve converged due to CONVERGED_ITS iterations 1
                                        Linear BackwardEuler-Equation_lumped_mg_coarse_ solve converged due to CONVERGED_ITS iterations 1
                                        Linear BackwardEuler-Equation_lumped_mg_coarse_ solve converged due to CONVERGED_ITS iterations 1
                                        Linear BackwardEuler-Equation_lumped_mg_coarse_ solve converged due to CONVERGED_ITS iterations 1
                                        Linear BackwardEuler-Equation_lumped_mg_coarse_ solve converged due to CONVERGED_ITS iterations 1
                                        Linear BackwardEuler-Equation_lumped_mg_coarse_ solve converged due to CONVERGED_ITS iterations 1
                                        Linear BackwardEuler-Equation_lumped_mg_coarse_ solve converged due to CONVERGED_ITS iterations 1
                                        Linear BackwardEuler-Equation_lumped_mg_coarse_ solve converged due to CONVERGED_ITS iterations 1
                                        Linear BackwardEuler-Equation_lumped_mg_coarse_ solve converged due to CONVERGED_ITS iterations 1
                                        Linear BackwardEuler-Equation_lumped_mg_coarse_ solve converged due to CONVERGED_ITS iterations 1
                                        Linear BackwardEuler-Equation_lumped_mg_coarse_ solve converged due to CONVERGED_ITS iterations 1
                                        Linear BackwardEuler-Equation_lumped_mg_coarse_ solve converged due to CONVERGED_ITS iterations 1
                                        Linear BackwardEuler-Equation_lumped_mg_coarse_ solve converged due to CONVERGED_ITS iterations 1
                                        Linear BackwardEuler-Equation_lumped_mg_coarse_ solve converged due to CONVERGED_ITS iterations 1
                                        Linear BackwardEuler-Equation_lumped_mg_coarse_ solve converged due to CONVERGED_ITS iterations 1
                                        Linear BackwardEuler-Equation_lumped_mg_coarse_ solve converged due to CONVERGED_ITS iterations 1
                                        Linear BackwardEuler-Equation_lumped_mg_coarse_ solve converged due to CONVERGED_ITS iterations 1
                                        Linear BackwardEuler-Equation_lumped_mg_coarse_ solve converged due to CONVERGED_ITS iterations 1
                                        Linear BackwardEuler-Equation_lumped_mg_coarse_ solve converged due to CONVERGED_ITS iterations 1
                                        Linear BackwardEuler-Equation_lumped_mg_coarse_ solve converged due to CONVERGED_ITS iterations 1
                                        Linear BackwardEuler-Equation_lumped_mg_coarse_ solve converged due to CONVERGED_ITS iterations 1
                                  Linear BackwardEuler-Equation_ solve converged due to CONVERGED_RTOL iterations 79
                              Mat Object: (BackwardEuler-Equation_) 832 MPI processes
                                type: mpiaij
                                rows=143769600, cols=143769600
                                total: nonzeros=8024555520, allocated nonzeros=8024555520
                                total number of mallocs used during MatSetValues calls=0
                                  has attached near null space
                                  using I-node (on process 0) routines: found 43680 nodes, limit used is 5
                                1 SNES Function norm 5.315841022924e-09
                                Nonlinear BackwardEuler-Equation_ solve converged due to CONVERGED_FNORM_ABS iterations 1
                              SNES Object: (BackwardEuler-Equation_) 832 MPI processes
                                type: newtonls
                                maximum iterations=50, maximum function evaluations=10000
                                tolerances: relative=1e-08, absolute=1e-08, solution=1e-08
                                total number of linear solver iterations=79
                                total number of function evaluations=2
                                norm schedule ALWAYS
                                SNESLineSearch Object: (BackwardEuler-Equation_) 832 MPI processes
                                  type: bt
                                    interpolation: cubic
                                    alpha=1.000000e-04
                                  maxlambda=1.000000e+00, minlambda=1.000000e-12
                                  tolerances: relative=1.000000e-08, absolute=1.000000e-15, lambda=1.000000e-08
                                  maximum iterations=40
                                KSP Object: (BackwardEuler-Equation_) 832 MPI processes
                                  type: fgmres
                                    restart=30, using classical (unmodified) Gram-Schmidt orthogonalization with no iterative refinement
                                    happy breakdown tolerance=1e-30
                                  maximum iterations=200, initial guess is zero
                                  tolerances: relative=1e-06, absolute=1e-50, divergence=10000.
                                  right preconditioning
                                  using UNPRECONDITIONED norm type for convergence test
                                PC Object: (BackwardEuler-Equation_) 832 MPI processes
                                  type: python
                                    Python: solvers.vlumping.VerticallyLumpedPC
                                  Firedrake custom preconditioner VerticallyLumpedPC
                                    Vertically lumped MG: collapses vertical dimension on coarse level (cf. Kramer et al. 2010)
                                    PC Object: (BackwardEuler-Equation_lumped_) 832 MPI processes
                                      type: mg
                                        type is MULTIPLICATIVE, levels=2 cycles=v
                                          Cycles per PCApply=1
                                          Using Galerkin computed coarse grid matrices
                                      Coarse grid solver -- level 0 -------------------------------
                                        KSP Object: (BackwardEuler-Equation_lumped_mg_coarse_) 832 MPI processes
                                          type: preonly
                                          maximum iterations=10000, initial guess is zero
                                          tolerances: relative=1e-05, absolute=1e-50, divergence=10000.
                                          left preconditioning
                                          not checking for convergence
                                        PC Object: (BackwardEuler-Equation_lumped_mg_coarse_) 832 MPI processes
                                          type: lu
                                            out-of-place factorization
                                            tolerance for zero pivot 2.22045e-14
                                            matrix ordering: external
                                            factor fill ratio given 0., needed 0.
                                              Factored matrix:
                                                Mat Object: (BackwardEuler-Equation_lumped_mg_coarse_) 832 MPI processes
                                                  type: mumps
                                                  rows=230400, cols=230400
                                                  package used to perform factorization: mumps
                                                  total: nonzeros=53788864, allocated nonzeros=53788864
                                                    MUMPS run parameters:
                                                      Use -BackwardEuler-Equation_lumped_mg_coarse_ksp_view ::ascii_info_detail to display information for all processes
                                                      RINFOG(1) (global estimated flops for the elimination after analysis): 2.26775e+10
                                                      RINFOG(2) (global estimated flops for the assembly after factorization): 8.43506e+07
                                                      RINFOG(3) (global estimated flops for the elimination after factorization): 2.26775e+10
                                                      (RINFOG(12) RINFOG(13))*2^INFOG(34) (determinant): (0.,0.)*(2^0)
                                                      INFOG(3) (estimated real workspace for factors on all processors after analysis): 156221480
                                                      INFOG(4) (estimated integer workspace for factors on all processors after analysis): 3409438
                                                      INFOG(5) (estimated maximum front size in the complete tree): 1668
                                                      INFOG(6) (number of nodes in the complete tree): 12616
                                                      INFOG(7) (ordering option effectively used after analysis): 5
                                                      INFOG(8) (structural symmetry in percent of the permuted matrix after analysis): -1
                                                      INFOG(9) (total real/complex workspace to store the matrix factors after factorization): 53788864
                                                      INFOG(10) (total integer space store the matrix factors after factorization): 2983281
                                                      INFOG(11) (order of largest frontal matrix after factorization): 1668
                                                      INFOG(12) (number of off-diagonal pivots): 0
                                                      INFOG(13) (number of delayed pivots after factorization): 0
                                                      INFOG(14) (number of memory compress after factorization): 0
                                                      INFOG(15) (number of steps of iterative refinement after solution): 0
                                                      INFOG(16) (estimated size (in MB) of all MUMPS internal data for factorization after analysis: value on the most memory consuming processor): 296
                                                      INFOG(17) (estimated size of all MUMPS internal data for factorization after analysis: sum over all processors): 231120
                                                      INFOG(18) (size of all MUMPS internal data allocated during factorization: value on the most memory consuming processor): 296
                                                      INFOG(19) (size of all MUMPS internal data allocated during factorization: sum over all processors): 231068
                                                      INFOG(20) (estimated number of entries in the factors): 53788864
                                                      INFOG(21) (size in MB of memory effectively used during factorization - value on the most memory consuming processor): 286
                                                      INFOG(22) (size in MB of memory effectively used during factorization - sum over all processors): 225272
                                                      INFOG(23) (after analysis: value of ICNTL(6) effectively used): 0
                                                      INFOG(24) (after analysis: value of ICNTL(12) effectively used): 1
                                                      INFOG(25) (after factorization: number of pivots modified by static pivoting): 0
                                                      INFOG(28) (after factorization: number of null pivots encountered): 0
                                                      INFOG(29) (after factorization: effective number of entries in the factors (sum over all processors)): 53788864
                                                      INFOG(30, 31) (after solution: size in Mbytes of memory used during solution phase): 55, 29409
                                                      INFOG(32) (after analysis: type of analysis done): 1
                                                      INFOG(33) (value used for ICNTL(8)): 7
                                                      INFOG(34) (exponent of the determinant if determinant is requested): 0
                                                      INFOG(35) (after factorization: number of entries taking into account BLR factor compression - sum over all processors): 53788864
                                                      INFOG(36) (after analysis: estimated size of all MUMPS internal data for running BLR in-core - value on the most memory consuming processor): 0
                                                      INFOG(37) (after analysis: estimated size of all MUMPS internal data for running BLR in-core - sum over all processors): 0
                                                      INFOG(38) (after analysis: estimated size of all MUMPS internal data for running BLR out-of-core - value on the most memory consuming processor): 0
                                                      INFOG(39) (after analysis: estimated size of all MUMPS internal data for running BLR out-of-core - sum over all processors): 0
                                          linear system matrix, which is also used to construct the preconditioner:
                                          Mat Object: 832 MPI processes
                                            type: mpiaij
                                            rows=230400, cols=230400
                                            total: nonzeros=4592640, allocated nonzeros=4592640
                                            total number of mallocs used during MatSetValues calls=0
                                              using nonscalable MatPtAP() implementation
                                              using I-node (on process 0) routines: found 70 nodes, limit used is 5
                                      Down solver (pre-smoother) on level 1 -------------------------------
                                        KSP Object: (BackwardEuler-Equation_lumped_mg_levels_1_) 832 MPI processes
                                          type: chebyshev
                                            Chebyshev polynomial of first kind
                                            eigenvalue targets used: min 0.178813, max 1.96694
                                            eigenvalues estimated via gmres: min 0.0298798, max 1.78813
                                            eigenvalues estimated using gmres with transform: [0. 0.1; 0. 1.1]
                                            KSP Object: (BackwardEuler-Equation_lumped_mg_levels_1_esteig_) 832 MPI processes
                                              type: gmres
                                                restart=30, using classical (unmodified) Gram-Schmidt orthogonalization with no iterative refinement
                                                happy breakdown tolerance=1e-30
                                              maximum iterations=10, initial guess is zero
                                              tolerances: relative=1e-12, absolute=1e-50, divergence=10000.
                                              left preconditioning
                                              using PRECONDITIONED norm type for convergence test
                                            estimating eigenvalues using a noisy random number generated right-hand side
                                          maximum iterations=2, nonzero initial guess
                                          tolerances: relative=1e-05, absolute=1e-50, divergence=10000.
                                          left preconditioning
                                          not checking for convergence
                                        PC Object: (BackwardEuler-Equation_lumped_mg_levels_1_) 832 MPI processes
                                          type: sor
                                            type = local_symmetric, iterations = 1, local iterations = 1, omega = 1.
                                          linear system matrix, which is also used to construct the preconditioner:
                                          Mat Object: (BackwardEuler-Equation_) 832 MPI processes
                                            type: mpiaij
                                            rows=143769600, cols=143769600
                                            total: nonzeros=8024555520, allocated nonzeros=8024555520
                                            total number of mallocs used during MatSetValues calls=0
                                              has attached near null space
                                              using I-node (on process 0) routines: found 43680 nodes, limit used is 5
                                      Up solver (post-smoother) same as down solver (pre-smoother)
                                      linear system matrix, which is also used to construct the preconditioner:
                                      Mat Object: (BackwardEuler-Equation_) 832 MPI processes
                                        type: mpiaij
                                        rows=143769600, cols=143769600
                                        total: nonzeros=8024555520, allocated nonzeros=8024555520
                                        total number of mallocs used during MatSetValues calls=0
                                          has attached near null space
                                          using I-node (on process 0) routines: found 43680 nodes, limit used is 5
                                    linear system matrix, which is also used to construct the preconditioner:
                                    Mat Object: (BackwardEuler-Equation_) 832 MPI processes
                                      type: mpiaij
                                      rows=143769600, cols=143769600
                                      total: nonzeros=8024555520, allocated nonzeros=8024555520
                                      total number of mallocs used during MatSetValues calls=0
                                        has attached near null space
                                        using I-node (on process 0) routines: found 43680 nodes, limit used is 5
t = 4800.00 s | step 16/30 | wall 37.90 s | NL 1 | L 79
                                  0 SNES Function norm 3.904817372033e-07
                                          Linear BackwardEuler-Equation_lumped_mg_coarse_ solve converged due to CONVERGED_ITS iterations 1
                                          Linear BackwardEuler-Equation_lumped_mg_coarse_ solve converged due to CONVERGED_ITS iterations 1
                                          Linear BackwardEuler-Equation_lumped_mg_coarse_ solve converged due to CONVERGED_ITS iterations 1
                                          Linear BackwardEuler-Equation_lumped_mg_coarse_ solve converged due to CONVERGED_ITS iterations 1
                                          Linear BackwardEuler-Equation_lumped_mg_coarse_ solve converged due to CONVERGED_ITS iterations 1
                                          Linear BackwardEuler-Equation_lumped_mg_coarse_ solve converged due to CONVERGED_ITS iterations 1
                                          Linear BackwardEuler-Equation_lumped_mg_coarse_ solve converged due to CONVERGED_ITS iterations 1
                                          Linear BackwardEuler-Equation_lumped_mg_coarse_ solve converged due to CONVERGED_ITS iterations 1
                                          Linear BackwardEuler-Equation_lumped_mg_coarse_ solve converged due to CONVERGED_ITS iterations 1
                                          Linear BackwardEuler-Equation_lumped_mg_coarse_ solve converged due to CONVERGED_ITS iterations 1
                                          Linear BackwardEuler-Equation_lumped_mg_coarse_ solve converged due to CONVERGED_ITS iterations 1
                                          Linear BackwardEuler-Equation_lumped_mg_coarse_ solve converged due to CONVERGED_ITS iterations 1
                                          Linear BackwardEuler-Equation_lumped_mg_coarse_ solve converged due to CONVERGED_ITS iterations 1
                                          Linear BackwardEuler-Equation_lumped_mg_coarse_ solve converged due to CONVERGED_ITS iterations 1
                                          Linear BackwardEuler-Equation_lumped_mg_coarse_ solve converged due to CONVERGED_ITS iterations 1
                                          Linear BackwardEuler-Equation_lumped_mg_coarse_ solve converged due to CONVERGED_ITS iterations 1
                                          Linear BackwardEuler-Equation_lumped_mg_coarse_ solve converged due to CONVERGED_ITS iterations 1
                                          Linear BackwardEuler-Equation_lumped_mg_coarse_ solve converged due to CONVERGED_ITS iterations 1
                                          Linear BackwardEuler-Equation_lumped_mg_coarse_ solve converged due to CONVERGED_ITS iterations 1
                                          Linear BackwardEuler-Equation_lumped_mg_coarse_ solve converged due to CONVERGED_ITS iterations 1
                                          Linear BackwardEuler-Equation_lumped_mg_coarse_ solve converged due to CONVERGED_ITS iterations 1
                                          Linear BackwardEuler-Equation_lumped_mg_coarse_ solve converged due to CONVERGED_ITS iterations 1
                                          Linear BackwardEuler-Equation_lumped_mg_coarse_ solve converged due to CONVERGED_ITS iterations 1
                                          Linear BackwardEuler-Equation_lumped_mg_coarse_ solve converged due to CONVERGED_ITS iterations 1
                                          Linear BackwardEuler-Equation_lumped_mg_coarse_ solve converged due to CONVERGED_ITS iterations 1
                                          Linear BackwardEuler-Equation_lumped_mg_coarse_ solve converged due to CONVERGED_ITS iterations 1
                                          Linear BackwardEuler-Equation_lumped_mg_coarse_ solve converged due to CONVERGED_ITS iterations 1
                                          Linear BackwardEuler-Equation_lumped_mg_coarse_ solve converged due to CONVERGED_ITS iterations 1
                                          Linear BackwardEuler-Equation_lumped_mg_coarse_ solve converged due to CONVERGED_ITS iterations 1
                                          Linear BackwardEuler-Equation_lumped_mg_coarse_ solve converged due to CONVERGED_ITS iterations 1
                                          Linear BackwardEuler-Equation_lumped_mg_coarse_ solve converged due to CONVERGED_ITS iterations 1
                                          Linear BackwardEuler-Equation_lumped_mg_coarse_ solve converged due to CONVERGED_ITS iterations 1
                                          Linear BackwardEuler-Equation_lumped_mg_coarse_ solve converged due to CONVERGED_ITS iterations 1
                                          Linear BackwardEuler-Equation_lumped_mg_coarse_ solve converged due to CONVERGED_ITS iterations 1
                                          Linear BackwardEuler-Equation_lumped_mg_coarse_ solve converged due to CONVERGED_ITS iterations 1
                                          Linear BackwardEuler-Equation_lumped_mg_coarse_ solve converged due to CONVERGED_ITS iterations 1
                                          Linear BackwardEuler-Equation_lumped_mg_coarse_ solve converged due to CONVERGED_ITS iterations 1
                                          Linear BackwardEuler-Equation_lumped_mg_coarse_ solve converged due to CONVERGED_ITS iterations 1
                                          Linear BackwardEuler-Equation_lumped_mg_coarse_ solve converged due to CONVERGED_ITS iterations 1
                                          Linear BackwardEuler-Equation_lumped_mg_coarse_ solve converged due to CONVERGED_ITS iterations 1
                                          Linear BackwardEuler-Equation_lumped_mg_coarse_ solve converged due to CONVERGED_ITS iterations 1
                                          Linear BackwardEuler-Equation_lumped_mg_coarse_ solve converged due to CONVERGED_ITS iterations 1
                                          Linear BackwardEuler-Equation_lumped_mg_coarse_ solve converged due to CONVERGED_ITS iterations 1
                                          Linear BackwardEuler-Equation_lumped_mg_coarse_ solve converged due to CONVERGED_ITS iterations 1
                                          Linear BackwardEuler-Equation_lumped_mg_coarse_ solve converged due to CONVERGED_ITS iterations 1
                                          Linear BackwardEuler-Equation_lumped_mg_coarse_ solve converged due to CONVERGED_ITS iterations 1
                                          Linear BackwardEuler-Equation_lumped_mg_coarse_ solve converged due to CONVERGED_ITS iterations 1
                                          Linear BackwardEuler-Equation_lumped_mg_coarse_ solve converged due to CONVERGED_ITS iterations 1
                                          Linear BackwardEuler-Equation_lumped_mg_coarse_ solve converged due to CONVERGED_ITS iterations 1
                                          Linear BackwardEuler-Equation_lumped_mg_coarse_ solve converged due to CONVERGED_ITS iterations 1
                                          Linear BackwardEuler-Equation_lumped_mg_coarse_ solve converged due to CONVERGED_ITS iterations 1
                                          Linear BackwardEuler-Equation_lumped_mg_coarse_ solve converged due to CONVERGED_ITS iterations 1
                                          Linear BackwardEuler-Equation_lumped_mg_coarse_ solve converged due to CONVERGED_ITS iterations 1
                                          Linear BackwardEuler-Equation_lumped_mg_coarse_ solve converged due to CONVERGED_ITS iterations 1
                                          Linear BackwardEuler-Equation_lumped_mg_coarse_ solve converged due to CONVERGED_ITS iterations 1
                                          Linear BackwardEuler-Equation_lumped_mg_coarse_ solve converged due to CONVERGED_ITS iterations 1
                                          Linear BackwardEuler-Equation_lumped_mg_coarse_ solve converged due to CONVERGED_ITS iterations 1
                                          Linear BackwardEuler-Equation_lumped_mg_coarse_ solve converged due to CONVERGED_ITS iterations 1
                                          Linear BackwardEuler-Equation_lumped_mg_coarse_ solve converged due to CONVERGED_ITS iterations 1
                                          Linear BackwardEuler-Equation_lumped_mg_coarse_ solve converged due to CONVERGED_ITS iterations 1
                                          Linear BackwardEuler-Equation_lumped_mg_coarse_ solve converged due to CONVERGED_ITS iterations 1
                                          Linear BackwardEuler-Equation_lumped_mg_coarse_ solve converged due to CONVERGED_ITS iterations 1
                                          Linear BackwardEuler-Equation_lumped_mg_coarse_ solve converged due to CONVERGED_ITS iterations 1
                                          Linear BackwardEuler-Equation_lumped_mg_coarse_ solve converged due to CONVERGED_ITS iterations 1
                                          Linear BackwardEuler-Equation_lumped_mg_coarse_ solve converged due to CONVERGED_ITS iterations 1
                                          Linear BackwardEuler-Equation_lumped_mg_coarse_ solve converged due to CONVERGED_ITS iterations 1
                                          Linear BackwardEuler-Equation_lumped_mg_coarse_ solve converged due to CONVERGED_ITS iterations 1
                                          Linear BackwardEuler-Equation_lumped_mg_coarse_ solve converged due to CONVERGED_ITS iterations 1
                                          Linear BackwardEuler-Equation_lumped_mg_coarse_ solve converged due to CONVERGED_ITS iterations 1
                                          Linear BackwardEuler-Equation_lumped_mg_coarse_ solve converged due to CONVERGED_ITS iterations 1
                                          Linear BackwardEuler-Equation_lumped_mg_coarse_ solve converged due to CONVERGED_ITS iterations 1
                                          Linear BackwardEuler-Equation_lumped_mg_coarse_ solve converged due to CONVERGED_ITS iterations 1
                                          Linear BackwardEuler-Equation_lumped_mg_coarse_ solve converged due to CONVERGED_ITS iterations 1
                                          Linear BackwardEuler-Equation_lumped_mg_coarse_ solve converged due to CONVERGED_ITS iterations 1
                                          Linear BackwardEuler-Equation_lumped_mg_coarse_ solve converged due to CONVERGED_ITS iterations 1
                                          Linear BackwardEuler-Equation_lumped_mg_coarse_ solve converged due to CONVERGED_ITS iterations 1
                                          Linear BackwardEuler-Equation_lumped_mg_coarse_ solve converged due to CONVERGED_ITS iterations 1
                                          Linear BackwardEuler-Equation_lumped_mg_coarse_ solve converged due to CONVERGED_ITS iterations 1
                                          Linear BackwardEuler-Equation_lumped_mg_coarse_ solve converged due to CONVERGED_ITS iterations 1
                                    Linear BackwardEuler-Equation_ solve converged due to CONVERGED_RTOL iterations 79
                                Mat Object: (BackwardEuler-Equation_) 832 MPI processes
                                  type: mpiaij
                                  rows=143769600, cols=143769600
                                  total: nonzeros=8024555520, allocated nonzeros=8024555520
                                  total number of mallocs used during MatSetValues calls=0
                                    has attached near null space
                                    using I-node (on process 0) routines: found 43680 nodes, limit used is 5
                                  1 SNES Function norm 5.175045613858e-09
                                  Nonlinear BackwardEuler-Equation_ solve converged due to CONVERGED_FNORM_ABS iterations 1
                                SNES Object: (BackwardEuler-Equation_) 832 MPI processes
                                  type: newtonls
                                  maximum iterations=50, maximum function evaluations=10000
                                  tolerances: relative=1e-08, absolute=1e-08, solution=1e-08
                                  total number of linear solver iterations=79
                                  total number of function evaluations=2
                                  norm schedule ALWAYS
                                  SNESLineSearch Object: (BackwardEuler-Equation_) 832 MPI processes
                                    type: bt
                                      interpolation: cubic
                                      alpha=1.000000e-04
                                    maxlambda=1.000000e+00, minlambda=1.000000e-12
                                    tolerances: relative=1.000000e-08, absolute=1.000000e-15, lambda=1.000000e-08
                                    maximum iterations=40
                                  KSP Object: (BackwardEuler-Equation_) 832 MPI processes
                                    type: fgmres
                                      restart=30, using classical (unmodified) Gram-Schmidt orthogonalization with no iterative refinement
                                      happy breakdown tolerance=1e-30
                                    maximum iterations=200, initial guess is zero
                                    tolerances: relative=1e-06, absolute=1e-50, divergence=10000.
                                    right preconditioning
                                    using UNPRECONDITIONED norm type for convergence test
                                  PC Object: (BackwardEuler-Equation_) 832 MPI processes
                                    type: python
                                      Python: solvers.vlumping.VerticallyLumpedPC
                                    Firedrake custom preconditioner VerticallyLumpedPC
                                      Vertically lumped MG: collapses vertical dimension on coarse level (cf. Kramer et al. 2010)
                                      PC Object: (BackwardEuler-Equation_lumped_) 832 MPI processes
                                        type: mg
                                          type is MULTIPLICATIVE, levels=2 cycles=v
                                            Cycles per PCApply=1
                                            Using Galerkin computed coarse grid matrices
                                        Coarse grid solver -- level 0 -------------------------------
                                          KSP Object: (BackwardEuler-Equation_lumped_mg_coarse_) 832 MPI processes
                                            type: preonly
                                            maximum iterations=10000, initial guess is zero
                                            tolerances: relative=1e-05, absolute=1e-50, divergence=10000.
                                            left preconditioning
                                            not checking for convergence
                                          PC Object: (BackwardEuler-Equation_lumped_mg_coarse_) 832 MPI processes
                                            type: lu
                                              out-of-place factorization
                                              tolerance for zero pivot 2.22045e-14
                                              matrix ordering: external
                                              factor fill ratio given 0., needed 0.
                                                Factored matrix:
                                                  Mat Object: (BackwardEuler-Equation_lumped_mg_coarse_) 832 MPI processes
                                                    type: mumps
                                                    rows=230400, cols=230400
                                                    package used to perform factorization: mumps
                                                    total: nonzeros=53788864, allocated nonzeros=53788864
                                                      MUMPS run parameters:
                                                        Use -BackwardEuler-Equation_lumped_mg_coarse_ksp_view ::ascii_info_detail to display information for all processes
                                                        RINFOG(1) (global estimated flops for the elimination after analysis): 2.26775e+10
                                                        RINFOG(2) (global estimated flops for the assembly after factorization): 8.43506e+07
                                                        RINFOG(3) (global estimated flops for the elimination after factorization): 2.26775e+10
                                                        (RINFOG(12) RINFOG(13))*2^INFOG(34) (determinant): (0.,0.)*(2^0)
                                                        INFOG(3) (estimated real workspace for factors on all processors after analysis): 156221480
                                                        INFOG(4) (estimated integer workspace for factors on all processors after analysis): 3409438
                                                        INFOG(5) (estimated maximum front size in the complete tree): 1668
                                                        INFOG(6) (number of nodes in the complete tree): 12616
                                                        INFOG(7) (ordering option effectively used after analysis): 5
                                                        INFOG(8) (structural symmetry in percent of the permuted matrix after analysis): -1
                                                        INFOG(9) (total real/complex workspace to store the matrix factors after factorization): 53788864
                                                        INFOG(10) (total integer space store the matrix factors after factorization): 2983281
                                                        INFOG(11) (order of largest frontal matrix after factorization): 1668
                                                        INFOG(12) (number of off-diagonal pivots): 0
                                                        INFOG(13) (number of delayed pivots after factorization): 0
                                                        INFOG(14) (number of memory compress after factorization): 0
                                                        INFOG(15) (number of steps of iterative refinement after solution): 0
                                                        INFOG(16) (estimated size (in MB) of all MUMPS internal data for factorization after analysis: value on the most memory consuming processor): 296
                                                        INFOG(17) (estimated size of all MUMPS internal data for factorization after analysis: sum over all processors): 231120
                                                        INFOG(18) (size of all MUMPS internal data allocated during factorization: value on the most memory consuming processor): 296
                                                        INFOG(19) (size of all MUMPS internal data allocated during factorization: sum over all processors): 231068
                                                        INFOG(20) (estimated number of entries in the factors): 53788864
                                                        INFOG(21) (size in MB of memory effectively used during factorization - value on the most memory consuming processor): 286
                                                        INFOG(22) (size in MB of memory effectively used during factorization - sum over all processors): 225276
                                                        INFOG(23) (after analysis: value of ICNTL(6) effectively used): 0
                                                        INFOG(24) (after analysis: value of ICNTL(12) effectively used): 1
                                                        INFOG(25) (after factorization: number of pivots modified by static pivoting): 0
                                                        INFOG(28) (after factorization: number of null pivots encountered): 0
                                                        INFOG(29) (after factorization: effective number of entries in the factors (sum over all processors)): 53788864
                                                        INFOG(30, 31) (after solution: size in Mbytes of memory used during solution phase): 55, 29409
                                                        INFOG(32) (after analysis: type of analysis done): 1
                                                        INFOG(33) (value used for ICNTL(8)): 7
                                                        INFOG(34) (exponent of the determinant if determinant is requested): 0
                                                        INFOG(35) (after factorization: number of entries taking into account BLR factor compression - sum over all processors): 53788864
                                                        INFOG(36) (after analysis: estimated size of all MUMPS internal data for running BLR in-core - value on the most memory consuming processor): 0
                                                        INFOG(37) (after analysis: estimated size of all MUMPS internal data for running BLR in-core - sum over all processors): 0
                                                        INFOG(38) (after analysis: estimated size of all MUMPS internal data for running BLR out-of-core - value on the most memory consuming processor): 0
                                                        INFOG(39) (after analysis: estimated size of all MUMPS internal data for running BLR out-of-core - sum over all processors): 0
                                            linear system matrix, which is also used to construct the preconditioner:
                                            Mat Object: 832 MPI processes
                                              type: mpiaij
                                              rows=230400, cols=230400
                                              total: nonzeros=4592640, allocated nonzeros=4592640
                                              total number of mallocs used during MatSetValues calls=0
                                                using nonscalable MatPtAP() implementation
                                                using I-node (on process 0) routines: found 70 nodes, limit used is 5
                                        Down solver (pre-smoother) on level 1 -------------------------------
                                          KSP Object: (BackwardEuler-Equation_lumped_mg_levels_1_) 832 MPI processes
                                            type: chebyshev
                                              Chebyshev polynomial of first kind
                                              eigenvalue targets used: min 0.178813, max 1.96694
                                              eigenvalues estimated via gmres: min 0.0298808, max 1.78813
                                              eigenvalues estimated using gmres with transform: [0. 0.1; 0. 1.1]
                                              KSP Object: (BackwardEuler-Equation_lumped_mg_levels_1_esteig_) 832 MPI processes
                                                type: gmres
                                                  restart=30, using classical (unmodified) Gram-Schmidt orthogonalization with no iterative refinement
                                                  happy breakdown tolerance=1e-30
                                                maximum iterations=10, initial guess is zero
                                                tolerances: relative=1e-12, absolute=1e-50, divergence=10000.
                                                left preconditioning
                                                using PRECONDITIONED norm type for convergence test
                                              estimating eigenvalues using a noisy random number generated right-hand side
                                            maximum iterations=2, nonzero initial guess
                                            tolerances: relative=1e-05, absolute=1e-50, divergence=10000.
                                            left preconditioning
                                            not checking for convergence
                                          PC Object: (BackwardEuler-Equation_lumped_mg_levels_1_) 832 MPI processes
                                            type: sor
                                              type = local_symmetric, iterations = 1, local iterations = 1, omega = 1.
                                            linear system matrix, which is also used to construct the preconditioner:
                                            Mat Object: (BackwardEuler-Equation_) 832 MPI processes
                                              type: mpiaij
                                              rows=143769600, cols=143769600
                                              total: nonzeros=8024555520, allocated nonzeros=8024555520
                                              total number of mallocs used during MatSetValues calls=0
                                                has attached near null space
                                                using I-node (on process 0) routines: found 43680 nodes, limit used is 5
                                        Up solver (post-smoother) same as down solver (pre-smoother)
                                        linear system matrix, which is also used to construct the preconditioner:
                                        Mat Object: (BackwardEuler-Equation_) 832 MPI processes
                                          type: mpiaij
                                          rows=143769600, cols=143769600
                                          total: nonzeros=8024555520, allocated nonzeros=8024555520
                                          total number of mallocs used during MatSetValues calls=0
                                            has attached near null space
                                            using I-node (on process 0) routines: found 43680 nodes, limit used is 5
                                      linear system matrix, which is also used to construct the preconditioner:
                                      Mat Object: (BackwardEuler-Equation_) 832 MPI processes
                                        type: mpiaij
                                        rows=143769600, cols=143769600
                                        total: nonzeros=8024555520, allocated nonzeros=8024555520
                                        total number of mallocs used during MatSetValues calls=0
                                          has attached near null space
                                          using I-node (on process 0) routines: found 43680 nodes, limit used is 5
t = 5100.00 s | step 17/30 | wall 37.73 s | NL 1 | L 79
                                    0 SNES Function norm 3.867024198063e-07
                                            Linear BackwardEuler-Equation_lumped_mg_coarse_ solve converged due to CONVERGED_ITS iterations 1
                                            Linear BackwardEuler-Equation_lumped_mg_coarse_ solve converged due to CONVERGED_ITS iterations 1
                                            Linear BackwardEuler-Equation_lumped_mg_coarse_ solve converged due to CONVERGED_ITS iterations 1
                                            Linear BackwardEuler-Equation_lumped_mg_coarse_ solve converged due to CONVERGED_ITS iterations 1
                                            Linear BackwardEuler-Equation_lumped_mg_coarse_ solve converged due to CONVERGED_ITS iterations 1
                                            Linear BackwardEuler-Equation_lumped_mg_coarse_ solve converged due to CONVERGED_ITS iterations 1
                                            Linear BackwardEuler-Equation_lumped_mg_coarse_ solve converged due to CONVERGED_ITS iterations 1
                                            Linear BackwardEuler-Equation_lumped_mg_coarse_ solve converged due to CONVERGED_ITS iterations 1
                                            Linear BackwardEuler-Equation_lumped_mg_coarse_ solve converged due to CONVERGED_ITS iterations 1
                                            Linear BackwardEuler-Equation_lumped_mg_coarse_ solve converged due to CONVERGED_ITS iterations 1
                                            Linear BackwardEuler-Equation_lumped_mg_coarse_ solve converged due to CONVERGED_ITS iterations 1
                                            Linear BackwardEuler-Equation_lumped_mg_coarse_ solve converged due to CONVERGED_ITS iterations 1
                                            Linear BackwardEuler-Equation_lumped_mg_coarse_ solve converged due to CONVERGED_ITS iterations 1
                                            Linear BackwardEuler-Equation_lumped_mg_coarse_ solve converged due to CONVERGED_ITS iterations 1
                                            Linear BackwardEuler-Equation_lumped_mg_coarse_ solve converged due to CONVERGED_ITS iterations 1
                                            Linear BackwardEuler-Equation_lumped_mg_coarse_ solve converged due to CONVERGED_ITS iterations 1
                                            Linear BackwardEuler-Equation_lumped_mg_coarse_ solve converged due to CONVERGED_ITS iterations 1
                                            Linear BackwardEuler-Equation_lumped_mg_coarse_ solve converged due to CONVERGED_ITS iterations 1
                                            Linear BackwardEuler-Equation_lumped_mg_coarse_ solve converged due to CONVERGED_ITS iterations 1
                                            Linear BackwardEuler-Equation_lumped_mg_coarse_ solve converged due to CONVERGED_ITS iterations 1
                                            Linear BackwardEuler-Equation_lumped_mg_coarse_ solve converged due to CONVERGED_ITS iterations 1
                                            Linear BackwardEuler-Equation_lumped_mg_coarse_ solve converged due to CONVERGED_ITS iterations 1
                                            Linear BackwardEuler-Equation_lumped_mg_coarse_ solve converged due to CONVERGED_ITS iterations 1
                                            Linear BackwardEuler-Equation_lumped_mg_coarse_ solve converged due to CONVERGED_ITS iterations 1
                                            Linear BackwardEuler-Equation_lumped_mg_coarse_ solve converged due to CONVERGED_ITS iterations 1
                                            Linear BackwardEuler-Equation_lumped_mg_coarse_ solve converged due to CONVERGED_ITS iterations 1
                                            Linear BackwardEuler-Equation_lumped_mg_coarse_ solve converged due to CONVERGED_ITS iterations 1
                                            Linear BackwardEuler-Equation_lumped_mg_coarse_ solve converged due to CONVERGED_ITS iterations 1
                                            Linear BackwardEuler-Equation_lumped_mg_coarse_ solve converged due to CONVERGED_ITS iterations 1
                                            Linear BackwardEuler-Equation_lumped_mg_coarse_ solve converged due to CONVERGED_ITS iterations 1
                                            Linear BackwardEuler-Equation_lumped_mg_coarse_ solve converged due to CONVERGED_ITS iterations 1
                                            Linear BackwardEuler-Equation_lumped_mg_coarse_ solve converged due to CONVERGED_ITS iterations 1
                                            Linear BackwardEuler-Equation_lumped_mg_coarse_ solve converged due to CONVERGED_ITS iterations 1
                                            Linear BackwardEuler-Equation_lumped_mg_coarse_ solve converged due to CONVERGED_ITS iterations 1
                                            Linear BackwardEuler-Equation_lumped_mg_coarse_ solve converged due to CONVERGED_ITS iterations 1
                                            Linear BackwardEuler-Equation_lumped_mg_coarse_ solve converged due to CONVERGED_ITS iterations 1
                                            Linear BackwardEuler-Equation_lumped_mg_coarse_ solve converged due to CONVERGED_ITS iterations 1
                                            Linear BackwardEuler-Equation_lumped_mg_coarse_ solve converged due to CONVERGED_ITS iterations 1
                                            Linear BackwardEuler-Equation_lumped_mg_coarse_ solve converged due to CONVERGED_ITS iterations 1
                                            Linear BackwardEuler-Equation_lumped_mg_coarse_ solve converged due to CONVERGED_ITS iterations 1
                                            Linear BackwardEuler-Equation_lumped_mg_coarse_ solve converged due to CONVERGED_ITS iterations 1
                                            Linear BackwardEuler-Equation_lumped_mg_coarse_ solve converged due to CONVERGED_ITS iterations 1
                                            Linear BackwardEuler-Equation_lumped_mg_coarse_ solve converged due to CONVERGED_ITS iterations 1
                                            Linear BackwardEuler-Equation_lumped_mg_coarse_ solve converged due to CONVERGED_ITS iterations 1
                                            Linear BackwardEuler-Equation_lumped_mg_coarse_ solve converged due to CONVERGED_ITS iterations 1
                                            Linear BackwardEuler-Equation_lumped_mg_coarse_ solve converged due to CONVERGED_ITS iterations 1
                                            Linear BackwardEuler-Equation_lumped_mg_coarse_ solve converged due to CONVERGED_ITS iterations 1
                                            Linear BackwardEuler-Equation_lumped_mg_coarse_ solve converged due to CONVERGED_ITS iterations 1
                                            Linear BackwardEuler-Equation_lumped_mg_coarse_ solve converged due to CONVERGED_ITS iterations 1
                                            Linear BackwardEuler-Equation_lumped_mg_coarse_ solve converged due to CONVERGED_ITS iterations 1
                                            Linear BackwardEuler-Equation_lumped_mg_coarse_ solve converged due to CONVERGED_ITS iterations 1
                                            Linear BackwardEuler-Equation_lumped_mg_coarse_ solve converged due to CONVERGED_ITS iterations 1
                                            Linear BackwardEuler-Equation_lumped_mg_coarse_ solve converged due to CONVERGED_ITS iterations 1
                                            Linear BackwardEuler-Equation_lumped_mg_coarse_ solve converged due to CONVERGED_ITS iterations 1
                                            Linear BackwardEuler-Equation_lumped_mg_coarse_ solve converged due to CONVERGED_ITS iterations 1
                                            Linear BackwardEuler-Equation_lumped_mg_coarse_ solve converged due to CONVERGED_ITS iterations 1
                                            Linear BackwardEuler-Equation_lumped_mg_coarse_ solve converged due to CONVERGED_ITS iterations 1
                                            Linear BackwardEuler-Equation_lumped_mg_coarse_ solve converged due to CONVERGED_ITS iterations 1
                                            Linear BackwardEuler-Equation_lumped_mg_coarse_ solve converged due to CONVERGED_ITS iterations 1
                                            Linear BackwardEuler-Equation_lumped_mg_coarse_ solve converged due to CONVERGED_ITS iterations 1
                                            Linear BackwardEuler-Equation_lumped_mg_coarse_ solve converged due to CONVERGED_ITS iterations 1
                                            Linear BackwardEuler-Equation_lumped_mg_coarse_ solve converged due to CONVERGED_ITS iterations 1
                                            Linear BackwardEuler-Equation_lumped_mg_coarse_ solve converged due to CONVERGED_ITS iterations 1
                                            Linear BackwardEuler-Equation_lumped_mg_coarse_ solve converged due to CONVERGED_ITS iterations 1
                                            Linear BackwardEuler-Equation_lumped_mg_coarse_ solve converged due to CONVERGED_ITS iterations 1
                                            Linear BackwardEuler-Equation_lumped_mg_coarse_ solve converged due to CONVERGED_ITS iterations 1
                                            Linear BackwardEuler-Equation_lumped_mg_coarse_ solve converged due to CONVERGED_ITS iterations 1
                                            Linear BackwardEuler-Equation_lumped_mg_coarse_ solve converged due to CONVERGED_ITS iterations 1
                                            Linear BackwardEuler-Equation_lumped_mg_coarse_ solve converged due to CONVERGED_ITS iterations 1
                                            Linear BackwardEuler-Equation_lumped_mg_coarse_ solve converged due to CONVERGED_ITS iterations 1
                                            Linear BackwardEuler-Equation_lumped_mg_coarse_ solve converged due to CONVERGED_ITS iterations 1
                                            Linear BackwardEuler-Equation_lumped_mg_coarse_ solve converged due to CONVERGED_ITS iterations 1
                                            Linear BackwardEuler-Equation_lumped_mg_coarse_ solve converged due to CONVERGED_ITS iterations 1
                                            Linear BackwardEuler-Equation_lumped_mg_coarse_ solve converged due to CONVERGED_ITS iterations 1
                                            Linear BackwardEuler-Equation_lumped_mg_coarse_ solve converged due to CONVERGED_ITS iterations 1
                                            Linear BackwardEuler-Equation_lumped_mg_coarse_ solve converged due to CONVERGED_ITS iterations 1
                                            Linear BackwardEuler-Equation_lumped_mg_coarse_ solve converged due to CONVERGED_ITS iterations 1
                                            Linear BackwardEuler-Equation_lumped_mg_coarse_ solve converged due to CONVERGED_ITS iterations 1
                                            Linear BackwardEuler-Equation_lumped_mg_coarse_ solve converged due to CONVERGED_ITS iterations 1
                                            Linear BackwardEuler-Equation_lumped_mg_coarse_ solve converged due to CONVERGED_ITS iterations 1
                                      Linear BackwardEuler-Equation_ solve converged due to CONVERGED_RTOL iterations 80
                                  Mat Object: (BackwardEuler-Equation_) 832 MPI processes
                                    type: mpiaij
                                    rows=143769600, cols=143769600
                                    total: nonzeros=8024555520, allocated nonzeros=8024555520
                                    total number of mallocs used during MatSetValues calls=0
                                      has attached near null space
                                      using I-node (on process 0) routines: found 43680 nodes, limit used is 5
                                    1 SNES Function norm 5.050959878079e-09
                                    Nonlinear BackwardEuler-Equation_ solve converged due to CONVERGED_FNORM_ABS iterations 1
                                  SNES Object: (BackwardEuler-Equation_) 832 MPI processes
                                    type: newtonls
                                    maximum iterations=50, maximum function evaluations=10000
                                    tolerances: relative=1e-08, absolute=1e-08, solution=1e-08
                                    total number of linear solver iterations=80
                                    total number of function evaluations=2
                                    norm schedule ALWAYS
                                    SNESLineSearch Object: (BackwardEuler-Equation_) 832 MPI processes
                                      type: bt
                                        interpolation: cubic
                                        alpha=1.000000e-04
                                      maxlambda=1.000000e+00, minlambda=1.000000e-12
                                      tolerances: relative=1.000000e-08, absolute=1.000000e-15, lambda=1.000000e-08
                                      maximum iterations=40
                                    KSP Object: (BackwardEuler-Equation_) 832 MPI processes
                                      type: fgmres
                                        restart=30, using classical (unmodified) Gram-Schmidt orthogonalization with no iterative refinement
                                        happy breakdown tolerance=1e-30
                                      maximum iterations=200, initial guess is zero
                                      tolerances: relative=1e-06, absolute=1e-50, divergence=10000.
                                      right preconditioning
                                      using UNPRECONDITIONED norm type for convergence test
                                    PC Object: (BackwardEuler-Equation_) 832 MPI processes
                                      type: python
                                        Python: solvers.vlumping.VerticallyLumpedPC
                                      Firedrake custom preconditioner VerticallyLumpedPC
                                        Vertically lumped MG: collapses vertical dimension on coarse level (cf. Kramer et al. 2010)
                                        PC Object: (BackwardEuler-Equation_lumped_) 832 MPI processes
                                          type: mg
                                            type is MULTIPLICATIVE, levels=2 cycles=v
                                              Cycles per PCApply=1
                                              Using Galerkin computed coarse grid matrices
                                          Coarse grid solver -- level 0 -------------------------------
                                            KSP Object: (BackwardEuler-Equation_lumped_mg_coarse_) 832 MPI processes
                                              type: preonly
                                              maximum iterations=10000, initial guess is zero
                                              tolerances: relative=1e-05, absolute=1e-50, divergence=10000.
                                              left preconditioning
                                              not checking for convergence
                                            PC Object: (BackwardEuler-Equation_lumped_mg_coarse_) 832 MPI processes
                                              type: lu
                                                out-of-place factorization
                                                tolerance for zero pivot 2.22045e-14
                                                matrix ordering: external
                                                factor fill ratio given 0., needed 0.
                                                  Factored matrix:
                                                    Mat Object: (BackwardEuler-Equation_lumped_mg_coarse_) 832 MPI processes
                                                      type: mumps
                                                      rows=230400, cols=230400
                                                      package used to perform factorization: mumps
                                                      total: nonzeros=53788864, allocated nonzeros=53788864
                                                        MUMPS run parameters:
                                                          Use -BackwardEuler-Equation_lumped_mg_coarse_ksp_view ::ascii_info_detail to display information for all processes
                                                          RINFOG(1) (global estimated flops for the elimination after analysis): 2.26775e+10
                                                          RINFOG(2) (global estimated flops for the assembly after factorization): 8.43506e+07
                                                          RINFOG(3) (global estimated flops for the elimination after factorization): 2.26775e+10
                                                          (RINFOG(12) RINFOG(13))*2^INFOG(34) (determinant): (0.,0.)*(2^0)
                                                          INFOG(3) (estimated real workspace for factors on all processors after analysis): 156221480
                                                          INFOG(4) (estimated integer workspace for factors on all processors after analysis): 3409438
                                                          INFOG(5) (estimated maximum front size in the complete tree): 1668
                                                          INFOG(6) (number of nodes in the complete tree): 12616
                                                          INFOG(7) (ordering option effectively used after analysis): 5
                                                          INFOG(8) (structural symmetry in percent of the permuted matrix after analysis): -1
                                                          INFOG(9) (total real/complex workspace to store the matrix factors after factorization): 53788864
                                                          INFOG(10) (total integer space store the matrix factors after factorization): 2983281
                                                          INFOG(11) (order of largest frontal matrix after factorization): 1668
                                                          INFOG(12) (number of off-diagonal pivots): 0
                                                          INFOG(13) (number of delayed pivots after factorization): 0
                                                          INFOG(14) (number of memory compress after factorization): 0
                                                          INFOG(15) (number of steps of iterative refinement after solution): 0
                                                          INFOG(16) (estimated size (in MB) of all MUMPS internal data for factorization after analysis: value on the most memory consuming processor): 296
                                                          INFOG(17) (estimated size of all MUMPS internal data for factorization after analysis: sum over all processors): 231120
                                                          INFOG(18) (size of all MUMPS internal data allocated during factorization: value on the most memory consuming processor): 296
                                                          INFOG(19) (size of all MUMPS internal data allocated during factorization: sum over all processors): 231068
                                                          INFOG(20) (estimated number of entries in the factors): 53788864
                                                          INFOG(21) (size in MB of memory effectively used during factorization - value on the most memory consuming processor): 286
                                                          INFOG(22) (size in MB of memory effectively used during factorization - sum over all processors): 225271
                                                          INFOG(23) (after analysis: value of ICNTL(6) effectively used): 0
                                                          INFOG(24) (after analysis: value of ICNTL(12) effectively used): 1
                                                          INFOG(25) (after factorization: number of pivots modified by static pivoting): 0
                                                          INFOG(28) (after factorization: number of null pivots encountered): 0
                                                          INFOG(29) (after factorization: effective number of entries in the factors (sum over all processors)): 53788864
                                                          INFOG(30, 31) (after solution: size in Mbytes of memory used during solution phase): 55, 29409
                                                          INFOG(32) (after analysis: type of analysis done): 1
                                                          INFOG(33) (value used for ICNTL(8)): 7
                                                          INFOG(34) (exponent of the determinant if determinant is requested): 0
                                                          INFOG(35) (after factorization: number of entries taking into account BLR factor compression - sum over all processors): 53788864
                                                          INFOG(36) (after analysis: estimated size of all MUMPS internal data for running BLR in-core - value on the most memory consuming processor): 0
                                                          INFOG(37) (after analysis: estimated size of all MUMPS internal data for running BLR in-core - sum over all processors): 0
                                                          INFOG(38) (after analysis: estimated size of all MUMPS internal data for running BLR out-of-core - value on the most memory consuming processor): 0
                                                          INFOG(39) (after analysis: estimated size of all MUMPS internal data for running BLR out-of-core - sum over all processors): 0
                                              linear system matrix, which is also used to construct the preconditioner:
                                              Mat Object: 832 MPI processes
                                                type: mpiaij
                                                rows=230400, cols=230400
                                                total: nonzeros=4592640, allocated nonzeros=4592640
                                                total number of mallocs used during MatSetValues calls=0
                                                  using nonscalable MatPtAP() implementation
                                                  using I-node (on process 0) routines: found 70 nodes, limit used is 5
                                          Down solver (pre-smoother) on level 1 -------------------------------
                                            KSP Object: (BackwardEuler-Equation_lumped_mg_levels_1_) 832 MPI processes
                                              type: chebyshev
                                                Chebyshev polynomial of first kind
                                                eigenvalue targets used: min 0.178813, max 1.96694
                                                eigenvalues estimated via gmres: min 0.0298818, max 1.78813
                                                eigenvalues estimated using gmres with transform: [0. 0.1; 0. 1.1]
                                                KSP Object: (BackwardEuler-Equation_lumped_mg_levels_1_esteig_) 832 MPI processes
                                                  type: gmres
                                                    restart=30, using classical (unmodified) Gram-Schmidt orthogonalization with no iterative refinement
                                                    happy breakdown tolerance=1e-30
                                                  maximum iterations=10, initial guess is zero
                                                  tolerances: relative=1e-12, absolute=1e-50, divergence=10000.
                                                  left preconditioning
                                                  using PRECONDITIONED norm type for convergence test
                                                estimating eigenvalues using a noisy random number generated right-hand side
                                              maximum iterations=2, nonzero initial guess
                                              tolerances: relative=1e-05, absolute=1e-50, divergence=10000.
                                              left preconditioning
                                              not checking for convergence
                                            PC Object: (BackwardEuler-Equation_lumped_mg_levels_1_) 832 MPI processes
                                              type: sor
                                                type = local_symmetric, iterations = 1, local iterations = 1, omega = 1.
                                              linear system matrix, which is also used to construct the preconditioner:
                                              Mat Object: (BackwardEuler-Equation_) 832 MPI processes
                                                type: mpiaij
                                                rows=143769600, cols=143769600
                                                total: nonzeros=8024555520, allocated nonzeros=8024555520
                                                total number of mallocs used during MatSetValues calls=0
                                                  has attached near null space
                                                  using I-node (on process 0) routines: found 43680 nodes, limit used is 5
                                          Up solver (post-smoother) same as down solver (pre-smoother)
                                          linear system matrix, which is also used to construct the preconditioner:
                                          Mat Object: (BackwardEuler-Equation_) 832 MPI processes
                                            type: mpiaij
                                            rows=143769600, cols=143769600
                                            total: nonzeros=8024555520, allocated nonzeros=8024555520
                                            total number of mallocs used during MatSetValues calls=0
                                              has attached near null space
                                              using I-node (on process 0) routines: found 43680 nodes, limit used is 5
                                        linear system matrix, which is also used to construct the preconditioner:
                                        Mat Object: (BackwardEuler-Equation_) 832 MPI processes
                                          type: mpiaij
                                          rows=143769600, cols=143769600
                                          total: nonzeros=8024555520, allocated nonzeros=8024555520
                                          total number of mallocs used during MatSetValues calls=0
                                            has attached near null space
                                            using I-node (on process 0) routines: found 43680 nodes, limit used is 5
t = 5400.00 s | step 18/30 | wall 38.25 s | NL 1 | L 80
                                      0 SNES Function norm 3.832762263439e-07
                                              Linear BackwardEuler-Equation_lumped_mg_coarse_ solve converged due to CONVERGED_ITS iterations 1
                                              Linear BackwardEuler-Equation_lumped_mg_coarse_ solve converged due to CONVERGED_ITS iterations 1
                                              Linear BackwardEuler-Equation_lumped_mg_coarse_ solve converged due to CONVERGED_ITS iterations 1
                                              Linear BackwardEuler-Equation_lumped_mg_coarse_ solve converged due to CONVERGED_ITS iterations 1
                                              Linear BackwardEuler-Equation_lumped_mg_coarse_ solve converged due to CONVERGED_ITS iterations 1
                                              Linear BackwardEuler-Equation_lumped_mg_coarse_ solve converged due to CONVERGED_ITS iterations 1
                                              Linear BackwardEuler-Equation_lumped_mg_coarse_ solve converged due to CONVERGED_ITS iterations 1
                                              Linear BackwardEuler-Equation_lumped_mg_coarse_ solve converged due to CONVERGED_ITS iterations 1
                                              Linear BackwardEuler-Equation_lumped_mg_coarse_ solve converged due to CONVERGED_ITS iterations 1
                                              Linear BackwardEuler-Equation_lumped_mg_coarse_ solve converged due to CONVERGED_ITS iterations 1
                                              Linear BackwardEuler-Equation_lumped_mg_coarse_ solve converged due to CONVERGED_ITS iterations 1
                                              Linear BackwardEuler-Equation_lumped_mg_coarse_ solve converged due to CONVERGED_ITS iterations 1
                                              Linear BackwardEuler-Equation_lumped_mg_coarse_ solve converged due to CONVERGED_ITS iterations 1
                                              Linear BackwardEuler-Equation_lumped_mg_coarse_ solve converged due to CONVERGED_ITS iterations 1
                                              Linear BackwardEuler-Equation_lumped_mg_coarse_ solve converged due to CONVERGED_ITS iterations 1
                                              Linear BackwardEuler-Equation_lumped_mg_coarse_ solve converged due to CONVERGED_ITS iterations 1
                                              Linear BackwardEuler-Equation_lumped_mg_coarse_ solve converged due to CONVERGED_ITS iterations 1
                                              Linear BackwardEuler-Equation_lumped_mg_coarse_ solve converged due to CONVERGED_ITS iterations 1
                                              Linear BackwardEuler-Equation_lumped_mg_coarse_ solve converged due to CONVERGED_ITS iterations 1
                                              Linear BackwardEuler-Equation_lumped_mg_coarse_ solve converged due to CONVERGED_ITS iterations 1
                                              Linear BackwardEuler-Equation_lumped_mg_coarse_ solve converged due to CONVERGED_ITS iterations 1
                                              Linear BackwardEuler-Equation_lumped_mg_coarse_ solve converged due to CONVERGED_ITS iterations 1
                                              Linear BackwardEuler-Equation_lumped_mg_coarse_ solve converged due to CONVERGED_ITS iterations 1
                                              Linear BackwardEuler-Equation_lumped_mg_coarse_ solve converged due to CONVERGED_ITS iterations 1
                                              Linear BackwardEuler-Equation_lumped_mg_coarse_ solve converged due to CONVERGED_ITS iterations 1
                                              Linear BackwardEuler-Equation_lumped_mg_coarse_ solve converged due to CONVERGED_ITS iterations 1
                                              Linear BackwardEuler-Equation_lumped_mg_coarse_ solve converged due to CONVERGED_ITS iterations 1
                                              Linear BackwardEuler-Equation_lumped_mg_coarse_ solve converged due to CONVERGED_ITS iterations 1
                                              Linear BackwardEuler-Equation_lumped_mg_coarse_ solve converged due to CONVERGED_ITS iterations 1
                                              Linear BackwardEuler-Equation_lumped_mg_coarse_ solve converged due to CONVERGED_ITS iterations 1
                                              Linear BackwardEuler-Equation_lumped_mg_coarse_ solve converged due to CONVERGED_ITS iterations 1
                                              Linear BackwardEuler-Equation_lumped_mg_coarse_ solve converged due to CONVERGED_ITS iterations 1
                                              Linear BackwardEuler-Equation_lumped_mg_coarse_ solve converged due to CONVERGED_ITS iterations 1
                                              Linear BackwardEuler-Equation_lumped_mg_coarse_ solve converged due to CONVERGED_ITS iterations 1
                                              Linear BackwardEuler-Equation_lumped_mg_coarse_ solve converged due to CONVERGED_ITS iterations 1
                                              Linear BackwardEuler-Equation_lumped_mg_coarse_ solve converged due to CONVERGED_ITS iterations 1
                                              Linear BackwardEuler-Equation_lumped_mg_coarse_ solve converged due to CONVERGED_ITS iterations 1
                                              Linear BackwardEuler-Equation_lumped_mg_coarse_ solve converged due to CONVERGED_ITS iterations 1
                                              Linear BackwardEuler-Equation_lumped_mg_coarse_ solve converged due to CONVERGED_ITS iterations 1
                                              Linear BackwardEuler-Equation_lumped_mg_coarse_ solve converged due to CONVERGED_ITS iterations 1
                                              Linear BackwardEuler-Equation_lumped_mg_coarse_ solve converged due to CONVERGED_ITS iterations 1
                                              Linear BackwardEuler-Equation_lumped_mg_coarse_ solve converged due to CONVERGED_ITS iterations 1
                                              Linear BackwardEuler-Equation_lumped_mg_coarse_ solve converged due to CONVERGED_ITS iterations 1
                                              Linear BackwardEuler-Equation_lumped_mg_coarse_ solve converged due to CONVERGED_ITS iterations 1
                                              Linear BackwardEuler-Equation_lumped_mg_coarse_ solve converged due to CONVERGED_ITS iterations 1
                                              Linear BackwardEuler-Equation_lumped_mg_coarse_ solve converged due to CONVERGED_ITS iterations 1
                                              Linear BackwardEuler-Equation_lumped_mg_coarse_ solve converged due to CONVERGED_ITS iterations 1
                                              Linear BackwardEuler-Equation_lumped_mg_coarse_ solve converged due to CONVERGED_ITS iterations 1
                                              Linear BackwardEuler-Equation_lumped_mg_coarse_ solve converged due to CONVERGED_ITS iterations 1
                                              Linear BackwardEuler-Equation_lumped_mg_coarse_ solve converged due to CONVERGED_ITS iterations 1
                                              Linear BackwardEuler-Equation_lumped_mg_coarse_ solve converged due to CONVERGED_ITS iterations 1
                                              Linear BackwardEuler-Equation_lumped_mg_coarse_ solve converged due to CONVERGED_ITS iterations 1
                                              Linear BackwardEuler-Equation_lumped_mg_coarse_ solve converged due to CONVERGED_ITS iterations 1
                                              Linear BackwardEuler-Equation_lumped_mg_coarse_ solve converged due to CONVERGED_ITS iterations 1
                                              Linear BackwardEuler-Equation_lumped_mg_coarse_ solve converged due to CONVERGED_ITS iterations 1
                                              Linear BackwardEuler-Equation_lumped_mg_coarse_ solve converged due to CONVERGED_ITS iterations 1
                                              Linear BackwardEuler-Equation_lumped_mg_coarse_ solve converged due to CONVERGED_ITS iterations 1
                                              Linear BackwardEuler-Equation_lumped_mg_coarse_ solve converged due to CONVERGED_ITS iterations 1
                                              Linear BackwardEuler-Equation_lumped_mg_coarse_ solve converged due to CONVERGED_ITS iterations 1
                                              Linear BackwardEuler-Equation_lumped_mg_coarse_ solve converged due to CONVERGED_ITS iterations 1
                                              Linear BackwardEuler-Equation_lumped_mg_coarse_ solve converged due to CONVERGED_ITS iterations 1
                                              Linear BackwardEuler-Equation_lumped_mg_coarse_ solve converged due to CONVERGED_ITS iterations 1
                                              Linear BackwardEuler-Equation_lumped_mg_coarse_ solve converged due to CONVERGED_ITS iterations 1
                                              Linear BackwardEuler-Equation_lumped_mg_coarse_ solve converged due to CONVERGED_ITS iterations 1
                                              Linear BackwardEuler-Equation_lumped_mg_coarse_ solve converged due to CONVERGED_ITS iterations 1
                                              Linear BackwardEuler-Equation_lumped_mg_coarse_ solve converged due to CONVERGED_ITS iterations 1
                                              Linear BackwardEuler-Equation_lumped_mg_coarse_ solve converged due to CONVERGED_ITS iterations 1
                                              Linear BackwardEuler-Equation_lumped_mg_coarse_ solve converged due to CONVERGED_ITS iterations 1
                                              Linear BackwardEuler-Equation_lumped_mg_coarse_ solve converged due to CONVERGED_ITS iterations 1
                                              Linear BackwardEuler-Equation_lumped_mg_coarse_ solve converged due to CONVERGED_ITS iterations 1
                                              Linear BackwardEuler-Equation_lumped_mg_coarse_ solve converged due to CONVERGED_ITS iterations 1
                                              Linear BackwardEuler-Equation_lumped_mg_coarse_ solve converged due to CONVERGED_ITS iterations 1
                                              Linear BackwardEuler-Equation_lumped_mg_coarse_ solve converged due to CONVERGED_ITS iterations 1
                                              Linear BackwardEuler-Equation_lumped_mg_coarse_ solve converged due to CONVERGED_ITS iterations 1
                                              Linear BackwardEuler-Equation_lumped_mg_coarse_ solve converged due to CONVERGED_ITS iterations 1
                                              Linear BackwardEuler-Equation_lumped_mg_coarse_ solve converged due to CONVERGED_ITS iterations 1
                                              Linear BackwardEuler-Equation_lumped_mg_coarse_ solve converged due to CONVERGED_ITS iterations 1
                                              Linear BackwardEuler-Equation_lumped_mg_coarse_ solve converged due to CONVERGED_ITS iterations 1
                                              Linear BackwardEuler-Equation_lumped_mg_coarse_ solve converged due to CONVERGED_ITS iterations 1
                                              Linear BackwardEuler-Equation_lumped_mg_coarse_ solve converged due to CONVERGED_ITS iterations 1
                                        Linear BackwardEuler-Equation_ solve converged due to CONVERGED_RTOL iterations 80
                                    Mat Object: (BackwardEuler-Equation_) 832 MPI processes
                                      type: mpiaij
                                      rows=143769600, cols=143769600
                                      total: nonzeros=8024555520, allocated nonzeros=8024555520
                                      total number of mallocs used during MatSetValues calls=0
                                        has attached near null space
                                        using I-node (on process 0) routines: found 43680 nodes, limit used is 5
                                      1 SNES Function norm 4.941029114069e-09
                                      Nonlinear BackwardEuler-Equation_ solve converged due to CONVERGED_FNORM_ABS iterations 1
                                    SNES Object: (BackwardEuler-Equation_) 832 MPI processes
                                      type: newtonls
                                      maximum iterations=50, maximum function evaluations=10000
                                      tolerances: relative=1e-08, absolute=1e-08, solution=1e-08
                                      total number of linear solver iterations=80
                                      total number of function evaluations=2
                                      norm schedule ALWAYS
                                      SNESLineSearch Object: (BackwardEuler-Equation_) 832 MPI processes
                                        type: bt
                                          interpolation: cubic
                                          alpha=1.000000e-04
                                        maxlambda=1.000000e+00, minlambda=1.000000e-12
                                        tolerances: relative=1.000000e-08, absolute=1.000000e-15, lambda=1.000000e-08
                                        maximum iterations=40
                                      KSP Object: (BackwardEuler-Equation_) 832 MPI processes
                                        type: fgmres
                                          restart=30, using classical (unmodified) Gram-Schmidt orthogonalization with no iterative refinement
                                          happy breakdown tolerance=1e-30
                                        maximum iterations=200, initial guess is zero
                                        tolerances: relative=1e-06, absolute=1e-50, divergence=10000.
                                        right preconditioning
                                        using UNPRECONDITIONED norm type for convergence test
                                      PC Object: (BackwardEuler-Equation_) 832 MPI processes
                                        type: python
                                          Python: solvers.vlumping.VerticallyLumpedPC
                                        Firedrake custom preconditioner VerticallyLumpedPC
                                          Vertically lumped MG: collapses vertical dimension on coarse level (cf. Kramer et al. 2010)
                                          PC Object: (BackwardEuler-Equation_lumped_) 832 MPI processes
                                            type: mg
                                              type is MULTIPLICATIVE, levels=2 cycles=v
                                                Cycles per PCApply=1
                                                Using Galerkin computed coarse grid matrices
                                            Coarse grid solver -- level 0 -------------------------------
                                              KSP Object: (BackwardEuler-Equation_lumped_mg_coarse_) 832 MPI processes
                                                type: preonly
                                                maximum iterations=10000, initial guess is zero
                                                tolerances: relative=1e-05, absolute=1e-50, divergence=10000.
                                                left preconditioning
                                                not checking for convergence
                                              PC Object: (BackwardEuler-Equation_lumped_mg_coarse_) 832 MPI processes
                                                type: lu
                                                  out-of-place factorization
                                                  tolerance for zero pivot 2.22045e-14
                                                  matrix ordering: external
                                                  factor fill ratio given 0., needed 0.
                                                    Factored matrix:
                                                      Mat Object: (BackwardEuler-Equation_lumped_mg_coarse_) 832 MPI processes
                                                        type: mumps
                                                        rows=230400, cols=230400
                                                        package used to perform factorization: mumps
                                                        total: nonzeros=53788864, allocated nonzeros=53788864
                                                          MUMPS run parameters:
                                                            Use -BackwardEuler-Equation_lumped_mg_coarse_ksp_view ::ascii_info_detail to display information for all processes
                                                            RINFOG(1) (global estimated flops for the elimination after analysis): 2.26775e+10
                                                            RINFOG(2) (global estimated flops for the assembly after factorization): 8.43506e+07
                                                            RINFOG(3) (global estimated flops for the elimination after factorization): 2.26775e+10
                                                            (RINFOG(12) RINFOG(13))*2^INFOG(34) (determinant): (0.,0.)*(2^0)
                                                            INFOG(3) (estimated real workspace for factors on all processors after analysis): 156221480
                                                            INFOG(4) (estimated integer workspace for factors on all processors after analysis): 3409438
                                                            INFOG(5) (estimated maximum front size in the complete tree): 1668
                                                            INFOG(6) (number of nodes in the complete tree): 12616
                                                            INFOG(7) (ordering option effectively used after analysis): 5
                                                            INFOG(8) (structural symmetry in percent of the permuted matrix after analysis): -1
                                                            INFOG(9) (total real/complex workspace to store the matrix factors after factorization): 53788864
                                                            INFOG(10) (total integer space store the matrix factors after factorization): 2983281
                                                            INFOG(11) (order of largest frontal matrix after factorization): 1668
                                                            INFOG(12) (number of off-diagonal pivots): 0
                                                            INFOG(13) (number of delayed pivots after factorization): 0
                                                            INFOG(14) (number of memory compress after factorization): 0
                                                            INFOG(15) (number of steps of iterative refinement after solution): 0
                                                            INFOG(16) (estimated size (in MB) of all MUMPS internal data for factorization after analysis: value on the most memory consuming processor): 296
                                                            INFOG(17) (estimated size of all MUMPS internal data for factorization after analysis: sum over all processors): 231120
                                                            INFOG(18) (size of all MUMPS internal data allocated during factorization: value on the most memory consuming processor): 296
                                                            INFOG(19) (size of all MUMPS internal data allocated during factorization: sum over all processors): 231068
                                                            INFOG(20) (estimated number of entries in the factors): 53788864
                                                            INFOG(21) (size in MB of memory effectively used during factorization - value on the most memory consuming processor): 286
                                                            INFOG(22) (size in MB of memory effectively used during factorization - sum over all processors): 225276
                                                            INFOG(23) (after analysis: value of ICNTL(6) effectively used): 0
                                                            INFOG(24) (after analysis: value of ICNTL(12) effectively used): 1
                                                            INFOG(25) (after factorization: number of pivots modified by static pivoting): 0
                                                            INFOG(28) (after factorization: number of null pivots encountered): 0
                                                            INFOG(29) (after factorization: effective number of entries in the factors (sum over all processors)): 53788864
                                                            INFOG(30, 31) (after solution: size in Mbytes of memory used during solution phase): 55, 29409
                                                            INFOG(32) (after analysis: type of analysis done): 1
                                                            INFOG(33) (value used for ICNTL(8)): 7
                                                            INFOG(34) (exponent of the determinant if determinant is requested): 0
                                                            INFOG(35) (after factorization: number of entries taking into account BLR factor compression - sum over all processors): 53788864
                                                            INFOG(36) (after analysis: estimated size of all MUMPS internal data for running BLR in-core - value on the most memory consuming processor): 0
                                                            INFOG(37) (after analysis: estimated size of all MUMPS internal data for running BLR in-core - sum over all processors): 0
                                                            INFOG(38) (after analysis: estimated size of all MUMPS internal data for running BLR out-of-core - value on the most memory consuming processor): 0
                                                            INFOG(39) (after analysis: estimated size of all MUMPS internal data for running BLR out-of-core - sum over all processors): 0
                                                linear system matrix, which is also used to construct the preconditioner:
                                                Mat Object: 832 MPI processes
                                                  type: mpiaij
                                                  rows=230400, cols=230400
                                                  total: nonzeros=4592640, allocated nonzeros=4592640
                                                  total number of mallocs used during MatSetValues calls=0
                                                    using nonscalable MatPtAP() implementation
                                                    using I-node (on process 0) routines: found 70 nodes, limit used is 5
                                            Down solver (pre-smoother) on level 1 -------------------------------
                                              KSP Object: (BackwardEuler-Equation_lumped_mg_levels_1_) 832 MPI processes
                                                type: chebyshev
                                                  Chebyshev polynomial of first kind
                                                  eigenvalue targets used: min 0.178813, max 1.96694
                                                  eigenvalues estimated via gmres: min 0.0298828, max 1.78813
                                                  eigenvalues estimated using gmres with transform: [0. 0.1; 0. 1.1]
                                                  KSP Object: (BackwardEuler-Equation_lumped_mg_levels_1_esteig_) 832 MPI processes
                                                    type: gmres
                                                      restart=30, using classical (unmodified) Gram-Schmidt orthogonalization with no iterative refinement
                                                      happy breakdown tolerance=1e-30
                                                    maximum iterations=10, initial guess is zero
                                                    tolerances: relative=1e-12, absolute=1e-50, divergence=10000.
                                                    left preconditioning
                                                    using PRECONDITIONED norm type for convergence test
                                                  estimating eigenvalues using a noisy random number generated right-hand side
                                                maximum iterations=2, nonzero initial guess
                                                tolerances: relative=1e-05, absolute=1e-50, divergence=10000.
                                                left preconditioning
                                                not checking for convergence
                                              PC Object: (BackwardEuler-Equation_lumped_mg_levels_1_) 832 MPI processes
                                                type: sor
                                                  type = local_symmetric, iterations = 1, local iterations = 1, omega = 1.
                                                linear system matrix, which is also used to construct the preconditioner:
                                                Mat Object: (BackwardEuler-Equation_) 832 MPI processes
                                                  type: mpiaij
                                                  rows=143769600, cols=143769600
                                                  total: nonzeros=8024555520, allocated nonzeros=8024555520
                                                  total number of mallocs used during MatSetValues calls=0
                                                    has attached near null space
                                                    using I-node (on process 0) routines: found 43680 nodes, limit used is 5
                                            Up solver (post-smoother) same as down solver (pre-smoother)
                                            linear system matrix, which is also used to construct the preconditioner:
                                            Mat Object: (BackwardEuler-Equation_) 832 MPI processes
                                              type: mpiaij
                                              rows=143769600, cols=143769600
                                              total: nonzeros=8024555520, allocated nonzeros=8024555520
                                              total number of mallocs used during MatSetValues calls=0
                                                has attached near null space
                                                using I-node (on process 0) routines: found 43680 nodes, limit used is 5
                                          linear system matrix, which is also used to construct the preconditioner:
                                          Mat Object: (BackwardEuler-Equation_) 832 MPI processes
                                            type: mpiaij
                                            rows=143769600, cols=143769600
                                            total: nonzeros=8024555520, allocated nonzeros=8024555520
                                            total number of mallocs used during MatSetValues calls=0
                                              has attached near null space
                                              using I-node (on process 0) routines: found 43680 nodes, limit used is 5
t = 5700.00 s | step 19/30 | wall 38.21 s | NL 1 | L 80
                                        0 SNES Function norm 3.801592884188e-07
                                                Linear BackwardEuler-Equation_lumped_mg_coarse_ solve converged due to CONVERGED_ITS iterations 1
                                                Linear BackwardEuler-Equation_lumped_mg_coarse_ solve converged due to CONVERGED_ITS iterations 1
                                                Linear BackwardEuler-Equation_lumped_mg_coarse_ solve converged due to CONVERGED_ITS iterations 1
                                                Linear BackwardEuler-Equation_lumped_mg_coarse_ solve converged due to CONVERGED_ITS iterations 1
                                                Linear BackwardEuler-Equation_lumped_mg_coarse_ solve converged due to CONVERGED_ITS iterations 1
                                                Linear BackwardEuler-Equation_lumped_mg_coarse_ solve converged due to CONVERGED_ITS iterations 1
                                                Linear BackwardEuler-Equation_lumped_mg_coarse_ solve converged due to CONVERGED_ITS iterations 1
                                                Linear BackwardEuler-Equation_lumped_mg_coarse_ solve converged due to CONVERGED_ITS iterations 1
                                                Linear BackwardEuler-Equation_lumped_mg_coarse_ solve converged due to CONVERGED_ITS iterations 1
                                                Linear BackwardEuler-Equation_lumped_mg_coarse_ solve converged due to CONVERGED_ITS iterations 1
                                                Linear BackwardEuler-Equation_lumped_mg_coarse_ solve converged due to CONVERGED_ITS iterations 1
                                                Linear BackwardEuler-Equation_lumped_mg_coarse_ solve converged due to CONVERGED_ITS iterations 1
                                                Linear BackwardEuler-Equation_lumped_mg_coarse_ solve converged due to CONVERGED_ITS iterations 1
                                                Linear BackwardEuler-Equation_lumped_mg_coarse_ solve converged due to CONVERGED_ITS iterations 1
                                                Linear BackwardEuler-Equation_lumped_mg_coarse_ solve converged due to CONVERGED_ITS iterations 1
                                                Linear BackwardEuler-Equation_lumped_mg_coarse_ solve converged due to CONVERGED_ITS iterations 1
                                                Linear BackwardEuler-Equation_lumped_mg_coarse_ solve converged due to CONVERGED_ITS iterations 1
                                                Linear BackwardEuler-Equation_lumped_mg_coarse_ solve converged due to CONVERGED_ITS iterations 1
                                                Linear BackwardEuler-Equation_lumped_mg_coarse_ solve converged due to CONVERGED_ITS iterations 1
                                                Linear BackwardEuler-Equation_lumped_mg_coarse_ solve converged due to CONVERGED_ITS iterations 1
                                                Linear BackwardEuler-Equation_lumped_mg_coarse_ solve converged due to CONVERGED_ITS iterations 1
                                                Linear BackwardEuler-Equation_lumped_mg_coarse_ solve converged due to CONVERGED_ITS iterations 1
                                                Linear BackwardEuler-Equation_lumped_mg_coarse_ solve converged due to CONVERGED_ITS iterations 1
                                                Linear BackwardEuler-Equation_lumped_mg_coarse_ solve converged due to CONVERGED_ITS iterations 1
                                                Linear BackwardEuler-Equation_lumped_mg_coarse_ solve converged due to CONVERGED_ITS iterations 1
                                                Linear BackwardEuler-Equation_lumped_mg_coarse_ solve converged due to CONVERGED_ITS iterations 1
                                                Linear BackwardEuler-Equation_lumped_mg_coarse_ solve converged due to CONVERGED_ITS iterations 1
                                                Linear BackwardEuler-Equation_lumped_mg_coarse_ solve converged due to CONVERGED_ITS iterations 1
                                                Linear BackwardEuler-Equation_lumped_mg_coarse_ solve converged due to CONVERGED_ITS iterations 1
                                                Linear BackwardEuler-Equation_lumped_mg_coarse_ solve converged due to CONVERGED_ITS iterations 1
                                                Linear BackwardEuler-Equation_lumped_mg_coarse_ solve converged due to CONVERGED_ITS iterations 1
                                                Linear BackwardEuler-Equation_lumped_mg_coarse_ solve converged due to CONVERGED_ITS iterations 1
                                                Linear BackwardEuler-Equation_lumped_mg_coarse_ solve converged due to CONVERGED_ITS iterations 1
                                                Linear BackwardEuler-Equation_lumped_mg_coarse_ solve converged due to CONVERGED_ITS iterations 1
                                                Linear BackwardEuler-Equation_lumped_mg_coarse_ solve converged due to CONVERGED_ITS iterations 1
                                                Linear BackwardEuler-Equation_lumped_mg_coarse_ solve converged due to CONVERGED_ITS iterations 1
                                                Linear BackwardEuler-Equation_lumped_mg_coarse_ solve converged due to CONVERGED_ITS iterations 1
                                                Linear BackwardEuler-Equation_lumped_mg_coarse_ solve converged due to CONVERGED_ITS iterations 1
                                                Linear BackwardEuler-Equation_lumped_mg_coarse_ solve converged due to CONVERGED_ITS iterations 1
                                                Linear BackwardEuler-Equation_lumped_mg_coarse_ solve converged due to CONVERGED_ITS iterations 1
                                                Linear BackwardEuler-Equation_lumped_mg_coarse_ solve converged due to CONVERGED_ITS iterations 1
                                                Linear BackwardEuler-Equation_lumped_mg_coarse_ solve converged due to CONVERGED_ITS iterations 1
                                                Linear BackwardEuler-Equation_lumped_mg_coarse_ solve converged due to CONVERGED_ITS iterations 1
                                                Linear BackwardEuler-Equation_lumped_mg_coarse_ solve converged due to CONVERGED_ITS iterations 1
                                                Linear BackwardEuler-Equation_lumped_mg_coarse_ solve converged due to CONVERGED_ITS iterations 1
                                                Linear BackwardEuler-Equation_lumped_mg_coarse_ solve converged due to CONVERGED_ITS iterations 1
                                                Linear BackwardEuler-Equation_lumped_mg_coarse_ solve converged due to CONVERGED_ITS iterations 1
                                                Linear BackwardEuler-Equation_lumped_mg_coarse_ solve converged due to CONVERGED_ITS iterations 1
                                                Linear BackwardEuler-Equation_lumped_mg_coarse_ solve converged due to CONVERGED_ITS iterations 1
                                                Linear BackwardEuler-Equation_lumped_mg_coarse_ solve converged due to CONVERGED_ITS iterations 1
                                                Linear BackwardEuler-Equation_lumped_mg_coarse_ solve converged due to CONVERGED_ITS iterations 1
                                                Linear BackwardEuler-Equation_lumped_mg_coarse_ solve converged due to CONVERGED_ITS iterations 1
                                                Linear BackwardEuler-Equation_lumped_mg_coarse_ solve converged due to CONVERGED_ITS iterations 1
                                                Linear BackwardEuler-Equation_lumped_mg_coarse_ solve converged due to CONVERGED_ITS iterations 1
                                                Linear BackwardEuler-Equation_lumped_mg_coarse_ solve converged due to CONVERGED_ITS iterations 1
                                                Linear BackwardEuler-Equation_lumped_mg_coarse_ solve converged due to CONVERGED_ITS iterations 1
                                                Linear BackwardEuler-Equation_lumped_mg_coarse_ solve converged due to CONVERGED_ITS iterations 1
                                                Linear BackwardEuler-Equation_lumped_mg_coarse_ solve converged due to CONVERGED_ITS iterations 1
                                                Linear BackwardEuler-Equation_lumped_mg_coarse_ solve converged due to CONVERGED_ITS iterations 1
                                                Linear BackwardEuler-Equation_lumped_mg_coarse_ solve converged due to CONVERGED_ITS iterations 1
                                                Linear BackwardEuler-Equation_lumped_mg_coarse_ solve converged due to CONVERGED_ITS iterations 1
                                                Linear BackwardEuler-Equation_lumped_mg_coarse_ solve converged due to CONVERGED_ITS iterations 1
                                                Linear BackwardEuler-Equation_lumped_mg_coarse_ solve converged due to CONVERGED_ITS iterations 1
                                                Linear BackwardEuler-Equation_lumped_mg_coarse_ solve converged due to CONVERGED_ITS iterations 1
                                                Linear BackwardEuler-Equation_lumped_mg_coarse_ solve converged due to CONVERGED_ITS iterations 1
                                                Linear BackwardEuler-Equation_lumped_mg_coarse_ solve converged due to CONVERGED_ITS iterations 1
                                                Linear BackwardEuler-Equation_lumped_mg_coarse_ solve converged due to CONVERGED_ITS iterations 1
                                                Linear BackwardEuler-Equation_lumped_mg_coarse_ solve converged due to CONVERGED_ITS iterations 1
                                                Linear BackwardEuler-Equation_lumped_mg_coarse_ solve converged due to CONVERGED_ITS iterations 1
                                                Linear BackwardEuler-Equation_lumped_mg_coarse_ solve converged due to CONVERGED_ITS iterations 1
                                                Linear BackwardEuler-Equation_lumped_mg_coarse_ solve converged due to CONVERGED_ITS iterations 1
                                                Linear BackwardEuler-Equation_lumped_mg_coarse_ solve converged due to CONVERGED_ITS iterations 1
                                                Linear BackwardEuler-Equation_lumped_mg_coarse_ solve converged due to CONVERGED_ITS iterations 1
                                                Linear BackwardEuler-Equation_lumped_mg_coarse_ solve converged due to CONVERGED_ITS iterations 1
                                                Linear BackwardEuler-Equation_lumped_mg_coarse_ solve converged due to CONVERGED_ITS iterations 1
                                                Linear BackwardEuler-Equation_lumped_mg_coarse_ solve converged due to CONVERGED_ITS iterations 1
                                                Linear BackwardEuler-Equation_lumped_mg_coarse_ solve converged due to CONVERGED_ITS iterations 1
                                                Linear BackwardEuler-Equation_lumped_mg_coarse_ solve converged due to CONVERGED_ITS iterations 1
                                                Linear BackwardEuler-Equation_lumped_mg_coarse_ solve converged due to CONVERGED_ITS iterations 1
                                                Linear BackwardEuler-Equation_lumped_mg_coarse_ solve converged due to CONVERGED_ITS iterations 1
                                                Linear BackwardEuler-Equation_lumped_mg_coarse_ solve converged due to CONVERGED_ITS iterations 1
                                          Linear BackwardEuler-Equation_ solve converged due to CONVERGED_RTOL iterations 81
                                      Mat Object: (BackwardEuler-Equation_) 832 MPI processes
                                        type: mpiaij
                                        rows=143769600, cols=143769600
                                        total: nonzeros=8024555520, allocated nonzeros=8024555520
                                        total number of mallocs used during MatSetValues calls=0
                                          has attached near null space
                                          using I-node (on process 0) routines: found 43680 nodes, limit used is 5
                                        1 SNES Function norm 4.843116063473e-09
                                        Nonlinear BackwardEuler-Equation_ solve converged due to CONVERGED_FNORM_ABS iterations 1
                                      SNES Object: (BackwardEuler-Equation_) 832 MPI processes
                                        type: newtonls
                                        maximum iterations=50, maximum function evaluations=10000
                                        tolerances: relative=1e-08, absolute=1e-08, solution=1e-08
                                        total number of linear solver iterations=81
                                        total number of function evaluations=2
                                        norm schedule ALWAYS
                                        SNESLineSearch Object: (BackwardEuler-Equation_) 832 MPI processes
                                          type: bt
                                            interpolation: cubic
                                            alpha=1.000000e-04
                                          maxlambda=1.000000e+00, minlambda=1.000000e-12
                                          tolerances: relative=1.000000e-08, absolute=1.000000e-15, lambda=1.000000e-08
                                          maximum iterations=40
                                        KSP Object: (BackwardEuler-Equation_) 832 MPI processes
                                          type: fgmres
                                            restart=30, using classical (unmodified) Gram-Schmidt orthogonalization with no iterative refinement
                                            happy breakdown tolerance=1e-30
                                          maximum iterations=200, initial guess is zero
                                          tolerances: relative=1e-06, absolute=1e-50, divergence=10000.
                                          right preconditioning
                                          using UNPRECONDITIONED norm type for convergence test
                                        PC Object: (BackwardEuler-Equation_) 832 MPI processes
                                          type: python
                                            Python: solvers.vlumping.VerticallyLumpedPC
                                          Firedrake custom preconditioner VerticallyLumpedPC
                                            Vertically lumped MG: collapses vertical dimension on coarse level (cf. Kramer et al. 2010)
                                            PC Object: (BackwardEuler-Equation_lumped_) 832 MPI processes
                                              type: mg
                                                type is MULTIPLICATIVE, levels=2 cycles=v
                                                  Cycles per PCApply=1
                                                  Using Galerkin computed coarse grid matrices
                                              Coarse grid solver -- level 0 -------------------------------
                                                KSP Object: (BackwardEuler-Equation_lumped_mg_coarse_) 832 MPI processes
                                                  type: preonly
                                                  maximum iterations=10000, initial guess is zero
                                                  tolerances: relative=1e-05, absolute=1e-50, divergence=10000.
                                                  left preconditioning
                                                  not checking for convergence
                                                PC Object: (BackwardEuler-Equation_lumped_mg_coarse_) 832 MPI processes
                                                  type: lu
                                                    out-of-place factorization
                                                    tolerance for zero pivot 2.22045e-14
                                                    matrix ordering: external
                                                    factor fill ratio given 0., needed 0.
                                                      Factored matrix:
                                                        Mat Object: (BackwardEuler-Equation_lumped_mg_coarse_) 832 MPI processes
                                                          type: mumps
                                                          rows=230400, cols=230400
                                                          package used to perform factorization: mumps
                                                          total: nonzeros=53788864, allocated nonzeros=53788864
                                                            MUMPS run parameters:
                                                              Use -BackwardEuler-Equation_lumped_mg_coarse_ksp_view ::ascii_info_detail to display information for all processes
                                                              RINFOG(1) (global estimated flops for the elimination after analysis): 2.26775e+10
                                                              RINFOG(2) (global estimated flops for the assembly after factorization): 8.43506e+07
                                                              RINFOG(3) (global estimated flops for the elimination after factorization): 2.26775e+10
                                                              (RINFOG(12) RINFOG(13))*2^INFOG(34) (determinant): (0.,0.)*(2^0)
                                                              INFOG(3) (estimated real workspace for factors on all processors after analysis): 156221480
                                                              INFOG(4) (estimated integer workspace for factors on all processors after analysis): 3409438
                                                              INFOG(5) (estimated maximum front size in the complete tree): 1668
                                                              INFOG(6) (number of nodes in the complete tree): 12616
                                                              INFOG(7) (ordering option effectively used after analysis): 5
                                                              INFOG(8) (structural symmetry in percent of the permuted matrix after analysis): -1
                                                              INFOG(9) (total real/complex workspace to store the matrix factors after factorization): 53788864
                                                              INFOG(10) (total integer space store the matrix factors after factorization): 2983281
                                                              INFOG(11) (order of largest frontal matrix after factorization): 1668
                                                              INFOG(12) (number of off-diagonal pivots): 0
                                                              INFOG(13) (number of delayed pivots after factorization): 0
                                                              INFOG(14) (number of memory compress after factorization): 0
                                                              INFOG(15) (number of steps of iterative refinement after solution): 0
                                                              INFOG(16) (estimated size (in MB) of all MUMPS internal data for factorization after analysis: value on the most memory consuming processor): 296
                                                              INFOG(17) (estimated size of all MUMPS internal data for factorization after analysis: sum over all processors): 231120
                                                              INFOG(18) (size of all MUMPS internal data allocated during factorization: value on the most memory consuming processor): 296
                                                              INFOG(19) (size of all MUMPS internal data allocated during factorization: sum over all processors): 231068
                                                              INFOG(20) (estimated number of entries in the factors): 53788864
                                                              INFOG(21) (size in MB of memory effectively used during factorization - value on the most memory consuming processor): 286
                                                              INFOG(22) (size in MB of memory effectively used during factorization - sum over all processors): 225273
                                                              INFOG(23) (after analysis: value of ICNTL(6) effectively used): 0
                                                              INFOG(24) (after analysis: value of ICNTL(12) effectively used): 1
                                                              INFOG(25) (after factorization: number of pivots modified by static pivoting): 0
                                                              INFOG(28) (after factorization: number of null pivots encountered): 0
                                                              INFOG(29) (after factorization: effective number of entries in the factors (sum over all processors)): 53788864
                                                              INFOG(30, 31) (after solution: size in Mbytes of memory used during solution phase): 55, 29409
                                                              INFOG(32) (after analysis: type of analysis done): 1
                                                              INFOG(33) (value used for ICNTL(8)): 7
                                                              INFOG(34) (exponent of the determinant if determinant is requested): 0
                                                              INFOG(35) (after factorization: number of entries taking into account BLR factor compression - sum over all processors): 53788864
                                                              INFOG(36) (after analysis: estimated size of all MUMPS internal data for running BLR in-core - value on the most memory consuming processor): 0
                                                              INFOG(37) (after analysis: estimated size of all MUMPS internal data for running BLR in-core - sum over all processors): 0
                                                              INFOG(38) (after analysis: estimated size of all MUMPS internal data for running BLR out-of-core - value on the most memory consuming processor): 0
                                                              INFOG(39) (after analysis: estimated size of all MUMPS internal data for running BLR out-of-core - sum over all processors): 0
                                                  linear system matrix, which is also used to construct the preconditioner:
                                                  Mat Object: 832 MPI processes
                                                    type: mpiaij
                                                    rows=230400, cols=230400
                                                    total: nonzeros=4592640, allocated nonzeros=4592640
                                                    total number of mallocs used during MatSetValues calls=0
                                                      using nonscalable MatPtAP() implementation
                                                      using I-node (on process 0) routines: found 70 nodes, limit used is 5
                                              Down solver (pre-smoother) on level 1 -------------------------------
                                                KSP Object: (BackwardEuler-Equation_lumped_mg_levels_1_) 832 MPI processes
                                                  type: chebyshev
                                                    Chebyshev polynomial of first kind
                                                    eigenvalue targets used: min 0.178813, max 1.96694
                                                    eigenvalues estimated via gmres: min 0.0298837, max 1.78813
                                                    eigenvalues estimated using gmres with transform: [0. 0.1; 0. 1.1]
                                                    KSP Object: (BackwardEuler-Equation_lumped_mg_levels_1_esteig_) 832 MPI processes
                                                      type: gmres
                                                        restart=30, using classical (unmodified) Gram-Schmidt orthogonalization with no iterative refinement
                                                        happy breakdown tolerance=1e-30
                                                      maximum iterations=10, initial guess is zero
                                                      tolerances: relative=1e-12, absolute=1e-50, divergence=10000.
                                                      left preconditioning
                                                      using PRECONDITIONED norm type for convergence test
                                                    estimating eigenvalues using a noisy random number generated right-hand side
                                                  maximum iterations=2, nonzero initial guess
                                                  tolerances: relative=1e-05, absolute=1e-50, divergence=10000.
                                                  left preconditioning
                                                  not checking for convergence
                                                PC Object: (BackwardEuler-Equation_lumped_mg_levels_1_) 832 MPI processes
                                                  type: sor
                                                    type = local_symmetric, iterations = 1, local iterations = 1, omega = 1.
                                                  linear system matrix, which is also used to construct the preconditioner:
                                                  Mat Object: (BackwardEuler-Equation_) 832 MPI processes
                                                    type: mpiaij
                                                    rows=143769600, cols=143769600
                                                    total: nonzeros=8024555520, allocated nonzeros=8024555520
                                                    total number of mallocs used during MatSetValues calls=0
                                                      has attached near null space
                                                      using I-node (on process 0) routines: found 43680 nodes, limit used is 5
                                              Up solver (post-smoother) same as down solver (pre-smoother)
                                              linear system matrix, which is also used to construct the preconditioner:
                                              Mat Object: (BackwardEuler-Equation_) 832 MPI processes
                                                type: mpiaij
                                                rows=143769600, cols=143769600
                                                total: nonzeros=8024555520, allocated nonzeros=8024555520
                                                total number of mallocs used during MatSetValues calls=0
                                                  has attached near null space
                                                  using I-node (on process 0) routines: found 43680 nodes, limit used is 5
                                            linear system matrix, which is also used to construct the preconditioner:
                                            Mat Object: (BackwardEuler-Equation_) 832 MPI processes
                                              type: mpiaij
                                              rows=143769600, cols=143769600
                                              total: nonzeros=8024555520, allocated nonzeros=8024555520
                                              total number of mallocs used during MatSetValues calls=0
                                                has attached near null space
                                                using I-node (on process 0) routines: found 43680 nodes, limit used is 5
t = 6000.00 s | step 20/30 | wall 38.90 s | NL 1 | L 81
                                          0 SNES Function norm 3.773149530016e-07
                                                  Linear BackwardEuler-Equation_lumped_mg_coarse_ solve converged due to CONVERGED_ITS iterations 1
                                                  Linear BackwardEuler-Equation_lumped_mg_coarse_ solve converged due to CONVERGED_ITS iterations 1
                                                  Linear BackwardEuler-Equation_lumped_mg_coarse_ solve converged due to CONVERGED_ITS iterations 1
                                                  Linear BackwardEuler-Equation_lumped_mg_coarse_ solve converged due to CONVERGED_ITS iterations 1
                                                  Linear BackwardEuler-Equation_lumped_mg_coarse_ solve converged due to CONVERGED_ITS iterations 1
                                                  Linear BackwardEuler-Equation_lumped_mg_coarse_ solve converged due to CONVERGED_ITS iterations 1
                                                  Linear BackwardEuler-Equation_lumped_mg_coarse_ solve converged due to CONVERGED_ITS iterations 1
                                                  Linear BackwardEuler-Equation_lumped_mg_coarse_ solve converged due to CONVERGED_ITS iterations 1
                                                  Linear BackwardEuler-Equation_lumped_mg_coarse_ solve converged due to CONVERGED_ITS iterations 1
                                                  Linear BackwardEuler-Equation_lumped_mg_coarse_ solve converged due to CONVERGED_ITS iterations 1
                                                  Linear BackwardEuler-Equation_lumped_mg_coarse_ solve converged due to CONVERGED_ITS iterations 1
                                                  Linear BackwardEuler-Equation_lumped_mg_coarse_ solve converged due to CONVERGED_ITS iterations 1
                                                  Linear BackwardEuler-Equation_lumped_mg_coarse_ solve converged due to CONVERGED_ITS iterations 1
                                                  Linear BackwardEuler-Equation_lumped_mg_coarse_ solve converged due to CONVERGED_ITS iterations 1
                                                  Linear BackwardEuler-Equation_lumped_mg_coarse_ solve converged due to CONVERGED_ITS iterations 1
                                                  Linear BackwardEuler-Equation_lumped_mg_coarse_ solve converged due to CONVERGED_ITS iterations 1
                                                  Linear BackwardEuler-Equation_lumped_mg_coarse_ solve converged due to CONVERGED_ITS iterations 1
                                                  Linear BackwardEuler-Equation_lumped_mg_coarse_ solve converged due to CONVERGED_ITS iterations 1
                                                  Linear BackwardEuler-Equation_lumped_mg_coarse_ solve converged due to CONVERGED_ITS iterations 1
                                                  Linear BackwardEuler-Equation_lumped_mg_coarse_ solve converged due to CONVERGED_ITS iterations 1
                                                  Linear BackwardEuler-Equation_lumped_mg_coarse_ solve converged due to CONVERGED_ITS iterations 1
                                                  Linear BackwardEuler-Equation_lumped_mg_coarse_ solve converged due to CONVERGED_ITS iterations 1
                                                  Linear BackwardEuler-Equation_lumped_mg_coarse_ solve converged due to CONVERGED_ITS iterations 1
                                                  Linear BackwardEuler-Equation_lumped_mg_coarse_ solve converged due to CONVERGED_ITS iterations 1
                                                  Linear BackwardEuler-Equation_lumped_mg_coarse_ solve converged due to CONVERGED_ITS iterations 1
                                                  Linear BackwardEuler-Equation_lumped_mg_coarse_ solve converged due to CONVERGED_ITS iterations 1
                                                  Linear BackwardEuler-Equation_lumped_mg_coarse_ solve converged due to CONVERGED_ITS iterations 1
                                                  Linear BackwardEuler-Equation_lumped_mg_coarse_ solve converged due to CONVERGED_ITS iterations 1
                                                  Linear BackwardEuler-Equation_lumped_mg_coarse_ solve converged due to CONVERGED_ITS iterations 1
                                                  Linear BackwardEuler-Equation_lumped_mg_coarse_ solve converged due to CONVERGED_ITS iterations 1
                                                  Linear BackwardEuler-Equation_lumped_mg_coarse_ solve converged due to CONVERGED_ITS iterations 1
                                                  Linear BackwardEuler-Equation_lumped_mg_coarse_ solve converged due to CONVERGED_ITS iterations 1
                                                  Linear BackwardEuler-Equation_lumped_mg_coarse_ solve converged due to CONVERGED_ITS iterations 1
                                                  Linear BackwardEuler-Equation_lumped_mg_coarse_ solve converged due to CONVERGED_ITS iterations 1
                                                  Linear BackwardEuler-Equation_lumped_mg_coarse_ solve converged due to CONVERGED_ITS iterations 1
                                                  Linear BackwardEuler-Equation_lumped_mg_coarse_ solve converged due to CONVERGED_ITS iterations 1
                                                  Linear BackwardEuler-Equation_lumped_mg_coarse_ solve converged due to CONVERGED_ITS iterations 1
                                                  Linear BackwardEuler-Equation_lumped_mg_coarse_ solve converged due to CONVERGED_ITS iterations 1
                                                  Linear BackwardEuler-Equation_lumped_mg_coarse_ solve converged due to CONVERGED_ITS iterations 1
                                                  Linear BackwardEuler-Equation_lumped_mg_coarse_ solve converged due to CONVERGED_ITS iterations 1
                                                  Linear BackwardEuler-Equation_lumped_mg_coarse_ solve converged due to CONVERGED_ITS iterations 1
                                                  Linear BackwardEuler-Equation_lumped_mg_coarse_ solve converged due to CONVERGED_ITS iterations 1
                                                  Linear BackwardEuler-Equation_lumped_mg_coarse_ solve converged due to CONVERGED_ITS iterations 1
                                                  Linear BackwardEuler-Equation_lumped_mg_coarse_ solve converged due to CONVERGED_ITS iterations 1
                                                  Linear BackwardEuler-Equation_lumped_mg_coarse_ solve converged due to CONVERGED_ITS iterations 1
                                                  Linear BackwardEuler-Equation_lumped_mg_coarse_ solve converged due to CONVERGED_ITS iterations 1
                                                  Linear BackwardEuler-Equation_lumped_mg_coarse_ solve converged due to CONVERGED_ITS iterations 1
                                                  Linear BackwardEuler-Equation_lumped_mg_coarse_ solve converged due to CONVERGED_ITS iterations 1
                                                  Linear BackwardEuler-Equation_lumped_mg_coarse_ solve converged due to CONVERGED_ITS iterations 1
                                                  Linear BackwardEuler-Equation_lumped_mg_coarse_ solve converged due to CONVERGED_ITS iterations 1
                                                  Linear BackwardEuler-Equation_lumped_mg_coarse_ solve converged due to CONVERGED_ITS iterations 1
                                                  Linear BackwardEuler-Equation_lumped_mg_coarse_ solve converged due to CONVERGED_ITS iterations 1
                                                  Linear BackwardEuler-Equation_lumped_mg_coarse_ solve converged due to CONVERGED_ITS iterations 1
                                                  Linear BackwardEuler-Equation_lumped_mg_coarse_ solve converged due to CONVERGED_ITS iterations 1
                                                  Linear BackwardEuler-Equation_lumped_mg_coarse_ solve converged due to CONVERGED_ITS iterations 1
                                                  Linear BackwardEuler-Equation_lumped_mg_coarse_ solve converged due to CONVERGED_ITS iterations 1
                                                  Linear BackwardEuler-Equation_lumped_mg_coarse_ solve converged due to CONVERGED_ITS iterations 1
                                                  Linear BackwardEuler-Equation_lumped_mg_coarse_ solve converged due to CONVERGED_ITS iterations 1
                                                  Linear BackwardEuler-Equation_lumped_mg_coarse_ solve converged due to CONVERGED_ITS iterations 1
                                                  Linear BackwardEuler-Equation_lumped_mg_coarse_ solve converged due to CONVERGED_ITS iterations 1
                                                  Linear BackwardEuler-Equation_lumped_mg_coarse_ solve converged due to CONVERGED_ITS iterations 1
                                                  Linear BackwardEuler-Equation_lumped_mg_coarse_ solve converged due to CONVERGED_ITS iterations 1
                                                  Linear BackwardEuler-Equation_lumped_mg_coarse_ solve converged due to CONVERGED_ITS iterations 1
                                                  Linear BackwardEuler-Equation_lumped_mg_coarse_ solve converged due to CONVERGED_ITS iterations 1
                                                  Linear BackwardEuler-Equation_lumped_mg_coarse_ solve converged due to CONVERGED_ITS iterations 1
                                                  Linear BackwardEuler-Equation_lumped_mg_coarse_ solve converged due to CONVERGED_ITS iterations 1
                                                  Linear BackwardEuler-Equation_lumped_mg_coarse_ solve converged due to CONVERGED_ITS iterations 1
                                                  Linear BackwardEuler-Equation_lumped_mg_coarse_ solve converged due to CONVERGED_ITS iterations 1
                                                  Linear BackwardEuler-Equation_lumped_mg_coarse_ solve converged due to CONVERGED_ITS iterations 1
                                                  Linear BackwardEuler-Equation_lumped_mg_coarse_ solve converged due to CONVERGED_ITS iterations 1
                                                  Linear BackwardEuler-Equation_lumped_mg_coarse_ solve converged due to CONVERGED_ITS iterations 1
                                                  Linear BackwardEuler-Equation_lumped_mg_coarse_ solve converged due to CONVERGED_ITS iterations 1
                                                  Linear BackwardEuler-Equation_lumped_mg_coarse_ solve converged due to CONVERGED_ITS iterations 1
                                                  Linear BackwardEuler-Equation_lumped_mg_coarse_ solve converged due to CONVERGED_ITS iterations 1
                                                  Linear BackwardEuler-Equation_lumped_mg_coarse_ solve converged due to CONVERGED_ITS iterations 1
                                                  Linear BackwardEuler-Equation_lumped_mg_coarse_ solve converged due to CONVERGED_ITS iterations 1
                                                  Linear BackwardEuler-Equation_lumped_mg_coarse_ solve converged due to CONVERGED_ITS iterations 1
                                                  Linear BackwardEuler-Equation_lumped_mg_coarse_ solve converged due to CONVERGED_ITS iterations 1
                                                  Linear BackwardEuler-Equation_lumped_mg_coarse_ solve converged due to CONVERGED_ITS iterations 1
                                                  Linear BackwardEuler-Equation_lumped_mg_coarse_ solve converged due to CONVERGED_ITS iterations 1
                                                  Linear BackwardEuler-Equation_lumped_mg_coarse_ solve converged due to CONVERGED_ITS iterations 1
                                            Linear BackwardEuler-Equation_ solve converged due to CONVERGED_RTOL iterations 81
                                        Mat Object: (BackwardEuler-Equation_) 832 MPI processes
                                          type: mpiaij
                                          rows=143769600, cols=143769600
                                          total: nonzeros=8024555520, allocated nonzeros=8024555520
                                          total number of mallocs used during MatSetValues calls=0
                                            has attached near null space
                                            using I-node (on process 0) routines: found 43680 nodes, limit used is 5
                                          1 SNES Function norm 4.755553030377e-09
                                          Nonlinear BackwardEuler-Equation_ solve converged due to CONVERGED_FNORM_ABS iterations 1
                                        SNES Object: (BackwardEuler-Equation_) 832 MPI processes
                                          type: newtonls
                                          maximum iterations=50, maximum function evaluations=10000
                                          tolerances: relative=1e-08, absolute=1e-08, solution=1e-08
                                          total number of linear solver iterations=81
                                          total number of function evaluations=2
                                          norm schedule ALWAYS
                                          SNESLineSearch Object: (BackwardEuler-Equation_) 832 MPI processes
                                            type: bt
                                              interpolation: cubic
                                              alpha=1.000000e-04
                                            maxlambda=1.000000e+00, minlambda=1.000000e-12
                                            tolerances: relative=1.000000e-08, absolute=1.000000e-15, lambda=1.000000e-08
                                            maximum iterations=40
                                          KSP Object: (BackwardEuler-Equation_) 832 MPI processes
                                            type: fgmres
                                              restart=30, using classical (unmodified) Gram-Schmidt orthogonalization with no iterative refinement
                                              happy breakdown tolerance=1e-30
                                            maximum iterations=200, initial guess is zero
                                            tolerances: relative=1e-06, absolute=1e-50, divergence=10000.
                                            right preconditioning
                                            using UNPRECONDITIONED norm type for convergence test
                                          PC Object: (BackwardEuler-Equation_) 832 MPI processes
                                            type: python
                                              Python: solvers.vlumping.VerticallyLumpedPC
                                            Firedrake custom preconditioner VerticallyLumpedPC
                                              Vertically lumped MG: collapses vertical dimension on coarse level (cf. Kramer et al. 2010)
                                              PC Object: (BackwardEuler-Equation_lumped_) 832 MPI processes
                                                type: mg
                                                  type is MULTIPLICATIVE, levels=2 cycles=v
                                                    Cycles per PCApply=1
                                                    Using Galerkin computed coarse grid matrices
                                                Coarse grid solver -- level 0 -------------------------------
                                                  KSP Object: (BackwardEuler-Equation_lumped_mg_coarse_) 832 MPI processes
                                                    type: preonly
                                                    maximum iterations=10000, initial guess is zero
                                                    tolerances: relative=1e-05, absolute=1e-50, divergence=10000.
                                                    left preconditioning
                                                    not checking for convergence
                                                  PC Object: (BackwardEuler-Equation_lumped_mg_coarse_) 832 MPI processes
                                                    type: lu
                                                      out-of-place factorization
                                                      tolerance for zero pivot 2.22045e-14
                                                      matrix ordering: external
                                                      factor fill ratio given 0., needed 0.
                                                        Factored matrix:
                                                          Mat Object: (BackwardEuler-Equation_lumped_mg_coarse_) 832 MPI processes
                                                            type: mumps
                                                            rows=230400, cols=230400
                                                            package used to perform factorization: mumps
                                                            total: nonzeros=53788864, allocated nonzeros=53788864
                                                              MUMPS run parameters:
                                                                Use -BackwardEuler-Equation_lumped_mg_coarse_ksp_view ::ascii_info_detail to display information for all processes
                                                                RINFOG(1) (global estimated flops for the elimination after analysis): 2.26775e+10
                                                                RINFOG(2) (global estimated flops for the assembly after factorization): 8.43506e+07
                                                                RINFOG(3) (global estimated flops for the elimination after factorization): 2.26775e+10
                                                                (RINFOG(12) RINFOG(13))*2^INFOG(34) (determinant): (0.,0.)*(2^0)
                                                                INFOG(3) (estimated real workspace for factors on all processors after analysis): 156221480
                                                                INFOG(4) (estimated integer workspace for factors on all processors after analysis): 3409438
                                                                INFOG(5) (estimated maximum front size in the complete tree): 1668
                                                                INFOG(6) (number of nodes in the complete tree): 12616
                                                                INFOG(7) (ordering option effectively used after analysis): 5
                                                                INFOG(8) (structural symmetry in percent of the permuted matrix after analysis): -1
                                                                INFOG(9) (total real/complex workspace to store the matrix factors after factorization): 53788864
                                                                INFOG(10) (total integer space store the matrix factors after factorization): 2983281
                                                                INFOG(11) (order of largest frontal matrix after factorization): 1668
                                                                INFOG(12) (number of off-diagonal pivots): 0
                                                                INFOG(13) (number of delayed pivots after factorization): 0
                                                                INFOG(14) (number of memory compress after factorization): 0
                                                                INFOG(15) (number of steps of iterative refinement after solution): 0
                                                                INFOG(16) (estimated size (in MB) of all MUMPS internal data for factorization after analysis: value on the most memory consuming processor): 296
                                                                INFOG(17) (estimated size of all MUMPS internal data for factorization after analysis: sum over all processors): 231120
                                                                INFOG(18) (size of all MUMPS internal data allocated during factorization: value on the most memory consuming processor): 296
                                                                INFOG(19) (size of all MUMPS internal data allocated during factorization: sum over all processors): 231068
                                                                INFOG(20) (estimated number of entries in the factors): 53788864
                                                                INFOG(21) (size in MB of memory effectively used during factorization - value on the most memory consuming processor): 286
                                                                INFOG(22) (size in MB of memory effectively used during factorization - sum over all processors): 225276
                                                                INFOG(23) (after analysis: value of ICNTL(6) effectively used): 0
                                                                INFOG(24) (after analysis: value of ICNTL(12) effectively used): 1
                                                                INFOG(25) (after factorization: number of pivots modified by static pivoting): 0
                                                                INFOG(28) (after factorization: number of null pivots encountered): 0
                                                                INFOG(29) (after factorization: effective number of entries in the factors (sum over all processors)): 53788864
                                                                INFOG(30, 31) (after solution: size in Mbytes of memory used during solution phase): 55, 29409
                                                                INFOG(32) (after analysis: type of analysis done): 1
                                                                INFOG(33) (value used for ICNTL(8)): 7
                                                                INFOG(34) (exponent of the determinant if determinant is requested): 0
                                                                INFOG(35) (after factorization: number of entries taking into account BLR factor compression - sum over all processors): 53788864
                                                                INFOG(36) (after analysis: estimated size of all MUMPS internal data for running BLR in-core - value on the most memory consuming processor): 0
                                                                INFOG(37) (after analysis: estimated size of all MUMPS internal data for running BLR in-core - sum over all processors): 0
                                                                INFOG(38) (after analysis: estimated size of all MUMPS internal data for running BLR out-of-core - value on the most memory consuming processor): 0
                                                                INFOG(39) (after analysis: estimated size of all MUMPS internal data for running BLR out-of-core - sum over all processors): 0
                                                    linear system matrix, which is also used to construct the preconditioner:
                                                    Mat Object: 832 MPI processes
                                                      type: mpiaij
                                                      rows=230400, cols=230400
                                                      total: nonzeros=4592640, allocated nonzeros=4592640
                                                      total number of mallocs used during MatSetValues calls=0
                                                        using nonscalable MatPtAP() implementation
                                                        using I-node (on process 0) routines: found 70 nodes, limit used is 5
                                                Down solver (pre-smoother) on level 1 -------------------------------
                                                  KSP Object: (BackwardEuler-Equation_lumped_mg_levels_1_) 832 MPI processes
                                                    type: chebyshev
                                                      Chebyshev polynomial of first kind
                                                      eigenvalue targets used: min 0.178813, max 1.96694
                                                      eigenvalues estimated via gmres: min 0.0298847, max 1.78813
                                                      eigenvalues estimated using gmres with transform: [0. 0.1; 0. 1.1]
                                                      KSP Object: (BackwardEuler-Equation_lumped_mg_levels_1_esteig_) 832 MPI processes
                                                        type: gmres
                                                          restart=30, using classical (unmodified) Gram-Schmidt orthogonalization with no iterative refinement
                                                          happy breakdown tolerance=1e-30
                                                        maximum iterations=10, initial guess is zero
                                                        tolerances: relative=1e-12, absolute=1e-50, divergence=10000.
                                                        left preconditioning
                                                        using PRECONDITIONED norm type for convergence test
                                                      estimating eigenvalues using a noisy random number generated right-hand side
                                                    maximum iterations=2, nonzero initial guess
                                                    tolerances: relative=1e-05, absolute=1e-50, divergence=10000.
                                                    left preconditioning
                                                    not checking for convergence
                                                  PC Object: (BackwardEuler-Equation_lumped_mg_levels_1_) 832 MPI processes
                                                    type: sor
                                                      type = local_symmetric, iterations = 1, local iterations = 1, omega = 1.
                                                    linear system matrix, which is also used to construct the preconditioner:
                                                    Mat Object: (BackwardEuler-Equation_) 832 MPI processes
                                                      type: mpiaij
                                                      rows=143769600, cols=143769600
                                                      total: nonzeros=8024555520, allocated nonzeros=8024555520
                                                      total number of mallocs used during MatSetValues calls=0
                                                        has attached near null space
                                                        using I-node (on process 0) routines: found 43680 nodes, limit used is 5
                                                Up solver (post-smoother) same as down solver (pre-smoother)
                                                linear system matrix, which is also used to construct the preconditioner:
                                                Mat Object: (BackwardEuler-Equation_) 832 MPI processes
                                                  type: mpiaij
                                                  rows=143769600, cols=143769600
                                                  total: nonzeros=8024555520, allocated nonzeros=8024555520
                                                  total number of mallocs used during MatSetValues calls=0
                                                    has attached near null space
                                                    using I-node (on process 0) routines: found 43680 nodes, limit used is 5
                                              linear system matrix, which is also used to construct the preconditioner:
                                              Mat Object: (BackwardEuler-Equation_) 832 MPI processes
                                                type: mpiaij
                                                rows=143769600, cols=143769600
                                                total: nonzeros=8024555520, allocated nonzeros=8024555520
                                                total number of mallocs used during MatSetValues calls=0
                                                  has attached near null space
                                                  using I-node (on process 0) routines: found 43680 nodes, limit used is 5
t = 6300.00 s | step 21/30 | wall 38.61 s | NL 1 | L 81
                                            0 SNES Function norm 3.747123051767e-07
                                                    Linear BackwardEuler-Equation_lumped_mg_coarse_ solve converged due to CONVERGED_ITS iterations 1
                                                    Linear BackwardEuler-Equation_lumped_mg_coarse_ solve converged due to CONVERGED_ITS iterations 1
                                                    Linear BackwardEuler-Equation_lumped_mg_coarse_ solve converged due to CONVERGED_ITS iterations 1
                                                    Linear BackwardEuler-Equation_lumped_mg_coarse_ solve converged due to CONVERGED_ITS iterations 1
                                                    Linear BackwardEuler-Equation_lumped_mg_coarse_ solve converged due to CONVERGED_ITS iterations 1
                                                    Linear BackwardEuler-Equation_lumped_mg_coarse_ solve converged due to CONVERGED_ITS iterations 1
                                                    Linear BackwardEuler-Equation_lumped_mg_coarse_ solve converged due to CONVERGED_ITS iterations 1
                                                    Linear BackwardEuler-Equation_lumped_mg_coarse_ solve converged due to CONVERGED_ITS iterations 1
                                                    Linear BackwardEuler-Equation_lumped_mg_coarse_ solve converged due to CONVERGED_ITS iterations 1
                                                    Linear BackwardEuler-Equation_lumped_mg_coarse_ solve converged due to CONVERGED_ITS iterations 1
                                                    Linear BackwardEuler-Equation_lumped_mg_coarse_ solve converged due to CONVERGED_ITS iterations 1
                                                    Linear BackwardEuler-Equation_lumped_mg_coarse_ solve converged due to CONVERGED_ITS iterations 1
                                                    Linear BackwardEuler-Equation_lumped_mg_coarse_ solve converged due to CONVERGED_ITS iterations 1
                                                    Linear BackwardEuler-Equation_lumped_mg_coarse_ solve converged due to CONVERGED_ITS iterations 1
                                                    Linear BackwardEuler-Equation_lumped_mg_coarse_ solve converged due to CONVERGED_ITS iterations 1
                                                    Linear BackwardEuler-Equation_lumped_mg_coarse_ solve converged due to CONVERGED_ITS iterations 1
                                                    Linear BackwardEuler-Equation_lumped_mg_coarse_ solve converged due to CONVERGED_ITS iterations 1
                                                    Linear BackwardEuler-Equation_lumped_mg_coarse_ solve converged due to CONVERGED_ITS iterations 1
                                                    Linear BackwardEuler-Equation_lumped_mg_coarse_ solve converged due to CONVERGED_ITS iterations 1
                                                    Linear BackwardEuler-Equation_lumped_mg_coarse_ solve converged due to CONVERGED_ITS iterations 1
                                                    Linear BackwardEuler-Equation_lumped_mg_coarse_ solve converged due to CONVERGED_ITS iterations 1
                                                    Linear BackwardEuler-Equation_lumped_mg_coarse_ solve converged due to CONVERGED_ITS iterations 1
                                                    Linear BackwardEuler-Equation_lumped_mg_coarse_ solve converged due to CONVERGED_ITS iterations 1
                                                    Linear BackwardEuler-Equation_lumped_mg_coarse_ solve converged due to CONVERGED_ITS iterations 1
                                                    Linear BackwardEuler-Equation_lumped_mg_coarse_ solve converged due to CONVERGED_ITS iterations 1
                                                    Linear BackwardEuler-Equation_lumped_mg_coarse_ solve converged due to CONVERGED_ITS iterations 1
                                                    Linear BackwardEuler-Equation_lumped_mg_coarse_ solve converged due to CONVERGED_ITS iterations 1
                                                    Linear BackwardEuler-Equation_lumped_mg_coarse_ solve converged due to CONVERGED_ITS iterations 1
                                                    Linear BackwardEuler-Equation_lumped_mg_coarse_ solve converged due to CONVERGED_ITS iterations 1
                                                    Linear BackwardEuler-Equation_lumped_mg_coarse_ solve converged due to CONVERGED_ITS iterations 1
                                                    Linear BackwardEuler-Equation_lumped_mg_coarse_ solve converged due to CONVERGED_ITS iterations 1
                                                    Linear BackwardEuler-Equation_lumped_mg_coarse_ solve converged due to CONVERGED_ITS iterations 1
                                                    Linear BackwardEuler-Equation_lumped_mg_coarse_ solve converged due to CONVERGED_ITS iterations 1
                                                    Linear BackwardEuler-Equation_lumped_mg_coarse_ solve converged due to CONVERGED_ITS iterations 1
                                                    Linear BackwardEuler-Equation_lumped_mg_coarse_ solve converged due to CONVERGED_ITS iterations 1
                                                    Linear BackwardEuler-Equation_lumped_mg_coarse_ solve converged due to CONVERGED_ITS iterations 1
                                                    Linear BackwardEuler-Equation_lumped_mg_coarse_ solve converged due to CONVERGED_ITS iterations 1
                                                    Linear BackwardEuler-Equation_lumped_mg_coarse_ solve converged due to CONVERGED_ITS iterations 1
                                                    Linear BackwardEuler-Equation_lumped_mg_coarse_ solve converged due to CONVERGED_ITS iterations 1
                                                    Linear BackwardEuler-Equation_lumped_mg_coarse_ solve converged due to CONVERGED_ITS iterations 1
                                                    Linear BackwardEuler-Equation_lumped_mg_coarse_ solve converged due to CONVERGED_ITS iterations 1
                                                    Linear BackwardEuler-Equation_lumped_mg_coarse_ solve converged due to CONVERGED_ITS iterations 1
                                                    Linear BackwardEuler-Equation_lumped_mg_coarse_ solve converged due to CONVERGED_ITS iterations 1
                                                    Linear BackwardEuler-Equation_lumped_mg_coarse_ solve converged due to CONVERGED_ITS iterations 1
                                                    Linear BackwardEuler-Equation_lumped_mg_coarse_ solve converged due to CONVERGED_ITS iterations 1
                                                    Linear BackwardEuler-Equation_lumped_mg_coarse_ solve converged due to CONVERGED_ITS iterations 1
                                                    Linear BackwardEuler-Equation_lumped_mg_coarse_ solve converged due to CONVERGED_ITS iterations 1
                                                    Linear BackwardEuler-Equation_lumped_mg_coarse_ solve converged due to CONVERGED_ITS iterations 1
                                                    Linear BackwardEuler-Equation_lumped_mg_coarse_ solve converged due to CONVERGED_ITS iterations 1
                                                    Linear BackwardEuler-Equation_lumped_mg_coarse_ solve converged due to CONVERGED_ITS iterations 1
                                                    Linear BackwardEuler-Equation_lumped_mg_coarse_ solve converged due to CONVERGED_ITS iterations 1
                                                    Linear BackwardEuler-Equation_lumped_mg_coarse_ solve converged due to CONVERGED_ITS iterations 1
                                                    Linear BackwardEuler-Equation_lumped_mg_coarse_ solve converged due to CONVERGED_ITS iterations 1
                                                    Linear BackwardEuler-Equation_lumped_mg_coarse_ solve converged due to CONVERGED_ITS iterations 1
                                                    Linear BackwardEuler-Equation_lumped_mg_coarse_ solve converged due to CONVERGED_ITS iterations 1
                                                    Linear BackwardEuler-Equation_lumped_mg_coarse_ solve converged due to CONVERGED_ITS iterations 1
                                                    Linear BackwardEuler-Equation_lumped_mg_coarse_ solve converged due to CONVERGED_ITS iterations 1
                                                    Linear BackwardEuler-Equation_lumped_mg_coarse_ solve converged due to CONVERGED_ITS iterations 1
                                                    Linear BackwardEuler-Equation_lumped_mg_coarse_ solve converged due to CONVERGED_ITS iterations 1
                                                    Linear BackwardEuler-Equation_lumped_mg_coarse_ solve converged due to CONVERGED_ITS iterations 1
                                                    Linear BackwardEuler-Equation_lumped_mg_coarse_ solve converged due to CONVERGED_ITS iterations 1
                                                    Linear BackwardEuler-Equation_lumped_mg_coarse_ solve converged due to CONVERGED_ITS iterations 1
                                                    Linear BackwardEuler-Equation_lumped_mg_coarse_ solve converged due to CONVERGED_ITS iterations 1
                                                    Linear BackwardEuler-Equation_lumped_mg_coarse_ solve converged due to CONVERGED_ITS iterations 1
                                                    Linear BackwardEuler-Equation_lumped_mg_coarse_ solve converged due to CONVERGED_ITS iterations 1
                                                    Linear BackwardEuler-Equation_lumped_mg_coarse_ solve converged due to CONVERGED_ITS iterations 1
                                                    Linear BackwardEuler-Equation_lumped_mg_coarse_ solve converged due to CONVERGED_ITS iterations 1
                                                    Linear BackwardEuler-Equation_lumped_mg_coarse_ solve converged due to CONVERGED_ITS iterations 1
                                                    Linear BackwardEuler-Equation_lumped_mg_coarse_ solve converged due to CONVERGED_ITS iterations 1
                                                    Linear BackwardEuler-Equation_lumped_mg_coarse_ solve converged due to CONVERGED_ITS iterations 1
                                                    Linear BackwardEuler-Equation_lumped_mg_coarse_ solve converged due to CONVERGED_ITS iterations 1
                                                    Linear BackwardEuler-Equation_lumped_mg_coarse_ solve converged due to CONVERGED_ITS iterations 1
                                                    Linear BackwardEuler-Equation_lumped_mg_coarse_ solve converged due to CONVERGED_ITS iterations 1
                                                    Linear BackwardEuler-Equation_lumped_mg_coarse_ solve converged due to CONVERGED_ITS iterations 1
                                                    Linear BackwardEuler-Equation_lumped_mg_coarse_ solve converged due to CONVERGED_ITS iterations 1
                                                    Linear BackwardEuler-Equation_lumped_mg_coarse_ solve converged due to CONVERGED_ITS iterations 1
                                                    Linear BackwardEuler-Equation_lumped_mg_coarse_ solve converged due to CONVERGED_ITS iterations 1
                                                    Linear BackwardEuler-Equation_lumped_mg_coarse_ solve converged due to CONVERGED_ITS iterations 1
                                                    Linear BackwardEuler-Equation_lumped_mg_coarse_ solve converged due to CONVERGED_ITS iterations 1
                                                    Linear BackwardEuler-Equation_lumped_mg_coarse_ solve converged due to CONVERGED_ITS iterations 1
                                                    Linear BackwardEuler-Equation_lumped_mg_coarse_ solve converged due to CONVERGED_ITS iterations 1
                                                    Linear BackwardEuler-Equation_lumped_mg_coarse_ solve converged due to CONVERGED_ITS iterations 1
                                              Linear BackwardEuler-Equation_ solve converged due to CONVERGED_RTOL iterations 82
                                          Mat Object: (BackwardEuler-Equation_) 832 MPI processes
                                            type: mpiaij
                                            rows=143769600, cols=143769600
                                            total: nonzeros=8024555520, allocated nonzeros=8024555520
                                            total number of mallocs used during MatSetValues calls=0
                                              has attached near null space
                                              using I-node (on process 0) routines: found 43680 nodes, limit used is 5
                                            1 SNES Function norm 4.676921506062e-09
                                            Nonlinear BackwardEuler-Equation_ solve converged due to CONVERGED_FNORM_ABS iterations 1
                                          SNES Object: (BackwardEuler-Equation_) 832 MPI processes
                                            type: newtonls
                                            maximum iterations=50, maximum function evaluations=10000
                                            tolerances: relative=1e-08, absolute=1e-08, solution=1e-08
                                            total number of linear solver iterations=82
                                            total number of function evaluations=2
                                            norm schedule ALWAYS
                                            SNESLineSearch Object: (BackwardEuler-Equation_) 832 MPI processes
                                              type: bt
                                                interpolation: cubic
                                                alpha=1.000000e-04
                                              maxlambda=1.000000e+00, minlambda=1.000000e-12
                                              tolerances: relative=1.000000e-08, absolute=1.000000e-15, lambda=1.000000e-08
                                              maximum iterations=40
                                            KSP Object: (BackwardEuler-Equation_) 832 MPI processes
                                              type: fgmres
                                                restart=30, using classical (unmodified) Gram-Schmidt orthogonalization with no iterative refinement
                                                happy breakdown tolerance=1e-30
                                              maximum iterations=200, initial guess is zero
                                              tolerances: relative=1e-06, absolute=1e-50, divergence=10000.
                                              right preconditioning
                                              using UNPRECONDITIONED norm type for convergence test
                                            PC Object: (BackwardEuler-Equation_) 832 MPI processes
                                              type: python
                                                Python: solvers.vlumping.VerticallyLumpedPC
                                              Firedrake custom preconditioner VerticallyLumpedPC
                                                Vertically lumped MG: collapses vertical dimension on coarse level (cf. Kramer et al. 2010)
                                                PC Object: (BackwardEuler-Equation_lumped_) 832 MPI processes
                                                  type: mg
                                                    type is MULTIPLICATIVE, levels=2 cycles=v
                                                      Cycles per PCApply=1
                                                      Using Galerkin computed coarse grid matrices
                                                  Coarse grid solver -- level 0 -------------------------------
                                                    KSP Object: (BackwardEuler-Equation_lumped_mg_coarse_) 832 MPI processes
                                                      type: preonly
                                                      maximum iterations=10000, initial guess is zero
                                                      tolerances: relative=1e-05, absolute=1e-50, divergence=10000.
                                                      left preconditioning
                                                      not checking for convergence
                                                    PC Object: (BackwardEuler-Equation_lumped_mg_coarse_) 832 MPI processes
                                                      type: lu
                                                        out-of-place factorization
                                                        tolerance for zero pivot 2.22045e-14
                                                        matrix ordering: external
                                                        factor fill ratio given 0., needed 0.
                                                          Factored matrix:
                                                            Mat Object: (BackwardEuler-Equation_lumped_mg_coarse_) 832 MPI processes
                                                              type: mumps
                                                              rows=230400, cols=230400
                                                              package used to perform factorization: mumps
                                                              total: nonzeros=53788864, allocated nonzeros=53788864
                                                                MUMPS run parameters:
                                                                  Use -BackwardEuler-Equation_lumped_mg_coarse_ksp_view ::ascii_info_detail to display information for all processes
                                                                  RINFOG(1) (global estimated flops for the elimination after analysis): 2.26775e+10
                                                                  RINFOG(2) (global estimated flops for the assembly after factorization): 8.43506e+07
                                                                  RINFOG(3) (global estimated flops for the elimination after factorization): 2.26775e+10
                                                                  (RINFOG(12) RINFOG(13))*2^INFOG(34) (determinant): (0.,0.)*(2^0)
                                                                  INFOG(3) (estimated real workspace for factors on all processors after analysis): 156221480
                                                                  INFOG(4) (estimated integer workspace for factors on all processors after analysis): 3409438
                                                                  INFOG(5) (estimated maximum front size in the complete tree): 1668
                                                                  INFOG(6) (number of nodes in the complete tree): 12616
                                                                  INFOG(7) (ordering option effectively used after analysis): 5
                                                                  INFOG(8) (structural symmetry in percent of the permuted matrix after analysis): -1
                                                                  INFOG(9) (total real/complex workspace to store the matrix factors after factorization): 53788864
                                                                  INFOG(10) (total integer space store the matrix factors after factorization): 2983281
                                                                  INFOG(11) (order of largest frontal matrix after factorization): 1668
                                                                  INFOG(12) (number of off-diagonal pivots): 0
                                                                  INFOG(13) (number of delayed pivots after factorization): 0
                                                                  INFOG(14) (number of memory compress after factorization): 0
                                                                  INFOG(15) (number of steps of iterative refinement after solution): 0
                                                                  INFOG(16) (estimated size (in MB) of all MUMPS internal data for factorization after analysis: value on the most memory consuming processor): 296
                                                                  INFOG(17) (estimated size of all MUMPS internal data for factorization after analysis: sum over all processors): 231120
                                                                  INFOG(18) (size of all MUMPS internal data allocated during factorization: value on the most memory consuming processor): 296
                                                                  INFOG(19) (size of all MUMPS internal data allocated during factorization: sum over all processors): 231068
                                                                  INFOG(20) (estimated number of entries in the factors): 53788864
                                                                  INFOG(21) (size in MB of memory effectively used during factorization - value on the most memory consuming processor): 286
                                                                  INFOG(22) (size in MB of memory effectively used during factorization - sum over all processors): 225272
                                                                  INFOG(23) (after analysis: value of ICNTL(6) effectively used): 0
                                                                  INFOG(24) (after analysis: value of ICNTL(12) effectively used): 1
                                                                  INFOG(25) (after factorization: number of pivots modified by static pivoting): 0
                                                                  INFOG(28) (after factorization: number of null pivots encountered): 0
                                                                  INFOG(29) (after factorization: effective number of entries in the factors (sum over all processors)): 53788864
                                                                  INFOG(30, 31) (after solution: size in Mbytes of memory used during solution phase): 55, 29409
                                                                  INFOG(32) (after analysis: type of analysis done): 1
                                                                  INFOG(33) (value used for ICNTL(8)): 7
                                                                  INFOG(34) (exponent of the determinant if determinant is requested): 0
                                                                  INFOG(35) (after factorization: number of entries taking into account BLR factor compression - sum over all processors): 53788864
                                                                  INFOG(36) (after analysis: estimated size of all MUMPS internal data for running BLR in-core - value on the most memory consuming processor): 0
                                                                  INFOG(37) (after analysis: estimated size of all MUMPS internal data for running BLR in-core - sum over all processors): 0
                                                                  INFOG(38) (after analysis: estimated size of all MUMPS internal data for running BLR out-of-core - value on the most memory consuming processor): 0
                                                                  INFOG(39) (after analysis: estimated size of all MUMPS internal data for running BLR out-of-core - sum over all processors): 0
                                                      linear system matrix, which is also used to construct the preconditioner:
                                                      Mat Object: 832 MPI processes
                                                        type: mpiaij
                                                        rows=230400, cols=230400
                                                        total: nonzeros=4592640, allocated nonzeros=4592640
                                                        total number of mallocs used during MatSetValues calls=0
                                                          using nonscalable MatPtAP() implementation
                                                          using I-node (on process 0) routines: found 70 nodes, limit used is 5
                                                  Down solver (pre-smoother) on level 1 -------------------------------
                                                    KSP Object: (BackwardEuler-Equation_lumped_mg_levels_1_) 832 MPI processes
                                                      type: chebyshev
                                                        Chebyshev polynomial of first kind
                                                        eigenvalue targets used: min 0.178813, max 1.96694
                                                        eigenvalues estimated via gmres: min 0.0298856, max 1.78813
                                                        eigenvalues estimated using gmres with transform: [0. 0.1; 0. 1.1]
                                                        KSP Object: (BackwardEuler-Equation_lumped_mg_levels_1_esteig_) 832 MPI processes
                                                          type: gmres
                                                            restart=30, using classical (unmodified) Gram-Schmidt orthogonalization with no iterative refinement
                                                            happy breakdown tolerance=1e-30
                                                          maximum iterations=10, initial guess is zero
                                                          tolerances: relative=1e-12, absolute=1e-50, divergence=10000.
                                                          left preconditioning
                                                          using PRECONDITIONED norm type for convergence test
                                                        estimating eigenvalues using a noisy random number generated right-hand side
                                                      maximum iterations=2, nonzero initial guess
                                                      tolerances: relative=1e-05, absolute=1e-50, divergence=10000.
                                                      left preconditioning
                                                      not checking for convergence
                                                    PC Object: (BackwardEuler-Equation_lumped_mg_levels_1_) 832 MPI processes
                                                      type: sor
                                                        type = local_symmetric, iterations = 1, local iterations = 1, omega = 1.
                                                      linear system matrix, which is also used to construct the preconditioner:
                                                      Mat Object: (BackwardEuler-Equation_) 832 MPI processes
                                                        type: mpiaij
                                                        rows=143769600, cols=143769600
                                                        total: nonzeros=8024555520, allocated nonzeros=8024555520
                                                        total number of mallocs used during MatSetValues calls=0
                                                          has attached near null space
                                                          using I-node (on process 0) routines: found 43680 nodes, limit used is 5
                                                  Up solver (post-smoother) same as down solver (pre-smoother)
                                                  linear system matrix, which is also used to construct the preconditioner:
                                                  Mat Object: (BackwardEuler-Equation_) 832 MPI processes
                                                    type: mpiaij
                                                    rows=143769600, cols=143769600
                                                    total: nonzeros=8024555520, allocated nonzeros=8024555520
                                                    total number of mallocs used during MatSetValues calls=0
                                                      has attached near null space
                                                      using I-node (on process 0) routines: found 43680 nodes, limit used is 5
                                                linear system matrix, which is also used to construct the preconditioner:
                                                Mat Object: (BackwardEuler-Equation_) 832 MPI processes
                                                  type: mpiaij
                                                  rows=143769600, cols=143769600
                                                  total: nonzeros=8024555520, allocated nonzeros=8024555520
                                                  total number of mallocs used during MatSetValues calls=0
                                                    has attached near null space
                                                    using I-node (on process 0) routines: found 43680 nodes, limit used is 5
t = 6600.00 s | step 22/30 | wall 39.21 s | NL 1 | L 82
                                              0 SNES Function norm 3.723250651216e-07
                                                      Linear BackwardEuler-Equation_lumped_mg_coarse_ solve converged due to CONVERGED_ITS iterations 1
                                                      Linear BackwardEuler-Equation_lumped_mg_coarse_ solve converged due to CONVERGED_ITS iterations 1
                                                      Linear BackwardEuler-Equation_lumped_mg_coarse_ solve converged due to CONVERGED_ITS iterations 1
                                                      Linear BackwardEuler-Equation_lumped_mg_coarse_ solve converged due to CONVERGED_ITS iterations 1
                                                      Linear BackwardEuler-Equation_lumped_mg_coarse_ solve converged due to CONVERGED_ITS iterations 1
                                                      Linear BackwardEuler-Equation_lumped_mg_coarse_ solve converged due to CONVERGED_ITS iterations 1
                                                      Linear BackwardEuler-Equation_lumped_mg_coarse_ solve converged due to CONVERGED_ITS iterations 1
                                                      Linear BackwardEuler-Equation_lumped_mg_coarse_ solve converged due to CONVERGED_ITS iterations 1
                                                      Linear BackwardEuler-Equation_lumped_mg_coarse_ solve converged due to CONVERGED_ITS iterations 1
                                                      Linear BackwardEuler-Equation_lumped_mg_coarse_ solve converged due to CONVERGED_ITS iterations 1
                                                      Linear BackwardEuler-Equation_lumped_mg_coarse_ solve converged due to CONVERGED_ITS iterations 1
                                                      Linear BackwardEuler-Equation_lumped_mg_coarse_ solve converged due to CONVERGED_ITS iterations 1
                                                      Linear BackwardEuler-Equation_lumped_mg_coarse_ solve converged due to CONVERGED_ITS iterations 1
                                                      Linear BackwardEuler-Equation_lumped_mg_coarse_ solve converged due to CONVERGED_ITS iterations 1
                                                      Linear BackwardEuler-Equation_lumped_mg_coarse_ solve converged due to CONVERGED_ITS iterations 1
                                                      Linear BackwardEuler-Equation_lumped_mg_coarse_ solve converged due to CONVERGED_ITS iterations 1
                                                      Linear BackwardEuler-Equation_lumped_mg_coarse_ solve converged due to CONVERGED_ITS iterations 1
                                                      Linear BackwardEuler-Equation_lumped_mg_coarse_ solve converged due to CONVERGED_ITS iterations 1
                                                      Linear BackwardEuler-Equation_lumped_mg_coarse_ solve converged due to CONVERGED_ITS iterations 1
                                                      Linear BackwardEuler-Equation_lumped_mg_coarse_ solve converged due to CONVERGED_ITS iterations 1
                                                      Linear BackwardEuler-Equation_lumped_mg_coarse_ solve converged due to CONVERGED_ITS iterations 1
                                                      Linear BackwardEuler-Equation_lumped_mg_coarse_ solve converged due to CONVERGED_ITS iterations 1
                                                      Linear BackwardEuler-Equation_lumped_mg_coarse_ solve converged due to CONVERGED_ITS iterations 1
                                                      Linear BackwardEuler-Equation_lumped_mg_coarse_ solve converged due to CONVERGED_ITS iterations 1
                                                      Linear BackwardEuler-Equation_lumped_mg_coarse_ solve converged due to CONVERGED_ITS iterations 1
                                                      Linear BackwardEuler-Equation_lumped_mg_coarse_ solve converged due to CONVERGED_ITS iterations 1
                                                      Linear BackwardEuler-Equation_lumped_mg_coarse_ solve converged due to CONVERGED_ITS iterations 1
                                                      Linear BackwardEuler-Equation_lumped_mg_coarse_ solve converged due to CONVERGED_ITS iterations 1
                                                      Linear BackwardEuler-Equation_lumped_mg_coarse_ solve converged due to CONVERGED_ITS iterations 1
                                                      Linear BackwardEuler-Equation_lumped_mg_coarse_ solve converged due to CONVERGED_ITS iterations 1
                                                      Linear BackwardEuler-Equation_lumped_mg_coarse_ solve converged due to CONVERGED_ITS iterations 1
                                                      Linear BackwardEuler-Equation_lumped_mg_coarse_ solve converged due to CONVERGED_ITS iterations 1
                                                      Linear BackwardEuler-Equation_lumped_mg_coarse_ solve converged due to CONVERGED_ITS iterations 1
                                                      Linear BackwardEuler-Equation_lumped_mg_coarse_ solve converged due to CONVERGED_ITS iterations 1
                                                      Linear BackwardEuler-Equation_lumped_mg_coarse_ solve converged due to CONVERGED_ITS iterations 1
                                                      Linear BackwardEuler-Equation_lumped_mg_coarse_ solve converged due to CONVERGED_ITS iterations 1
                                                      Linear BackwardEuler-Equation_lumped_mg_coarse_ solve converged due to CONVERGED_ITS iterations 1
                                                      Linear BackwardEuler-Equation_lumped_mg_coarse_ solve converged due to CONVERGED_ITS iterations 1
                                                      Linear BackwardEuler-Equation_lumped_mg_coarse_ solve converged due to CONVERGED_ITS iterations 1
                                                      Linear BackwardEuler-Equation_lumped_mg_coarse_ solve converged due to CONVERGED_ITS iterations 1
                                                      Linear BackwardEuler-Equation_lumped_mg_coarse_ solve converged due to CONVERGED_ITS iterations 1
                                                      Linear BackwardEuler-Equation_lumped_mg_coarse_ solve converged due to CONVERGED_ITS iterations 1
                                                      Linear BackwardEuler-Equation_lumped_mg_coarse_ solve converged due to CONVERGED_ITS iterations 1
                                                      Linear BackwardEuler-Equation_lumped_mg_coarse_ solve converged due to CONVERGED_ITS iterations 1
                                                      Linear BackwardEuler-Equation_lumped_mg_coarse_ solve converged due to CONVERGED_ITS iterations 1
                                                      Linear BackwardEuler-Equation_lumped_mg_coarse_ solve converged due to CONVERGED_ITS iterations 1
                                                      Linear BackwardEuler-Equation_lumped_mg_coarse_ solve converged due to CONVERGED_ITS iterations 1
                                                      Linear BackwardEuler-Equation_lumped_mg_coarse_ solve converged due to CONVERGED_ITS iterations 1
                                                      Linear BackwardEuler-Equation_lumped_mg_coarse_ solve converged due to CONVERGED_ITS iterations 1
                                                      Linear BackwardEuler-Equation_lumped_mg_coarse_ solve converged due to CONVERGED_ITS iterations 1
                                                      Linear BackwardEuler-Equation_lumped_mg_coarse_ solve converged due to CONVERGED_ITS iterations 1
                                                      Linear BackwardEuler-Equation_lumped_mg_coarse_ solve converged due to CONVERGED_ITS iterations 1
                                                      Linear BackwardEuler-Equation_lumped_mg_coarse_ solve converged due to CONVERGED_ITS iterations 1
                                                      Linear BackwardEuler-Equation_lumped_mg_coarse_ solve converged due to CONVERGED_ITS iterations 1
                                                      Linear BackwardEuler-Equation_lumped_mg_coarse_ solve converged due to CONVERGED_ITS iterations 1
                                                      Linear BackwardEuler-Equation_lumped_mg_coarse_ solve converged due to CONVERGED_ITS iterations 1
                                                      Linear BackwardEuler-Equation_lumped_mg_coarse_ solve converged due to CONVERGED_ITS iterations 1
                                                      Linear BackwardEuler-Equation_lumped_mg_coarse_ solve converged due to CONVERGED_ITS iterations 1
                                                      Linear BackwardEuler-Equation_lumped_mg_coarse_ solve converged due to CONVERGED_ITS iterations 1
                                                      Linear BackwardEuler-Equation_lumped_mg_coarse_ solve converged due to CONVERGED_ITS iterations 1
                                                      Linear BackwardEuler-Equation_lumped_mg_coarse_ solve converged due to CONVERGED_ITS iterations 1
                                                      Linear BackwardEuler-Equation_lumped_mg_coarse_ solve converged due to CONVERGED_ITS iterations 1
                                                      Linear BackwardEuler-Equation_lumped_mg_coarse_ solve converged due to CONVERGED_ITS iterations 1
                                                      Linear BackwardEuler-Equation_lumped_mg_coarse_ solve converged due to CONVERGED_ITS iterations 1
                                                      Linear BackwardEuler-Equation_lumped_mg_coarse_ solve converged due to CONVERGED_ITS iterations 1
                                                      Linear BackwardEuler-Equation_lumped_mg_coarse_ solve converged due to CONVERGED_ITS iterations 1
                                                      Linear BackwardEuler-Equation_lumped_mg_coarse_ solve converged due to CONVERGED_ITS iterations 1
                                                      Linear BackwardEuler-Equation_lumped_mg_coarse_ solve converged due to CONVERGED_ITS iterations 1
                                                      Linear BackwardEuler-Equation_lumped_mg_coarse_ solve converged due to CONVERGED_ITS iterations 1
                                                      Linear BackwardEuler-Equation_lumped_mg_coarse_ solve converged due to CONVERGED_ITS iterations 1
                                                      Linear BackwardEuler-Equation_lumped_mg_coarse_ solve converged due to CONVERGED_ITS iterations 1
                                                      Linear BackwardEuler-Equation_lumped_mg_coarse_ solve converged due to CONVERGED_ITS iterations 1
                                                      Linear BackwardEuler-Equation_lumped_mg_coarse_ solve converged due to CONVERGED_ITS iterations 1
                                                      Linear BackwardEuler-Equation_lumped_mg_coarse_ solve converged due to CONVERGED_ITS iterations 1
                                                      Linear BackwardEuler-Equation_lumped_mg_coarse_ solve converged due to CONVERGED_ITS iterations 1
                                                      Linear BackwardEuler-Equation_lumped_mg_coarse_ solve converged due to CONVERGED_ITS iterations 1
                                                      Linear BackwardEuler-Equation_lumped_mg_coarse_ solve converged due to CONVERGED_ITS iterations 1
                                                      Linear BackwardEuler-Equation_lumped_mg_coarse_ solve converged due to CONVERGED_ITS iterations 1
                                                      Linear BackwardEuler-Equation_lumped_mg_coarse_ solve converged due to CONVERGED_ITS iterations 1
                                                      Linear BackwardEuler-Equation_lumped_mg_coarse_ solve converged due to CONVERGED_ITS iterations 1
                                                      Linear BackwardEuler-Equation_lumped_mg_coarse_ solve converged due to CONVERGED_ITS iterations 1
                                                      Linear BackwardEuler-Equation_lumped_mg_coarse_ solve converged due to CONVERGED_ITS iterations 1
                                                Linear BackwardEuler-Equation_ solve converged due to CONVERGED_RTOL iterations 82
                                            Mat Object: (BackwardEuler-Equation_) 832 MPI processes
                                              type: mpiaij
                                              rows=143769600, cols=143769600
                                              total: nonzeros=8024555520, allocated nonzeros=8024555520
                                              total number of mallocs used during MatSetValues calls=0
                                                has attached near null space
                                                using I-node (on process 0) routines: found 43680 nodes, limit used is 5
                                              1 SNES Function norm 4.606089954947e-09
                                              Nonlinear BackwardEuler-Equation_ solve converged due to CONVERGED_FNORM_ABS iterations 1
                                            SNES Object: (BackwardEuler-Equation_) 832 MPI processes
                                              type: newtonls
                                              maximum iterations=50, maximum function evaluations=10000
                                              tolerances: relative=1e-08, absolute=1e-08, solution=1e-08
                                              total number of linear solver iterations=82
                                              total number of function evaluations=2
                                              norm schedule ALWAYS
                                              SNESLineSearch Object: (BackwardEuler-Equation_) 832 MPI processes
                                                type: bt
                                                  interpolation: cubic
                                                  alpha=1.000000e-04
                                                maxlambda=1.000000e+00, minlambda=1.000000e-12
                                                tolerances: relative=1.000000e-08, absolute=1.000000e-15, lambda=1.000000e-08
                                                maximum iterations=40
                                              KSP Object: (BackwardEuler-Equation_) 832 MPI processes
                                                type: fgmres
                                                  restart=30, using classical (unmodified) Gram-Schmidt orthogonalization with no iterative refinement
                                                  happy breakdown tolerance=1e-30
                                                maximum iterations=200, initial guess is zero
                                                tolerances: relative=1e-06, absolute=1e-50, divergence=10000.
                                                right preconditioning
                                                using UNPRECONDITIONED norm type for convergence test
                                              PC Object: (BackwardEuler-Equation_) 832 MPI processes
                                                type: python
                                                  Python: solvers.vlumping.VerticallyLumpedPC
                                                Firedrake custom preconditioner VerticallyLumpedPC
                                                  Vertically lumped MG: collapses vertical dimension on coarse level (cf. Kramer et al. 2010)
                                                  PC Object: (BackwardEuler-Equation_lumped_) 832 MPI processes
                                                    type: mg
                                                      type is MULTIPLICATIVE, levels=2 cycles=v
                                                        Cycles per PCApply=1
                                                        Using Galerkin computed coarse grid matrices
                                                    Coarse grid solver -- level 0 -------------------------------
                                                      KSP Object: (BackwardEuler-Equation_lumped_mg_coarse_) 832 MPI processes
                                                        type: preonly
                                                        maximum iterations=10000, initial guess is zero
                                                        tolerances: relative=1e-05, absolute=1e-50, divergence=10000.
                                                        left preconditioning
                                                        not checking for convergence
                                                      PC Object: (BackwardEuler-Equation_lumped_mg_coarse_) 832 MPI processes
                                                        type: lu
                                                          out-of-place factorization
                                                          tolerance for zero pivot 2.22045e-14
                                                          matrix ordering: external
                                                          factor fill ratio given 0., needed 0.
                                                            Factored matrix:
                                                              Mat Object: (BackwardEuler-Equation_lumped_mg_coarse_) 832 MPI processes
                                                                type: mumps
                                                                rows=230400, cols=230400
                                                                package used to perform factorization: mumps
                                                                total: nonzeros=53788864, allocated nonzeros=53788864
                                                                  MUMPS run parameters:
                                                                    Use -BackwardEuler-Equation_lumped_mg_coarse_ksp_view ::ascii_info_detail to display information for all processes
                                                                    RINFOG(1) (global estimated flops for the elimination after analysis): 2.26775e+10
                                                                    RINFOG(2) (global estimated flops for the assembly after factorization): 8.43506e+07
                                                                    RINFOG(3) (global estimated flops for the elimination after factorization): 2.26775e+10
                                                                    (RINFOG(12) RINFOG(13))*2^INFOG(34) (determinant): (0.,0.)*(2^0)
                                                                    INFOG(3) (estimated real workspace for factors on all processors after analysis): 156221480
                                                                    INFOG(4) (estimated integer workspace for factors on all processors after analysis): 3409438
                                                                    INFOG(5) (estimated maximum front size in the complete tree): 1668
                                                                    INFOG(6) (number of nodes in the complete tree): 12616
                                                                    INFOG(7) (ordering option effectively used after analysis): 5
                                                                    INFOG(8) (structural symmetry in percent of the permuted matrix after analysis): -1
                                                                    INFOG(9) (total real/complex workspace to store the matrix factors after factorization): 53788864
                                                                    INFOG(10) (total integer space store the matrix factors after factorization): 2983281
                                                                    INFOG(11) (order of largest frontal matrix after factorization): 1668
                                                                    INFOG(12) (number of off-diagonal pivots): 0
                                                                    INFOG(13) (number of delayed pivots after factorization): 0
                                                                    INFOG(14) (number of memory compress after factorization): 0
                                                                    INFOG(15) (number of steps of iterative refinement after solution): 0
                                                                    INFOG(16) (estimated size (in MB) of all MUMPS internal data for factorization after analysis: value on the most memory consuming processor): 296
                                                                    INFOG(17) (estimated size of all MUMPS internal data for factorization after analysis: sum over all processors): 231120
                                                                    INFOG(18) (size of all MUMPS internal data allocated during factorization: value on the most memory consuming processor): 296
                                                                    INFOG(19) (size of all MUMPS internal data allocated during factorization: sum over all processors): 231068
                                                                    INFOG(20) (estimated number of entries in the factors): 53788864
                                                                    INFOG(21) (size in MB of memory effectively used during factorization - value on the most memory consuming processor): 286
                                                                    INFOG(22) (size in MB of memory effectively used during factorization - sum over all processors): 225276
                                                                    INFOG(23) (after analysis: value of ICNTL(6) effectively used): 0
                                                                    INFOG(24) (after analysis: value of ICNTL(12) effectively used): 1
                                                                    INFOG(25) (after factorization: number of pivots modified by static pivoting): 0
                                                                    INFOG(28) (after factorization: number of null pivots encountered): 0
                                                                    INFOG(29) (after factorization: effective number of entries in the factors (sum over all processors)): 53788864
                                                                    INFOG(30, 31) (after solution: size in Mbytes of memory used during solution phase): 55, 29409
                                                                    INFOG(32) (after analysis: type of analysis done): 1
                                                                    INFOG(33) (value used for ICNTL(8)): 7
                                                                    INFOG(34) (exponent of the determinant if determinant is requested): 0
                                                                    INFOG(35) (after factorization: number of entries taking into account BLR factor compression - sum over all processors): 53788864
                                                                    INFOG(36) (after analysis: estimated size of all MUMPS internal data for running BLR in-core - value on the most memory consuming processor): 0
                                                                    INFOG(37) (after analysis: estimated size of all MUMPS internal data for running BLR in-core - sum over all processors): 0
                                                                    INFOG(38) (after analysis: estimated size of all MUMPS internal data for running BLR out-of-core - value on the most memory consuming processor): 0
                                                                    INFOG(39) (after analysis: estimated size of all MUMPS internal data for running BLR out-of-core - sum over all processors): 0
                                                        linear system matrix, which is also used to construct the preconditioner:
                                                        Mat Object: 832 MPI processes
                                                          type: mpiaij
                                                          rows=230400, cols=230400
                                                          total: nonzeros=4592640, allocated nonzeros=4592640
                                                          total number of mallocs used during MatSetValues calls=0
                                                            using nonscalable MatPtAP() implementation
                                                            using I-node (on process 0) routines: found 70 nodes, limit used is 5
                                                    Down solver (pre-smoother) on level 1 -------------------------------
                                                      KSP Object: (BackwardEuler-Equation_lumped_mg_levels_1_) 832 MPI processes
                                                        type: chebyshev
                                                          Chebyshev polynomial of first kind
                                                          eigenvalue targets used: min 0.178813, max 1.96694
                                                          eigenvalues estimated via gmres: min 0.0298866, max 1.78813
                                                          eigenvalues estimated using gmres with transform: [0. 0.1; 0. 1.1]
                                                          KSP Object: (BackwardEuler-Equation_lumped_mg_levels_1_esteig_) 832 MPI processes
                                                            type: gmres
                                                              restart=30, using classical (unmodified) Gram-Schmidt orthogonalization with no iterative refinement
                                                              happy breakdown tolerance=1e-30
                                                            maximum iterations=10, initial guess is zero
                                                            tolerances: relative=1e-12, absolute=1e-50, divergence=10000.
                                                            left preconditioning
                                                            using PRECONDITIONED norm type for convergence test
                                                          estimating eigenvalues using a noisy random number generated right-hand side
                                                        maximum iterations=2, nonzero initial guess
                                                        tolerances: relative=1e-05, absolute=1e-50, divergence=10000.
                                                        left preconditioning
                                                        not checking for convergence
                                                      PC Object: (BackwardEuler-Equation_lumped_mg_levels_1_) 832 MPI processes
                                                        type: sor
                                                          type = local_symmetric, iterations = 1, local iterations = 1, omega = 1.
                                                        linear system matrix, which is also used to construct the preconditioner:
                                                        Mat Object: (BackwardEuler-Equation_) 832 MPI processes
                                                          type: mpiaij
                                                          rows=143769600, cols=143769600
                                                          total: nonzeros=8024555520, allocated nonzeros=8024555520
                                                          total number of mallocs used during MatSetValues calls=0
                                                            has attached near null space
                                                            using I-node (on process 0) routines: found 43680 nodes, limit used is 5
                                                    Up solver (post-smoother) same as down solver (pre-smoother)
                                                    linear system matrix, which is also used to construct the preconditioner:
                                                    Mat Object: (BackwardEuler-Equation_) 832 MPI processes
                                                      type: mpiaij
                                                      rows=143769600, cols=143769600
                                                      total: nonzeros=8024555520, allocated nonzeros=8024555520
                                                      total number of mallocs used during MatSetValues calls=0
                                                        has attached near null space
                                                        using I-node (on process 0) routines: found 43680 nodes, limit used is 5
                                                  linear system matrix, which is also used to construct the preconditioner:
                                                  Mat Object: (BackwardEuler-Equation_) 832 MPI processes
                                                    type: mpiaij
                                                    rows=143769600, cols=143769600
                                                    total: nonzeros=8024555520, allocated nonzeros=8024555520
                                                    total number of mallocs used during MatSetValues calls=0
                                                      has attached near null space
                                                      using I-node (on process 0) routines: found 43680 nodes, limit used is 5
t = 6900.00 s | step 23/30 | wall 39.25 s | NL 1 | L 82
                                                0 SNES Function norm 3.701307314328e-07
                                                        Linear BackwardEuler-Equation_lumped_mg_coarse_ solve converged due to CONVERGED_ITS iterations 1
                                                        Linear BackwardEuler-Equation_lumped_mg_coarse_ solve converged due to CONVERGED_ITS iterations 1
                                                        Linear BackwardEuler-Equation_lumped_mg_coarse_ solve converged due to CONVERGED_ITS iterations 1
                                                        Linear BackwardEuler-Equation_lumped_mg_coarse_ solve converged due to CONVERGED_ITS iterations 1
                                                        Linear BackwardEuler-Equation_lumped_mg_coarse_ solve converged due to CONVERGED_ITS iterations 1
                                                        Linear BackwardEuler-Equation_lumped_mg_coarse_ solve converged due to CONVERGED_ITS iterations 1
                                                        Linear BackwardEuler-Equation_lumped_mg_coarse_ solve converged due to CONVERGED_ITS iterations 1
                                                        Linear BackwardEuler-Equation_lumped_mg_coarse_ solve converged due to CONVERGED_ITS iterations 1
                                                        Linear BackwardEuler-Equation_lumped_mg_coarse_ solve converged due to CONVERGED_ITS iterations 1
                                                        Linear BackwardEuler-Equation_lumped_mg_coarse_ solve converged due to CONVERGED_ITS iterations 1
                                                        Linear BackwardEuler-Equation_lumped_mg_coarse_ solve converged due to CONVERGED_ITS iterations 1
                                                        Linear BackwardEuler-Equation_lumped_mg_coarse_ solve converged due to CONVERGED_ITS iterations 1
                                                        Linear BackwardEuler-Equation_lumped_mg_coarse_ solve converged due to CONVERGED_ITS iterations 1
                                                        Linear BackwardEuler-Equation_lumped_mg_coarse_ solve converged due to CONVERGED_ITS iterations 1
                                                        Linear BackwardEuler-Equation_lumped_mg_coarse_ solve converged due to CONVERGED_ITS iterations 1
                                                        Linear BackwardEuler-Equation_lumped_mg_coarse_ solve converged due to CONVERGED_ITS iterations 1
                                                        Linear BackwardEuler-Equation_lumped_mg_coarse_ solve converged due to CONVERGED_ITS iterations 1
                                                        Linear BackwardEuler-Equation_lumped_mg_coarse_ solve converged due to CONVERGED_ITS iterations 1
                                                        Linear BackwardEuler-Equation_lumped_mg_coarse_ solve converged due to CONVERGED_ITS iterations 1
                                                        Linear BackwardEuler-Equation_lumped_mg_coarse_ solve converged due to CONVERGED_ITS iterations 1
                                                        Linear BackwardEuler-Equation_lumped_mg_coarse_ solve converged due to CONVERGED_ITS iterations 1
                                                        Linear BackwardEuler-Equation_lumped_mg_coarse_ solve converged due to CONVERGED_ITS iterations 1
                                                        Linear BackwardEuler-Equation_lumped_mg_coarse_ solve converged due to CONVERGED_ITS iterations 1
                                                        Linear BackwardEuler-Equation_lumped_mg_coarse_ solve converged due to CONVERGED_ITS iterations 1
                                                        Linear BackwardEuler-Equation_lumped_mg_coarse_ solve converged due to CONVERGED_ITS iterations 1
                                                        Linear BackwardEuler-Equation_lumped_mg_coarse_ solve converged due to CONVERGED_ITS iterations 1
                                                        Linear BackwardEuler-Equation_lumped_mg_coarse_ solve converged due to CONVERGED_ITS iterations 1
                                                        Linear BackwardEuler-Equation_lumped_mg_coarse_ solve converged due to CONVERGED_ITS iterations 1
                                                        Linear BackwardEuler-Equation_lumped_mg_coarse_ solve converged due to CONVERGED_ITS iterations 1
                                                        Linear BackwardEuler-Equation_lumped_mg_coarse_ solve converged due to CONVERGED_ITS iterations 1
                                                        Linear BackwardEuler-Equation_lumped_mg_coarse_ solve converged due to CONVERGED_ITS iterations 1
                                                        Linear BackwardEuler-Equation_lumped_mg_coarse_ solve converged due to CONVERGED_ITS iterations 1
                                                        Linear BackwardEuler-Equation_lumped_mg_coarse_ solve converged due to CONVERGED_ITS iterations 1
                                                        Linear BackwardEuler-Equation_lumped_mg_coarse_ solve converged due to CONVERGED_ITS iterations 1
                                                        Linear BackwardEuler-Equation_lumped_mg_coarse_ solve converged due to CONVERGED_ITS iterations 1
                                                        Linear BackwardEuler-Equation_lumped_mg_coarse_ solve converged due to CONVERGED_ITS iterations 1
                                                        Linear BackwardEuler-Equation_lumped_mg_coarse_ solve converged due to CONVERGED_ITS iterations 1
                                                        Linear BackwardEuler-Equation_lumped_mg_coarse_ solve converged due to CONVERGED_ITS iterations 1
                                                        Linear BackwardEuler-Equation_lumped_mg_coarse_ solve converged due to CONVERGED_ITS iterations 1
                                                        Linear BackwardEuler-Equation_lumped_mg_coarse_ solve converged due to CONVERGED_ITS iterations 1
                                                        Linear BackwardEuler-Equation_lumped_mg_coarse_ solve converged due to CONVERGED_ITS iterations 1
                                                        Linear BackwardEuler-Equation_lumped_mg_coarse_ solve converged due to CONVERGED_ITS iterations 1
                                                        Linear BackwardEuler-Equation_lumped_mg_coarse_ solve converged due to CONVERGED_ITS iterations 1
                                                        Linear BackwardEuler-Equation_lumped_mg_coarse_ solve converged due to CONVERGED_ITS iterations 1
                                                        Linear BackwardEuler-Equation_lumped_mg_coarse_ solve converged due to CONVERGED_ITS iterations 1
                                                        Linear BackwardEuler-Equation_lumped_mg_coarse_ solve converged due to CONVERGED_ITS iterations 1
                                                        Linear BackwardEuler-Equation_lumped_mg_coarse_ solve converged due to CONVERGED_ITS iterations 1
                                                        Linear BackwardEuler-Equation_lumped_mg_coarse_ solve converged due to CONVERGED_ITS iterations 1
                                                        Linear BackwardEuler-Equation_lumped_mg_coarse_ solve converged due to CONVERGED_ITS iterations 1
                                                        Linear BackwardEuler-Equation_lumped_mg_coarse_ solve converged due to CONVERGED_ITS iterations 1
                                                        Linear BackwardEuler-Equation_lumped_mg_coarse_ solve converged due to CONVERGED_ITS iterations 1
                                                        Linear BackwardEuler-Equation_lumped_mg_coarse_ solve converged due to CONVERGED_ITS iterations 1
                                                        Linear BackwardEuler-Equation_lumped_mg_coarse_ solve converged due to CONVERGED_ITS iterations 1
                                                        Linear BackwardEuler-Equation_lumped_mg_coarse_ solve converged due to CONVERGED_ITS iterations 1
                                                        Linear BackwardEuler-Equation_lumped_mg_coarse_ solve converged due to CONVERGED_ITS iterations 1
                                                        Linear BackwardEuler-Equation_lumped_mg_coarse_ solve converged due to CONVERGED_ITS iterations 1
                                                        Linear BackwardEuler-Equation_lumped_mg_coarse_ solve converged due to CONVERGED_ITS iterations 1
                                                        Linear BackwardEuler-Equation_lumped_mg_coarse_ solve converged due to CONVERGED_ITS iterations 1
                                                        Linear BackwardEuler-Equation_lumped_mg_coarse_ solve converged due to CONVERGED_ITS iterations 1
                                                        Linear BackwardEuler-Equation_lumped_mg_coarse_ solve converged due to CONVERGED_ITS iterations 1
                                                        Linear BackwardEuler-Equation_lumped_mg_coarse_ solve converged due to CONVERGED_ITS iterations 1
                                                        Linear BackwardEuler-Equation_lumped_mg_coarse_ solve converged due to CONVERGED_ITS iterations 1
                                                        Linear BackwardEuler-Equation_lumped_mg_coarse_ solve converged due to CONVERGED_ITS iterations 1
                                                        Linear BackwardEuler-Equation_lumped_mg_coarse_ solve converged due to CONVERGED_ITS iterations 1
                                                        Linear BackwardEuler-Equation_lumped_mg_coarse_ solve converged due to CONVERGED_ITS iterations 1
                                                        Linear BackwardEuler-Equation_lumped_mg_coarse_ solve converged due to CONVERGED_ITS iterations 1
                                                        Linear BackwardEuler-Equation_lumped_mg_coarse_ solve converged due to CONVERGED_ITS iterations 1
                                                        Linear BackwardEuler-Equation_lumped_mg_coarse_ solve converged due to CONVERGED_ITS iterations 1
                                                        Linear BackwardEuler-Equation_lumped_mg_coarse_ solve converged due to CONVERGED_ITS iterations 1
                                                        Linear BackwardEuler-Equation_lumped_mg_coarse_ solve converged due to CONVERGED_ITS iterations 1
                                                        Linear BackwardEuler-Equation_lumped_mg_coarse_ solve converged due to CONVERGED_ITS iterations 1
                                                        Linear BackwardEuler-Equation_lumped_mg_coarse_ solve converged due to CONVERGED_ITS iterations 1
                                                        Linear BackwardEuler-Equation_lumped_mg_coarse_ solve converged due to CONVERGED_ITS iterations 1
                                                        Linear BackwardEuler-Equation_lumped_mg_coarse_ solve converged due to CONVERGED_ITS iterations 1
                                                        Linear BackwardEuler-Equation_lumped_mg_coarse_ solve converged due to CONVERGED_ITS iterations 1
                                                        Linear BackwardEuler-Equation_lumped_mg_coarse_ solve converged due to CONVERGED_ITS iterations 1
                                                        Linear BackwardEuler-Equation_lumped_mg_coarse_ solve converged due to CONVERGED_ITS iterations 1
                                                        Linear BackwardEuler-Equation_lumped_mg_coarse_ solve converged due to CONVERGED_ITS iterations 1
                                                        Linear BackwardEuler-Equation_lumped_mg_coarse_ solve converged due to CONVERGED_ITS iterations 1
                                                        Linear BackwardEuler-Equation_lumped_mg_coarse_ solve converged due to CONVERGED_ITS iterations 1
                                                        Linear BackwardEuler-Equation_lumped_mg_coarse_ solve converged due to CONVERGED_ITS iterations 1
                                                        Linear BackwardEuler-Equation_lumped_mg_coarse_ solve converged due to CONVERGED_ITS iterations 1
                                                        Linear BackwardEuler-Equation_lumped_mg_coarse_ solve converged due to CONVERGED_ITS iterations 1
                                                  Linear BackwardEuler-Equation_ solve converged due to CONVERGED_RTOL iterations 83
                                              Mat Object: (BackwardEuler-Equation_) 832 MPI processes
                                                type: mpiaij
                                                rows=143769600, cols=143769600
                                                total: nonzeros=8024555520, allocated nonzeros=8024555520
                                                total number of mallocs used during MatSetValues calls=0
                                                  has attached near null space
                                                  using I-node (on process 0) routines: found 43680 nodes, limit used is 5
                                                1 SNES Function norm 4.542098725029e-09
                                                Nonlinear BackwardEuler-Equation_ solve converged due to CONVERGED_FNORM_ABS iterations 1
                                              SNES Object: (BackwardEuler-Equation_) 832 MPI processes
                                                type: newtonls
                                                maximum iterations=50, maximum function evaluations=10000
                                                tolerances: relative=1e-08, absolute=1e-08, solution=1e-08
                                                total number of linear solver iterations=83
                                                total number of function evaluations=2
                                                norm schedule ALWAYS
                                                SNESLineSearch Object: (BackwardEuler-Equation_) 832 MPI processes
                                                  type: bt
                                                    interpolation: cubic
                                                    alpha=1.000000e-04
                                                  maxlambda=1.000000e+00, minlambda=1.000000e-12
                                                  tolerances: relative=1.000000e-08, absolute=1.000000e-15, lambda=1.000000e-08
                                                  maximum iterations=40
                                                KSP Object: (BackwardEuler-Equation_) 832 MPI processes
                                                  type: fgmres
                                                    restart=30, using classical (unmodified) Gram-Schmidt orthogonalization with no iterative refinement
                                                    happy breakdown tolerance=1e-30
                                                  maximum iterations=200, initial guess is zero
                                                  tolerances: relative=1e-06, absolute=1e-50, divergence=10000.
                                                  right preconditioning
                                                  using UNPRECONDITIONED norm type for convergence test
                                                PC Object: (BackwardEuler-Equation_) 832 MPI processes
                                                  type: python
                                                    Python: solvers.vlumping.VerticallyLumpedPC
                                                  Firedrake custom preconditioner VerticallyLumpedPC
                                                    Vertically lumped MG: collapses vertical dimension on coarse level (cf. Kramer et al. 2010)
                                                    PC Object: (BackwardEuler-Equation_lumped_) 832 MPI processes
                                                      type: mg
                                                        type is MULTIPLICATIVE, levels=2 cycles=v
                                                          Cycles per PCApply=1
                                                          Using Galerkin computed coarse grid matrices
                                                      Coarse grid solver -- level 0 -------------------------------
                                                        KSP Object: (BackwardEuler-Equation_lumped_mg_coarse_) 832 MPI processes
                                                          type: preonly
                                                          maximum iterations=10000, initial guess is zero
                                                          tolerances: relative=1e-05, absolute=1e-50, divergence=10000.
                                                          left preconditioning
                                                          not checking for convergence
                                                        PC Object: (BackwardEuler-Equation_lumped_mg_coarse_) 832 MPI processes
                                                          type: lu
                                                            out-of-place factorization
                                                            tolerance for zero pivot 2.22045e-14
                                                            matrix ordering: external
                                                            factor fill ratio given 0., needed 0.
                                                              Factored matrix:
                                                                Mat Object: (BackwardEuler-Equation_lumped_mg_coarse_) 832 MPI processes
                                                                  type: mumps
                                                                  rows=230400, cols=230400
                                                                  package used to perform factorization: mumps
                                                                  total: nonzeros=53788864, allocated nonzeros=53788864
                                                                    MUMPS run parameters:
                                                                      Use -BackwardEuler-Equation_lumped_mg_coarse_ksp_view ::ascii_info_detail to display information for all processes
                                                                      RINFOG(1) (global estimated flops for the elimination after analysis): 2.26775e+10
                                                                      RINFOG(2) (global estimated flops for the assembly after factorization): 8.43506e+07
                                                                      RINFOG(3) (global estimated flops for the elimination after factorization): 2.26775e+10
                                                                      (RINFOG(12) RINFOG(13))*2^INFOG(34) (determinant): (0.,0.)*(2^0)
                                                                      INFOG(3) (estimated real workspace for factors on all processors after analysis): 156221480
                                                                      INFOG(4) (estimated integer workspace for factors on all processors after analysis): 3409438
                                                                      INFOG(5) (estimated maximum front size in the complete tree): 1668
                                                                      INFOG(6) (number of nodes in the complete tree): 12616
                                                                      INFOG(7) (ordering option effectively used after analysis): 5
                                                                      INFOG(8) (structural symmetry in percent of the permuted matrix after analysis): -1
                                                                      INFOG(9) (total real/complex workspace to store the matrix factors after factorization): 53788864
                                                                      INFOG(10) (total integer space store the matrix factors after factorization): 2983281
                                                                      INFOG(11) (order of largest frontal matrix after factorization): 1668
                                                                      INFOG(12) (number of off-diagonal pivots): 0
                                                                      INFOG(13) (number of delayed pivots after factorization): 0
                                                                      INFOG(14) (number of memory compress after factorization): 0
                                                                      INFOG(15) (number of steps of iterative refinement after solution): 0
                                                                      INFOG(16) (estimated size (in MB) of all MUMPS internal data for factorization after analysis: value on the most memory consuming processor): 296
                                                                      INFOG(17) (estimated size of all MUMPS internal data for factorization after analysis: sum over all processors): 231120
                                                                      INFOG(18) (size of all MUMPS internal data allocated during factorization: value on the most memory consuming processor): 296
                                                                      INFOG(19) (size of all MUMPS internal data allocated during factorization: sum over all processors): 231068
                                                                      INFOG(20) (estimated number of entries in the factors): 53788864
                                                                      INFOG(21) (size in MB of memory effectively used during factorization - value on the most memory consuming processor): 286
                                                                      INFOG(22) (size in MB of memory effectively used during factorization - sum over all processors): 225271
                                                                      INFOG(23) (after analysis: value of ICNTL(6) effectively used): 0
                                                                      INFOG(24) (after analysis: value of ICNTL(12) effectively used): 1
                                                                      INFOG(25) (after factorization: number of pivots modified by static pivoting): 0
                                                                      INFOG(28) (after factorization: number of null pivots encountered): 0
                                                                      INFOG(29) (after factorization: effective number of entries in the factors (sum over all processors)): 53788864
                                                                      INFOG(30, 31) (after solution: size in Mbytes of memory used during solution phase): 55, 29409
                                                                      INFOG(32) (after analysis: type of analysis done): 1
                                                                      INFOG(33) (value used for ICNTL(8)): 7
                                                                      INFOG(34) (exponent of the determinant if determinant is requested): 0
                                                                      INFOG(35) (after factorization: number of entries taking into account BLR factor compression - sum over all processors): 53788864
                                                                      INFOG(36) (after analysis: estimated size of all MUMPS internal data for running BLR in-core - value on the most memory consuming processor): 0
                                                                      INFOG(37) (after analysis: estimated size of all MUMPS internal data for running BLR in-core - sum over all processors): 0
                                                                      INFOG(38) (after analysis: estimated size of all MUMPS internal data for running BLR out-of-core - value on the most memory consuming processor): 0
                                                                      INFOG(39) (after analysis: estimated size of all MUMPS internal data for running BLR out-of-core - sum over all processors): 0
                                                          linear system matrix, which is also used to construct the preconditioner:
                                                          Mat Object: 832 MPI processes
                                                            type: mpiaij
                                                            rows=230400, cols=230400
                                                            total: nonzeros=4592640, allocated nonzeros=4592640
                                                            total number of mallocs used during MatSetValues calls=0
                                                              using nonscalable MatPtAP() implementation
                                                              using I-node (on process 0) routines: found 70 nodes, limit used is 5
                                                      Down solver (pre-smoother) on level 1 -------------------------------
                                                        KSP Object: (BackwardEuler-Equation_lumped_mg_levels_1_) 832 MPI processes
                                                          type: chebyshev
                                                            Chebyshev polynomial of first kind
                                                            eigenvalue targets used: min 0.178813, max 1.96694
                                                            eigenvalues estimated via gmres: min 0.0298875, max 1.78813
                                                            eigenvalues estimated using gmres with transform: [0. 0.1; 0. 1.1]
                                                            KSP Object: (BackwardEuler-Equation_lumped_mg_levels_1_esteig_) 832 MPI processes
                                                              type: gmres
                                                                restart=30, using classical (unmodified) Gram-Schmidt orthogonalization with no iterative refinement
                                                                happy breakdown tolerance=1e-30
                                                              maximum iterations=10, initial guess is zero
                                                              tolerances: relative=1e-12, absolute=1e-50, divergence=10000.
                                                              left preconditioning
                                                              using PRECONDITIONED norm type for convergence test
                                                            estimating eigenvalues using a noisy random number generated right-hand side
                                                          maximum iterations=2, nonzero initial guess
                                                          tolerances: relative=1e-05, absolute=1e-50, divergence=10000.
                                                          left preconditioning
                                                          not checking for convergence
                                                        PC Object: (BackwardEuler-Equation_lumped_mg_levels_1_) 832 MPI processes
                                                          type: sor
                                                            type = local_symmetric, iterations = 1, local iterations = 1, omega = 1.
                                                          linear system matrix, which is also used to construct the preconditioner:
                                                          Mat Object: (BackwardEuler-Equation_) 832 MPI processes
                                                            type: mpiaij
                                                            rows=143769600, cols=143769600
                                                            total: nonzeros=8024555520, allocated nonzeros=8024555520
                                                            total number of mallocs used during MatSetValues calls=0
                                                              has attached near null space
                                                              using I-node (on process 0) routines: found 43680 nodes, limit used is 5
                                                      Up solver (post-smoother) same as down solver (pre-smoother)
                                                      linear system matrix, which is also used to construct the preconditioner:
                                                      Mat Object: (BackwardEuler-Equation_) 832 MPI processes
                                                        type: mpiaij
                                                        rows=143769600, cols=143769600
                                                        total: nonzeros=8024555520, allocated nonzeros=8024555520
                                                        total number of mallocs used during MatSetValues calls=0
                                                          has attached near null space
                                                          using I-node (on process 0) routines: found 43680 nodes, limit used is 5
                                                    linear system matrix, which is also used to construct the preconditioner:
                                                    Mat Object: (BackwardEuler-Equation_) 832 MPI processes
                                                      type: mpiaij
                                                      rows=143769600, cols=143769600
                                                      total: nonzeros=8024555520, allocated nonzeros=8024555520
                                                      total number of mallocs used during MatSetValues calls=0
                                                        has attached near null space
                                                        using I-node (on process 0) routines: found 43680 nodes, limit used is 5
t = 7200.00 s | step 24/30 | wall 39.69 s | NL 1 | L 83
                                                  0 SNES Function norm 3.681099215341e-07
                                                          Linear BackwardEuler-Equation_lumped_mg_coarse_ solve converged due to CONVERGED_ITS iterations 1
                                                          Linear BackwardEuler-Equation_lumped_mg_coarse_ solve converged due to CONVERGED_ITS iterations 1
                                                          Linear BackwardEuler-Equation_lumped_mg_coarse_ solve converged due to CONVERGED_ITS iterations 1
                                                          Linear BackwardEuler-Equation_lumped_mg_coarse_ solve converged due to CONVERGED_ITS iterations 1
                                                          Linear BackwardEuler-Equation_lumped_mg_coarse_ solve converged due to CONVERGED_ITS iterations 1
                                                          Linear BackwardEuler-Equation_lumped_mg_coarse_ solve converged due to CONVERGED_ITS iterations 1
                                                          Linear BackwardEuler-Equation_lumped_mg_coarse_ solve converged due to CONVERGED_ITS iterations 1
                                                          Linear BackwardEuler-Equation_lumped_mg_coarse_ solve converged due to CONVERGED_ITS iterations 1
                                                          Linear BackwardEuler-Equation_lumped_mg_coarse_ solve converged due to CONVERGED_ITS iterations 1
                                                          Linear BackwardEuler-Equation_lumped_mg_coarse_ solve converged due to CONVERGED_ITS iterations 1
                                                          Linear BackwardEuler-Equation_lumped_mg_coarse_ solve converged due to CONVERGED_ITS iterations 1
                                                          Linear BackwardEuler-Equation_lumped_mg_coarse_ solve converged due to CONVERGED_ITS iterations 1
                                                          Linear BackwardEuler-Equation_lumped_mg_coarse_ solve converged due to CONVERGED_ITS iterations 1
                                                          Linear BackwardEuler-Equation_lumped_mg_coarse_ solve converged due to CONVERGED_ITS iterations 1
                                                          Linear BackwardEuler-Equation_lumped_mg_coarse_ solve converged due to CONVERGED_ITS iterations 1
                                                          Linear BackwardEuler-Equation_lumped_mg_coarse_ solve converged due to CONVERGED_ITS iterations 1
                                                          Linear BackwardEuler-Equation_lumped_mg_coarse_ solve converged due to CONVERGED_ITS iterations 1
                                                          Linear BackwardEuler-Equation_lumped_mg_coarse_ solve converged due to CONVERGED_ITS iterations 1
                                                          Linear BackwardEuler-Equation_lumped_mg_coarse_ solve converged due to CONVERGED_ITS iterations 1
                                                          Linear BackwardEuler-Equation_lumped_mg_coarse_ solve converged due to CONVERGED_ITS iterations 1
                                                          Linear BackwardEuler-Equation_lumped_mg_coarse_ solve converged due to CONVERGED_ITS iterations 1
                                                          Linear BackwardEuler-Equation_lumped_mg_coarse_ solve converged due to CONVERGED_ITS iterations 1
                                                          Linear BackwardEuler-Equation_lumped_mg_coarse_ solve converged due to CONVERGED_ITS iterations 1
                                                          Linear BackwardEuler-Equation_lumped_mg_coarse_ solve converged due to CONVERGED_ITS iterations 1
                                                          Linear BackwardEuler-Equation_lumped_mg_coarse_ solve converged due to CONVERGED_ITS iterations 1
                                                          Linear BackwardEuler-Equation_lumped_mg_coarse_ solve converged due to CONVERGED_ITS iterations 1
                                                          Linear BackwardEuler-Equation_lumped_mg_coarse_ solve converged due to CONVERGED_ITS iterations 1
                                                          Linear BackwardEuler-Equation_lumped_mg_coarse_ solve converged due to CONVERGED_ITS iterations 1
                                                          Linear BackwardEuler-Equation_lumped_mg_coarse_ solve converged due to CONVERGED_ITS iterations 1
                                                          Linear BackwardEuler-Equation_lumped_mg_coarse_ solve converged due to CONVERGED_ITS iterations 1
                                                          Linear BackwardEuler-Equation_lumped_mg_coarse_ solve converged due to CONVERGED_ITS iterations 1
                                                          Linear BackwardEuler-Equation_lumped_mg_coarse_ solve converged due to CONVERGED_ITS iterations 1
                                                          Linear BackwardEuler-Equation_lumped_mg_coarse_ solve converged due to CONVERGED_ITS iterations 1
                                                          Linear BackwardEuler-Equation_lumped_mg_coarse_ solve converged due to CONVERGED_ITS iterations 1
                                                          Linear BackwardEuler-Equation_lumped_mg_coarse_ solve converged due to CONVERGED_ITS iterations 1
                                                          Linear BackwardEuler-Equation_lumped_mg_coarse_ solve converged due to CONVERGED_ITS iterations 1
                                                          Linear BackwardEuler-Equation_lumped_mg_coarse_ solve converged due to CONVERGED_ITS iterations 1
                                                          Linear BackwardEuler-Equation_lumped_mg_coarse_ solve converged due to CONVERGED_ITS iterations 1
                                                          Linear BackwardEuler-Equation_lumped_mg_coarse_ solve converged due to CONVERGED_ITS iterations 1
                                                          Linear BackwardEuler-Equation_lumped_mg_coarse_ solve converged due to CONVERGED_ITS iterations 1
                                                          Linear BackwardEuler-Equation_lumped_mg_coarse_ solve converged due to CONVERGED_ITS iterations 1
                                                          Linear BackwardEuler-Equation_lumped_mg_coarse_ solve converged due to CONVERGED_ITS iterations 1
                                                          Linear BackwardEuler-Equation_lumped_mg_coarse_ solve converged due to CONVERGED_ITS iterations 1
                                                          Linear BackwardEuler-Equation_lumped_mg_coarse_ solve converged due to CONVERGED_ITS iterations 1
                                                          Linear BackwardEuler-Equation_lumped_mg_coarse_ solve converged due to CONVERGED_ITS iterations 1
                                                          Linear BackwardEuler-Equation_lumped_mg_coarse_ solve converged due to CONVERGED_ITS iterations 1
                                                          Linear BackwardEuler-Equation_lumped_mg_coarse_ solve converged due to CONVERGED_ITS iterations 1
                                                          Linear BackwardEuler-Equation_lumped_mg_coarse_ solve converged due to CONVERGED_ITS iterations 1
                                                          Linear BackwardEuler-Equation_lumped_mg_coarse_ solve converged due to CONVERGED_ITS iterations 1
                                                          Linear BackwardEuler-Equation_lumped_mg_coarse_ solve converged due to CONVERGED_ITS iterations 1
                                                          Linear BackwardEuler-Equation_lumped_mg_coarse_ solve converged due to CONVERGED_ITS iterations 1
                                                          Linear BackwardEuler-Equation_lumped_mg_coarse_ solve converged due to CONVERGED_ITS iterations 1
                                                          Linear BackwardEuler-Equation_lumped_mg_coarse_ solve converged due to CONVERGED_ITS iterations 1
                                                          Linear BackwardEuler-Equation_lumped_mg_coarse_ solve converged due to CONVERGED_ITS iterations 1
                                                          Linear BackwardEuler-Equation_lumped_mg_coarse_ solve converged due to CONVERGED_ITS iterations 1
                                                          Linear BackwardEuler-Equation_lumped_mg_coarse_ solve converged due to CONVERGED_ITS iterations 1
                                                          Linear BackwardEuler-Equation_lumped_mg_coarse_ solve converged due to CONVERGED_ITS iterations 1
                                                          Linear BackwardEuler-Equation_lumped_mg_coarse_ solve converged due to CONVERGED_ITS iterations 1
                                                          Linear BackwardEuler-Equation_lumped_mg_coarse_ solve converged due to CONVERGED_ITS iterations 1
                                                          Linear BackwardEuler-Equation_lumped_mg_coarse_ solve converged due to CONVERGED_ITS iterations 1
                                                          Linear BackwardEuler-Equation_lumped_mg_coarse_ solve converged due to CONVERGED_ITS iterations 1
                                                          Linear BackwardEuler-Equation_lumped_mg_coarse_ solve converged due to CONVERGED_ITS iterations 1
                                                          Linear BackwardEuler-Equation_lumped_mg_coarse_ solve converged due to CONVERGED_ITS iterations 1
                                                          Linear BackwardEuler-Equation_lumped_mg_coarse_ solve converged due to CONVERGED_ITS iterations 1
                                                          Linear BackwardEuler-Equation_lumped_mg_coarse_ solve converged due to CONVERGED_ITS iterations 1
                                                          Linear BackwardEuler-Equation_lumped_mg_coarse_ solve converged due to CONVERGED_ITS iterations 1
                                                          Linear BackwardEuler-Equation_lumped_mg_coarse_ solve converged due to CONVERGED_ITS iterations 1
                                                          Linear BackwardEuler-Equation_lumped_mg_coarse_ solve converged due to CONVERGED_ITS iterations 1
                                                          Linear BackwardEuler-Equation_lumped_mg_coarse_ solve converged due to CONVERGED_ITS iterations 1
                                                          Linear BackwardEuler-Equation_lumped_mg_coarse_ solve converged due to CONVERGED_ITS iterations 1
                                                          Linear BackwardEuler-Equation_lumped_mg_coarse_ solve converged due to CONVERGED_ITS iterations 1
                                                          Linear BackwardEuler-Equation_lumped_mg_coarse_ solve converged due to CONVERGED_ITS iterations 1
                                                          Linear BackwardEuler-Equation_lumped_mg_coarse_ solve converged due to CONVERGED_ITS iterations 1
                                                          Linear BackwardEuler-Equation_lumped_mg_coarse_ solve converged due to CONVERGED_ITS iterations 1
                                                          Linear BackwardEuler-Equation_lumped_mg_coarse_ solve converged due to CONVERGED_ITS iterations 1
                                                          Linear BackwardEuler-Equation_lumped_mg_coarse_ solve converged due to CONVERGED_ITS iterations 1
                                                          Linear BackwardEuler-Equation_lumped_mg_coarse_ solve converged due to CONVERGED_ITS iterations 1
                                                          Linear BackwardEuler-Equation_lumped_mg_coarse_ solve converged due to CONVERGED_ITS iterations 1
                                                          Linear BackwardEuler-Equation_lumped_mg_coarse_ solve converged due to CONVERGED_ITS iterations 1
                                                          Linear BackwardEuler-Equation_lumped_mg_coarse_ solve converged due to CONVERGED_ITS iterations 1
                                                          Linear BackwardEuler-Equation_lumped_mg_coarse_ solve converged due to CONVERGED_ITS iterations 1
                                                          Linear BackwardEuler-Equation_lumped_mg_coarse_ solve converged due to CONVERGED_ITS iterations 1
                                                          Linear BackwardEuler-Equation_lumped_mg_coarse_ solve converged due to CONVERGED_ITS iterations 1
                                                    Linear BackwardEuler-Equation_ solve converged due to CONVERGED_RTOL iterations 83
                                                Mat Object: (BackwardEuler-Equation_) 832 MPI processes
                                                  type: mpiaij
                                                  rows=143769600, cols=143769600
                                                  total: nonzeros=8024555520, allocated nonzeros=8024555520
                                                  total number of mallocs used during MatSetValues calls=0
                                                    has attached near null space
                                                    using I-node (on process 0) routines: found 43680 nodes, limit used is 5
                                                  1 SNES Function norm 4.484139629434e-09
                                                  Nonlinear BackwardEuler-Equation_ solve converged due to CONVERGED_FNORM_ABS iterations 1
                                                SNES Object: (BackwardEuler-Equation_) 832 MPI processes
                                                  type: newtonls
                                                  maximum iterations=50, maximum function evaluations=10000
                                                  tolerances: relative=1e-08, absolute=1e-08, solution=1e-08
                                                  total number of linear solver iterations=83
                                                  total number of function evaluations=2
                                                  norm schedule ALWAYS
                                                  SNESLineSearch Object: (BackwardEuler-Equation_) 832 MPI processes
                                                    type: bt
                                                      interpolation: cubic
                                                      alpha=1.000000e-04
                                                    maxlambda=1.000000e+00, minlambda=1.000000e-12
                                                    tolerances: relative=1.000000e-08, absolute=1.000000e-15, lambda=1.000000e-08
                                                    maximum iterations=40
                                                  KSP Object: (BackwardEuler-Equation_) 832 MPI processes
                                                    type: fgmres
                                                      restart=30, using classical (unmodified) Gram-Schmidt orthogonalization with no iterative refinement
                                                      happy breakdown tolerance=1e-30
                                                    maximum iterations=200, initial guess is zero
                                                    tolerances: relative=1e-06, absolute=1e-50, divergence=10000.
                                                    right preconditioning
                                                    using UNPRECONDITIONED norm type for convergence test
                                                  PC Object: (BackwardEuler-Equation_) 832 MPI processes
                                                    type: python
                                                      Python: solvers.vlumping.VerticallyLumpedPC
                                                    Firedrake custom preconditioner VerticallyLumpedPC
                                                      Vertically lumped MG: collapses vertical dimension on coarse level (cf. Kramer et al. 2010)
                                                      PC Object: (BackwardEuler-Equation_lumped_) 832 MPI processes
                                                        type: mg
                                                          type is MULTIPLICATIVE, levels=2 cycles=v
                                                            Cycles per PCApply=1
                                                            Using Galerkin computed coarse grid matrices
                                                        Coarse grid solver -- level 0 -------------------------------
                                                          KSP Object: (BackwardEuler-Equation_lumped_mg_coarse_) 832 MPI processes
                                                            type: preonly
                                                            maximum iterations=10000, initial guess is zero
                                                            tolerances: relative=1e-05, absolute=1e-50, divergence=10000.
                                                            left preconditioning
                                                            not checking for convergence
                                                          PC Object: (BackwardEuler-Equation_lumped_mg_coarse_) 832 MPI processes
                                                            type: lu
                                                              out-of-place factorization
                                                              tolerance for zero pivot 2.22045e-14
                                                              matrix ordering: external
                                                              factor fill ratio given 0., needed 0.
                                                                Factored matrix:
                                                                  Mat Object: (BackwardEuler-Equation_lumped_mg_coarse_) 832 MPI processes
                                                                    type: mumps
                                                                    rows=230400, cols=230400
                                                                    package used to perform factorization: mumps
                                                                    total: nonzeros=53788864, allocated nonzeros=53788864
                                                                      MUMPS run parameters:
                                                                        Use -BackwardEuler-Equation_lumped_mg_coarse_ksp_view ::ascii_info_detail to display information for all processes
                                                                        RINFOG(1) (global estimated flops for the elimination after analysis): 2.26775e+10
                                                                        RINFOG(2) (global estimated flops for the assembly after factorization): 8.43506e+07
                                                                        RINFOG(3) (global estimated flops for the elimination after factorization): 2.26775e+10
                                                                        (RINFOG(12) RINFOG(13))*2^INFOG(34) (determinant): (0.,0.)*(2^0)
                                                                        INFOG(3) (estimated real workspace for factors on all processors after analysis): 156221480
                                                                        INFOG(4) (estimated integer workspace for factors on all processors after analysis): 3409438
                                                                        INFOG(5) (estimated maximum front size in the complete tree): 1668
                                                                        INFOG(6) (number of nodes in the complete tree): 12616
                                                                        INFOG(7) (ordering option effectively used after analysis): 5
                                                                        INFOG(8) (structural symmetry in percent of the permuted matrix after analysis): -1
                                                                        INFOG(9) (total real/complex workspace to store the matrix factors after factorization): 53788864
                                                                        INFOG(10) (total integer space store the matrix factors after factorization): 2983281
                                                                        INFOG(11) (order of largest frontal matrix after factorization): 1668
                                                                        INFOG(12) (number of off-diagonal pivots): 0
                                                                        INFOG(13) (number of delayed pivots after factorization): 0
                                                                        INFOG(14) (number of memory compress after factorization): 0
                                                                        INFOG(15) (number of steps of iterative refinement after solution): 0
                                                                        INFOG(16) (estimated size (in MB) of all MUMPS internal data for factorization after analysis: value on the most memory consuming processor): 296
                                                                        INFOG(17) (estimated size of all MUMPS internal data for factorization after analysis: sum over all processors): 231120
                                                                        INFOG(18) (size of all MUMPS internal data allocated during factorization: value on the most memory consuming processor): 296
                                                                        INFOG(19) (size of all MUMPS internal data allocated during factorization: sum over all processors): 231068
                                                                        INFOG(20) (estimated number of entries in the factors): 53788864
                                                                        INFOG(21) (size in MB of memory effectively used during factorization - value on the most memory consuming processor): 286
                                                                        INFOG(22) (size in MB of memory effectively used during factorization - sum over all processors): 225276
                                                                        INFOG(23) (after analysis: value of ICNTL(6) effectively used): 0
                                                                        INFOG(24) (after analysis: value of ICNTL(12) effectively used): 1
                                                                        INFOG(25) (after factorization: number of pivots modified by static pivoting): 0
                                                                        INFOG(28) (after factorization: number of null pivots encountered): 0
                                                                        INFOG(29) (after factorization: effective number of entries in the factors (sum over all processors)): 53788864
                                                                        INFOG(30, 31) (after solution: size in Mbytes of memory used during solution phase): 55, 29409
                                                                        INFOG(32) (after analysis: type of analysis done): 1
                                                                        INFOG(33) (value used for ICNTL(8)): 7
                                                                        INFOG(34) (exponent of the determinant if determinant is requested): 0
                                                                        INFOG(35) (after factorization: number of entries taking into account BLR factor compression - sum over all processors): 53788864
                                                                        INFOG(36) (after analysis: estimated size of all MUMPS internal data for running BLR in-core - value on the most memory consuming processor): 0
                                                                        INFOG(37) (after analysis: estimated size of all MUMPS internal data for running BLR in-core - sum over all processors): 0
                                                                        INFOG(38) (after analysis: estimated size of all MUMPS internal data for running BLR out-of-core - value on the most memory consuming processor): 0
                                                                        INFOG(39) (after analysis: estimated size of all MUMPS internal data for running BLR out-of-core - sum over all processors): 0
                                                            linear system matrix, which is also used to construct the preconditioner:
                                                            Mat Object: 832 MPI processes
                                                              type: mpiaij
                                                              rows=230400, cols=230400
                                                              total: nonzeros=4592640, allocated nonzeros=4592640
                                                              total number of mallocs used during MatSetValues calls=0
                                                                using nonscalable MatPtAP() implementation
                                                                using I-node (on process 0) routines: found 70 nodes, limit used is 5
                                                        Down solver (pre-smoother) on level 1 -------------------------------
                                                          KSP Object: (BackwardEuler-Equation_lumped_mg_levels_1_) 832 MPI processes
                                                            type: chebyshev
                                                              Chebyshev polynomial of first kind
                                                              eigenvalue targets used: min 0.178813, max 1.96694
                                                              eigenvalues estimated via gmres: min 0.0298885, max 1.78813
                                                              eigenvalues estimated using gmres with transform: [0. 0.1; 0. 1.1]
                                                              KSP Object: (BackwardEuler-Equation_lumped_mg_levels_1_esteig_) 832 MPI processes
                                                                type: gmres
                                                                  restart=30, using classical (unmodified) Gram-Schmidt orthogonalization with no iterative refinement
                                                                  happy breakdown tolerance=1e-30
                                                                maximum iterations=10, initial guess is zero
                                                                tolerances: relative=1e-12, absolute=1e-50, divergence=10000.
                                                                left preconditioning
                                                                using PRECONDITIONED norm type for convergence test
                                                              estimating eigenvalues using a noisy random number generated right-hand side
                                                            maximum iterations=2, nonzero initial guess
                                                            tolerances: relative=1e-05, absolute=1e-50, divergence=10000.
                                                            left preconditioning
                                                            not checking for convergence
                                                          PC Object: (BackwardEuler-Equation_lumped_mg_levels_1_) 832 MPI processes
                                                            type: sor
                                                              type = local_symmetric, iterations = 1, local iterations = 1, omega = 1.
                                                            linear system matrix, which is also used to construct the preconditioner:
                                                            Mat Object: (BackwardEuler-Equation_) 832 MPI processes
                                                              type: mpiaij
                                                              rows=143769600, cols=143769600
                                                              total: nonzeros=8024555520, allocated nonzeros=8024555520
                                                              total number of mallocs used during MatSetValues calls=0
                                                                has attached near null space
                                                                using I-node (on process 0) routines: found 43680 nodes, limit used is 5
                                                        Up solver (post-smoother) same as down solver (pre-smoother)
                                                        linear system matrix, which is also used to construct the preconditioner:
                                                        Mat Object: (BackwardEuler-Equation_) 832 MPI processes
                                                          type: mpiaij
                                                          rows=143769600, cols=143769600
                                                          total: nonzeros=8024555520, allocated nonzeros=8024555520
                                                          total number of mallocs used during MatSetValues calls=0
                                                            has attached near null space
                                                            using I-node (on process 0) routines: found 43680 nodes, limit used is 5
                                                      linear system matrix, which is also used to construct the preconditioner:
                                                      Mat Object: (BackwardEuler-Equation_) 832 MPI processes
                                                        type: mpiaij
                                                        rows=143769600, cols=143769600
                                                        total: nonzeros=8024555520, allocated nonzeros=8024555520
                                                        total number of mallocs used during MatSetValues calls=0
                                                          has attached near null space
                                                          using I-node (on process 0) routines: found 43680 nodes, limit used is 5
t = 7500.00 s | step 25/30 | wall 39.52 s | NL 1 | L 83
                                                    0 SNES Function norm 3.662458457913e-07
                                                            Linear BackwardEuler-Equation_lumped_mg_coarse_ solve converged due to CONVERGED_ITS iterations 1
                                                            Linear BackwardEuler-Equation_lumped_mg_coarse_ solve converged due to CONVERGED_ITS iterations 1
                                                            Linear BackwardEuler-Equation_lumped_mg_coarse_ solve converged due to CONVERGED_ITS iterations 1
                                                            Linear BackwardEuler-Equation_lumped_mg_coarse_ solve converged due to CONVERGED_ITS iterations 1
                                                            Linear BackwardEuler-Equation_lumped_mg_coarse_ solve converged due to CONVERGED_ITS iterations 1
                                                            Linear BackwardEuler-Equation_lumped_mg_coarse_ solve converged due to CONVERGED_ITS iterations 1
                                                            Linear BackwardEuler-Equation_lumped_mg_coarse_ solve converged due to CONVERGED_ITS iterations 1
                                                            Linear BackwardEuler-Equation_lumped_mg_coarse_ solve converged due to CONVERGED_ITS iterations 1
                                                            Linear BackwardEuler-Equation_lumped_mg_coarse_ solve converged due to CONVERGED_ITS iterations 1
                                                            Linear BackwardEuler-Equation_lumped_mg_coarse_ solve converged due to CONVERGED_ITS iterations 1
                                                            Linear BackwardEuler-Equation_lumped_mg_coarse_ solve converged due to CONVERGED_ITS iterations 1
                                                            Linear BackwardEuler-Equation_lumped_mg_coarse_ solve converged due to CONVERGED_ITS iterations 1
                                                            Linear BackwardEuler-Equation_lumped_mg_coarse_ solve converged due to CONVERGED_ITS iterations 1
                                                            Linear BackwardEuler-Equation_lumped_mg_coarse_ solve converged due to CONVERGED_ITS iterations 1
                                                            Linear BackwardEuler-Equation_lumped_mg_coarse_ solve converged due to CONVERGED_ITS iterations 1
                                                            Linear BackwardEuler-Equation_lumped_mg_coarse_ solve converged due to CONVERGED_ITS iterations 1
                                                            Linear BackwardEuler-Equation_lumped_mg_coarse_ solve converged due to CONVERGED_ITS iterations 1
                                                            Linear BackwardEuler-Equation_lumped_mg_coarse_ solve converged due to CONVERGED_ITS iterations 1
                                                            Linear BackwardEuler-Equation_lumped_mg_coarse_ solve converged due to CONVERGED_ITS iterations 1
                                                            Linear BackwardEuler-Equation_lumped_mg_coarse_ solve converged due to CONVERGED_ITS iterations 1
                                                            Linear BackwardEuler-Equation_lumped_mg_coarse_ solve converged due to CONVERGED_ITS iterations 1
                                                            Linear BackwardEuler-Equation_lumped_mg_coarse_ solve converged due to CONVERGED_ITS iterations 1
                                                            Linear BackwardEuler-Equation_lumped_mg_coarse_ solve converged due to CONVERGED_ITS iterations 1
                                                            Linear BackwardEuler-Equation_lumped_mg_coarse_ solve converged due to CONVERGED_ITS iterations 1
                                                            Linear BackwardEuler-Equation_lumped_mg_coarse_ solve converged due to CONVERGED_ITS iterations 1
                                                            Linear BackwardEuler-Equation_lumped_mg_coarse_ solve converged due to CONVERGED_ITS iterations 1
                                                            Linear BackwardEuler-Equation_lumped_mg_coarse_ solve converged due to CONVERGED_ITS iterations 1
                                                            Linear BackwardEuler-Equation_lumped_mg_coarse_ solve converged due to CONVERGED_ITS iterations 1
                                                            Linear BackwardEuler-Equation_lumped_mg_coarse_ solve converged due to CONVERGED_ITS iterations 1
                                                            Linear BackwardEuler-Equation_lumped_mg_coarse_ solve converged due to CONVERGED_ITS iterations 1
                                                            Linear BackwardEuler-Equation_lumped_mg_coarse_ solve converged due to CONVERGED_ITS iterations 1
                                                            Linear BackwardEuler-Equation_lumped_mg_coarse_ solve converged due to CONVERGED_ITS iterations 1
                                                            Linear BackwardEuler-Equation_lumped_mg_coarse_ solve converged due to CONVERGED_ITS iterations 1
                                                            Linear BackwardEuler-Equation_lumped_mg_coarse_ solve converged due to CONVERGED_ITS iterations 1
                                                            Linear BackwardEuler-Equation_lumped_mg_coarse_ solve converged due to CONVERGED_ITS iterations 1
                                                            Linear BackwardEuler-Equation_lumped_mg_coarse_ solve converged due to CONVERGED_ITS iterations 1
                                                            Linear BackwardEuler-Equation_lumped_mg_coarse_ solve converged due to CONVERGED_ITS iterations 1
                                                            Linear BackwardEuler-Equation_lumped_mg_coarse_ solve converged due to CONVERGED_ITS iterations 1
                                                            Linear BackwardEuler-Equation_lumped_mg_coarse_ solve converged due to CONVERGED_ITS iterations 1
                                                            Linear BackwardEuler-Equation_lumped_mg_coarse_ solve converged due to CONVERGED_ITS iterations 1
                                                            Linear BackwardEuler-Equation_lumped_mg_coarse_ solve converged due to CONVERGED_ITS iterations 1
                                                            Linear BackwardEuler-Equation_lumped_mg_coarse_ solve converged due to CONVERGED_ITS iterations 1
                                                            Linear BackwardEuler-Equation_lumped_mg_coarse_ solve converged due to CONVERGED_ITS iterations 1
                                                            Linear BackwardEuler-Equation_lumped_mg_coarse_ solve converged due to CONVERGED_ITS iterations 1
                                                            Linear BackwardEuler-Equation_lumped_mg_coarse_ solve converged due to CONVERGED_ITS iterations 1
                                                            Linear BackwardEuler-Equation_lumped_mg_coarse_ solve converged due to CONVERGED_ITS iterations 1
                                                            Linear BackwardEuler-Equation_lumped_mg_coarse_ solve converged due to CONVERGED_ITS iterations 1
                                                            Linear BackwardEuler-Equation_lumped_mg_coarse_ solve converged due to CONVERGED_ITS iterations 1
                                                            Linear BackwardEuler-Equation_lumped_mg_coarse_ solve converged due to CONVERGED_ITS iterations 1
                                                            Linear BackwardEuler-Equation_lumped_mg_coarse_ solve converged due to CONVERGED_ITS iterations 1
                                                            Linear BackwardEuler-Equation_lumped_mg_coarse_ solve converged due to CONVERGED_ITS iterations 1
                                                            Linear BackwardEuler-Equation_lumped_mg_coarse_ solve converged due to CONVERGED_ITS iterations 1
                                                            Linear BackwardEuler-Equation_lumped_mg_coarse_ solve converged due to CONVERGED_ITS iterations 1
                                                            Linear BackwardEuler-Equation_lumped_mg_coarse_ solve converged due to CONVERGED_ITS iterations 1
                                                            Linear BackwardEuler-Equation_lumped_mg_coarse_ solve converged due to CONVERGED_ITS iterations 1
                                                            Linear BackwardEuler-Equation_lumped_mg_coarse_ solve converged due to CONVERGED_ITS iterations 1
                                                            Linear BackwardEuler-Equation_lumped_mg_coarse_ solve converged due to CONVERGED_ITS iterations 1
                                                            Linear BackwardEuler-Equation_lumped_mg_coarse_ solve converged due to CONVERGED_ITS iterations 1
                                                            Linear BackwardEuler-Equation_lumped_mg_coarse_ solve converged due to CONVERGED_ITS iterations 1
                                                            Linear BackwardEuler-Equation_lumped_mg_coarse_ solve converged due to CONVERGED_ITS iterations 1
                                                            Linear BackwardEuler-Equation_lumped_mg_coarse_ solve converged due to CONVERGED_ITS iterations 1
                                                            Linear BackwardEuler-Equation_lumped_mg_coarse_ solve converged due to CONVERGED_ITS iterations 1
                                                            Linear BackwardEuler-Equation_lumped_mg_coarse_ solve converged due to CONVERGED_ITS iterations 1
                                                            Linear BackwardEuler-Equation_lumped_mg_coarse_ solve converged due to CONVERGED_ITS iterations 1
                                                            Linear BackwardEuler-Equation_lumped_mg_coarse_ solve converged due to CONVERGED_ITS iterations 1
                                                            Linear BackwardEuler-Equation_lumped_mg_coarse_ solve converged due to CONVERGED_ITS iterations 1
                                                            Linear BackwardEuler-Equation_lumped_mg_coarse_ solve converged due to CONVERGED_ITS iterations 1
                                                            Linear BackwardEuler-Equation_lumped_mg_coarse_ solve converged due to CONVERGED_ITS iterations 1
                                                            Linear BackwardEuler-Equation_lumped_mg_coarse_ solve converged due to CONVERGED_ITS iterations 1
                                                            Linear BackwardEuler-Equation_lumped_mg_coarse_ solve converged due to CONVERGED_ITS iterations 1
                                                            Linear BackwardEuler-Equation_lumped_mg_coarse_ solve converged due to CONVERGED_ITS iterations 1
                                                            Linear BackwardEuler-Equation_lumped_mg_coarse_ solve converged due to CONVERGED_ITS iterations 1
                                                            Linear BackwardEuler-Equation_lumped_mg_coarse_ solve converged due to CONVERGED_ITS iterations 1
                                                            Linear BackwardEuler-Equation_lumped_mg_coarse_ solve converged due to CONVERGED_ITS iterations 1
                                                            Linear BackwardEuler-Equation_lumped_mg_coarse_ solve converged due to CONVERGED_ITS iterations 1
                                                            Linear BackwardEuler-Equation_lumped_mg_coarse_ solve converged due to CONVERGED_ITS iterations 1
                                                            Linear BackwardEuler-Equation_lumped_mg_coarse_ solve converged due to CONVERGED_ITS iterations 1
                                                            Linear BackwardEuler-Equation_lumped_mg_coarse_ solve converged due to CONVERGED_ITS iterations 1
                                                            Linear BackwardEuler-Equation_lumped_mg_coarse_ solve converged due to CONVERGED_ITS iterations 1
                                                            Linear BackwardEuler-Equation_lumped_mg_coarse_ solve converged due to CONVERGED_ITS iterations 1
                                                            Linear BackwardEuler-Equation_lumped_mg_coarse_ solve converged due to CONVERGED_ITS iterations 1
                                                            Linear BackwardEuler-Equation_lumped_mg_coarse_ solve converged due to CONVERGED_ITS iterations 1
                                                            Linear BackwardEuler-Equation_lumped_mg_coarse_ solve converged due to CONVERGED_ITS iterations 1
                                                            Linear BackwardEuler-Equation_lumped_mg_coarse_ solve converged due to CONVERGED_ITS iterations 1
                                                      Linear BackwardEuler-Equation_ solve converged due to CONVERGED_RTOL iterations 84
                                                  Mat Object: (BackwardEuler-Equation_) 832 MPI processes
                                                    type: mpiaij
                                                    rows=143769600, cols=143769600
                                                    total: nonzeros=8024555520, allocated nonzeros=8024555520
                                                    total number of mallocs used during MatSetValues calls=0
                                                      has attached near null space
                                                      using I-node (on process 0) routines: found 43680 nodes, limit used is 5
                                                    1 SNES Function norm 4.431554210837e-09
                                                    Nonlinear BackwardEuler-Equation_ solve converged due to CONVERGED_FNORM_ABS iterations 1
                                                  SNES Object: (BackwardEuler-Equation_) 832 MPI processes
                                                    type: newtonls
                                                    maximum iterations=50, maximum function evaluations=10000
                                                    tolerances: relative=1e-08, absolute=1e-08, solution=1e-08
                                                    total number of linear solver iterations=84
                                                    total number of function evaluations=2
                                                    norm schedule ALWAYS
                                                    SNESLineSearch Object: (BackwardEuler-Equation_) 832 MPI processes
                                                      type: bt
                                                        interpolation: cubic
                                                        alpha=1.000000e-04
                                                      maxlambda=1.000000e+00, minlambda=1.000000e-12
                                                      tolerances: relative=1.000000e-08, absolute=1.000000e-15, lambda=1.000000e-08
                                                      maximum iterations=40
                                                    KSP Object: (BackwardEuler-Equation_) 832 MPI processes
                                                      type: fgmres
                                                        restart=30, using classical (unmodified) Gram-Schmidt orthogonalization with no iterative refinement
                                                        happy breakdown tolerance=1e-30
                                                      maximum iterations=200, initial guess is zero
                                                      tolerances: relative=1e-06, absolute=1e-50, divergence=10000.
                                                      right preconditioning
                                                      using UNPRECONDITIONED norm type for convergence test
                                                    PC Object: (BackwardEuler-Equation_) 832 MPI processes
                                                      type: python
                                                        Python: solvers.vlumping.VerticallyLumpedPC
                                                      Firedrake custom preconditioner VerticallyLumpedPC
                                                        Vertically lumped MG: collapses vertical dimension on coarse level (cf. Kramer et al. 2010)
                                                        PC Object: (BackwardEuler-Equation_lumped_) 832 MPI processes
                                                          type: mg
                                                            type is MULTIPLICATIVE, levels=2 cycles=v
                                                              Cycles per PCApply=1
                                                              Using Galerkin computed coarse grid matrices
                                                          Coarse grid solver -- level 0 -------------------------------
                                                            KSP Object: (BackwardEuler-Equation_lumped_mg_coarse_) 832 MPI processes
                                                              type: preonly
                                                              maximum iterations=10000, initial guess is zero
                                                              tolerances: relative=1e-05, absolute=1e-50, divergence=10000.
                                                              left preconditioning
                                                              not checking for convergence
                                                            PC Object: (BackwardEuler-Equation_lumped_mg_coarse_) 832 MPI processes
                                                              type: lu
                                                                out-of-place factorization
                                                                tolerance for zero pivot 2.22045e-14
                                                                matrix ordering: external
                                                                factor fill ratio given 0., needed 0.
                                                                  Factored matrix:
                                                                    Mat Object: (BackwardEuler-Equation_lumped_mg_coarse_) 832 MPI processes
                                                                      type: mumps
                                                                      rows=230400, cols=230400
                                                                      package used to perform factorization: mumps
                                                                      total: nonzeros=53788864, allocated nonzeros=53788864
                                                                        MUMPS run parameters:
                                                                          Use -BackwardEuler-Equation_lumped_mg_coarse_ksp_view ::ascii_info_detail to display information for all processes
                                                                          RINFOG(1) (global estimated flops for the elimination after analysis): 2.26775e+10
                                                                          RINFOG(2) (global estimated flops for the assembly after factorization): 8.43506e+07
                                                                          RINFOG(3) (global estimated flops for the elimination after factorization): 2.26775e+10
                                                                          (RINFOG(12) RINFOG(13))*2^INFOG(34) (determinant): (0.,0.)*(2^0)
                                                                          INFOG(3) (estimated real workspace for factors on all processors after analysis): 156221480
                                                                          INFOG(4) (estimated integer workspace for factors on all processors after analysis): 3409438
                                                                          INFOG(5) (estimated maximum front size in the complete tree): 1668
                                                                          INFOG(6) (number of nodes in the complete tree): 12616
                                                                          INFOG(7) (ordering option effectively used after analysis): 5
                                                                          INFOG(8) (structural symmetry in percent of the permuted matrix after analysis): -1
                                                                          INFOG(9) (total real/complex workspace to store the matrix factors after factorization): 53788864
                                                                          INFOG(10) (total integer space store the matrix factors after factorization): 2983281
                                                                          INFOG(11) (order of largest frontal matrix after factorization): 1668
                                                                          INFOG(12) (number of off-diagonal pivots): 0
                                                                          INFOG(13) (number of delayed pivots after factorization): 0
                                                                          INFOG(14) (number of memory compress after factorization): 0
                                                                          INFOG(15) (number of steps of iterative refinement after solution): 0
                                                                          INFOG(16) (estimated size (in MB) of all MUMPS internal data for factorization after analysis: value on the most memory consuming processor): 296
                                                                          INFOG(17) (estimated size of all MUMPS internal data for factorization after analysis: sum over all processors): 231120
                                                                          INFOG(18) (size of all MUMPS internal data allocated during factorization: value on the most memory consuming processor): 296
                                                                          INFOG(19) (size of all MUMPS internal data allocated during factorization: sum over all processors): 231068
                                                                          INFOG(20) (estimated number of entries in the factors): 53788864
                                                                          INFOG(21) (size in MB of memory effectively used during factorization - value on the most memory consuming processor): 286
                                                                          INFOG(22) (size in MB of memory effectively used during factorization - sum over all processors): 225271
                                                                          INFOG(23) (after analysis: value of ICNTL(6) effectively used): 0
                                                                          INFOG(24) (after analysis: value of ICNTL(12) effectively used): 1
                                                                          INFOG(25) (after factorization: number of pivots modified by static pivoting): 0
                                                                          INFOG(28) (after factorization: number of null pivots encountered): 0
                                                                          INFOG(29) (after factorization: effective number of entries in the factors (sum over all processors)): 53788864
                                                                          INFOG(30, 31) (after solution: size in Mbytes of memory used during solution phase): 55, 29409
                                                                          INFOG(32) (after analysis: type of analysis done): 1
                                                                          INFOG(33) (value used for ICNTL(8)): 7
                                                                          INFOG(34) (exponent of the determinant if determinant is requested): 0
                                                                          INFOG(35) (after factorization: number of entries taking into account BLR factor compression - sum over all processors): 53788864
                                                                          INFOG(36) (after analysis: estimated size of all MUMPS internal data for running BLR in-core - value on the most memory consuming processor): 0
                                                                          INFOG(37) (after analysis: estimated size of all MUMPS internal data for running BLR in-core - sum over all processors): 0
                                                                          INFOG(38) (after analysis: estimated size of all MUMPS internal data for running BLR out-of-core - value on the most memory consuming processor): 0
                                                                          INFOG(39) (after analysis: estimated size of all MUMPS internal data for running BLR out-of-core - sum over all processors): 0
                                                              linear system matrix, which is also used to construct the preconditioner:
                                                              Mat Object: 832 MPI processes
                                                                type: mpiaij
                                                                rows=230400, cols=230400
                                                                total: nonzeros=4592640, allocated nonzeros=4592640
                                                                total number of mallocs used during MatSetValues calls=0
                                                                  using nonscalable MatPtAP() implementation
                                                                  using I-node (on process 0) routines: found 70 nodes, limit used is 5
                                                          Down solver (pre-smoother) on level 1 -------------------------------
                                                            KSP Object: (BackwardEuler-Equation_lumped_mg_levels_1_) 832 MPI processes
                                                              type: chebyshev
                                                                Chebyshev polynomial of first kind
                                                                eigenvalue targets used: min 0.178813, max 1.96695
                                                                eigenvalues estimated via gmres: min 0.0298894, max 1.78813
                                                                eigenvalues estimated using gmres with transform: [0. 0.1; 0. 1.1]
                                                                KSP Object: (BackwardEuler-Equation_lumped_mg_levels_1_esteig_) 832 MPI processes
                                                                  type: gmres
                                                                    restart=30, using classical (unmodified) Gram-Schmidt orthogonalization with no iterative refinement
                                                                    happy breakdown tolerance=1e-30
                                                                  maximum iterations=10, initial guess is zero
                                                                  tolerances: relative=1e-12, absolute=1e-50, divergence=10000.
                                                                  left preconditioning
                                                                  using PRECONDITIONED norm type for convergence test
                                                                estimating eigenvalues using a noisy random number generated right-hand side
                                                              maximum iterations=2, nonzero initial guess
                                                              tolerances: relative=1e-05, absolute=1e-50, divergence=10000.
                                                              left preconditioning
                                                              not checking for convergence
                                                            PC Object: (BackwardEuler-Equation_lumped_mg_levels_1_) 832 MPI processes
                                                              type: sor
                                                                type = local_symmetric, iterations = 1, local iterations = 1, omega = 1.
                                                              linear system matrix, which is also used to construct the preconditioner:
                                                              Mat Object: (BackwardEuler-Equation_) 832 MPI processes
                                                                type: mpiaij
                                                                rows=143769600, cols=143769600
                                                                total: nonzeros=8024555520, allocated nonzeros=8024555520
                                                                total number of mallocs used during MatSetValues calls=0
                                                                  has attached near null space
                                                                  using I-node (on process 0) routines: found 43680 nodes, limit used is 5
                                                          Up solver (post-smoother) same as down solver (pre-smoother)
                                                          linear system matrix, which is also used to construct the preconditioner:
                                                          Mat Object: (BackwardEuler-Equation_) 832 MPI processes
                                                            type: mpiaij
                                                            rows=143769600, cols=143769600
                                                            total: nonzeros=8024555520, allocated nonzeros=8024555520
                                                            total number of mallocs used during MatSetValues calls=0
                                                              has attached near null space
                                                              using I-node (on process 0) routines: found 43680 nodes, limit used is 5
                                                        linear system matrix, which is also used to construct the preconditioner:
                                                        Mat Object: (BackwardEuler-Equation_) 832 MPI processes
                                                          type: mpiaij
                                                          rows=143769600, cols=143769600
                                                          total: nonzeros=8024555520, allocated nonzeros=8024555520
                                                          total number of mallocs used during MatSetValues calls=0
                                                            has attached near null space
                                                            using I-node (on process 0) routines: found 43680 nodes, limit used is 5
t = 7800.00 s | step 26/30 | wall 40.32 s | NL 1 | L 84
                                                      0 SNES Function norm 3.645238894028e-07
                                                              Linear BackwardEuler-Equation_lumped_mg_coarse_ solve converged due to CONVERGED_ITS iterations 1
                                                              Linear BackwardEuler-Equation_lumped_mg_coarse_ solve converged due to CONVERGED_ITS iterations 1
                                                              Linear BackwardEuler-Equation_lumped_mg_coarse_ solve converged due to CONVERGED_ITS iterations 1
                                                              Linear BackwardEuler-Equation_lumped_mg_coarse_ solve converged due to CONVERGED_ITS iterations 1
                                                              Linear BackwardEuler-Equation_lumped_mg_coarse_ solve converged due to CONVERGED_ITS iterations 1
                                                              Linear BackwardEuler-Equation_lumped_mg_coarse_ solve converged due to CONVERGED_ITS iterations 1
                                                              Linear BackwardEuler-Equation_lumped_mg_coarse_ solve converged due to CONVERGED_ITS iterations 1
                                                              Linear BackwardEuler-Equation_lumped_mg_coarse_ solve converged due to CONVERGED_ITS iterations 1
                                                              Linear BackwardEuler-Equation_lumped_mg_coarse_ solve converged due to CONVERGED_ITS iterations 1
                                                              Linear BackwardEuler-Equation_lumped_mg_coarse_ solve converged due to CONVERGED_ITS iterations 1
                                                              Linear BackwardEuler-Equation_lumped_mg_coarse_ solve converged due to CONVERGED_ITS iterations 1
                                                              Linear BackwardEuler-Equation_lumped_mg_coarse_ solve converged due to CONVERGED_ITS iterations 1
                                                              Linear BackwardEuler-Equation_lumped_mg_coarse_ solve converged due to CONVERGED_ITS iterations 1
                                                              Linear BackwardEuler-Equation_lumped_mg_coarse_ solve converged due to CONVERGED_ITS iterations 1
                                                              Linear BackwardEuler-Equation_lumped_mg_coarse_ solve converged due to CONVERGED_ITS iterations 1
                                                              Linear BackwardEuler-Equation_lumped_mg_coarse_ solve converged due to CONVERGED_ITS iterations 1
                                                              Linear BackwardEuler-Equation_lumped_mg_coarse_ solve converged due to CONVERGED_ITS iterations 1
                                                              Linear BackwardEuler-Equation_lumped_mg_coarse_ solve converged due to CONVERGED_ITS iterations 1
                                                              Linear BackwardEuler-Equation_lumped_mg_coarse_ solve converged due to CONVERGED_ITS iterations 1
                                                              Linear BackwardEuler-Equation_lumped_mg_coarse_ solve converged due to CONVERGED_ITS iterations 1
                                                              Linear BackwardEuler-Equation_lumped_mg_coarse_ solve converged due to CONVERGED_ITS iterations 1
                                                              Linear BackwardEuler-Equation_lumped_mg_coarse_ solve converged due to CONVERGED_ITS iterations 1
                                                              Linear BackwardEuler-Equation_lumped_mg_coarse_ solve converged due to CONVERGED_ITS iterations 1
                                                              Linear BackwardEuler-Equation_lumped_mg_coarse_ solve converged due to CONVERGED_ITS iterations 1
                                                              Linear BackwardEuler-Equation_lumped_mg_coarse_ solve converged due to CONVERGED_ITS iterations 1
                                                              Linear BackwardEuler-Equation_lumped_mg_coarse_ solve converged due to CONVERGED_ITS iterations 1
                                                              Linear BackwardEuler-Equation_lumped_mg_coarse_ solve converged due to CONVERGED_ITS iterations 1
                                                              Linear BackwardEuler-Equation_lumped_mg_coarse_ solve converged due to CONVERGED_ITS iterations 1
                                                              Linear BackwardEuler-Equation_lumped_mg_coarse_ solve converged due to CONVERGED_ITS iterations 1
                                                              Linear BackwardEuler-Equation_lumped_mg_coarse_ solve converged due to CONVERGED_ITS iterations 1
                                                              Linear BackwardEuler-Equation_lumped_mg_coarse_ solve converged due to CONVERGED_ITS iterations 1
                                                              Linear BackwardEuler-Equation_lumped_mg_coarse_ solve converged due to CONVERGED_ITS iterations 1
                                                              Linear BackwardEuler-Equation_lumped_mg_coarse_ solve converged due to CONVERGED_ITS iterations 1
                                                              Linear BackwardEuler-Equation_lumped_mg_coarse_ solve converged due to CONVERGED_ITS iterations 1
                                                              Linear BackwardEuler-Equation_lumped_mg_coarse_ solve converged due to CONVERGED_ITS iterations 1
                                                              Linear BackwardEuler-Equation_lumped_mg_coarse_ solve converged due to CONVERGED_ITS iterations 1
                                                              Linear BackwardEuler-Equation_lumped_mg_coarse_ solve converged due to CONVERGED_ITS iterations 1
                                                              Linear BackwardEuler-Equation_lumped_mg_coarse_ solve converged due to CONVERGED_ITS iterations 1
                                                              Linear BackwardEuler-Equation_lumped_mg_coarse_ solve converged due to CONVERGED_ITS iterations 1
                                                              Linear BackwardEuler-Equation_lumped_mg_coarse_ solve converged due to CONVERGED_ITS iterations 1
                                                              Linear BackwardEuler-Equation_lumped_mg_coarse_ solve converged due to CONVERGED_ITS iterations 1
                                                              Linear BackwardEuler-Equation_lumped_mg_coarse_ solve converged due to CONVERGED_ITS iterations 1
                                                              Linear BackwardEuler-Equation_lumped_mg_coarse_ solve converged due to CONVERGED_ITS iterations 1
                                                              Linear BackwardEuler-Equation_lumped_mg_coarse_ solve converged due to CONVERGED_ITS iterations 1
                                                              Linear BackwardEuler-Equation_lumped_mg_coarse_ solve converged due to CONVERGED_ITS iterations 1
                                                              Linear BackwardEuler-Equation_lumped_mg_coarse_ solve converged due to CONVERGED_ITS iterations 1
                                                              Linear BackwardEuler-Equation_lumped_mg_coarse_ solve converged due to CONVERGED_ITS iterations 1
                                                              Linear BackwardEuler-Equation_lumped_mg_coarse_ solve converged due to CONVERGED_ITS iterations 1
                                                              Linear BackwardEuler-Equation_lumped_mg_coarse_ solve converged due to CONVERGED_ITS iterations 1
                                                              Linear BackwardEuler-Equation_lumped_mg_coarse_ solve converged due to CONVERGED_ITS iterations 1
                                                              Linear BackwardEuler-Equation_lumped_mg_coarse_ solve converged due to CONVERGED_ITS iterations 1
                                                              Linear BackwardEuler-Equation_lumped_mg_coarse_ solve converged due to CONVERGED_ITS iterations 1
                                                              Linear BackwardEuler-Equation_lumped_mg_coarse_ solve converged due to CONVERGED_ITS iterations 1
                                                              Linear BackwardEuler-Equation_lumped_mg_coarse_ solve converged due to CONVERGED_ITS iterations 1
                                                              Linear BackwardEuler-Equation_lumped_mg_coarse_ solve converged due to CONVERGED_ITS iterations 1
                                                              Linear BackwardEuler-Equation_lumped_mg_coarse_ solve converged due to CONVERGED_ITS iterations 1
                                                              Linear BackwardEuler-Equation_lumped_mg_coarse_ solve converged due to CONVERGED_ITS iterations 1
                                                              Linear BackwardEuler-Equation_lumped_mg_coarse_ solve converged due to CONVERGED_ITS iterations 1
                                                              Linear BackwardEuler-Equation_lumped_mg_coarse_ solve converged due to CONVERGED_ITS iterations 1
                                                              Linear BackwardEuler-Equation_lumped_mg_coarse_ solve converged due to CONVERGED_ITS iterations 1
                                                              Linear BackwardEuler-Equation_lumped_mg_coarse_ solve converged due to CONVERGED_ITS iterations 1
                                                              Linear BackwardEuler-Equation_lumped_mg_coarse_ solve converged due to CONVERGED_ITS iterations 1
                                                              Linear BackwardEuler-Equation_lumped_mg_coarse_ solve converged due to CONVERGED_ITS iterations 1
                                                              Linear BackwardEuler-Equation_lumped_mg_coarse_ solve converged due to CONVERGED_ITS iterations 1
                                                              Linear BackwardEuler-Equation_lumped_mg_coarse_ solve converged due to CONVERGED_ITS iterations 1
                                                              Linear BackwardEuler-Equation_lumped_mg_coarse_ solve converged due to CONVERGED_ITS iterations 1
                                                              Linear BackwardEuler-Equation_lumped_mg_coarse_ solve converged due to CONVERGED_ITS iterations 1
                                                              Linear BackwardEuler-Equation_lumped_mg_coarse_ solve converged due to CONVERGED_ITS iterations 1
                                                              Linear BackwardEuler-Equation_lumped_mg_coarse_ solve converged due to CONVERGED_ITS iterations 1
                                                              Linear BackwardEuler-Equation_lumped_mg_coarse_ solve converged due to CONVERGED_ITS iterations 1
                                                              Linear BackwardEuler-Equation_lumped_mg_coarse_ solve converged due to CONVERGED_ITS iterations 1
                                                              Linear BackwardEuler-Equation_lumped_mg_coarse_ solve converged due to CONVERGED_ITS iterations 1
                                                              Linear BackwardEuler-Equation_lumped_mg_coarse_ solve converged due to CONVERGED_ITS iterations 1
                                                              Linear BackwardEuler-Equation_lumped_mg_coarse_ solve converged due to CONVERGED_ITS iterations 1
                                                              Linear BackwardEuler-Equation_lumped_mg_coarse_ solve converged due to CONVERGED_ITS iterations 1
                                                              Linear BackwardEuler-Equation_lumped_mg_coarse_ solve converged due to CONVERGED_ITS iterations 1
                                                              Linear BackwardEuler-Equation_lumped_mg_coarse_ solve converged due to CONVERGED_ITS iterations 1
                                                              Linear BackwardEuler-Equation_lumped_mg_coarse_ solve converged due to CONVERGED_ITS iterations 1
                                                              Linear BackwardEuler-Equation_lumped_mg_coarse_ solve converged due to CONVERGED_ITS iterations 1
                                                              Linear BackwardEuler-Equation_lumped_mg_coarse_ solve converged due to CONVERGED_ITS iterations 1
                                                              Linear BackwardEuler-Equation_lumped_mg_coarse_ solve converged due to CONVERGED_ITS iterations 1
                                                              Linear BackwardEuler-Equation_lumped_mg_coarse_ solve converged due to CONVERGED_ITS iterations 1
                                                              Linear BackwardEuler-Equation_lumped_mg_coarse_ solve converged due to CONVERGED_ITS iterations 1
                                                              Linear BackwardEuler-Equation_lumped_mg_coarse_ solve converged due to CONVERGED_ITS iterations 1
                                                        Linear BackwardEuler-Equation_ solve converged due to CONVERGED_RTOL iterations 84
                                                    Mat Object: (BackwardEuler-Equation_) 832 MPI processes
                                                      type: mpiaij
                                                      rows=143769600, cols=143769600
                                                      total: nonzeros=8024555520, allocated nonzeros=8024555520
                                                      total number of mallocs used during MatSetValues calls=0
                                                        has attached near null space
                                                        using I-node (on process 0) routines: found 43680 nodes, limit used is 5
                                                      1 SNES Function norm 4.383742525734e-09
                                                      Nonlinear BackwardEuler-Equation_ solve converged due to CONVERGED_FNORM_ABS iterations 1
                                                    SNES Object: (BackwardEuler-Equation_) 832 MPI processes
                                                      type: newtonls
                                                      maximum iterations=50, maximum function evaluations=10000
                                                      tolerances: relative=1e-08, absolute=1e-08, solution=1e-08
                                                      total number of linear solver iterations=84
                                                      total number of function evaluations=2
                                                      norm schedule ALWAYS
                                                      SNESLineSearch Object: (BackwardEuler-Equation_) 832 MPI processes
                                                        type: bt
                                                          interpolation: cubic
                                                          alpha=1.000000e-04
                                                        maxlambda=1.000000e+00, minlambda=1.000000e-12
                                                        tolerances: relative=1.000000e-08, absolute=1.000000e-15, lambda=1.000000e-08
                                                        maximum iterations=40
                                                      KSP Object: (BackwardEuler-Equation_) 832 MPI processes
                                                        type: fgmres
                                                          restart=30, using classical (unmodified) Gram-Schmidt orthogonalization with no iterative refinement
                                                          happy breakdown tolerance=1e-30
                                                        maximum iterations=200, initial guess is zero
                                                        tolerances: relative=1e-06, absolute=1e-50, divergence=10000.
                                                        right preconditioning
                                                        using UNPRECONDITIONED norm type for convergence test
                                                      PC Object: (BackwardEuler-Equation_) 832 MPI processes
                                                        type: python
                                                          Python: solvers.vlumping.VerticallyLumpedPC
                                                        Firedrake custom preconditioner VerticallyLumpedPC
                                                          Vertically lumped MG: collapses vertical dimension on coarse level (cf. Kramer et al. 2010)
                                                          PC Object: (BackwardEuler-Equation_lumped_) 832 MPI processes
                                                            type: mg
                                                              type is MULTIPLICATIVE, levels=2 cycles=v
                                                                Cycles per PCApply=1
                                                                Using Galerkin computed coarse grid matrices
                                                            Coarse grid solver -- level 0 -------------------------------
                                                              KSP Object: (BackwardEuler-Equation_lumped_mg_coarse_) 832 MPI processes
                                                                type: preonly
                                                                maximum iterations=10000, initial guess is zero
                                                                tolerances: relative=1e-05, absolute=1e-50, divergence=10000.
                                                                left preconditioning
                                                                not checking for convergence
                                                              PC Object: (BackwardEuler-Equation_lumped_mg_coarse_) 832 MPI processes
                                                                type: lu
                                                                  out-of-place factorization
                                                                  tolerance for zero pivot 2.22045e-14
                                                                  matrix ordering: external
                                                                  factor fill ratio given 0., needed 0.
                                                                    Factored matrix:
                                                                      Mat Object: (BackwardEuler-Equation_lumped_mg_coarse_) 832 MPI processes
                                                                        type: mumps
                                                                        rows=230400, cols=230400
                                                                        package used to perform factorization: mumps
                                                                        total: nonzeros=53788864, allocated nonzeros=53788864
                                                                          MUMPS run parameters:
                                                                            Use -BackwardEuler-Equation_lumped_mg_coarse_ksp_view ::ascii_info_detail to display information for all processes
                                                                            RINFOG(1) (global estimated flops for the elimination after analysis): 2.26775e+10
                                                                            RINFOG(2) (global estimated flops for the assembly after factorization): 8.43506e+07
                                                                            RINFOG(3) (global estimated flops for the elimination after factorization): 2.26775e+10
                                                                            (RINFOG(12) RINFOG(13))*2^INFOG(34) (determinant): (0.,0.)*(2^0)
                                                                            INFOG(3) (estimated real workspace for factors on all processors after analysis): 156221480
                                                                            INFOG(4) (estimated integer workspace for factors on all processors after analysis): 3409438
                                                                            INFOG(5) (estimated maximum front size in the complete tree): 1668
                                                                            INFOG(6) (number of nodes in the complete tree): 12616
                                                                            INFOG(7) (ordering option effectively used after analysis): 5
                                                                            INFOG(8) (structural symmetry in percent of the permuted matrix after analysis): -1
                                                                            INFOG(9) (total real/complex workspace to store the matrix factors after factorization): 53788864
                                                                            INFOG(10) (total integer space store the matrix factors after factorization): 2983281
                                                                            INFOG(11) (order of largest frontal matrix after factorization): 1668
                                                                            INFOG(12) (number of off-diagonal pivots): 0
                                                                            INFOG(13) (number of delayed pivots after factorization): 0
                                                                            INFOG(14) (number of memory compress after factorization): 0
                                                                            INFOG(15) (number of steps of iterative refinement after solution): 0
                                                                            INFOG(16) (estimated size (in MB) of all MUMPS internal data for factorization after analysis: value on the most memory consuming processor): 296
                                                                            INFOG(17) (estimated size of all MUMPS internal data for factorization after analysis: sum over all processors): 231120
                                                                            INFOG(18) (size of all MUMPS internal data allocated during factorization: value on the most memory consuming processor): 296
                                                                            INFOG(19) (size of all MUMPS internal data allocated during factorization: sum over all processors): 231068
                                                                            INFOG(20) (estimated number of entries in the factors): 53788864
                                                                            INFOG(21) (size in MB of memory effectively used during factorization - value on the most memory consuming processor): 286
                                                                            INFOG(22) (size in MB of memory effectively used during factorization - sum over all processors): 225275
                                                                            INFOG(23) (after analysis: value of ICNTL(6) effectively used): 0
                                                                            INFOG(24) (after analysis: value of ICNTL(12) effectively used): 1
                                                                            INFOG(25) (after factorization: number of pivots modified by static pivoting): 0
                                                                            INFOG(28) (after factorization: number of null pivots encountered): 0
                                                                            INFOG(29) (after factorization: effective number of entries in the factors (sum over all processors)): 53788864
                                                                            INFOG(30, 31) (after solution: size in Mbytes of memory used during solution phase): 55, 29409
                                                                            INFOG(32) (after analysis: type of analysis done): 1
                                                                            INFOG(33) (value used for ICNTL(8)): 7
                                                                            INFOG(34) (exponent of the determinant if determinant is requested): 0
                                                                            INFOG(35) (after factorization: number of entries taking into account BLR factor compression - sum over all processors): 53788864
                                                                            INFOG(36) (after analysis: estimated size of all MUMPS internal data for running BLR in-core - value on the most memory consuming processor): 0
                                                                            INFOG(37) (after analysis: estimated size of all MUMPS internal data for running BLR in-core - sum over all processors): 0
                                                                            INFOG(38) (after analysis: estimated size of all MUMPS internal data for running BLR out-of-core - value on the most memory consuming processor): 0
                                                                            INFOG(39) (after analysis: estimated size of all MUMPS internal data for running BLR out-of-core - sum over all processors): 0
                                                                linear system matrix, which is also used to construct the preconditioner:
                                                                Mat Object: 832 MPI processes
                                                                  type: mpiaij
                                                                  rows=230400, cols=230400
                                                                  total: nonzeros=4592640, allocated nonzeros=4592640
                                                                  total number of mallocs used during MatSetValues calls=0
                                                                    using nonscalable MatPtAP() implementation
                                                                    using I-node (on process 0) routines: found 70 nodes, limit used is 5
                                                            Down solver (pre-smoother) on level 1 -------------------------------
                                                              KSP Object: (BackwardEuler-Equation_lumped_mg_levels_1_) 832 MPI processes
                                                                type: chebyshev
                                                                  Chebyshev polynomial of first kind
                                                                  eigenvalue targets used: min 0.178813, max 1.96695
                                                                  eigenvalues estimated via gmres: min 0.0298903, max 1.78813
                                                                  eigenvalues estimated using gmres with transform: [0. 0.1; 0. 1.1]
                                                                  KSP Object: (BackwardEuler-Equation_lumped_mg_levels_1_esteig_) 832 MPI processes
                                                                    type: gmres
                                                                      restart=30, using classical (unmodified) Gram-Schmidt orthogonalization with no iterative refinement
                                                                      happy breakdown tolerance=1e-30
                                                                    maximum iterations=10, initial guess is zero
                                                                    tolerances: relative=1e-12, absolute=1e-50, divergence=10000.
                                                                    left preconditioning
                                                                    using PRECONDITIONED norm type for convergence test
                                                                  estimating eigenvalues using a noisy random number generated right-hand side
                                                                maximum iterations=2, nonzero initial guess
                                                                tolerances: relative=1e-05, absolute=1e-50, divergence=10000.
                                                                left preconditioning
                                                                not checking for convergence
                                                              PC Object: (BackwardEuler-Equation_lumped_mg_levels_1_) 832 MPI processes
                                                                type: sor
                                                                  type = local_symmetric, iterations = 1, local iterations = 1, omega = 1.
                                                                linear system matrix, which is also used to construct the preconditioner:
                                                                Mat Object: (BackwardEuler-Equation_) 832 MPI processes
                                                                  type: mpiaij
                                                                  rows=143769600, cols=143769600
                                                                  total: nonzeros=8024555520, allocated nonzeros=8024555520
                                                                  total number of mallocs used during MatSetValues calls=0
                                                                    has attached near null space
                                                                    using I-node (on process 0) routines: found 43680 nodes, limit used is 5
                                                            Up solver (post-smoother) same as down solver (pre-smoother)
                                                            linear system matrix, which is also used to construct the preconditioner:
                                                            Mat Object: (BackwardEuler-Equation_) 832 MPI processes
                                                              type: mpiaij
                                                              rows=143769600, cols=143769600
                                                              total: nonzeros=8024555520, allocated nonzeros=8024555520
                                                              total number of mallocs used during MatSetValues calls=0
                                                                has attached near null space
                                                                using I-node (on process 0) routines: found 43680 nodes, limit used is 5
                                                          linear system matrix, which is also used to construct the preconditioner:
                                                          Mat Object: (BackwardEuler-Equation_) 832 MPI processes
                                                            type: mpiaij
                                                            rows=143769600, cols=143769600
                                                            total: nonzeros=8024555520, allocated nonzeros=8024555520
                                                            total number of mallocs used during MatSetValues calls=0
                                                              has attached near null space
                                                              using I-node (on process 0) routines: found 43680 nodes, limit used is 5
t = 8100.00 s | step 27/30 | wall 39.97 s | NL 1 | L 84
                                                        0 SNES Function norm 3.629312734435e-07
                                                                Linear BackwardEuler-Equation_lumped_mg_coarse_ solve converged due to CONVERGED_ITS iterations 1
                                                                Linear BackwardEuler-Equation_lumped_mg_coarse_ solve converged due to CONVERGED_ITS iterations 1
                                                                Linear BackwardEuler-Equation_lumped_mg_coarse_ solve converged due to CONVERGED_ITS iterations 1
                                                                Linear BackwardEuler-Equation_lumped_mg_coarse_ solve converged due to CONVERGED_ITS iterations 1
                                                                Linear BackwardEuler-Equation_lumped_mg_coarse_ solve converged due to CONVERGED_ITS iterations 1
                                                                Linear BackwardEuler-Equation_lumped_mg_coarse_ solve converged due to CONVERGED_ITS iterations 1
                                                                Linear BackwardEuler-Equation_lumped_mg_coarse_ solve converged due to CONVERGED_ITS iterations 1
                                                                Linear BackwardEuler-Equation_lumped_mg_coarse_ solve converged due to CONVERGED_ITS iterations 1
                                                                Linear BackwardEuler-Equation_lumped_mg_coarse_ solve converged due to CONVERGED_ITS iterations 1
                                                                Linear BackwardEuler-Equation_lumped_mg_coarse_ solve converged due to CONVERGED_ITS iterations 1
                                                                Linear BackwardEuler-Equation_lumped_mg_coarse_ solve converged due to CONVERGED_ITS iterations 1
                                                                Linear BackwardEuler-Equation_lumped_mg_coarse_ solve converged due to CONVERGED_ITS iterations 1
                                                                Linear BackwardEuler-Equation_lumped_mg_coarse_ solve converged due to CONVERGED_ITS iterations 1
                                                                Linear BackwardEuler-Equation_lumped_mg_coarse_ solve converged due to CONVERGED_ITS iterations 1
                                                                Linear BackwardEuler-Equation_lumped_mg_coarse_ solve converged due to CONVERGED_ITS iterations 1
                                                                Linear BackwardEuler-Equation_lumped_mg_coarse_ solve converged due to CONVERGED_ITS iterations 1
                                                                Linear BackwardEuler-Equation_lumped_mg_coarse_ solve converged due to CONVERGED_ITS iterations 1
                                                                Linear BackwardEuler-Equation_lumped_mg_coarse_ solve converged due to CONVERGED_ITS iterations 1
                                                                Linear BackwardEuler-Equation_lumped_mg_coarse_ solve converged due to CONVERGED_ITS iterations 1
                                                                Linear BackwardEuler-Equation_lumped_mg_coarse_ solve converged due to CONVERGED_ITS iterations 1
                                                                Linear BackwardEuler-Equation_lumped_mg_coarse_ solve converged due to CONVERGED_ITS iterations 1
                                                                Linear BackwardEuler-Equation_lumped_mg_coarse_ solve converged due to CONVERGED_ITS iterations 1
                                                                Linear BackwardEuler-Equation_lumped_mg_coarse_ solve converged due to CONVERGED_ITS iterations 1
                                                                Linear BackwardEuler-Equation_lumped_mg_coarse_ solve converged due to CONVERGED_ITS iterations 1
                                                                Linear BackwardEuler-Equation_lumped_mg_coarse_ solve converged due to CONVERGED_ITS iterations 1
                                                                Linear BackwardEuler-Equation_lumped_mg_coarse_ solve converged due to CONVERGED_ITS iterations 1
                                                                Linear BackwardEuler-Equation_lumped_mg_coarse_ solve converged due to CONVERGED_ITS iterations 1
                                                                Linear BackwardEuler-Equation_lumped_mg_coarse_ solve converged due to CONVERGED_ITS iterations 1
                                                                Linear BackwardEuler-Equation_lumped_mg_coarse_ solve converged due to CONVERGED_ITS iterations 1
                                                                Linear BackwardEuler-Equation_lumped_mg_coarse_ solve converged due to CONVERGED_ITS iterations 1
                                                                Linear BackwardEuler-Equation_lumped_mg_coarse_ solve converged due to CONVERGED_ITS iterations 1
                                                                Linear BackwardEuler-Equation_lumped_mg_coarse_ solve converged due to CONVERGED_ITS iterations 1
                                                                Linear BackwardEuler-Equation_lumped_mg_coarse_ solve converged due to CONVERGED_ITS iterations 1
                                                                Linear BackwardEuler-Equation_lumped_mg_coarse_ solve converged due to CONVERGED_ITS iterations 1
                                                                Linear BackwardEuler-Equation_lumped_mg_coarse_ solve converged due to CONVERGED_ITS iterations 1
                                                                Linear BackwardEuler-Equation_lumped_mg_coarse_ solve converged due to CONVERGED_ITS iterations 1
                                                                Linear BackwardEuler-Equation_lumped_mg_coarse_ solve converged due to CONVERGED_ITS iterations 1
                                                                Linear BackwardEuler-Equation_lumped_mg_coarse_ solve converged due to CONVERGED_ITS iterations 1
                                                                Linear BackwardEuler-Equation_lumped_mg_coarse_ solve converged due to CONVERGED_ITS iterations 1
                                                                Linear BackwardEuler-Equation_lumped_mg_coarse_ solve converged due to CONVERGED_ITS iterations 1
                                                                Linear BackwardEuler-Equation_lumped_mg_coarse_ solve converged due to CONVERGED_ITS iterations 1
                                                                Linear BackwardEuler-Equation_lumped_mg_coarse_ solve converged due to CONVERGED_ITS iterations 1
                                                                Linear BackwardEuler-Equation_lumped_mg_coarse_ solve converged due to CONVERGED_ITS iterations 1
                                                                Linear BackwardEuler-Equation_lumped_mg_coarse_ solve converged due to CONVERGED_ITS iterations 1
                                                                Linear BackwardEuler-Equation_lumped_mg_coarse_ solve converged due to CONVERGED_ITS iterations 1
                                                                Linear BackwardEuler-Equation_lumped_mg_coarse_ solve converged due to CONVERGED_ITS iterations 1
                                                                Linear BackwardEuler-Equation_lumped_mg_coarse_ solve converged due to CONVERGED_ITS iterations 1
                                                                Linear BackwardEuler-Equation_lumped_mg_coarse_ solve converged due to CONVERGED_ITS iterations 1
                                                                Linear BackwardEuler-Equation_lumped_mg_coarse_ solve converged due to CONVERGED_ITS iterations 1
                                                                Linear BackwardEuler-Equation_lumped_mg_coarse_ solve converged due to CONVERGED_ITS iterations 1
                                                                Linear BackwardEuler-Equation_lumped_mg_coarse_ solve converged due to CONVERGED_ITS iterations 1
                                                                Linear BackwardEuler-Equation_lumped_mg_coarse_ solve converged due to CONVERGED_ITS iterations 1
                                                                Linear BackwardEuler-Equation_lumped_mg_coarse_ solve converged due to CONVERGED_ITS iterations 1
                                                                Linear BackwardEuler-Equation_lumped_mg_coarse_ solve converged due to CONVERGED_ITS iterations 1
                                                                Linear BackwardEuler-Equation_lumped_mg_coarse_ solve converged due to CONVERGED_ITS iterations 1
                                                                Linear BackwardEuler-Equation_lumped_mg_coarse_ solve converged due to CONVERGED_ITS iterations 1
                                                                Linear BackwardEuler-Equation_lumped_mg_coarse_ solve converged due to CONVERGED_ITS iterations 1
                                                                Linear BackwardEuler-Equation_lumped_mg_coarse_ solve converged due to CONVERGED_ITS iterations 1
                                                                Linear BackwardEuler-Equation_lumped_mg_coarse_ solve converged due to CONVERGED_ITS iterations 1
                                                                Linear BackwardEuler-Equation_lumped_mg_coarse_ solve converged due to CONVERGED_ITS iterations 1
                                                                Linear BackwardEuler-Equation_lumped_mg_coarse_ solve converged due to CONVERGED_ITS iterations 1
                                                                Linear BackwardEuler-Equation_lumped_mg_coarse_ solve converged due to CONVERGED_ITS iterations 1
                                                                Linear BackwardEuler-Equation_lumped_mg_coarse_ solve converged due to CONVERGED_ITS iterations 1
                                                                Linear BackwardEuler-Equation_lumped_mg_coarse_ solve converged due to CONVERGED_ITS iterations 1
                                                                Linear BackwardEuler-Equation_lumped_mg_coarse_ solve converged due to CONVERGED_ITS iterations 1
                                                                Linear BackwardEuler-Equation_lumped_mg_coarse_ solve converged due to CONVERGED_ITS iterations 1
                                                                Linear BackwardEuler-Equation_lumped_mg_coarse_ solve converged due to CONVERGED_ITS iterations 1
                                                                Linear BackwardEuler-Equation_lumped_mg_coarse_ solve converged due to CONVERGED_ITS iterations 1
                                                                Linear BackwardEuler-Equation_lumped_mg_coarse_ solve converged due to CONVERGED_ITS iterations 1
                                                                Linear BackwardEuler-Equation_lumped_mg_coarse_ solve converged due to CONVERGED_ITS iterations 1
                                                                Linear BackwardEuler-Equation_lumped_mg_coarse_ solve converged due to CONVERGED_ITS iterations 1
                                                                Linear BackwardEuler-Equation_lumped_mg_coarse_ solve converged due to CONVERGED_ITS iterations 1
                                                                Linear BackwardEuler-Equation_lumped_mg_coarse_ solve converged due to CONVERGED_ITS iterations 1
                                                                Linear BackwardEuler-Equation_lumped_mg_coarse_ solve converged due to CONVERGED_ITS iterations 1
                                                                Linear BackwardEuler-Equation_lumped_mg_coarse_ solve converged due to CONVERGED_ITS iterations 1
                                                                Linear BackwardEuler-Equation_lumped_mg_coarse_ solve converged due to CONVERGED_ITS iterations 1
                                                                Linear BackwardEuler-Equation_lumped_mg_coarse_ solve converged due to CONVERGED_ITS iterations 1
                                                                Linear BackwardEuler-Equation_lumped_mg_coarse_ solve converged due to CONVERGED_ITS iterations 1
                                                                Linear BackwardEuler-Equation_lumped_mg_coarse_ solve converged due to CONVERGED_ITS iterations 1
                                                                Linear BackwardEuler-Equation_lumped_mg_coarse_ solve converged due to CONVERGED_ITS iterations 1
                                                                Linear BackwardEuler-Equation_lumped_mg_coarse_ solve converged due to CONVERGED_ITS iterations 1
                                                                Linear BackwardEuler-Equation_lumped_mg_coarse_ solve converged due to CONVERGED_ITS iterations 1
                                                                Linear BackwardEuler-Equation_lumped_mg_coarse_ solve converged due to CONVERGED_ITS iterations 1
                                                                Linear BackwardEuler-Equation_lumped_mg_coarse_ solve converged due to CONVERGED_ITS iterations 1
                                                                Linear BackwardEuler-Equation_lumped_mg_coarse_ solve converged due to CONVERGED_ITS iterations 1
                                                          Linear BackwardEuler-Equation_ solve converged due to CONVERGED_RTOL iterations 85
                                                      Mat Object: (BackwardEuler-Equation_) 832 MPI processes
                                                        type: mpiaij
                                                        rows=143769600, cols=143769600
                                                        total: nonzeros=8024555520, allocated nonzeros=8024555520
                                                        total number of mallocs used during MatSetValues calls=0
                                                          has attached near null space
                                                          using I-node (on process 0) routines: found 43680 nodes, limit used is 5
                                                        1 SNES Function norm 4.340244947885e-09
                                                        Nonlinear BackwardEuler-Equation_ solve converged due to CONVERGED_FNORM_ABS iterations 1
                                                      SNES Object: (BackwardEuler-Equation_) 832 MPI processes
                                                        type: newtonls
                                                        maximum iterations=50, maximum function evaluations=10000
                                                        tolerances: relative=1e-08, absolute=1e-08, solution=1e-08
                                                        total number of linear solver iterations=85
                                                        total number of function evaluations=2
                                                        norm schedule ALWAYS
                                                        SNESLineSearch Object: (BackwardEuler-Equation_) 832 MPI processes
                                                          type: bt
                                                            interpolation: cubic
                                                            alpha=1.000000e-04
                                                          maxlambda=1.000000e+00, minlambda=1.000000e-12
                                                          tolerances: relative=1.000000e-08, absolute=1.000000e-15, lambda=1.000000e-08
                                                          maximum iterations=40
                                                        KSP Object: (BackwardEuler-Equation_) 832 MPI processes
                                                          type: fgmres
                                                            restart=30, using classical (unmodified) Gram-Schmidt orthogonalization with no iterative refinement
                                                            happy breakdown tolerance=1e-30
                                                          maximum iterations=200, initial guess is zero
                                                          tolerances: relative=1e-06, absolute=1e-50, divergence=10000.
                                                          right preconditioning
                                                          using UNPRECONDITIONED norm type for convergence test
                                                        PC Object: (BackwardEuler-Equation_) 832 MPI processes
                                                          type: python
                                                            Python: solvers.vlumping.VerticallyLumpedPC
                                                          Firedrake custom preconditioner VerticallyLumpedPC
                                                            Vertically lumped MG: collapses vertical dimension on coarse level (cf. Kramer et al. 2010)
                                                            PC Object: (BackwardEuler-Equation_lumped_) 832 MPI processes
                                                              type: mg
                                                                type is MULTIPLICATIVE, levels=2 cycles=v
                                                                  Cycles per PCApply=1
                                                                  Using Galerkin computed coarse grid matrices
                                                              Coarse grid solver -- level 0 -------------------------------
                                                                KSP Object: (BackwardEuler-Equation_lumped_mg_coarse_) 832 MPI processes
                                                                  type: preonly
                                                                  maximum iterations=10000, initial guess is zero
                                                                  tolerances: relative=1e-05, absolute=1e-50, divergence=10000.
                                                                  left preconditioning
                                                                  not checking for convergence
                                                                PC Object: (BackwardEuler-Equation_lumped_mg_coarse_) 832 MPI processes
                                                                  type: lu
                                                                    out-of-place factorization
                                                                    tolerance for zero pivot 2.22045e-14
                                                                    matrix ordering: external
                                                                    factor fill ratio given 0., needed 0.
                                                                      Factored matrix:
                                                                        Mat Object: (BackwardEuler-Equation_lumped_mg_coarse_) 832 MPI processes
                                                                          type: mumps
                                                                          rows=230400, cols=230400
                                                                          package used to perform factorization: mumps
                                                                          total: nonzeros=53788864, allocated nonzeros=53788864
                                                                            MUMPS run parameters:
                                                                              Use -BackwardEuler-Equation_lumped_mg_coarse_ksp_view ::ascii_info_detail to display information for all processes
                                                                              RINFOG(1) (global estimated flops for the elimination after analysis): 2.26775e+10
                                                                              RINFOG(2) (global estimated flops for the assembly after factorization): 8.43506e+07
                                                                              RINFOG(3) (global estimated flops for the elimination after factorization): 2.26775e+10
                                                                              (RINFOG(12) RINFOG(13))*2^INFOG(34) (determinant): (0.,0.)*(2^0)
                                                                              INFOG(3) (estimated real workspace for factors on all processors after analysis): 156221480
                                                                              INFOG(4) (estimated integer workspace for factors on all processors after analysis): 3409438
                                                                              INFOG(5) (estimated maximum front size in the complete tree): 1668
                                                                              INFOG(6) (number of nodes in the complete tree): 12616
                                                                              INFOG(7) (ordering option effectively used after analysis): 5
                                                                              INFOG(8) (structural symmetry in percent of the permuted matrix after analysis): -1
                                                                              INFOG(9) (total real/complex workspace to store the matrix factors after factorization): 53788864
                                                                              INFOG(10) (total integer space store the matrix factors after factorization): 2983281
                                                                              INFOG(11) (order of largest frontal matrix after factorization): 1668
                                                                              INFOG(12) (number of off-diagonal pivots): 0
                                                                              INFOG(13) (number of delayed pivots after factorization): 0
                                                                              INFOG(14) (number of memory compress after factorization): 0
                                                                              INFOG(15) (number of steps of iterative refinement after solution): 0
                                                                              INFOG(16) (estimated size (in MB) of all MUMPS internal data for factorization after analysis: value on the most memory consuming processor): 296
                                                                              INFOG(17) (estimated size of all MUMPS internal data for factorization after analysis: sum over all processors): 231120
                                                                              INFOG(18) (size of all MUMPS internal data allocated during factorization: value on the most memory consuming processor): 296
                                                                              INFOG(19) (size of all MUMPS internal data allocated during factorization: sum over all processors): 231068
                                                                              INFOG(20) (estimated number of entries in the factors): 53788864
                                                                              INFOG(21) (size in MB of memory effectively used during factorization - value on the most memory consuming processor): 286
                                                                              INFOG(22) (size in MB of memory effectively used during factorization - sum over all processors): 225272
                                                                              INFOG(23) (after analysis: value of ICNTL(6) effectively used): 0
                                                                              INFOG(24) (after analysis: value of ICNTL(12) effectively used): 1
                                                                              INFOG(25) (after factorization: number of pivots modified by static pivoting): 0
                                                                              INFOG(28) (after factorization: number of null pivots encountered): 0
                                                                              INFOG(29) (after factorization: effective number of entries in the factors (sum over all processors)): 53788864
                                                                              INFOG(30, 31) (after solution: size in Mbytes of memory used during solution phase): 55, 29409
                                                                              INFOG(32) (after analysis: type of analysis done): 1
                                                                              INFOG(33) (value used for ICNTL(8)): 7
                                                                              INFOG(34) (exponent of the determinant if determinant is requested): 0
                                                                              INFOG(35) (after factorization: number of entries taking into account BLR factor compression - sum over all processors): 53788864
                                                                              INFOG(36) (after analysis: estimated size of all MUMPS internal data for running BLR in-core - value on the most memory consuming processor): 0
                                                                              INFOG(37) (after analysis: estimated size of all MUMPS internal data for running BLR in-core - sum over all processors): 0
                                                                              INFOG(38) (after analysis: estimated size of all MUMPS internal data for running BLR out-of-core - value on the most memory consuming processor): 0
                                                                              INFOG(39) (after analysis: estimated size of all MUMPS internal data for running BLR out-of-core - sum over all processors): 0
                                                                  linear system matrix, which is also used to construct the preconditioner:
                                                                  Mat Object: 832 MPI processes
                                                                    type: mpiaij
                                                                    rows=230400, cols=230400
                                                                    total: nonzeros=4592640, allocated nonzeros=4592640
                                                                    total number of mallocs used during MatSetValues calls=0
                                                                      using nonscalable MatPtAP() implementation
                                                                      using I-node (on process 0) routines: found 70 nodes, limit used is 5
                                                              Down solver (pre-smoother) on level 1 -------------------------------
                                                                KSP Object: (BackwardEuler-Equation_lumped_mg_levels_1_) 832 MPI processes
                                                                  type: chebyshev
                                                                    Chebyshev polynomial of first kind
                                                                    eigenvalue targets used: min 0.178813, max 1.96695
                                                                    eigenvalues estimated via gmres: min 0.0298913, max 1.78813
                                                                    eigenvalues estimated using gmres with transform: [0. 0.1; 0. 1.1]
                                                                    KSP Object: (BackwardEuler-Equation_lumped_mg_levels_1_esteig_) 832 MPI processes
                                                                      type: gmres
                                                                        restart=30, using classical (unmodified) Gram-Schmidt orthogonalization with no iterative refinement
                                                                        happy breakdown tolerance=1e-30
                                                                      maximum iterations=10, initial guess is zero
                                                                      tolerances: relative=1e-12, absolute=1e-50, divergence=10000.
                                                                      left preconditioning
                                                                      using PRECONDITIONED norm type for convergence test
                                                                    estimating eigenvalues using a noisy random number generated right-hand side
                                                                  maximum iterations=2, nonzero initial guess
                                                                  tolerances: relative=1e-05, absolute=1e-50, divergence=10000.
                                                                  left preconditioning
                                                                  not checking for convergence
                                                                PC Object: (BackwardEuler-Equation_lumped_mg_levels_1_) 832 MPI processes
                                                                  type: sor
                                                                    type = local_symmetric, iterations = 1, local iterations = 1, omega = 1.
                                                                  linear system matrix, which is also used to construct the preconditioner:
                                                                  Mat Object: (BackwardEuler-Equation_) 832 MPI processes
                                                                    type: mpiaij
                                                                    rows=143769600, cols=143769600
                                                                    total: nonzeros=8024555520, allocated nonzeros=8024555520
                                                                    total number of mallocs used during MatSetValues calls=0
                                                                      has attached near null space
                                                                      using I-node (on process 0) routines: found 43680 nodes, limit used is 5
                                                              Up solver (post-smoother) same as down solver (pre-smoother)
                                                              linear system matrix, which is also used to construct the preconditioner:
                                                              Mat Object: (BackwardEuler-Equation_) 832 MPI processes
                                                                type: mpiaij
                                                                rows=143769600, cols=143769600
                                                                total: nonzeros=8024555520, allocated nonzeros=8024555520
                                                                total number of mallocs used during MatSetValues calls=0
                                                                  has attached near null space
                                                                  using I-node (on process 0) routines: found 43680 nodes, limit used is 5
                                                            linear system matrix, which is also used to construct the preconditioner:
                                                            Mat Object: (BackwardEuler-Equation_) 832 MPI processes
                                                              type: mpiaij
                                                              rows=143769600, cols=143769600
                                                              total: nonzeros=8024555520, allocated nonzeros=8024555520
                                                              total number of mallocs used during MatSetValues calls=0
                                                                has attached near null space
                                                                using I-node (on process 0) routines: found 43680 nodes, limit used is 5
t = 8400.00 s | step 28/30 | wall 40.63 s | NL 1 | L 85
                                                          0 SNES Function norm 3.614567769202e-07
                                                                  Linear BackwardEuler-Equation_lumped_mg_coarse_ solve converged due to CONVERGED_ITS iterations 1
                                                                  Linear BackwardEuler-Equation_lumped_mg_coarse_ solve converged due to CONVERGED_ITS iterations 1
                                                                  Linear BackwardEuler-Equation_lumped_mg_coarse_ solve converged due to CONVERGED_ITS iterations 1
                                                                  Linear BackwardEuler-Equation_lumped_mg_coarse_ solve converged due to CONVERGED_ITS iterations 1
                                                                  Linear BackwardEuler-Equation_lumped_mg_coarse_ solve converged due to CONVERGED_ITS iterations 1
                                                                  Linear BackwardEuler-Equation_lumped_mg_coarse_ solve converged due to CONVERGED_ITS iterations 1
                                                                  Linear BackwardEuler-Equation_lumped_mg_coarse_ solve converged due to CONVERGED_ITS iterations 1
                                                                  Linear BackwardEuler-Equation_lumped_mg_coarse_ solve converged due to CONVERGED_ITS iterations 1
                                                                  Linear BackwardEuler-Equation_lumped_mg_coarse_ solve converged due to CONVERGED_ITS iterations 1
                                                                  Linear BackwardEuler-Equation_lumped_mg_coarse_ solve converged due to CONVERGED_ITS iterations 1
                                                                  Linear BackwardEuler-Equation_lumped_mg_coarse_ solve converged due to CONVERGED_ITS iterations 1
                                                                  Linear BackwardEuler-Equation_lumped_mg_coarse_ solve converged due to CONVERGED_ITS iterations 1
                                                                  Linear BackwardEuler-Equation_lumped_mg_coarse_ solve converged due to CONVERGED_ITS iterations 1
                                                                  Linear BackwardEuler-Equation_lumped_mg_coarse_ solve converged due to CONVERGED_ITS iterations 1
                                                                  Linear BackwardEuler-Equation_lumped_mg_coarse_ solve converged due to CONVERGED_ITS iterations 1
                                                                  Linear BackwardEuler-Equation_lumped_mg_coarse_ solve converged due to CONVERGED_ITS iterations 1
                                                                  Linear BackwardEuler-Equation_lumped_mg_coarse_ solve converged due to CONVERGED_ITS iterations 1
                                                                  Linear BackwardEuler-Equation_lumped_mg_coarse_ solve converged due to CONVERGED_ITS iterations 1
                                                                  Linear BackwardEuler-Equation_lumped_mg_coarse_ solve converged due to CONVERGED_ITS iterations 1
                                                                  Linear BackwardEuler-Equation_lumped_mg_coarse_ solve converged due to CONVERGED_ITS iterations 1
                                                                  Linear BackwardEuler-Equation_lumped_mg_coarse_ solve converged due to CONVERGED_ITS iterations 1
                                                                  Linear BackwardEuler-Equation_lumped_mg_coarse_ solve converged due to CONVERGED_ITS iterations 1
                                                                  Linear BackwardEuler-Equation_lumped_mg_coarse_ solve converged due to CONVERGED_ITS iterations 1
                                                                  Linear BackwardEuler-Equation_lumped_mg_coarse_ solve converged due to CONVERGED_ITS iterations 1
                                                                  Linear BackwardEuler-Equation_lumped_mg_coarse_ solve converged due to CONVERGED_ITS iterations 1
                                                                  Linear BackwardEuler-Equation_lumped_mg_coarse_ solve converged due to CONVERGED_ITS iterations 1
                                                                  Linear BackwardEuler-Equation_lumped_mg_coarse_ solve converged due to CONVERGED_ITS iterations 1
                                                                  Linear BackwardEuler-Equation_lumped_mg_coarse_ solve converged due to CONVERGED_ITS iterations 1
                                                                  Linear BackwardEuler-Equation_lumped_mg_coarse_ solve converged due to CONVERGED_ITS iterations 1
                                                                  Linear BackwardEuler-Equation_lumped_mg_coarse_ solve converged due to CONVERGED_ITS iterations 1
                                                                  Linear BackwardEuler-Equation_lumped_mg_coarse_ solve converged due to CONVERGED_ITS iterations 1
                                                                  Linear BackwardEuler-Equation_lumped_mg_coarse_ solve converged due to CONVERGED_ITS iterations 1
                                                                  Linear BackwardEuler-Equation_lumped_mg_coarse_ solve converged due to CONVERGED_ITS iterations 1
                                                                  Linear BackwardEuler-Equation_lumped_mg_coarse_ solve converged due to CONVERGED_ITS iterations 1
                                                                  Linear BackwardEuler-Equation_lumped_mg_coarse_ solve converged due to CONVERGED_ITS iterations 1
                                                                  Linear BackwardEuler-Equation_lumped_mg_coarse_ solve converged due to CONVERGED_ITS iterations 1
                                                                  Linear BackwardEuler-Equation_lumped_mg_coarse_ solve converged due to CONVERGED_ITS iterations 1
                                                                  Linear BackwardEuler-Equation_lumped_mg_coarse_ solve converged due to CONVERGED_ITS iterations 1
                                                                  Linear BackwardEuler-Equation_lumped_mg_coarse_ solve converged due to CONVERGED_ITS iterations 1
                                                                  Linear BackwardEuler-Equation_lumped_mg_coarse_ solve converged due to CONVERGED_ITS iterations 1
                                                                  Linear BackwardEuler-Equation_lumped_mg_coarse_ solve converged due to CONVERGED_ITS iterations 1
                                                                  Linear BackwardEuler-Equation_lumped_mg_coarse_ solve converged due to CONVERGED_ITS iterations 1
                                                                  Linear BackwardEuler-Equation_lumped_mg_coarse_ solve converged due to CONVERGED_ITS iterations 1
                                                                  Linear BackwardEuler-Equation_lumped_mg_coarse_ solve converged due to CONVERGED_ITS iterations 1
                                                                  Linear BackwardEuler-Equation_lumped_mg_coarse_ solve converged due to CONVERGED_ITS iterations 1
                                                                  Linear BackwardEuler-Equation_lumped_mg_coarse_ solve converged due to CONVERGED_ITS iterations 1
                                                                  Linear BackwardEuler-Equation_lumped_mg_coarse_ solve converged due to CONVERGED_ITS iterations 1
                                                                  Linear BackwardEuler-Equation_lumped_mg_coarse_ solve converged due to CONVERGED_ITS iterations 1
                                                                  Linear BackwardEuler-Equation_lumped_mg_coarse_ solve converged due to CONVERGED_ITS iterations 1
                                                                  Linear BackwardEuler-Equation_lumped_mg_coarse_ solve converged due to CONVERGED_ITS iterations 1
                                                                  Linear BackwardEuler-Equation_lumped_mg_coarse_ solve converged due to CONVERGED_ITS iterations 1
                                                                  Linear BackwardEuler-Equation_lumped_mg_coarse_ solve converged due to CONVERGED_ITS iterations 1
                                                                  Linear BackwardEuler-Equation_lumped_mg_coarse_ solve converged due to CONVERGED_ITS iterations 1
                                                                  Linear BackwardEuler-Equation_lumped_mg_coarse_ solve converged due to CONVERGED_ITS iterations 1
                                                                  Linear BackwardEuler-Equation_lumped_mg_coarse_ solve converged due to CONVERGED_ITS iterations 1
                                                                  Linear BackwardEuler-Equation_lumped_mg_coarse_ solve converged due to CONVERGED_ITS iterations 1
                                                                  Linear BackwardEuler-Equation_lumped_mg_coarse_ solve converged due to CONVERGED_ITS iterations 1
                                                                  Linear BackwardEuler-Equation_lumped_mg_coarse_ solve converged due to CONVERGED_ITS iterations 1
                                                                  Linear BackwardEuler-Equation_lumped_mg_coarse_ solve converged due to CONVERGED_ITS iterations 1
                                                                  Linear BackwardEuler-Equation_lumped_mg_coarse_ solve converged due to CONVERGED_ITS iterations 1
                                                                  Linear BackwardEuler-Equation_lumped_mg_coarse_ solve converged due to CONVERGED_ITS iterations 1
                                                                  Linear BackwardEuler-Equation_lumped_mg_coarse_ solve converged due to CONVERGED_ITS iterations 1
                                                                  Linear BackwardEuler-Equation_lumped_mg_coarse_ solve converged due to CONVERGED_ITS iterations 1
                                                                  Linear BackwardEuler-Equation_lumped_mg_coarse_ solve converged due to CONVERGED_ITS iterations 1
                                                                  Linear BackwardEuler-Equation_lumped_mg_coarse_ solve converged due to CONVERGED_ITS iterations 1
                                                                  Linear BackwardEuler-Equation_lumped_mg_coarse_ solve converged due to CONVERGED_ITS iterations 1
                                                                  Linear BackwardEuler-Equation_lumped_mg_coarse_ solve converged due to CONVERGED_ITS iterations 1
                                                                  Linear BackwardEuler-Equation_lumped_mg_coarse_ solve converged due to CONVERGED_ITS iterations 1
                                                                  Linear BackwardEuler-Equation_lumped_mg_coarse_ solve converged due to CONVERGED_ITS iterations 1
                                                                  Linear BackwardEuler-Equation_lumped_mg_coarse_ solve converged due to CONVERGED_ITS iterations 1
                                                                  Linear BackwardEuler-Equation_lumped_mg_coarse_ solve converged due to CONVERGED_ITS iterations 1
                                                                  Linear BackwardEuler-Equation_lumped_mg_coarse_ solve converged due to CONVERGED_ITS iterations 1
                                                                  Linear BackwardEuler-Equation_lumped_mg_coarse_ solve converged due to CONVERGED_ITS iterations 1
                                                                  Linear BackwardEuler-Equation_lumped_mg_coarse_ solve converged due to CONVERGED_ITS iterations 1
                                                                  Linear BackwardEuler-Equation_lumped_mg_coarse_ solve converged due to CONVERGED_ITS iterations 1
                                                                  Linear BackwardEuler-Equation_lumped_mg_coarse_ solve converged due to CONVERGED_ITS iterations 1
                                                                  Linear BackwardEuler-Equation_lumped_mg_coarse_ solve converged due to CONVERGED_ITS iterations 1
                                                                  Linear BackwardEuler-Equation_lumped_mg_coarse_ solve converged due to CONVERGED_ITS iterations 1
                                                                  Linear BackwardEuler-Equation_lumped_mg_coarse_ solve converged due to CONVERGED_ITS iterations 1
                                                                  Linear BackwardEuler-Equation_lumped_mg_coarse_ solve converged due to CONVERGED_ITS iterations 1
                                                                  Linear BackwardEuler-Equation_lumped_mg_coarse_ solve converged due to CONVERGED_ITS iterations 1
                                                                  Linear BackwardEuler-Equation_lumped_mg_coarse_ solve converged due to CONVERGED_ITS iterations 1
                                                                  Linear BackwardEuler-Equation_lumped_mg_coarse_ solve converged due to CONVERGED_ITS iterations 1
                                                                  Linear BackwardEuler-Equation_lumped_mg_coarse_ solve converged due to CONVERGED_ITS iterations 1
                                                                  Linear BackwardEuler-Equation_lumped_mg_coarse_ solve converged due to CONVERGED_ITS iterations 1
                                                            Linear BackwardEuler-Equation_ solve converged due to CONVERGED_RTOL iterations 85
                                                        Mat Object: (BackwardEuler-Equation_) 832 MPI processes
                                                          type: mpiaij
                                                          rows=143769600, cols=143769600
                                                          total: nonzeros=8024555520, allocated nonzeros=8024555520
                                                          total number of mallocs used during MatSetValues calls=0
                                                            has attached near null space
                                                            using I-node (on process 0) routines: found 43680 nodes, limit used is 5
                                                          1 SNES Function norm 4.300609654335e-09
                                                          Nonlinear BackwardEuler-Equation_ solve converged due to CONVERGED_FNORM_ABS iterations 1
                                                        SNES Object: (BackwardEuler-Equation_) 832 MPI processes
                                                          type: newtonls
                                                          maximum iterations=50, maximum function evaluations=10000
                                                          tolerances: relative=1e-08, absolute=1e-08, solution=1e-08
                                                          total number of linear solver iterations=85
                                                          total number of function evaluations=2
                                                          norm schedule ALWAYS
                                                          SNESLineSearch Object: (BackwardEuler-Equation_) 832 MPI processes
                                                            type: bt
                                                              interpolation: cubic
                                                              alpha=1.000000e-04
                                                            maxlambda=1.000000e+00, minlambda=1.000000e-12
                                                            tolerances: relative=1.000000e-08, absolute=1.000000e-15, lambda=1.000000e-08
                                                            maximum iterations=40
                                                          KSP Object: (BackwardEuler-Equation_) 832 MPI processes
                                                            type: fgmres
                                                              restart=30, using classical (unmodified) Gram-Schmidt orthogonalization with no iterative refinement
                                                              happy breakdown tolerance=1e-30
                                                            maximum iterations=200, initial guess is zero
                                                            tolerances: relative=1e-06, absolute=1e-50, divergence=10000.
                                                            right preconditioning
                                                            using UNPRECONDITIONED norm type for convergence test
                                                          PC Object: (BackwardEuler-Equation_) 832 MPI processes
                                                            type: python
                                                              Python: solvers.vlumping.VerticallyLumpedPC
                                                            Firedrake custom preconditioner VerticallyLumpedPC
                                                              Vertically lumped MG: collapses vertical dimension on coarse level (cf. Kramer et al. 2010)
                                                              PC Object: (BackwardEuler-Equation_lumped_) 832 MPI processes
                                                                type: mg
                                                                  type is MULTIPLICATIVE, levels=2 cycles=v
                                                                    Cycles per PCApply=1
                                                                    Using Galerkin computed coarse grid matrices
                                                                Coarse grid solver -- level 0 -------------------------------
                                                                  KSP Object: (BackwardEuler-Equation_lumped_mg_coarse_) 832 MPI processes
                                                                    type: preonly
                                                                    maximum iterations=10000, initial guess is zero
                                                                    tolerances: relative=1e-05, absolute=1e-50, divergence=10000.
                                                                    left preconditioning
                                                                    not checking for convergence
                                                                  PC Object: (BackwardEuler-Equation_lumped_mg_coarse_) 832 MPI processes
                                                                    type: lu
                                                                      out-of-place factorization
                                                                      tolerance for zero pivot 2.22045e-14
                                                                      matrix ordering: external
                                                                      factor fill ratio given 0., needed 0.
                                                                        Factored matrix:
                                                                          Mat Object: (BackwardEuler-Equation_lumped_mg_coarse_) 832 MPI processes
                                                                            type: mumps
                                                                            rows=230400, cols=230400
                                                                            package used to perform factorization: mumps
                                                                            total: nonzeros=53788864, allocated nonzeros=53788864
                                                                              MUMPS run parameters:
                                                                                Use -BackwardEuler-Equation_lumped_mg_coarse_ksp_view ::ascii_info_detail to display information for all processes
                                                                                RINFOG(1) (global estimated flops for the elimination after analysis): 2.26775e+10
                                                                                RINFOG(2) (global estimated flops for the assembly after factorization): 8.43506e+07
                                                                                RINFOG(3) (global estimated flops for the elimination after factorization): 2.26775e+10
                                                                                (RINFOG(12) RINFOG(13))*2^INFOG(34) (determinant): (0.,0.)*(2^0)
                                                                                INFOG(3) (estimated real workspace for factors on all processors after analysis): 156221480
                                                                                INFOG(4) (estimated integer workspace for factors on all processors after analysis): 3409438
                                                                                INFOG(5) (estimated maximum front size in the complete tree): 1668
                                                                                INFOG(6) (number of nodes in the complete tree): 12616
                                                                                INFOG(7) (ordering option effectively used after analysis): 5
                                                                                INFOG(8) (structural symmetry in percent of the permuted matrix after analysis): -1
                                                                                INFOG(9) (total real/complex workspace to store the matrix factors after factorization): 53788864
                                                                                INFOG(10) (total integer space store the matrix factors after factorization): 2983281
                                                                                INFOG(11) (order of largest frontal matrix after factorization): 1668
                                                                                INFOG(12) (number of off-diagonal pivots): 0
                                                                                INFOG(13) (number of delayed pivots after factorization): 0
                                                                                INFOG(14) (number of memory compress after factorization): 0
                                                                                INFOG(15) (number of steps of iterative refinement after solution): 0
                                                                                INFOG(16) (estimated size (in MB) of all MUMPS internal data for factorization after analysis: value on the most memory consuming processor): 296
                                                                                INFOG(17) (estimated size of all MUMPS internal data for factorization after analysis: sum over all processors): 231120
                                                                                INFOG(18) (size of all MUMPS internal data allocated during factorization: value on the most memory consuming processor): 296
                                                                                INFOG(19) (size of all MUMPS internal data allocated during factorization: sum over all processors): 231068
                                                                                INFOG(20) (estimated number of entries in the factors): 53788864
                                                                                INFOG(21) (size in MB of memory effectively used during factorization - value on the most memory consuming processor): 286
                                                                                INFOG(22) (size in MB of memory effectively used during factorization - sum over all processors): 225275
                                                                                INFOG(23) (after analysis: value of ICNTL(6) effectively used): 0
                                                                                INFOG(24) (after analysis: value of ICNTL(12) effectively used): 1
                                                                                INFOG(25) (after factorization: number of pivots modified by static pivoting): 0
                                                                                INFOG(28) (after factorization: number of null pivots encountered): 0
                                                                                INFOG(29) (after factorization: effective number of entries in the factors (sum over all processors)): 53788864
                                                                                INFOG(30, 31) (after solution: size in Mbytes of memory used during solution phase): 55, 29409
                                                                                INFOG(32) (after analysis: type of analysis done): 1
                                                                                INFOG(33) (value used for ICNTL(8)): 7
                                                                                INFOG(34) (exponent of the determinant if determinant is requested): 0
                                                                                INFOG(35) (after factorization: number of entries taking into account BLR factor compression - sum over all processors): 53788864
                                                                                INFOG(36) (after analysis: estimated size of all MUMPS internal data for running BLR in-core - value on the most memory consuming processor): 0
                                                                                INFOG(37) (after analysis: estimated size of all MUMPS internal data for running BLR in-core - sum over all processors): 0
                                                                                INFOG(38) (after analysis: estimated size of all MUMPS internal data for running BLR out-of-core - value on the most memory consuming processor): 0
                                                                                INFOG(39) (after analysis: estimated size of all MUMPS internal data for running BLR out-of-core - sum over all processors): 0
                                                                    linear system matrix, which is also used to construct the preconditioner:
                                                                    Mat Object: 832 MPI processes
                                                                      type: mpiaij
                                                                      rows=230400, cols=230400
                                                                      total: nonzeros=4592640, allocated nonzeros=4592640
                                                                      total number of mallocs used during MatSetValues calls=0
                                                                        using nonscalable MatPtAP() implementation
                                                                        using I-node (on process 0) routines: found 70 nodes, limit used is 5
                                                                Down solver (pre-smoother) on level 1 -------------------------------
                                                                  KSP Object: (BackwardEuler-Equation_lumped_mg_levels_1_) 832 MPI processes
                                                                    type: chebyshev
                                                                      Chebyshev polynomial of first kind
                                                                      eigenvalue targets used: min 0.178814, max 1.96695
                                                                      eigenvalues estimated via gmres: min 0.0298922, max 1.78814
                                                                      eigenvalues estimated using gmres with transform: [0. 0.1; 0. 1.1]
                                                                      KSP Object: (BackwardEuler-Equation_lumped_mg_levels_1_esteig_) 832 MPI processes
                                                                        type: gmres
                                                                          restart=30, using classical (unmodified) Gram-Schmidt orthogonalization with no iterative refinement
                                                                          happy breakdown tolerance=1e-30
                                                                        maximum iterations=10, initial guess is zero
                                                                        tolerances: relative=1e-12, absolute=1e-50, divergence=10000.
                                                                        left preconditioning
                                                                        using PRECONDITIONED norm type for convergence test
                                                                      estimating eigenvalues using a noisy random number generated right-hand side
                                                                    maximum iterations=2, nonzero initial guess
                                                                    tolerances: relative=1e-05, absolute=1e-50, divergence=10000.
                                                                    left preconditioning
                                                                    not checking for convergence
                                                                  PC Object: (BackwardEuler-Equation_lumped_mg_levels_1_) 832 MPI processes
                                                                    type: sor
                                                                      type = local_symmetric, iterations = 1, local iterations = 1, omega = 1.
                                                                    linear system matrix, which is also used to construct the preconditioner:
                                                                    Mat Object: (BackwardEuler-Equation_) 832 MPI processes
                                                                      type: mpiaij
                                                                      rows=143769600, cols=143769600
                                                                      total: nonzeros=8024555520, allocated nonzeros=8024555520
                                                                      total number of mallocs used during MatSetValues calls=0
                                                                        has attached near null space
                                                                        using I-node (on process 0) routines: found 43680 nodes, limit used is 5
                                                                Up solver (post-smoother) same as down solver (pre-smoother)
                                                                linear system matrix, which is also used to construct the preconditioner:
                                                                Mat Object: (BackwardEuler-Equation_) 832 MPI processes
                                                                  type: mpiaij
                                                                  rows=143769600, cols=143769600
                                                                  total: nonzeros=8024555520, allocated nonzeros=8024555520
                                                                  total number of mallocs used during MatSetValues calls=0
                                                                    has attached near null space
                                                                    using I-node (on process 0) routines: found 43680 nodes, limit used is 5
                                                              linear system matrix, which is also used to construct the preconditioner:
                                                              Mat Object: (BackwardEuler-Equation_) 832 MPI processes
                                                                type: mpiaij
                                                                rows=143769600, cols=143769600
                                                                total: nonzeros=8024555520, allocated nonzeros=8024555520
                                                                total number of mallocs used during MatSetValues calls=0
                                                                  has attached near null space
                                                                  using I-node (on process 0) routines: found 43680 nodes, limit used is 5
t = 8700.00 s | step 29/30 | wall 40.73 s | NL 1 | L 85
                                                            0 SNES Function norm 3.600905086129e-07
                                                                    Linear BackwardEuler-Equation_lumped_mg_coarse_ solve converged due to CONVERGED_ITS iterations 1
                                                                    Linear BackwardEuler-Equation_lumped_mg_coarse_ solve converged due to CONVERGED_ITS iterations 1
                                                                    Linear BackwardEuler-Equation_lumped_mg_coarse_ solve converged due to CONVERGED_ITS iterations 1
                                                                    Linear BackwardEuler-Equation_lumped_mg_coarse_ solve converged due to CONVERGED_ITS iterations 1
                                                                    Linear BackwardEuler-Equation_lumped_mg_coarse_ solve converged due to CONVERGED_ITS iterations 1
                                                                    Linear BackwardEuler-Equation_lumped_mg_coarse_ solve converged due to CONVERGED_ITS iterations 1
                                                                    Linear BackwardEuler-Equation_lumped_mg_coarse_ solve converged due to CONVERGED_ITS iterations 1
                                                                    Linear BackwardEuler-Equation_lumped_mg_coarse_ solve converged due to CONVERGED_ITS iterations 1
                                                                    Linear BackwardEuler-Equation_lumped_mg_coarse_ solve converged due to CONVERGED_ITS iterations 1
                                                                    Linear BackwardEuler-Equation_lumped_mg_coarse_ solve converged due to CONVERGED_ITS iterations 1
                                                                    Linear BackwardEuler-Equation_lumped_mg_coarse_ solve converged due to CONVERGED_ITS iterations 1
                                                                    Linear BackwardEuler-Equation_lumped_mg_coarse_ solve converged due to CONVERGED_ITS iterations 1
                                                                    Linear BackwardEuler-Equation_lumped_mg_coarse_ solve converged due to CONVERGED_ITS iterations 1
                                                                    Linear BackwardEuler-Equation_lumped_mg_coarse_ solve converged due to CONVERGED_ITS iterations 1
                                                                    Linear BackwardEuler-Equation_lumped_mg_coarse_ solve converged due to CONVERGED_ITS iterations 1
                                                                    Linear BackwardEuler-Equation_lumped_mg_coarse_ solve converged due to CONVERGED_ITS iterations 1
                                                                    Linear BackwardEuler-Equation_lumped_mg_coarse_ solve converged due to CONVERGED_ITS iterations 1
                                                                    Linear BackwardEuler-Equation_lumped_mg_coarse_ solve converged due to CONVERGED_ITS iterations 1
                                                                    Linear BackwardEuler-Equation_lumped_mg_coarse_ solve converged due to CONVERGED_ITS iterations 1
                                                                    Linear BackwardEuler-Equation_lumped_mg_coarse_ solve converged due to CONVERGED_ITS iterations 1
                                                                    Linear BackwardEuler-Equation_lumped_mg_coarse_ solve converged due to CONVERGED_ITS iterations 1
                                                                    Linear BackwardEuler-Equation_lumped_mg_coarse_ solve converged due to CONVERGED_ITS iterations 1
                                                                    Linear BackwardEuler-Equation_lumped_mg_coarse_ solve converged due to CONVERGED_ITS iterations 1
                                                                    Linear BackwardEuler-Equation_lumped_mg_coarse_ solve converged due to CONVERGED_ITS iterations 1
                                                                    Linear BackwardEuler-Equation_lumped_mg_coarse_ solve converged due to CONVERGED_ITS iterations 1
                                                                    Linear BackwardEuler-Equation_lumped_mg_coarse_ solve converged due to CONVERGED_ITS iterations 1
                                                                    Linear BackwardEuler-Equation_lumped_mg_coarse_ solve converged due to CONVERGED_ITS iterations 1
                                                                    Linear BackwardEuler-Equation_lumped_mg_coarse_ solve converged due to CONVERGED_ITS iterations 1
                                                                    Linear BackwardEuler-Equation_lumped_mg_coarse_ solve converged due to CONVERGED_ITS iterations 1
                                                                    Linear BackwardEuler-Equation_lumped_mg_coarse_ solve converged due to CONVERGED_ITS iterations 1
                                                                    Linear BackwardEuler-Equation_lumped_mg_coarse_ solve converged due to CONVERGED_ITS iterations 1
                                                                    Linear BackwardEuler-Equation_lumped_mg_coarse_ solve converged due to CONVERGED_ITS iterations 1
                                                                    Linear BackwardEuler-Equation_lumped_mg_coarse_ solve converged due to CONVERGED_ITS iterations 1
                                                                    Linear BackwardEuler-Equation_lumped_mg_coarse_ solve converged due to CONVERGED_ITS iterations 1
                                                                    Linear BackwardEuler-Equation_lumped_mg_coarse_ solve converged due to CONVERGED_ITS iterations 1
                                                                    Linear BackwardEuler-Equation_lumped_mg_coarse_ solve converged due to CONVERGED_ITS iterations 1
                                                                    Linear BackwardEuler-Equation_lumped_mg_coarse_ solve converged due to CONVERGED_ITS iterations 1
                                                                    Linear BackwardEuler-Equation_lumped_mg_coarse_ solve converged due to CONVERGED_ITS iterations 1
                                                                    Linear BackwardEuler-Equation_lumped_mg_coarse_ solve converged due to CONVERGED_ITS iterations 1
                                                                    Linear BackwardEuler-Equation_lumped_mg_coarse_ solve converged due to CONVERGED_ITS iterations 1
                                                                    Linear BackwardEuler-Equation_lumped_mg_coarse_ solve converged due to CONVERGED_ITS iterations 1
                                                                    Linear BackwardEuler-Equation_lumped_mg_coarse_ solve converged due to CONVERGED_ITS iterations 1
                                                                    Linear BackwardEuler-Equation_lumped_mg_coarse_ solve converged due to CONVERGED_ITS iterations 1
                                                                    Linear BackwardEuler-Equation_lumped_mg_coarse_ solve converged due to CONVERGED_ITS iterations 1
                                                                    Linear BackwardEuler-Equation_lumped_mg_coarse_ solve converged due to CONVERGED_ITS iterations 1
                                                                    Linear BackwardEuler-Equation_lumped_mg_coarse_ solve converged due to CONVERGED_ITS iterations 1
                                                                    Linear BackwardEuler-Equation_lumped_mg_coarse_ solve converged due to CONVERGED_ITS iterations 1
                                                                    Linear BackwardEuler-Equation_lumped_mg_coarse_ solve converged due to CONVERGED_ITS iterations 1
                                                                    Linear BackwardEuler-Equation_lumped_mg_coarse_ solve converged due to CONVERGED_ITS iterations 1
                                                                    Linear BackwardEuler-Equation_lumped_mg_coarse_ solve converged due to CONVERGED_ITS iterations 1
                                                                    Linear BackwardEuler-Equation_lumped_mg_coarse_ solve converged due to CONVERGED_ITS iterations 1
                                                                    Linear BackwardEuler-Equation_lumped_mg_coarse_ solve converged due to CONVERGED_ITS iterations 1
                                                                    Linear BackwardEuler-Equation_lumped_mg_coarse_ solve converged due to CONVERGED_ITS iterations 1
                                                                    Linear BackwardEuler-Equation_lumped_mg_coarse_ solve converged due to CONVERGED_ITS iterations 1
                                                                    Linear BackwardEuler-Equation_lumped_mg_coarse_ solve converged due to CONVERGED_ITS iterations 1
                                                                    Linear BackwardEuler-Equation_lumped_mg_coarse_ solve converged due to CONVERGED_ITS iterations 1
                                                                    Linear BackwardEuler-Equation_lumped_mg_coarse_ solve converged due to CONVERGED_ITS iterations 1
                                                                    Linear BackwardEuler-Equation_lumped_mg_coarse_ solve converged due to CONVERGED_ITS iterations 1
                                                                    Linear BackwardEuler-Equation_lumped_mg_coarse_ solve converged due to CONVERGED_ITS iterations 1
                                                                    Linear BackwardEuler-Equation_lumped_mg_coarse_ solve converged due to CONVERGED_ITS iterations 1
                                                                    Linear BackwardEuler-Equation_lumped_mg_coarse_ solve converged due to CONVERGED_ITS iterations 1
                                                                    Linear BackwardEuler-Equation_lumped_mg_coarse_ solve converged due to CONVERGED_ITS iterations 1
                                                                    Linear BackwardEuler-Equation_lumped_mg_coarse_ solve converged due to CONVERGED_ITS iterations 1
                                                                    Linear BackwardEuler-Equation_lumped_mg_coarse_ solve converged due to CONVERGED_ITS iterations 1
                                                                    Linear BackwardEuler-Equation_lumped_mg_coarse_ solve converged due to CONVERGED_ITS iterations 1
                                                                    Linear BackwardEuler-Equation_lumped_mg_coarse_ solve converged due to CONVERGED_ITS iterations 1
                                                                    Linear BackwardEuler-Equation_lumped_mg_coarse_ solve converged due to CONVERGED_ITS iterations 1
                                                                    Linear BackwardEuler-Equation_lumped_mg_coarse_ solve converged due to CONVERGED_ITS iterations 1
                                                                    Linear BackwardEuler-Equation_lumped_mg_coarse_ solve converged due to CONVERGED_ITS iterations 1
                                                                    Linear BackwardEuler-Equation_lumped_mg_coarse_ solve converged due to CONVERGED_ITS iterations 1
                                                                    Linear BackwardEuler-Equation_lumped_mg_coarse_ solve converged due to CONVERGED_ITS iterations 1
                                                                    Linear BackwardEuler-Equation_lumped_mg_coarse_ solve converged due to CONVERGED_ITS iterations 1
                                                                    Linear BackwardEuler-Equation_lumped_mg_coarse_ solve converged due to CONVERGED_ITS iterations 1
                                                                    Linear BackwardEuler-Equation_lumped_mg_coarse_ solve converged due to CONVERGED_ITS iterations 1
                                                                    Linear BackwardEuler-Equation_lumped_mg_coarse_ solve converged due to CONVERGED_ITS iterations 1
                                                                    Linear BackwardEuler-Equation_lumped_mg_coarse_ solve converged due to CONVERGED_ITS iterations 1
                                                                    Linear BackwardEuler-Equation_lumped_mg_coarse_ solve converged due to CONVERGED_ITS iterations 1
                                                                    Linear BackwardEuler-Equation_lumped_mg_coarse_ solve converged due to CONVERGED_ITS iterations 1
                                                                    Linear BackwardEuler-Equation_lumped_mg_coarse_ solve converged due to CONVERGED_ITS iterations 1
                                                                    Linear BackwardEuler-Equation_lumped_mg_coarse_ solve converged due to CONVERGED_ITS iterations 1
                                                                    Linear BackwardEuler-Equation_lumped_mg_coarse_ solve converged due to CONVERGED_ITS iterations 1
                                                                    Linear BackwardEuler-Equation_lumped_mg_coarse_ solve converged due to CONVERGED_ITS iterations 1
                                                                    Linear BackwardEuler-Equation_lumped_mg_coarse_ solve converged due to CONVERGED_ITS iterations 1
                                                                    Linear BackwardEuler-Equation_lumped_mg_coarse_ solve converged due to CONVERGED_ITS iterations 1
                                                                    Linear BackwardEuler-Equation_lumped_mg_coarse_ solve converged due to CONVERGED_ITS iterations 1
                                                              Linear BackwardEuler-Equation_ solve converged due to CONVERGED_RTOL iterations 85
                                                          Mat Object: (BackwardEuler-Equation_) 832 MPI processes
                                                            type: mpiaij
                                                            rows=143769600, cols=143769600
                                                            total: nonzeros=8024555520, allocated nonzeros=8024555520
                                                            total number of mallocs used during MatSetValues calls=0
                                                              has attached near null space
                                                              using I-node (on process 0) routines: found 43680 nodes, limit used is 5
                                                            1 SNES Function norm 4.264489995443e-09
                                                            Nonlinear BackwardEuler-Equation_ solve converged due to CONVERGED_FNORM_ABS iterations 1
                                                          SNES Object: (BackwardEuler-Equation_) 832 MPI processes
                                                            type: newtonls
                                                            maximum iterations=50, maximum function evaluations=10000
                                                            tolerances: relative=1e-08, absolute=1e-08, solution=1e-08
                                                            total number of linear solver iterations=85
                                                            total number of function evaluations=2
                                                            norm schedule ALWAYS
                                                            SNESLineSearch Object: (BackwardEuler-Equation_) 832 MPI processes
                                                              type: bt
                                                                interpolation: cubic
                                                                alpha=1.000000e-04
                                                              maxlambda=1.000000e+00, minlambda=1.000000e-12
                                                              tolerances: relative=1.000000e-08, absolute=1.000000e-15, lambda=1.000000e-08
                                                              maximum iterations=40
                                                            KSP Object: (BackwardEuler-Equation_) 832 MPI processes
                                                              type: fgmres
                                                                restart=30, using classical (unmodified) Gram-Schmidt orthogonalization with no iterative refinement
                                                                happy breakdown tolerance=1e-30
                                                              maximum iterations=200, initial guess is zero
                                                              tolerances: relative=1e-06, absolute=1e-50, divergence=10000.
                                                              right preconditioning
                                                              using UNPRECONDITIONED norm type for convergence test
                                                            PC Object: (BackwardEuler-Equation_) 832 MPI processes
                                                              type: python
                                                                Python: solvers.vlumping.VerticallyLumpedPC
                                                              Firedrake custom preconditioner VerticallyLumpedPC
                                                                Vertically lumped MG: collapses vertical dimension on coarse level (cf. Kramer et al. 2010)
                                                                PC Object: (BackwardEuler-Equation_lumped_) 832 MPI processes
                                                                  type: mg
                                                                    type is MULTIPLICATIVE, levels=2 cycles=v
                                                                      Cycles per PCApply=1
                                                                      Using Galerkin computed coarse grid matrices
                                                                  Coarse grid solver -- level 0 -------------------------------
                                                                    KSP Object: (BackwardEuler-Equation_lumped_mg_coarse_) 832 MPI processes
                                                                      type: preonly
                                                                      maximum iterations=10000, initial guess is zero
                                                                      tolerances: relative=1e-05, absolute=1e-50, divergence=10000.
                                                                      left preconditioning
                                                                      not checking for convergence
                                                                    PC Object: (BackwardEuler-Equation_lumped_mg_coarse_) 832 MPI processes
                                                                      type: lu
                                                                        out-of-place factorization
                                                                        tolerance for zero pivot 2.22045e-14
                                                                        matrix ordering: external
                                                                        factor fill ratio given 0., needed 0.
                                                                          Factored matrix:
                                                                            Mat Object: (BackwardEuler-Equation_lumped_mg_coarse_) 832 MPI processes
                                                                              type: mumps
                                                                              rows=230400, cols=230400
                                                                              package used to perform factorization: mumps
                                                                              total: nonzeros=53788864, allocated nonzeros=53788864
                                                                                MUMPS run parameters:
                                                                                  Use -BackwardEuler-Equation_lumped_mg_coarse_ksp_view ::ascii_info_detail to display information for all processes
                                                                                  RINFOG(1) (global estimated flops for the elimination after analysis): 2.26775e+10
                                                                                  RINFOG(2) (global estimated flops for the assembly after factorization): 8.43506e+07
                                                                                  RINFOG(3) (global estimated flops for the elimination after factorization): 2.26775e+10
                                                                                  (RINFOG(12) RINFOG(13))*2^INFOG(34) (determinant): (0.,0.)*(2^0)
                                                                                  INFOG(3) (estimated real workspace for factors on all processors after analysis): 156221480
                                                                                  INFOG(4) (estimated integer workspace for factors on all processors after analysis): 3409438
                                                                                  INFOG(5) (estimated maximum front size in the complete tree): 1668
                                                                                  INFOG(6) (number of nodes in the complete tree): 12616
                                                                                  INFOG(7) (ordering option effectively used after analysis): 5
                                                                                  INFOG(8) (structural symmetry in percent of the permuted matrix after analysis): -1
                                                                                  INFOG(9) (total real/complex workspace to store the matrix factors after factorization): 53788864
                                                                                  INFOG(10) (total integer space store the matrix factors after factorization): 2983281
                                                                                  INFOG(11) (order of largest frontal matrix after factorization): 1668
                                                                                  INFOG(12) (number of off-diagonal pivots): 0
                                                                                  INFOG(13) (number of delayed pivots after factorization): 0
                                                                                  INFOG(14) (number of memory compress after factorization): 0
                                                                                  INFOG(15) (number of steps of iterative refinement after solution): 0
                                                                                  INFOG(16) (estimated size (in MB) of all MUMPS internal data for factorization after analysis: value on the most memory consuming processor): 296
                                                                                  INFOG(17) (estimated size of all MUMPS internal data for factorization after analysis: sum over all processors): 231120
                                                                                  INFOG(18) (size of all MUMPS internal data allocated during factorization: value on the most memory consuming processor): 296
                                                                                  INFOG(19) (size of all MUMPS internal data allocated during factorization: sum over all processors): 231068
                                                                                  INFOG(20) (estimated number of entries in the factors): 53788864
                                                                                  INFOG(21) (size in MB of memory effectively used during factorization - value on the most memory consuming processor): 286
                                                                                  INFOG(22) (size in MB of memory effectively used during factorization - sum over all processors): 225272
                                                                                  INFOG(23) (after analysis: value of ICNTL(6) effectively used): 0
                                                                                  INFOG(24) (after analysis: value of ICNTL(12) effectively used): 1
                                                                                  INFOG(25) (after factorization: number of pivots modified by static pivoting): 0
                                                                                  INFOG(28) (after factorization: number of null pivots encountered): 0
                                                                                  INFOG(29) (after factorization: effective number of entries in the factors (sum over all processors)): 53788864
                                                                                  INFOG(30, 31) (after solution: size in Mbytes of memory used during solution phase): 55, 29409
                                                                                  INFOG(32) (after analysis: type of analysis done): 1
                                                                                  INFOG(33) (value used for ICNTL(8)): 7
                                                                                  INFOG(34) (exponent of the determinant if determinant is requested): 0
                                                                                  INFOG(35) (after factorization: number of entries taking into account BLR factor compression - sum over all processors): 53788864
                                                                                  INFOG(36) (after analysis: estimated size of all MUMPS internal data for running BLR in-core - value on the most memory consuming processor): 0
                                                                                  INFOG(37) (after analysis: estimated size of all MUMPS internal data for running BLR in-core - sum over all processors): 0
                                                                                  INFOG(38) (after analysis: estimated size of all MUMPS internal data for running BLR out-of-core - value on the most memory consuming processor): 0
                                                                                  INFOG(39) (after analysis: estimated size of all MUMPS internal data for running BLR out-of-core - sum over all processors): 0
                                                                      linear system matrix, which is also used to construct the preconditioner:
                                                                      Mat Object: 832 MPI processes
                                                                        type: mpiaij
                                                                        rows=230400, cols=230400
                                                                        total: nonzeros=4592640, allocated nonzeros=4592640
                                                                        total number of mallocs used during MatSetValues calls=0
                                                                          using nonscalable MatPtAP() implementation
                                                                          using I-node (on process 0) routines: found 70 nodes, limit used is 5
                                                                  Down solver (pre-smoother) on level 1 -------------------------------
                                                                    KSP Object: (BackwardEuler-Equation_lumped_mg_levels_1_) 832 MPI processes
                                                                      type: chebyshev
                                                                        Chebyshev polynomial of first kind
                                                                        eigenvalue targets used: min 0.178814, max 1.96695
                                                                        eigenvalues estimated via gmres: min 0.0298931, max 1.78814
                                                                        eigenvalues estimated using gmres with transform: [0. 0.1; 0. 1.1]
                                                                        KSP Object: (BackwardEuler-Equation_lumped_mg_levels_1_esteig_) 832 MPI processes
                                                                          type: gmres
                                                                            restart=30, using classical (unmodified) Gram-Schmidt orthogonalization with no iterative refinement
                                                                            happy breakdown tolerance=1e-30
                                                                          maximum iterations=10, initial guess is zero
                                                                          tolerances: relative=1e-12, absolute=1e-50, divergence=10000.
                                                                          left preconditioning
                                                                          using PRECONDITIONED norm type for convergence test
                                                                        estimating eigenvalues using a noisy random number generated right-hand side
                                                                      maximum iterations=2, nonzero initial guess
                                                                      tolerances: relative=1e-05, absolute=1e-50, divergence=10000.
                                                                      left preconditioning
                                                                      not checking for convergence
                                                                    PC Object: (BackwardEuler-Equation_lumped_mg_levels_1_) 832 MPI processes
                                                                      type: sor
                                                                        type = local_symmetric, iterations = 1, local iterations = 1, omega = 1.
                                                                      linear system matrix, which is also used to construct the preconditioner:
                                                                      Mat Object: (BackwardEuler-Equation_) 832 MPI processes
                                                                        type: mpiaij
                                                                        rows=143769600, cols=143769600
                                                                        total: nonzeros=8024555520, allocated nonzeros=8024555520
                                                                        total number of mallocs used during MatSetValues calls=0
                                                                          has attached near null space
                                                                          using I-node (on process 0) routines: found 43680 nodes, limit used is 5
                                                                  Up solver (post-smoother) same as down solver (pre-smoother)
                                                                  linear system matrix, which is also used to construct the preconditioner:
                                                                  Mat Object: (BackwardEuler-Equation_) 832 MPI processes
                                                                    type: mpiaij
                                                                    rows=143769600, cols=143769600
                                                                    total: nonzeros=8024555520, allocated nonzeros=8024555520
                                                                    total number of mallocs used during MatSetValues calls=0
                                                                      has attached near null space
                                                                      using I-node (on process 0) routines: found 43680 nodes, limit used is 5
                                                                linear system matrix, which is also used to construct the preconditioner:
                                                                Mat Object: (BackwardEuler-Equation_) 832 MPI processes
                                                                  type: mpiaij
                                                                  rows=143769600, cols=143769600
                                                                  total: nonzeros=8024555520, allocated nonzeros=8024555520
                                                                  total number of mallocs used during MatSetValues calls=0
                                                                    has attached near null space
                                                                    using I-node (on process 0) routines: found 43680 nodes, limit used is 5
t = 9000.00 s | step 30/30 | wall 40.56 s | NL 1 | L 85
Done | total NL 35 | total L 2604 | mean wall/step 42.98 s | peak RSS 1151 MB
=== Job completed: Wed Apr 15 16:28:37 AEST 2026 ===

======================================================================================
                  Resource Usage on 2026-04-15 16:28:41:
   Job Id:             165722966.gadi-pbs
   Project:            xd2
   Exit Status:        0
   Service Units:      630.93
   NCPUs Requested:    832                 CPU Time Used: 305:05:21       
   Memory Requested:   3.91TB                Memory Used: 677.3GB         
   Walltime Requested: 03:00:00            Walltime Used: 00:22:45        
   JobFS Requested:    400.0GB                JobFS Used: 55.84MB         
======================================================================================
